INTA_POCITO                                -31.65000   -68.58330   615.00000 2026-07-31 00:00:00     1
     1     1        283.450         83.000      92810.000         -0.000          0.000      -888888.0      -888888.0
     0     0
INTA_POCITO                                -31.65000   -68.58330   615.00000 2026-07-31 00:05:00     1
     1     1        283.150         83.000      92810.000         -0.000          0.000      -888888.0      -888888.0
     0     0
INTA_POCITO                                -31.65000   -68.58330   615.00000 2026-07-31 00:10:00     1
     1     1        282.750         84.000      92810.000         -0.000          0.000      -888888.0      -888888.0
     0     0
INTA_POCITO                                -31.65000   -68.58330   615.00000 2026-07-31 00:15:00     1
     1     1        282.550         85.000      92800.000         -0.000          0.000      -888888.0      -888888.0
     0     0
INTA_POCITO                                -31.65000   -68.58330   615.00000 2026-07-31 00:20:00     1
     1     1        282.450         86.000      92810.000         -0.000          0.000      -888888.0      -888888.0
     0     0
INTA_POCITO                                -31.65000   -68.58330   615.00000 2026-07-31 00:25:00     1
     1     1        282.250         86.000      92810.000         -0.000          0.000      -888888.0      -888888.0
     0     0
INTA_POCITO                                -31.65000   -68.58330   615.00000 2026-07-31 00:30:00     1
     1     1        282.050         87.000      92800.000         -0.000          0.000      -888888.0      -888888.0
     0     0
INTA_POCITO                                -31.65000   -68.58330   615.00000 2026-07-31 00:35:00     1
     1     1        281.950         87.000      92800.000         -0.000          0.000      -888888.0      -888888.0
     0     0
INTA_POCITO                                -31.65000   -68.58330   615.00000 2026-07-31 00:40:00     1
     1     1        281.950         88.000      92800.000          0.000          0.000      -888888.0      -888888.0
     0     0
INTA_POCITO                                -31.65000   -68.58330   615.00000 2026-07-31 00:45:00     1
     1     1        281.850         88.000      92780.000         -0.000          0.000      -888888.0      -888888.0
     0     0
INTA_POCITO                                -31.65000   -68.58330   615.00000 2026-07-31 00:50:00     1
     1     1        281.950         88.000      92790.000          0.000          0.000      -888888.0      -888888.0
     0     0
INTA_POCITO                                -31.65000   -68.58330   615.00000 2026-07-31 00:55:00     1
     1     1        281.950         88.000      92790.000         -0.000          0.000      -888888.0      -888888.0
     0     0
INTA_POCITO                                -31.65000   -68.58330   615.00000 2026-07-31 01:00:00     1
     1     1        282.250         88.000      92780.000         -0.000          0.000      -888888.0      -888888.0
     0     0
INTA_POCITO                                -31.65000   -68.58330   615.00000 2026-07-31 01:05:00     1
     1     1        282.150         88.000      92760.000         -0.000          0.000      -888888.0      -888888.0
     0     0
INTA_POCITO                                -31.65000   -68.58330   615.00000 2026-07-31 01:10:00     1
     1     1        281.850         88.000      92760.000         -0.000          0.000      -888888.0      -888888.0
     0     0
INTA_POCITO                                -31.65000   -68.58330   615.00000 2026-07-31 01:15:00     1
     1     1        281.450         88.000      92770.000         -0.000          0.000      -888888.0      -888888.0
     0     0
INTA_POCITO                                -31.65000   -68.58330   615.00000 2026-07-31 01:20:00     1
     1     1        281.550         88.000      92750.000         -0.000          0.000      -888888.0      -888888.0
     0     0
INTA_POCITO                                -31.65000   -68.58330   615.00000 2026-07-31 01:25:00     1
     1     1        281.650         88.000      92760.000         -0.000          0.000      -888888.0      -888888.0
     0     0
INTA_POCITO                                -31.65000   -68.58330   615.00000 2026-07-31 01:30:00     1
     1     1        281.450         89.000      92750.000         -0.000          0.000      -888888.0      -888888.0
     0     0
INTA_POCITO                                -31.65000   -68.58330   615.00000 2026-07-31 01:35:00     1
     1     1        281.350         89.000      92740.000         -0.000          0.000      -888888.0      -888888.0
     0     0
INTA_POCITO                                -31.65000   -68.58330   615.00000 2026-07-31 01:40:00     1
     1     1        281.250         89.000      92740.000         -0.000          0.000      -888888.0      -888888.0
     0     0
INTA_POCITO                                -31.65000   -68.58330   615.00000 2026-07-31 01:45:00     1
     1     1        281.350         89.000      92720.000         -0.000          0.000      -888888.0      -888888.0
     0     0
INTA_POCITO                                -31.65000   -68.58330   615.00000 2026-07-31 01:50:00     1
     1     1        281.350         89.000      92710.000         -0.000          0.000      -888888.0      -888888.0
     0     0
INTA_POCITO                                -31.65000   -68.58330   615.00000 2026-07-31 01:55:00     1
     1     1        281.850         90.000      92700.000         -0.000          0.000      -888888.0      -888888.0
     0     0
INTA_POCITO                                -31.65000   -68.58330   615.00000 2026-07-31 02:00:00     1
     1     1        281.950         90.000      92690.000         -0.000          0.000      -888888.0      -888888.0
     0     0
INTA_POCITO                                -31.65000   -68.58330   615.00000 2026-07-31 02:05:00     1
     1     1        281.550         90.000      92680.000         -0.000          0.000      -888888.0      -888888.0
     0     0
INTA_POCITO                                -31.65000   -68.58330   615.00000 2026-07-31 02:10:00     1
     1     1        281.450         90.000      92660.000         -0.000          0.000      -888888.0      -888888.0
     0     0
INTA_POCITO                                -31.65000   -68.58330   615.00000 2026-07-31 02:15:00     1
     1     1        281.450         90.000      92660.000          0.000          0.000      -888888.0      -888888.0
     0     0
INTA_POCITO                                -31.65000   -68.58330   615.00000 2026-07-31 02:20:00     1
     1     1        282.350         90.000      92650.000         -0.000          0.000      -888888.0      -888888.0
     0     0
INTA_POCITO                                -31.65000   -68.58330   615.00000 2026-07-31 02:25:00     1
     1     1        281.850         90.000      92640.000         -0.000          0.000      -888888.0      -888888.0
     0     0
INTA_POCITO                                -31.65000   -68.58330   615.00000 2026-07-31 02:30:00     1
     1     1        281.350         90.000      92630.000         -0.000          0.000      -888888.0      -888888.0
     0     0
INTA_POCITO                                -31.65000   -68.58330   615.00000 2026-07-31 02:35:00     1
     1     1        281.550         90.000      92630.000         -0.000          0.000      -888888.0      -888888.0
     0     0
INTA_POCITO                                -31.65000   -68.58330   615.00000 2026-07-31 02:40:00     1
     1     1        281.550         90.000      92640.000         -0.000          0.000      -888888.0      -888888.0
     0     0
INTA_POCITO                                -31.65000   -68.58330   615.00000 2026-07-31 02:45:00     1
     1     1        281.350         90.000      92640.000         -0.000          0.000      -888888.0      -888888.0
     0     0
INTA_POCITO                                -31.65000   -68.58330   615.00000 2026-07-31 02:50:00     1
     1     1        281.550         90.000      92620.000         -0.000          0.000      -888888.0      -888888.0
     0     0
INTA_POCITO                                -31.65000   -68.58330   615.00000 2026-07-31 02:55:00     1
     1     1        281.350         90.000      92600.000         -0.000          0.000      -888888.0      -888888.0
     0     0
INTA_POCITO                                -31.65000   -68.58330   615.00000 2026-07-31 03:00:00     1
     1     1        281.050         90.000      92600.000          0.027          0.006      -888888.0      -888888.0
     0     0
INTA_POCITO                                -31.65000   -68.58330   615.00000 2026-07-31 03:05:00     1
     1     1        280.850         90.000      92590.000         -0.000          0.000      -888888.0      -888888.0
     0     0
INTA_POCITO                                -31.65000   -68.58330   615.00000 2026-07-31 03:10:00     1
     1     1        280.650         91.000      92600.000         -0.000          0.000      -888888.0      -888888.0
     0     0
INTA_POCITO                                -31.65000   -68.58330   615.00000 2026-07-31 03:15:00     1
     1     1        280.450         91.000      92600.000         -0.000          0.000      -888888.0      -888888.0
     0     0
INTA_POCITO                                -31.65000   -68.58330   615.00000 2026-07-31 03:20:00     1
     1     1        280.450         91.000      92590.000         -0.000          0.000      -888888.0      -888888.0
     0     0
INTA_POCITO                                -31.65000   -68.58330   615.00000 2026-07-31 03:25:00     1
     1     1        280.250         91.000      92620.000         -0.000          0.000      -888888.0      -888888.0
     0     0
INTA_POCITO                                -31.65000   -68.58330   615.00000 2026-07-31 03:30:00     1
     1     1        280.350         91.000      92610.000         -0.000          0.000      -888888.0      -888888.0
     0     0
INTA_POCITO                                -31.65000   -68.58330   615.00000 2026-07-31 03:35:00     1
     1     1        280.350         92.000      92610.000         -0.000          0.000      -888888.0      -888888.0
     0     0
INTA_POCITO                                -31.65000   -68.58330   615.00000 2026-07-31 03:40:00     1
     1     1        280.350         92.000      92590.000         -0.000          0.000      -888888.0      -888888.0
     0     0
INTA_POCITO                                -31.65000   -68.58330   615.00000 2026-07-31 03:45:00     1
     1     1        280.250         92.000      92590.000         -0.000          0.000      -888888.0      -888888.0
     0     0
INTA_POCITO                                -31.65000   -68.58330   615.00000 2026-07-31 03:50:00     1
     1     1        280.150         92.000      92590.000         -0.000          0.000      -888888.0      -888888.0
     0     0
INTA_POCITO                                -31.65000   -68.58330   615.00000 2026-07-31 03:55:00     1
     1     1        279.850         92.000      92570.000         -0.000          0.000      -888888.0      -888888.0
     0     0
INTA_POCITO                                -31.65000   -68.58330   615.00000 2026-07-31 04:00:00     1
     1     1        279.950         92.000      92570.000         -0.000          0.000      -888888.0      -888888.0
     0     0
INTA_POCITO                                -31.65000   -68.58330   615.00000 2026-07-31 04:05:00     1
     1     1        280.050         92.000      92580.000         -0.000          0.000      -888888.0      -888888.0
     0     0
INTA_POCITO                                -31.65000   -68.58330   615.00000 2026-07-31 04:10:00     1
     1     1        280.250         92.000      92560.000         -0.000          0.000      -888888.0      -888888.0
     0     0
INTA_POCITO                                -31.65000   -68.58330   615.00000 2026-07-31 04:15:00     1
     1     1        280.450         92.000      92560.000         -0.000          0.000      -888888.0      -888888.0
     0     0
INTA_POCITO                                -31.65000   -68.58330   615.00000 2026-07-31 04:20:00     1
     1     1        280.450         92.000      92560.000         -0.000          0.000      -888888.0      -888888.0
     0     0
INTA_POCITO                                -31.65000   -68.58330   615.00000 2026-07-31 04:25:00     1
     1     1        280.750         92.000      92560.000         -0.000          0.000      -888888.0      -888888.0
     0     0
INTA_POCITO                                -31.65000   -68.58330   615.00000 2026-07-31 04:30:00     1
     1     1        280.850         93.000      92550.000          0.000          0.000      -888888.0      -888888.0
     0     0
INTA_POCITO                                -31.65000   -68.58330   615.00000 2026-07-31 04:35:00     1
     1     1        280.750         93.000      92550.000         -0.000          0.000      -888888.0      -888888.0
     0     0
INTA_POCITO                                -31.65000   -68.58330   615.00000 2026-07-31 04:40:00     1
     1     1        280.850         93.000      92560.000         -0.000          0.000      -888888.0      -888888.0
     0     0
INTA_POCITO                                -31.65000   -68.58330   615.00000 2026-07-31 04:45:00     1
     1     1        280.950         93.000      92560.000         -0.000          0.000      -888888.0      -888888.0
     0     0
INTA_POCITO                                -31.65000   -68.58330   615.00000 2026-07-31 04:50:00     1
     1     1        280.650         93.000      92560.000         -0.000          0.000      -888888.0      -888888.0
     0     0
INTA_POCITO                                -31.65000   -68.58330   615.00000 2026-07-31 04:55:00     1
     1     1        280.150         93.000      92570.000         -0.000          0.000      -888888.0      -888888.0
     0     0
INTA_POCITO                                -31.65000   -68.58330   615.00000 2026-07-31 05:00:00     1
     1     1        279.950         93.000      92580.000         -0.000         -0.000      -888888.0      -888888.0
     0     0
INTA_POCITO                                -31.65000   -68.58330   615.00000 2026-07-31 05:05:00     1
     1     1        279.950         93.000      92600.000         -0.000          0.000      -888888.0      -888888.0
     0     0
INTA_POCITO                                -31.65000   -68.58330   615.00000 2026-07-31 05:10:00     1
     1     1        280.450         93.000      92620.000         -0.000          0.000      -888888.0      -888888.0
     0     0
INTA_POCITO                                -31.65000   -68.58330   615.00000 2026-07-31 05:15:00     1
     1     1        280.450         93.000      92610.000          0.000          0.000      -888888.0      -888888.0
     0     0
INTA_POCITO                                -31.65000   -68.58330   615.00000 2026-07-31 05:20:00     1
     1     1        279.950         93.000      92620.000          0.000          0.000      -888888.0      -888888.0
     0     0
INTA_POCITO                                -31.65000   -68.58330   615.00000 2026-07-31 05:25:00     1
     1     1        279.950         93.000      92620.000         -0.000          0.000      -888888.0      -888888.0
     0     0
INTA_POCITO                                -31.65000   -68.58330   615.00000 2026-07-31 05:30:00     1
     1     1        280.350         93.000      92610.000         -0.000          0.000      -888888.0      -888888.0
     0     0
INTA_POCITO                                -31.65000   -68.58330   615.00000 2026-07-31 05:35:00     1
     1     1        280.450         93.000      92610.000          0.000          0.000      -888888.0      -888888.0
     0     0
INTA_POCITO                                -31.65000   -68.58330   615.00000 2026-07-31 05:40:00     1
     1     1        280.450         93.000      92600.000         -0.000          0.000      -888888.0      -888888.0
     0     0
INTA_POCITO                                -31.65000   -68.58330   615.00000 2026-07-31 05:45:00     1
     1     1        280.350         93.000      92590.000         -0.000          0.000      -888888.0      -888888.0
     0     0
INTA_POCITO                                -31.65000   -68.58330   615.00000 2026-07-31 05:50:00     1
     1     1        279.950         93.000      92600.000         -0.000          0.000      -888888.0      -888888.0
     0     0
INTA_POCITO                                -31.65000   -68.58330   615.00000 2026-07-31 05:55:00     1
     1     1        279.850         93.000      92610.000         -0.000          0.000      -888888.0      -888888.0
     0     0
INTA_POCITO                                -31.65000   -68.58330   615.00000 2026-07-31 06:00:00     1
     1     1        279.950         93.000      92620.000         -0.000          0.000      -888888.0      -888888.0
     0     0
INTA_POCITO                                -31.65000   -68.58330   615.00000 2026-07-31 06:05:00     1
     1     1        280.450         93.000      92620.000          0.000          0.000      -888888.0      -888888.0
     0     0
INTA_POCITO                                -31.65000   -68.58330   615.00000 2026-07-31 06:10:00     1
     1     1        280.850         93.000      92630.000          0.000         -0.000      -888888.0      -888888.0
     0     0
INTA_POCITO                                -31.65000   -68.58330   615.00000 2026-07-31 06:15:00     1
     1     1        280.950         93.000      92620.000          0.000          0.000      -888888.0      -888888.0
     0     0
INTA_POCITO                                -31.65000   -68.58330   615.00000 2026-07-31 06:20:00     1
     1     1        281.150         93.000      92630.000         -0.000          0.000      -888888.0      -888888.0
     0     0
INTA_POCITO                                -31.65000   -68.58330   615.00000 2026-07-31 06:25:00     1
     1     1        280.650         93.000      92640.000         -0.000          0.000      -888888.0      -888888.0
     0     0
INTA_POCITO                                -31.65000   -68.58330   615.00000 2026-07-31 06:30:00     1
     1     1        280.450         93.000      92650.000         -0.000          0.000      -888888.0      -888888.0
     0     0
INTA_POCITO                                -31.65000   -68.58330   615.00000 2026-07-31 06:35:00     1
     1     1        280.250         93.000      92640.000         -0.000          0.000      -888888.0      -888888.0
     0     0
INTA_POCITO                                -31.65000   -68.58330   615.00000 2026-07-31 06:40:00     1
     1     1        280.050         93.000      92650.000         -0.000          0.000      -888888.0      -888888.0
     0     0
INTA_POCITO                                -31.65000   -68.58330   615.00000 2026-07-31 06:45:00     1
     1     1        280.250         93.000      92660.000         -0.000          0.000      -888888.0      -888888.0
     0     0
INTA_POCITO                                -31.65000   -68.58330   615.00000 2026-07-31 06:50:00     1
     1     1        280.150         93.000      92660.000         -0.000          0.000      -888888.0      -888888.0
     0     0
INTA_POCITO                                -31.65000   -68.58330   615.00000 2026-07-31 06:55:00     1
     1     1        280.050         93.000      92670.000         -0.000          0.000      -888888.0      -888888.0
     0     0
INTA_POCITO                                -31.65000   -68.58330   615.00000 2026-07-31 07:00:00     1
     1     1        280.050         94.000      92670.000         -0.000          0.000      -888888.0      -888888.0
     0     0
INTA_POCITO                                -31.65000   -68.58330   615.00000 2026-07-31 07:05:00     1
     1     1        280.050         94.000      92680.000         -0.000          0.000      -888888.0      -888888.0
     0     0
INTA_POCITO                                -31.65000   -68.58330   615.00000 2026-07-31 07:10:00     1
     1     1        280.150         94.000      92700.000         -0.000          0.000      -888888.0      -888888.0
     0     0
INTA_POCITO                                -31.65000   -68.58330   615.00000 2026-07-31 07:15:00     1
     1     1        279.950         94.000      92690.000         -0.000          0.000      -888888.0      -888888.0
     0     0
INTA_POCITO                                -31.65000   -68.58330   615.00000 2026-07-31 07:20:00     1
     1     1        280.150         94.000      92720.000         -0.000          0.000      -888888.0      -888888.0
     0     0
INTA_POCITO                                -31.65000   -68.58330   615.00000 2026-07-31 07:25:00     1
     1     1        279.850         94.000      92720.000         -0.000         -0.000      -888888.0      -888888.0
     0     0
INTA_POCITO                                -31.65000   -68.58330   615.00000 2026-07-31 07:30:00     1
     1     1        280.150         94.000      92710.000         -0.000          0.000      -888888.0      -888888.0
     0     0
INTA_POCITO                                -31.65000   -68.58330   615.00000 2026-07-31 07:35:00     1
     1     1        280.350         94.000      92710.000         -0.000          0.000      -888888.0      -888888.0
     0     0
INTA_POCITO                                -31.65000   -68.58330   615.00000 2026-07-31 07:40:00     1
     1     1        280.350         94.000      92720.000         -0.000          0.000      -888888.0      -888888.0
     0     0
INTA_POCITO                                -31.65000   -68.58330   615.00000 2026-07-31 07:45:00     1
     1     1        280.050         94.000      92740.000         -0.000          0.000      -888888.0      -888888.0
     0     0
INTA_POCITO                                -31.65000   -68.58330   615.00000 2026-07-31 07:50:00     1
     1     1        279.950         94.000      92760.000         -0.000          0.000      -888888.0      -888888.0
     0     0
INTA_POCITO                                -31.65000   -68.58330   615.00000 2026-07-31 07:55:00     1
     1     1        280.050         94.000      92750.000         -0.000          0.000      -888888.0      -888888.0
     0     0
INTA_POCITO                                -31.65000   -68.58330   615.00000 2026-07-31 08:00:00     1
     1     1        279.850         94.000      92770.000         -0.000          0.000      -888888.0      -888888.0
     0     0
INTA_POCITO                                -31.65000   -68.58330   615.00000 2026-07-31 08:05:00     1
     1     1        279.450         94.000      92770.000         -0.000          0.000      -888888.0      -888888.0
     0     0
INTA_POCITO                                -31.65000   -68.58330   615.00000 2026-07-31 08:10:00     1
     1     1        279.450         94.000      92760.000         -0.000          0.000      -888888.0      -888888.0
     0     0
INTA_POCITO                                -31.65000   -68.58330   615.00000 2026-07-31 08:15:00     1
     1     1        279.350         94.000      92790.000         -0.000          0.000      -888888.0      -888888.0
     0     0
INTA_POCITO                                -31.65000   -68.58330   615.00000 2026-07-31 08:20:00     1
     1     1        279.850         94.000      92790.000         -0.000          0.000      -888888.0      -888888.0
     0     0
INTA_POCITO                                -31.65000   -68.58330   615.00000 2026-07-31 08:25:00     1
     1     1        279.650         94.000      92800.000         -0.000          0.000      -888888.0      -888888.0
     0     0
INTA_POCITO                                -31.65000   -68.58330   615.00000 2026-07-31 08:30:00     1
     1     1        279.650         95.000      92810.000         -0.000          0.000      -888888.0      -888888.0
     0     0
INTA_POCITO                                -31.65000   -68.58330   615.00000 2026-07-31 08:35:00     1
     1     1        279.850         95.000      92800.000          0.000          0.000      -888888.0      -888888.0
     0     0
INTA_POCITO                                -31.65000   -68.58330   615.00000 2026-07-31 08:40:00     1
     1     1        279.950         95.000      92810.000          0.000          0.000      -888888.0      -888888.0
     0     0
INTA_POCITO                                -31.65000   -68.58330   615.00000 2026-07-31 10:25:00     1
     1     1        287.550         82.000      92660.000         -0.000          0.000      -888888.0      -888888.0
     0     0
INTA_POCITO                                -31.65000   -68.58330   615.00000 2026-07-31 10:30:00     1
     1     1        288.350         77.000      92700.000          0.665         -0.047      -888888.0      -888888.0
     0     0
INTA_POCITO                                -31.65000   -68.58330   615.00000 2026-07-31 10:35:00     1
     1     1        288.850         75.000      92690.000          0.297          0.330      -888888.0      -888888.0
     0     0
INTA_POCITO                                -31.65000   -68.58330   615.00000 2026-07-31 10:40:00     1
     1     1        288.850         74.000      92650.000         -0.146          0.300      -888888.0      -888888.0
     0     0
INTA_POCITO                                -31.65000   -68.58330   615.00000 2026-07-31 10:45:00     1
     1     1        289.350         71.000      92670.000          0.660          0.554      -888888.0      -888888.0
     0     0
INTA_POCITO                                -31.65000   -68.58330   615.00000 2026-07-31 10:50:00     1
     1     1        289.850         66.000      92670.000         -0.077         -0.033      -888888.0      -888888.0
     0     0
INTA_POCITO                                -31.65000   -68.58330   615.00000 2026-07-31 10:55:00     1
     1     1        290.550         65.000      92650.000         -0.078          0.147      -888888.0      -888888.0
     0     0
INTA_POCITO                                -31.65000   -68.58330   615.00000 2026-07-31 11:00:00     1
     1     1        291.150         62.000      92630.000         -0.074          0.038      -888888.0      -888888.0
     0     0
INTA_POCITO                                -31.65000   -68.58330   615.00000 2026-07-31 11:05:00     1
     1     1        291.250         62.000      92610.000         -0.227         -0.106      -888888.0      -888888.0
     0     0
INTA_POCITO                                -31.65000   -68.58330   615.00000 2026-07-31 11:10:00     1
     1     1        291.250         62.000      92600.000         -0.111          0.084      -888888.0      -888888.0
     0     0
INTA_POCITO                                -31.65000   -68.58330   615.00000 2026-07-31 11:15:00     1
     1     1        291.750         59.000      92610.000         -0.228          0.102      -888888.0      -888888.0
     0     0
INTA_POCITO                                -31.65000   -68.58330   615.00000 2026-07-31 11:20:00     1
     1     1        292.250         55.000      92630.000         -0.000          0.000      -888888.0      -888888.0
     0     0
INTA_POCITO                                -31.65000   -68.58330   615.00000 2026-07-31 11:25:00     1
     1     1        293.150         52.000      92630.000          0.222         -0.012      -888888.0      -888888.0
     0     0
INTA_POCITO                                -31.65000   -68.58330   615.00000 2026-07-31 11:30:00     1
     1     1        293.150         52.000      92650.000         -0.000          0.000      -888888.0      -888888.0
     0     0
INTA_POCITO                                -31.65000   -68.58330   615.00000 2026-07-31 11:35:00     1
     1     1        293.350         50.000      92650.000         -0.367          1.368      -888888.0      -888888.0
     0     0
INTA_POCITO                                -31.65000   -68.58330   615.00000 2026-07-31 11:40:00     1
     1     1        293.450         48.000      92650.000         -0.605          1.188      -888888.0      -888888.0
     0     0
INTA_POCITO                                -31.65000   -68.58330   615.00000 2026-07-31 11:45:00     1
     1     1        293.850         46.000      92670.000         -0.108          0.402      -888888.0      -888888.0
     0     0
INTA_POCITO                                -31.65000   -68.58330   615.00000 2026-07-31 11:50:00     1
     1     1        294.950         44.000      92660.000         -0.072          0.210      -888888.0      -888888.0
     0     0
INTA_POCITO                                -31.65000   -68.58330   615.00000 2026-07-31 11:55:00     1
     1     1        295.150         42.000      92670.000          0.000          0.028      -888888.0      -888888.0
     0     0
INTA_POCITO                                -31.65000   -68.58330   615.00000 2026-07-31 12:00:00     1
     1     1        295.950         35.000      92650.000         -0.329          0.548      -888888.0      -888888.0
     0     0
INTA_POCITO                                -31.65000   -68.58330   615.00000 2026-07-31 12:05:00     1
     1     1        297.650         26.000      92650.000          0.621         -0.921      -888888.0      -888888.0
     0     0
INTA_POCITO                                -31.65000   -68.58330   615.00000 2026-07-31 12:10:00     1
     1     1        299.750         18.000      92640.000          1.971         -1.713      -888888.0      -888888.0
     0     0
INTA_POCITO                                -31.65000   -68.58330   615.00000 2026-07-31 12:15:00     1
     1     1        300.250         17.000      92620.000          1.084         -2.222      -888888.0      -888888.0
     0     0
INTA_POCITO                                -31.65000   -68.58330   615.00000 2026-07-31 12:20:00     1
     1     1        300.450         16.000      92620.000          2.130         -1.605      -888888.0      -888888.0
     0     0
INTA_POCITO                                -31.65000   -68.58330   615.00000 2026-07-31 12:25:00     1
     1     1        300.850         17.000      92620.000          1.528         -1.110      -888888.0      -888888.0
     0     0
INTA_POCITO                                -31.65000   -68.58330   615.00000 2026-07-31 12:30:00     1
     1     1        300.850         16.000      92610.000          0.895         -1.757      -888888.0      -888888.0
     0     0
INTA_POCITO                                -31.65000   -68.58330   615.00000 2026-07-31 12:35:00     1
     1     1        300.950         16.000      92600.000          1.131         -0.853      -888888.0      -888888.0
     0     0
INTA_POCITO                                -31.65000   -68.58330   615.00000 2026-07-31 12:40:00     1
     1     1        300.850         17.000      92600.000          1.212         -1.796      -888888.0      -888888.0
     0     0
INTA_POCITO                                -31.65000   -68.58330   615.00000 2026-07-31 12:45:00     1
     1     1        300.550         17.000      92600.000          1.605         -2.130      -888888.0      -888888.0
     0     0
INTA_POCITO                                -31.65000   -68.58330   615.00000 2026-07-31 12:50:00     1
     1     1        300.450         17.000      92580.000          1.216         -2.864      -888888.0      -888888.0
     0     0
INTA_POCITO                                -31.65000   -68.58330   615.00000 2026-07-31 12:55:00     1
     1     1        300.650         17.000      92600.000          1.197         -1.532      -888888.0      -888888.0
     0     0
INTA_POCITO                                -31.65000   -68.58330   615.00000 2026-07-31 13:00:00     1
     1     1        300.850         16.000      92600.000          1.691         -1.016      -888888.0      -888888.0
     0     0
INTA_POCITO                                -31.65000   -68.58330   615.00000 2026-07-31 13:05:00     1
     1     1        300.850         16.000      92600.000          0.985         -0.770      -888888.0      -888888.0
     0     0
INTA_POCITO                                -31.65000   -68.58330   615.00000 2026-07-31 13:10:00     1
     1     1        301.050         16.000      92610.000          1.589         -1.072      -888888.0      -888888.0
     0     0
INTA_POCITO                                -31.65000   -68.58330   615.00000 2026-07-31 13:15:00     1
     1     1        301.050         16.000      92610.000          0.988         -2.327      -888888.0      -888888.0
     0     0
INTA_POCITO                                -31.65000   -68.58330   615.00000 2026-07-31 13:20:00     1
     1     1        301.250         17.000      92620.000          1.972         -0.962      -888888.0      -888888.0
     0     0
INTA_POCITO                                -31.65000   -68.58330   615.00000 2026-07-31 13:25:00     1
     1     1        301.050         16.000      92630.000          1.421         -1.635      -888888.0      -888888.0
     0     0
INTA_POCITO                                -31.65000   -68.58330   615.00000 2026-07-31 13:30:00     1
     1     1        301.050         17.000      92630.000          1.351         -2.004      -888888.0      -888888.0
     0     0
INTA_POCITO                                -31.65000   -68.58330   615.00000 2026-07-31 13:35:00     1
     1     1        300.850         16.000      92640.000          1.896         -2.708      -888888.0      -888888.0
     0     0
INTA_POCITO                                -31.65000   -68.58330   615.00000 2026-07-31 13:40:00     1
     1     1        300.650         16.000      92650.000          2.390         -3.681      -888888.0      -888888.0
     0     0
INTA_POCITO                                -31.65000   -68.58330   615.00000 2026-07-31 13:45:00     1
     1     1        300.450         17.000      92640.000          1.283         -4.197      -888888.0      -888888.0
     0     0
INTA_POCITO                                -31.65000   -68.58330   615.00000 2026-07-31 13:50:00     1
     1     1        300.650         16.000      92630.000          2.126         -3.998      -888888.0      -888888.0
     0     0
INTA_POCITO                                -31.65000   -68.58330   615.00000 2026-07-31 13:55:00     1
     1     1        300.650         17.000      92630.000          1.786         -2.128      -888888.0      -888888.0
     0     0
INTA_POCITO                                -31.65000   -68.58330   615.00000 2026-07-31 14:00:00     1
     1     1        300.650         17.000      92620.000          2.756         -1.113      -888888.0      -888888.0
     0     0
INTA_POCITO                                -31.65000   -68.58330   615.00000 2026-07-31 14:05:00     1
     1     1        300.850         17.000      92630.000          2.229         -2.007      -888888.0      -888888.0
     0     0
INTA_POCITO                                -31.65000   -68.58330   615.00000 2026-07-31 14:10:00     1
     1     1        300.650         17.000      92630.000          2.788         -3.096      -888888.0      -888888.0
     0     0
INTA_POCITO                                -31.65000   -68.58330   615.00000 2026-07-31 14:15:00     1
     1     1        300.350         17.000      92650.000          3.108         -2.898      -888888.0      -888888.0
     0     0
INTA_POCITO                                -31.65000   -68.58330   615.00000 2026-07-31 14:20:00     1
     1     1        300.150         17.000      92650.000          3.633         -3.271      -888888.0      -888888.0
     0     0
INTA_POCITO                                -31.65000   -68.58330   615.00000 2026-07-31 14:25:00     1
     1     1        300.050         18.000      92670.000          2.996         -1.397      -888888.0      -888888.0
     0     0
INTA_POCITO                                -31.65000   -68.58330   615.00000 2026-07-31 14:30:00     1
     1     1        300.150         18.000      92670.000          2.100         -2.333      -888888.0      -888888.0
     0     0
INTA_POCITO                                -31.65000   -68.58330   615.00000 2026-07-31 14:35:00     1
     1     1        300.050         19.000      92690.000          2.423         -3.592      -888888.0      -888888.0
     0     0
INTA_POCITO                                -31.65000   -68.58330   615.00000 2026-07-31 14:40:00     1
     1     1        299.750         18.000      92720.000          2.491         -2.766      -888888.0      -888888.0
     0     0
INTA_POCITO                                -31.65000   -68.58330   615.00000 2026-07-31 14:45:00     1
     1     1        299.850         18.000      92690.000          1.435         -3.223      -888888.0      -888888.0
     0     0
INTA_POCITO                                -31.65000   -68.58330   615.00000 2026-07-31 14:50:00     1
     1     1        299.950         19.000      92690.000          2.426         -2.035      -888888.0      -888888.0
     0     0
INTA_POCITO                                -31.65000   -68.58330   615.00000 2026-07-31 14:55:00     1
     1     1        299.850         19.000      92700.000          1.427         -2.575      -888888.0      -888888.0
     0     0
INTA_POCITO                                -31.65000   -68.58330   615.00000 2026-07-31 15:00:00     1
     1     1        299.750         19.000      92680.000          1.275         -4.171      -888888.0      -888888.0
     0     0
INTA_POCITO                                -31.65000   -68.58330   615.00000 2026-07-31 15:05:00     1
     1     1        299.750         19.000      92680.000          2.643         -3.149      -888888.0      -888888.0
     0     0
INTA_POCITO                                -31.65000   -68.58330   615.00000 2026-07-31 15:10:00     1
     1     1        299.750         19.000      92700.000          2.204         -3.034      -888888.0      -888888.0
     0     0
INTA_POCITO                                -31.65000   -68.58330   615.00000 2026-07-31 15:15:00     1
     1     1        299.450         19.000      92700.000          2.963         -4.232      -888888.0      -888888.0
     0     0
INTA_POCITO                                -31.65000   -68.58330   615.00000 2026-07-31 15:20:00     1
     1     1        299.350         19.000      92710.000          0.495         -3.128      -888888.0      -888888.0
     0     0
INTA_POCITO                                -31.65000   -68.58330   615.00000 2026-07-31 15:25:00     1
     1     1        299.150         19.000      92720.000          2.203         -3.667      -888888.0      -888888.0
     0     0
INTA_POCITO                                -31.65000   -68.58330   615.00000 2026-07-31 15:30:00     1
     1     1        299.150         19.000      92740.000          2.172         -2.780      -888888.0      -888888.0
     0     0
INTA_POCITO                                -31.65000   -68.58330   615.00000 2026-07-31 15:35:00     1
     1     1        299.450         19.000      92750.000          2.090         -2.773      -888888.0      -888888.0
     0     0
INTA_POCITO                                -31.65000   -68.58330   615.00000 2026-07-31 15:40:00     1
     1     1        299.350         19.000      92760.000          0.822         -2.035      -888888.0      -888888.0
     0     0
INTA_POCITO                                -31.65000   -68.58330   615.00000 2026-07-31 15:45:00     1
     1     1        299.650         19.000      92780.000          0.725         -3.140      -888888.0      -888888.0
     0     0
INTA_POCITO                                -31.65000   -68.58330   615.00000 2026-07-31 15:50:00     1
     1     1        299.150         18.000      92810.000          3.265         -0.286      -888888.0      -888888.0
     0     0
INTA_POCITO                                -31.65000   -68.58330   615.00000 2026-07-31 15:55:00     1
     1     1        299.050         18.000      92800.000          2.573         -2.573      -888888.0      -888888.0
     0     0
INTA_POCITO                                -31.65000   -68.58330   615.00000 2026-07-31 16:00:00     1
     1     1        299.050         18.000      92820.000          2.497         -1.560      -888888.0      -888888.0
     0     0
INTA_POCITO                                -31.65000   -68.58330   615.00000 2026-07-31 16:05:00     1
     1     1        299.150         17.000      92820.000          2.659         -1.129      -888888.0      -888888.0
     0     0
INTA_POCITO                                -31.65000   -68.58330   615.00000 2026-07-31 16:10:00     1
     1     1        298.950         17.000      92840.000          1.445         -2.405      -888888.0      -888888.0
     0     0
INTA_POCITO                                -31.65000   -68.58330   615.00000 2026-07-31 16:15:00     1
     1     1        298.150         16.000      92840.000          2.992         -1.270      -888888.0      -888888.0
     0     0
INTA_POCITO                                -31.65000   -68.58330   615.00000 2026-07-31 16:20:00     1
     1     1        297.950         17.000      92840.000          2.500         -1.502      -888888.0      -888888.0
     0     0
INTA_POCITO                                -31.65000   -68.58330   615.00000 2026-07-31 16:25:00     1
     1     1        297.850         17.000      92860.000          3.508          0.369      -888888.0      -888888.0
     0     0
INTA_POCITO                                -31.65000   -68.58330   615.00000 2026-07-31 16:30:00     1
     1     1        298.250         16.000      92880.000          3.415          0.119      -888888.0      -888888.0
     0     0
INTA_POCITO                                -31.65000   -68.58330   615.00000 2026-07-31 16:35:00     1
     1     1        298.450         17.000      92880.000          2.324          0.203      -888888.0      -888888.0
     0     0
INTA_POCITO                                -31.65000   -68.58330   615.00000 2026-07-31 16:40:00     1
     1     1        297.950         17.000      92880.000          2.129         -0.531      -888888.0      -888888.0
     0     0
INTA_POCITO                                -31.65000   -68.58330   615.00000 2026-07-31 16:45:00     1
     1     1        297.850         16.000      92880.000          3.144          1.021      -888888.0      -888888.0
     0     0
INTA_POCITO                                -31.65000   -68.58330   615.00000 2026-07-31 16:50:00     1
     1     1        297.550         16.000      92910.000          2.179         -2.336      -888888.0      -888888.0
     0     0
INTA_POCITO                                -31.65000   -68.58330   615.00000 2026-07-31 16:55:00     1
     1     1        298.050         15.000      92930.000          3.369         -0.840      -888888.0      -888888.0
     0     0
INTA_POCITO                                -31.65000   -68.58330   615.00000 2026-07-31 17:00:00     1
     1     1        298.350         14.000      92940.000          2.366         -0.332      -888888.0      -888888.0
     0     0
INTA_POCITO                                -31.65000   -68.58330   615.00000 2026-07-31 17:05:00     1
     1     1        298.450         14.000      92950.000          2.495         -0.669      -888888.0      -888888.0
     0     0
INTA_POCITO                                -31.65000   -68.58330   615.00000 2026-07-31 17:10:00     1
     1     1        298.750         15.000      92950.000          2.072         -1.932      -888888.0      -888888.0
     0     0
INTA_POCITO                                -31.65000   -68.58330   615.00000 2026-07-31 17:15:00     1
     1     1        298.250         14.000      92960.000          2.558         -0.931      -888888.0      -888888.0
     0     0
INTA_POCITO                                -31.65000   -68.58330   615.00000 2026-07-31 17:20:00     1
     1     1        298.150         14.000      92960.000          2.344         -1.641      -888888.0      -888888.0
     0     0
INTA_POCITO                                -31.65000   -68.58330   615.00000 2026-07-31 17:25:00     1
     1     1        297.950         14.000      92970.000          2.553         -3.043      -888888.0      -888888.0
     0     0
INTA_POCITO                                -31.65000   -68.58330   615.00000 2026-07-31 17:30:00     1
     1     1        297.850         14.000      92990.000          0.972         -2.182      -888888.0      -888888.0
     0     0
INTA_POCITO                                -31.65000   -68.58330   615.00000 2026-07-31 17:35:00     1
     1     1        297.750         14.000      92990.000          1.216         -2.864      -888888.0      -888888.0
     0     0
INTA_POCITO                                -31.65000   -68.58330   615.00000 2026-07-31 17:40:00     1
     1     1        297.550         13.000      93000.000          2.890         -2.023      -888888.0      -888888.0
     0     0
INTA_POCITO                                -31.65000   -68.58330   615.00000 2026-07-31 17:45:00     1
     1     1        297.550         14.000      93000.000          2.194         -2.046      -888888.0      -888888.0
     0     0
INTA_POCITO                                -31.65000   -68.58330   615.00000 2026-07-31 17:50:00     1
     1     1        297.250         14.000      93000.000          0.999         -2.472      -888888.0      -888888.0
     0     0
INTA_POCITO                                -31.65000   -68.58330   615.00000 2026-07-31 17:55:00     1
     1     1        297.150         14.000      93020.000          1.522         -1.948      -888888.0      -888888.0
     0     0
INTA_POCITO                                -31.65000   -68.58330   615.00000 2026-07-31 18:00:00     1
     1     1        297.150         14.000      93030.000          2.064         -1.732      -888888.0      -888888.0
     0     0
INTA_POCITO                                -31.65000   -68.58330   615.00000 2026-07-31 18:05:00     1
     1     1        296.850         14.000      93030.000          1.382         -2.050      -888888.0      -888888.0
     0     0
INTA_POCITO                                -31.65000   -68.58330   615.00000 2026-07-31 18:10:00     1
     1     1        296.950         14.000      93040.000          1.139         -1.973      -888888.0      -888888.0
     0     0
INTA_POCITO                                -31.65000   -68.58330   615.00000 2026-07-31 18:15:00     1
     1     1        296.750         14.000      93060.000          1.749         -1.416      -888888.0      -888888.0
     0     0
INTA_POCITO                                -31.65000   -68.58330   615.00000 2026-07-31 18:20:00     1
     1     1        296.450         14.000      93070.000          1.342         -1.208      -888888.0      -888888.0
     0     0
INTA_POCITO                                -31.65000   -68.58330   615.00000 2026-07-31 18:25:00     1
     1     1        296.050         15.000      93090.000          1.094         -0.855      -888888.0      -888888.0
     0     0
INTA_POCITO                                -31.65000   -68.58330   615.00000 2026-07-31 18:30:00     1
     1     1        295.750         15.000      93110.000          0.208         -0.361      -888888.0      -888888.0
     0     0
INTA_POCITO                                -31.65000   -68.58330   615.00000 2026-07-31 18:35:00     1
     1     1        295.350         15.000      93110.000          0.991         -0.892      -888888.0      -888888.0
     0     0
INTA_POCITO                                -31.65000   -68.58330   615.00000 2026-07-31 18:40:00     1
     1     1        295.150         15.000      93130.000          0.349         -0.227      -888888.0      -888888.0
     0     0
INTA_POCITO                                -31.65000   -68.58330   615.00000 2026-07-31 18:45:00     1
     1     1        294.750         15.000      93130.000          0.110         -0.017      -888888.0      -888888.0
     0     0
INTA_POCITO                                -31.65000   -68.58330   615.00000 2026-07-31 18:50:00     1
     1     1        294.550         15.000      93130.000         -0.004          0.028      -888888.0      -888888.0
     0     0
INTA_POCITO                                -31.65000   -68.58330   615.00000 2026-07-31 18:55:00     1
     1     1        294.550         15.000      93130.000          0.056          0.001      -888888.0      -888888.0
     0     0
INTA_POCITO                                -31.65000   -68.58330   615.00000 2026-07-31 19:00:00     1
     1     1        294.550         14.000      93150.000         -0.022          0.017      -888888.0      -888888.0
     0     0
INTA_POCITO                                -31.65000   -68.58330   615.00000 2026-07-31 19:05:00     1
     1     1        294.250         16.000      93180.000         -0.061          0.093      -888888.0      -888888.0
     0     0
INTA_POCITO                                -31.65000   -68.58330   615.00000 2026-07-31 19:10:00     1
     1     1        293.650         15.000      93200.000          0.011         -0.025      -888888.0      -888888.0
     0     0
INTA_POCITO                                -31.65000   -68.58330   615.00000 2026-07-31 19:15:00     1
     1     1        293.650         16.000      93190.000         -0.000          0.000      -888888.0      -888888.0
     0     0
INTA_POCITO                                -31.65000   -68.58330   615.00000 2026-07-31 19:20:00     1
     1     1        292.850         17.000      93190.000         -0.166          0.009      -888888.0      -888888.0
     0     0
INTA_POCITO                                -31.65000   -68.58330   615.00000 2026-07-31 19:25:00     1
     1     1        292.750         17.000      93190.000         -0.220          0.031      -888888.0      -888888.0
     0     0
INTA_POCITO                                -31.65000   -68.58330   615.00000 2026-07-31 19:30:00     1
     1     1        293.950         15.000      93210.000          0.028         -0.002      -888888.0      -888888.0
     0     0
INTA_POCITO                                -31.65000   -68.58330   615.00000 2026-07-31 19:35:00     1
     1     1        294.650         15.000      93210.000          0.000          0.000      -888888.0      -888888.0
     0     0
INTA_POCITO                                -31.65000   -68.58330   615.00000 2026-07-31 19:40:00     1
     1     1        293.750         17.000      93230.000         -0.000          0.000      -888888.0      -888888.0
     0     0
INTA_POCITO                                -31.65000   -68.58330   615.00000 2026-07-31 19:45:00     1
     1     1        292.350         18.000      93240.000         -0.011         -0.055      -888888.0      -888888.0
     0     0
INTA_POCITO                                -31.65000   -68.58330   615.00000 2026-07-31 19:50:00     1
     1     1        292.550         18.000      93250.000         -0.024         -0.015      -888888.0      -888888.0
     0     0
INTA_POCITO                                -31.65000   -68.58330   615.00000 2026-07-31 19:55:00     1
     1     1        292.750         18.000      93240.000         -0.026          0.010      -888888.0      -888888.0
     0     0
INTA_POCITO                                -31.65000   -68.58330   615.00000 2026-07-31 20:00:00     1
     1     1        292.250         19.000      93260.000         -0.033         -0.044      -888888.0      -888888.0
     0     0
INTA_POCITO                                -31.65000   -68.58330   615.00000 2026-07-31 20:05:00     1
     1     1        291.850         20.000      93270.000         -0.545         -0.277      -888888.0      -888888.0
     0     0
INTA_POCITO                                -31.65000   -68.58330   615.00000 2026-07-31 20:10:00     1
     1     1        291.850         19.000      93280.000         -0.170         -0.094      -888888.0      -888888.0
     0     0
INTA_POCITO                                -31.65000   -68.58330   615.00000 2026-07-31 20:15:00     1
     1     1        291.950         19.000      93270.000         -0.166         -0.012      -888888.0      -888888.0
     0     0
INTA_POCITO                                -31.65000   -68.58330   615.00000 2026-07-31 20:20:00     1
     1     1        292.050         17.000      93280.000         -0.687         -0.687      -888888.0      -888888.0
     0     0
INTA_POCITO                                -31.65000   -68.58330   615.00000 2026-07-31 20:25:00     1
     1     1        292.750         17.000      93290.000         -0.451         -0.924      -888888.0      -888888.0
     0     0
INTA_POCITO                                -31.65000   -68.58330   615.00000 2026-07-31 20:30:00     1
     1     1        292.250         20.000      93290.000          0.516         -0.465      -888888.0      -888888.0
     0     0
INTA_POCITO                                -31.65000   -68.58330   615.00000 2026-07-31 20:35:00     1
     1     1        290.650         23.000      93320.000         -0.166         -1.183      -888888.0      -888888.0
     0     0
INTA_POCITO                                -31.65000   -68.58330   615.00000 2026-07-31 20:40:00     1
     1     1        290.150         22.000      93340.000          0.176         -0.614      -888888.0      -888888.0
     0     0
INTA_POCITO                                -31.65000   -68.58330   615.00000 2026-07-31 20:45:00     1
     1     1        291.150         20.000      93350.000          0.235         -0.683      -888888.0      -888888.0
     0     0
INTA_POCITO                                -31.65000   -68.58330   615.00000 2026-07-31 20:50:00     1
     1     1        291.750         20.000      93350.000          0.091         -0.744      -888888.0      -888888.0
     0     0
INTA_POCITO                                -31.65000   -68.58330   615.00000 2026-07-31 20:55:00     1
     1     1        292.050         19.000      93360.000          0.159         -0.818      -888888.0      -888888.0
     0     0
INTA_POCITO                                -31.65000   -68.58330   615.00000 2026-07-31 21:00:00     1
     1     1        292.150         17.000      93350.000          0.110         -1.050      -888888.0      -888888.0
     0     0
INTA_POCITO                                -31.65000   -68.58330   615.00000 2026-07-31 21:05:00     1
     1     1        292.150         17.000      93330.000          0.706         -1.386      -888888.0      -888888.0
     0     0
INTA_POCITO                                -31.65000   -68.58330   615.00000 2026-07-31 21:10:00     1
     1     1        292.050         19.000      93340.000          0.652         -0.139      -888888.0      -888888.0
     0     0
INTA_POCITO                                -31.65000   -68.58330   615.00000 2026-07-31 21:15:00     1
     1     1        291.650         18.000      93330.000          0.793         -0.258      -888888.0      -888888.0
     0     0
INTA_POCITO                                -31.65000   -68.58330   615.00000 2026-07-31 21:20:00     1
     1     1        292.450         16.000      93330.000          0.764         -0.555      -888888.0      -888888.0
     0     0
INTA_POCITO                                -31.65000   -68.58330   615.00000 2026-07-31 21:25:00     1
     1     1        292.350         17.000      93360.000          0.273         -0.237      -888888.0      -888888.0
     0     0
INTA_POCITO                                -31.65000   -68.58330   615.00000 2026-07-31 21:30:00     1
     1     1        292.150         17.000      93380.000          0.036         -0.105      -888888.0      -888888.0
     0     0
INTA_POCITO                                -31.65000   -68.58330   615.00000 2026-07-31 21:35:00     1
     1     1        291.350         19.000      93400.000         -0.000          0.000      -888888.0      -888888.0
     0     0
INTA_POCITO                                -31.65000   -68.58330   615.00000 2026-07-31 21:40:00     1
     1     1        290.450         20.000      93420.000         -0.000          0.000      -888888.0      -888888.0
     0     0
INTA_POCITO                                -31.65000   -68.58330   615.00000 2026-07-31 21:45:00     1
     1     1        289.750         20.000      93450.000         -0.000          0.000      -888888.0      -888888.0
     0     0
INTA_POCITO                                -31.65000   -68.58330   615.00000 2026-07-31 21:50:00     1
     1     1        289.650         19.000      93470.000         -0.000          0.000      -888888.0      -888888.0
     0     0
INTA_POCITO                                -31.65000   -68.58330   615.00000 2026-07-31 21:55:00     1
     1     1        290.850         17.000      93480.000          0.011          0.025      -888888.0      -888888.0
     0     0
INTA_POCITO                                -31.65000   -68.58330   615.00000 2026-07-31 22:00:00     1
     1     1        291.650         16.000      93470.000          0.000          0.000      -888888.0      -888888.0
     0     0
INTA_POCITO                                -31.65000   -68.58330   615.00000 2026-07-31 22:05:00     1
     1     1        291.150         18.000      93490.000         -0.000          0.000      -888888.0      -888888.0
     0     0
INTA_POCITO                                -31.65000   -68.58330   615.00000 2026-07-31 22:10:00     1
     1     1        290.750         18.000      93500.000         -0.000          0.000      -888888.0      -888888.0
     0     0
INTA_POCITO                                -31.65000   -68.58330   615.00000 2026-07-31 22:15:00     1
     1     1        290.950         18.000      93490.000          0.073         -0.239      -888888.0      -888888.0
     0     0
INTA_POCITO                                -31.65000   -68.58330   615.00000 2026-07-31 22:20:00     1
     1     1        290.650         19.000      93500.000          0.091         -0.064      -888888.0      -888888.0
     0     0
INTA_POCITO                                -31.65000   -68.58330   615.00000 2026-07-31 22:25:00     1
     1     1        290.350         20.000      93500.000          0.000          0.000      -888888.0      -888888.0
     0     0
INTA_POCITO                                -31.65000   -68.58330   615.00000 2026-07-31 22:30:00     1
     1     1        290.050         19.000      93510.000          0.000          0.000      -888888.0      -888888.0
     0     0
INTA_POCITO                                -31.65000   -68.58330   615.00000 2026-07-31 22:35:00     1
     1     1        289.450         21.000      93530.000         -0.000          0.000      -888888.0      -888888.0
     0     0
INTA_POCITO                                -31.65000   -68.58330   615.00000 2026-07-31 22:40:00     1
     1     1        288.550         22.000      93540.000         -0.000          0.000      -888888.0      -888888.0
     0     0
INTA_POCITO                                -31.65000   -68.58330   615.00000 2026-07-31 22:45:00     1
     1     1        288.450         21.000      93530.000         -0.000          0.000      -888888.0      -888888.0
     0     0
INTA_POCITO                                -31.65000   -68.58330   615.00000 2026-07-31 22:50:00     1
     1     1        289.050         21.000      93530.000         -0.000          0.000      -888888.0      -888888.0
     0     0
INTA_POCITO                                -31.65000   -68.58330   615.00000 2026-07-31 22:55:00     1
     1     1        288.350         23.000      93540.000         -0.000          0.000      -888888.0      -888888.0
     0     0
INTA_POCITO                                -31.65000   -68.58330   615.00000 2026-07-31 23:00:00     1
     1     1        287.850         22.000      93510.000         -0.000          0.000      -888888.0      -888888.0
     0     0
INTA_POCITO                                -31.65000   -68.58330   615.00000 2026-07-31 23:05:00     1
     1     1        288.250         23.000      93520.000          0.135          0.031      -888888.0      -888888.0
     0     0
INTA_POCITO                                -31.65000   -68.58330   615.00000 2026-07-31 23:10:00     1
     1     1        288.150         22.000      93510.000         -0.000          0.000      -888888.0      -888888.0
     0     0
INTA_POCITO                                -31.65000   -68.58330   615.00000 2026-07-31 23:15:00     1
     1     1        288.450         22.000      93510.000         -0.000          0.000      -888888.0      -888888.0
     0     0
INTA_POCITO                                -31.65000   -68.58330   615.00000 2026-07-31 23:20:00     1
     1     1        287.950         24.000      93520.000         -0.000          0.000      -888888.0      -888888.0
     0     0
INTA_POCITO                                -31.65000   -68.58330   615.00000 2026-07-31 23:25:00     1
     1     1        287.750         22.000      93510.000         -0.000          0.000      -888888.0      -888888.0
     0     0
INTA_POCITO                                -31.65000   -68.58330   615.00000 2026-07-31 23:30:00     1
     1     1        288.650         21.000      93500.000          0.106         -0.034      -888888.0      -888888.0
     0     0
INTA_POCITO                                -31.65000   -68.58330   615.00000 2026-07-31 23:35:00     1
     1     1        289.450         19.000      93480.000         -0.101         -0.404      -888888.0      -888888.0
     0     0
INTA_POCITO                                -31.65000   -68.58330   615.00000 2026-07-31 23:40:00     1
     1     1        290.050         18.000      93510.000          0.195         -0.399      -888888.0      -888888.0
     0     0
INTA_POCITO                                -31.65000   -68.58330   615.00000 2026-07-31 23:45:00     1
     1     1        290.150         19.000      93500.000         -0.063         -0.055      -888888.0      -888888.0
     0     0
INTA_POCITO                                -31.65000   -68.58330   615.00000 2026-07-31 23:50:00     1
     1     1        289.950         17.000      93530.000         -0.026         -0.010      -888888.0      -888888.0
     0     0
INTA_POCITO                                -31.65000   -68.58330   615.00000 2026-07-31 23:55:00     1
     1     1        290.350         17.000      93530.000         -0.086         -0.109      -888888.0      -888888.0
     0     0
ULLUM_EMBALSE                              -31.46670   -68.66670   768.00000 2026-07-31 00:00:00     1
     1     1        285.450         76.000      91220.000          1.392         -2.143      -888888.0      -888888.0
     0     0
ULLUM_EMBALSE                              -31.46670   -68.66670   768.00000 2026-07-31 00:05:00     1
     1     1        285.050         77.000      91220.000          1.303         -2.671      -888888.0      -888888.0
     0     0
ULLUM_EMBALSE                              -31.46670   -68.66670   768.00000 2026-07-31 00:10:00     1
     1     1        284.750         78.000      91220.000          0.842         -2.937      -888888.0      -888888.0
     0     0
ULLUM_EMBALSE                              -31.46670   -68.66670   768.00000 2026-07-31 00:15:00     1
     1     1        284.850         78.000      91200.000          1.113         -2.756      -888888.0      -888888.0
     0     0
ULLUM_EMBALSE                              -31.46670   -68.66670   768.00000 2026-07-31 00:20:00     1
     1     1        284.550         78.000      91200.000          1.271         -1.957      -888888.0      -888888.0
     0     0
ULLUM_EMBALSE                              -31.46670   -68.66670   768.00000 2026-07-31 00:25:00     1
     1     1        284.250         80.000      91190.000          1.468         -1.813      -888888.0      -888888.0
     0     0
ULLUM_EMBALSE                              -31.46670   -68.66670   768.00000 2026-07-31 00:30:00     1
     1     1        283.950         81.000      91200.000          1.270         -3.142      -888888.0      -888888.0
     0     0
ULLUM_EMBALSE                              -31.46670   -68.66670   768.00000 2026-07-31 00:35:00     1
     1     1        283.650         83.000      91190.000          1.209         -2.715      -888888.0      -888888.0
     0     0
ULLUM_EMBALSE                              -31.46670   -68.66670   768.00000 2026-07-31 00:40:00     1
     1     1        283.750         83.000      91190.000          0.276         -2.624      -888888.0      -888888.0
     0     0
ULLUM_EMBALSE                              -31.46670   -68.66670   768.00000 2026-07-31 00:45:00     1
     1     1        284.350         81.000      91200.000          1.037         -1.871      -888888.0      -888888.0
     0     0
ULLUM_EMBALSE                              -31.46670   -68.66670   768.00000 2026-07-31 00:50:00     1
     1     1        284.450         80.000      91190.000         -0.508         -1.323      -888888.0      -888888.0
     0     0
ULLUM_EMBALSE                              -31.46670   -68.66670   768.00000 2026-07-31 00:55:00     1
     1     1        284.150         80.000      91180.000         -1.395         -1.395      -888888.0      -888888.0
     0     0
ULLUM_EMBALSE                              -31.46670   -68.66670   768.00000 2026-07-31 01:00:00     1
     1     1        284.250         80.000      91170.000         -1.323         -0.645      -888888.0      -888888.0
     0     0
ULLUM_EMBALSE                              -31.46670   -68.66670   768.00000 2026-07-31 01:05:00     1
     1     1        284.650         79.000      91170.000         -0.836         -1.109      -888888.0      -888888.0
     0     0
ULLUM_EMBALSE                              -31.46670   -68.66670   768.00000 2026-07-31 01:10:00     1
     1     1        284.750         78.000      91160.000         -0.042         -2.389      -888888.0      -888888.0
     0     0
ULLUM_EMBALSE                              -31.46670   -68.66670   768.00000 2026-07-31 01:15:00     1
     1     1        284.350         79.000      91160.000          1.069         -1.852      -888888.0      -888888.0
     0     0
ULLUM_EMBALSE                              -31.46670   -68.66670   768.00000 2026-07-31 01:20:00     1
     1     1        283.750         81.000      91160.000          0.247         -2.823      -888888.0      -888888.0
     0     0
ULLUM_EMBALSE                              -31.46670   -68.66670   768.00000 2026-07-31 01:25:00     1
     1     1        284.050         81.000      91130.000         -0.349         -1.402      -888888.0      -888888.0
     0     0
ULLUM_EMBALSE                              -31.46670   -68.66670   768.00000 2026-07-31 01:30:00     1
     1     1        284.450         80.000      91130.000         -0.595         -0.661      -888888.0      -888888.0
     0     0
ULLUM_EMBALSE                              -31.46670   -68.66670   768.00000 2026-07-31 01:35:00     1
     1     1        284.350         80.000      91130.000          0.254         -1.196      -888888.0      -888888.0
     0     0
ULLUM_EMBALSE                              -31.46670   -68.66670   768.00000 2026-07-31 01:40:00     1
     1     1        284.450         80.000      91110.000         -1.426         -1.196      -888888.0      -888888.0
     0     0
ULLUM_EMBALSE                              -31.46670   -68.66670   768.00000 2026-07-31 01:45:00     1
     1     1        284.350         80.000      91090.000         -1.611         -0.751      -888888.0      -888888.0
     0     0
ULLUM_EMBALSE                              -31.46670   -68.66670   768.00000 2026-07-31 01:50:00     1
     1     1        284.350         79.000      91080.000         -1.421         -0.923      -888888.0      -888888.0
     0     0
ULLUM_EMBALSE                              -31.46670   -68.66670   768.00000 2026-07-31 01:55:00     1
     1     1        284.650         79.000      91070.000         -0.647         -0.799      -888888.0      -888888.0
     0     0
ULLUM_EMBALSE                              -31.46670   -68.66670   768.00000 2026-07-31 02:00:00     1
     1     1        284.750         79.000      91070.000          0.347         -1.970      -888888.0      -888888.0
     0     0
ULLUM_EMBALSE                              -31.46670   -68.66670   768.00000 2026-07-31 02:05:00     1
     1     1        283.650         82.000      91060.000          1.533         -1.241      -888888.0      -888888.0
     0     0
ULLUM_EMBALSE                              -31.46670   -68.66670   768.00000 2026-07-31 02:10:00     1
     1     1        283.450         84.000      91050.000          1.032         -0.481      -888888.0      -888888.0
     0     0
ULLUM_EMBALSE                              -31.46670   -68.66670   768.00000 2026-07-31 02:15:00     1
     1     1        283.350         84.000      91030.000          0.745         -0.484      -888888.0      -888888.0
     0     0
ULLUM_EMBALSE                              -31.46670   -68.66670   768.00000 2026-07-31 02:20:00     1
     1     1        283.450         84.000      91030.000          1.092         -0.765      -888888.0      -888888.0
     0     0
ULLUM_EMBALSE                              -31.46670   -68.66670   768.00000 2026-07-31 02:25:00     1
     1     1        283.250         85.000      91020.000          1.563         -1.619      -888888.0      -888888.0
     0     0
ULLUM_EMBALSE                              -31.46670   -68.66670   768.00000 2026-07-31 02:30:00     1
     1     1        283.250         85.000      91040.000          0.711         -1.095      -888888.0      -888888.0
     0     0
ULLUM_EMBALSE                              -31.46670   -68.66670   768.00000 2026-07-31 02:35:00     1
     1     1        283.350         85.000      91020.000          0.736         -1.275      -888888.0      -888888.0
     0     0
ULLUM_EMBALSE                              -31.46670   -68.66670   768.00000 2026-07-31 02:40:00     1
     1     1        283.250         85.000      91030.000          1.145         -1.905      -888888.0      -888888.0
     0     0
ULLUM_EMBALSE                              -31.46670   -68.66670   768.00000 2026-07-31 02:45:00     1
     1     1        282.950         86.000      91020.000          0.672         -1.119      -888888.0      -888888.0
     0     0
ULLUM_EMBALSE                              -31.46670   -68.66670   768.00000 2026-07-31 02:50:00     1
     1     1        282.950         86.000      91010.000          0.715         -1.191      -888888.0      -888888.0
     0     0
ULLUM_EMBALSE                              -31.46670   -68.66670   768.00000 2026-07-31 02:55:00     1
     1     1        283.050         85.000      91000.000          0.444         -0.738      -888888.0      -888888.0
     0     0
ULLUM_EMBALSE                              -31.46670   -68.66670   768.00000 2026-07-31 03:00:00     1
     1     1        283.250         85.000      91000.000          0.609         -0.568      -888888.0      -888888.0
     0     0
ULLUM_EMBALSE                              -31.46670   -68.66670   768.00000 2026-07-31 03:05:00     1
     1     1        283.250         84.000      91000.000          0.829         -0.559      -888888.0      -888888.0
     0     0
ULLUM_EMBALSE                              -31.46670   -68.66670   768.00000 2026-07-31 03:10:00     1
     1     1        283.450         84.000      90980.000          0.737         -0.497      -888888.0      -888888.0
     0     0
ULLUM_EMBALSE                              -31.46670   -68.66670   768.00000 2026-07-31 03:15:00     1
     1     1        283.650         83.000      91000.000          1.059         -0.715      -888888.0      -888888.0
     0     0
ULLUM_EMBALSE                              -31.46670   -68.66670   768.00000 2026-07-31 03:20:00     1
     1     1        283.650         83.000      91000.000          1.483         -1.078      -888888.0      -888888.0
     0     0
ULLUM_EMBALSE                              -31.46670   -68.66670   768.00000 2026-07-31 03:25:00     1
     1     1        283.550         83.000      90990.000          1.144         -0.926      -888888.0      -888888.0
     0     0
ULLUM_EMBALSE                              -31.46670   -68.66670   768.00000 2026-07-31 03:30:00     1
     1     1        283.650         82.000      91000.000          1.347         -2.429      -888888.0      -888888.0
     0     0
ULLUM_EMBALSE                              -31.46670   -68.66670   768.00000 2026-07-31 03:35:00     1
     1     1        283.050         85.000      90970.000          1.186         -3.878      -888888.0      -888888.0
     0     0
ULLUM_EMBALSE                              -31.46670   -68.66670   768.00000 2026-07-31 03:40:00     1
     1     1        282.450         87.000      90970.000          1.031         -2.994      -888888.0      -888888.0
     0     0
ULLUM_EMBALSE                              -31.46670   -68.66670   768.00000 2026-07-31 03:45:00     1
     1     1        282.250         88.000      90960.000          1.195         -3.112      -888888.0      -888888.0
     0     0
ULLUM_EMBALSE                              -31.46670   -68.66670   768.00000 2026-07-31 03:50:00     1
     1     1        281.950         89.000      90940.000          0.526         -2.982      -888888.0      -888888.0
     0     0
ULLUM_EMBALSE                              -31.46670   -68.66670   768.00000 2026-07-31 03:55:00     1
     1     1        281.950         88.000      90950.000         -0.760         -1.880      -888888.0      -888888.0
     0     0
ULLUM_EMBALSE                              -31.46670   -68.66670   768.00000 2026-07-31 04:00:00     1
     1     1        281.750         88.000      90970.000         -0.802         -1.065      -888888.0      -888888.0
     0     0
ULLUM_EMBALSE                              -31.46670   -68.66670   768.00000 2026-07-31 04:05:00     1
     1     1        281.650         88.000      90960.000          0.194         -2.771      -888888.0      -888888.0
     0     0
ULLUM_EMBALSE                              -31.46670   -68.66670   768.00000 2026-07-31 04:10:00     1
     1     1        281.350         88.000      90950.000          0.150         -2.857      -888888.0      -888888.0
     0     0
ULLUM_EMBALSE                              -31.46670   -68.66670   768.00000 2026-07-31 04:15:00     1
     1     1        281.350         89.000      90940.000         -1.885         -1.178      -888888.0      -888888.0
     0     0
ULLUM_EMBALSE                              -31.46670   -68.66670   768.00000 2026-07-31 04:20:00     1
     1     1        281.450         89.000      90950.000         -0.510         -0.587      -888888.0      -888888.0
     0     0
ULLUM_EMBALSE                              -31.46670   -68.66670   768.00000 2026-07-31 04:25:00     1
     1     1        281.550         88.000      90950.000         -0.315         -0.389      -888888.0      -888888.0
     0     0
ULLUM_EMBALSE                              -31.46670   -68.66670   768.00000 2026-07-31 04:30:00     1
     1     1        281.650         88.000      90940.000         -0.192         -0.237      -888888.0      -888888.0
     0     0
ULLUM_EMBALSE                              -31.46670   -68.66670   768.00000 2026-07-31 04:35:00     1
     1     1        281.750         88.000      90940.000         -0.735         -0.941      -888888.0      -888888.0
     0     0
ULLUM_EMBALSE                              -31.46670   -68.66670   768.00000 2026-07-31 04:40:00     1
     1     1        282.050         88.000      90950.000         -0.438         -0.177      -888888.0      -888888.0
     0     0
ULLUM_EMBALSE                              -31.46670   -68.66670   768.00000 2026-07-31 04:45:00     1
     1     1        282.050         87.000      90940.000         -0.972         -0.000      -888888.0      -888888.0
     0     0
ULLUM_EMBALSE                              -31.46670   -68.66670   768.00000 2026-07-31 04:50:00     1
     1     1        282.750         87.000      90960.000         -0.914         -0.064      -888888.0      -888888.0
     0     0
ULLUM_EMBALSE                              -31.46670   -68.66670   768.00000 2026-07-31 04:55:00     1
     1     1        282.650         86.000      90970.000         -0.832          0.650      -888888.0      -888888.0
     0     0
ULLUM_EMBALSE                              -31.46670   -68.66670   768.00000 2026-07-31 05:00:00     1
     1     1        282.650         86.000      90990.000          0.485         -2.282      -888888.0      -888888.0
     0     0
ULLUM_EMBALSE                              -31.46670   -68.66670   768.00000 2026-07-31 05:05:00     1
     1     1        282.750         85.000      91000.000          1.895         -2.810      -888888.0      -888888.0
     0     0
ULLUM_EMBALSE                              -31.46670   -68.66670   768.00000 2026-07-31 05:10:00     1
     1     1        282.350         86.000      90960.000         -0.921         -1.807      -888888.0      -888888.0
     0     0
ULLUM_EMBALSE                              -31.46670   -68.66670   768.00000 2026-07-31 05:15:00     1
     1     1        282.050         87.000      90980.000          0.093         -2.665      -888888.0      -888888.0
     0     0
ULLUM_EMBALSE                              -31.46670   -68.66670   768.00000 2026-07-31 05:20:00     1
     1     1        281.650         88.000      90990.000          2.736         -2.138      -888888.0      -888888.0
     0     0
ULLUM_EMBALSE                              -31.46670   -68.66670   768.00000 2026-07-31 05:25:00     1
     1     1        281.150         89.000      90980.000          0.707         -2.311      -888888.0      -888888.0
     0     0
ULLUM_EMBALSE                              -31.46670   -68.66670   768.00000 2026-07-31 05:30:00     1
     1     1        281.250         90.000      91000.000         -0.749         -1.764      -888888.0      -888888.0
     0     0
ULLUM_EMBALSE                              -31.46670   -68.66670   768.00000 2026-07-31 05:35:00     1
     1     1        281.450         90.000      90990.000         -1.468         -1.232      -888888.0      -888888.0
     0     0
ULLUM_EMBALSE                              -31.46670   -68.66670   768.00000 2026-07-31 05:40:00     1
     1     1        281.550         90.000      91010.000         -1.253         -0.532      -888888.0      -888888.0
     0     0
ULLUM_EMBALSE                              -31.46670   -68.66670   768.00000 2026-07-31 05:45:00     1
     1     1        281.550         90.000      91000.000         -0.142         -1.158      -888888.0      -888888.0
     0     0
ULLUM_EMBALSE                              -31.46670   -68.66670   768.00000 2026-07-31 05:50:00     1
     1     1        281.650         90.000      91000.000          0.265         -1.363      -888888.0      -888888.0
     0     0
ULLUM_EMBALSE                              -31.46670   -68.66670   768.00000 2026-07-31 05:55:00     1
     1     1        281.750         90.000      91000.000          0.487         -2.111      -888888.0      -888888.0
     0     0
ULLUM_EMBALSE                              -31.46670   -68.66670   768.00000 2026-07-31 06:00:00     1
     1     1        282.050         90.000      91000.000          1.940         -1.747      -888888.0      -888888.0
     0     0
ULLUM_EMBALSE                              -31.46670   -68.66670   768.00000 2026-07-31 06:05:00     1
     1     1        282.150         89.000      91020.000          1.488         -2.476      -888888.0      -888888.0
     0     0
ULLUM_EMBALSE                              -31.46670   -68.66670   768.00000 2026-07-31 06:10:00     1
     1     1        282.350         88.000      91030.000          2.008         -2.764      -888888.0      -888888.0
     0     0
ULLUM_EMBALSE                              -31.46670   -68.66670   768.00000 2026-07-31 06:15:00     1
     1     1        282.150         88.000      91030.000          1.327         -2.721      -888888.0      -888888.0
     0     0
ULLUM_EMBALSE                              -31.46670   -68.66670   768.00000 2026-07-31 06:20:00     1
     1     1        282.150         88.000      91020.000          1.796         -2.472      -888888.0      -888888.0
     0     0
ULLUM_EMBALSE                              -31.46670   -68.66670   768.00000 2026-07-31 06:25:00     1
     1     1        281.850         89.000      91020.000          1.085         -3.152      -888888.0      -888888.0
     0     0
ULLUM_EMBALSE                              -31.46670   -68.66670   768.00000 2026-07-31 06:30:00     1
     1     1        281.750         89.000      91030.000          1.912         -2.731      -888888.0      -888888.0
     0     0
ULLUM_EMBALSE                              -31.46670   -68.66670   768.00000 2026-07-31 06:35:00     1
     1     1        281.450         90.000      91020.000          1.944         -2.776      -888888.0      -888888.0
     0     0
ULLUM_EMBALSE                              -31.46670   -68.66670   768.00000 2026-07-31 06:40:00     1
     1     1        281.350         90.000      91030.000          0.610         -3.136      -888888.0      -888888.0
     0     0
ULLUM_EMBALSE                              -31.46670   -68.66670   768.00000 2026-07-31 06:45:00     1
     1     1        281.250         91.000      91030.000          1.565         -2.943      -888888.0      -888888.0
     0     0
ULLUM_EMBALSE                              -31.46670   -68.66670   768.00000 2026-07-31 06:50:00     1
     1     1        281.250         91.000      91030.000          0.376         -1.936      -888888.0      -888888.0
     0     0
ULLUM_EMBALSE                              -31.46670   -68.66670   768.00000 2026-07-31 06:55:00     1
     1     1        281.350         91.000      91060.000         -0.532         -1.638      -888888.0      -888888.0
     0     0
ULLUM_EMBALSE                              -31.46670   -68.66670   768.00000 2026-07-31 07:00:00     1
     1     1        281.350         90.000      91050.000         -1.466         -1.320      -888888.0      -888888.0
     0     0
ULLUM_EMBALSE                              -31.46670   -68.66670   768.00000 2026-07-31 07:05:00     1
     1     1        281.950         90.000      91090.000          0.289         -1.641      -888888.0      -888888.0
     0     0
ULLUM_EMBALSE                              -31.46670   -68.66670   768.00000 2026-07-31 07:10:00     1
     1     1        281.950         89.000      91070.000         -0.542          1.064      -888888.0      -888888.0
     0     0
ULLUM_EMBALSE                              -31.46670   -68.66670   768.00000 2026-07-31 07:15:00     1
     1     1        281.550         88.000      91070.000          0.652         -1.226      -888888.0      -888888.0
     0     0
ULLUM_EMBALSE                              -31.46670   -68.66670   768.00000 2026-07-31 07:20:00     1
     1     1        282.150         88.000      91110.000          0.130         -1.857      -888888.0      -888888.0
     0     0
ULLUM_EMBALSE                              -31.46670   -68.66670   768.00000 2026-07-31 07:25:00     1
     1     1        282.550         87.000      91080.000          0.792         -0.739      -888888.0      -888888.0
     0     0
ULLUM_EMBALSE                              -31.46670   -68.66670   768.00000 2026-07-31 07:30:00     1
     1     1        282.150         87.000      91070.000         -0.974         -2.090      -888888.0      -888888.0
     0     0
ULLUM_EMBALSE                              -31.46670   -68.66670   768.00000 2026-07-31 07:35:00     1
     1     1        282.750         87.000      91100.000         -3.194         -1.290      -888888.0      -888888.0
     0     0
ULLUM_EMBALSE                              -31.46670   -68.66670   768.00000 2026-07-31 07:40:00     1
     1     1        283.350         86.000      91090.000         -1.104          0.587      -888888.0      -888888.0
     0     0
ULLUM_EMBALSE                              -31.46670   -68.66670   768.00000 2026-07-31 07:45:00     1
     1     1        283.150         86.000      91100.000         -0.104          0.489      -888888.0      -888888.0
     0     0
ULLUM_EMBALSE                              -31.46670   -68.66670   768.00000 2026-07-31 07:50:00     1
     1     1        283.550         86.000      91130.000         -0.548          1.123      -888888.0      -888888.0
     0     0
ULLUM_EMBALSE                              -31.46670   -68.66670   768.00000 2026-07-31 07:55:00     1
     1     1        283.950         86.000      91140.000         -1.876         -0.609      -888888.0      -888888.0
     0     0
ULLUM_EMBALSE                              -31.46670   -68.66670   768.00000 2026-07-31 08:00:00     1
     1     1        284.150         85.000      91100.000         -1.471         -0.051      -888888.0      -888888.0
     0     0
ULLUM_EMBALSE                              -31.46670   -68.66670   768.00000 2026-07-31 08:05:00     1
     1     1        284.150         85.000      91110.000         -2.430         -0.697      -888888.0      -888888.0
     0     0
ULLUM_EMBALSE                              -31.46670   -68.66670   768.00000 2026-07-31 08:10:00     1
     1     1        284.450         84.000      91130.000         -0.969         -0.085      -888888.0      -888888.0
     0     0
ULLUM_EMBALSE                              -31.46670   -68.66670   768.00000 2026-07-31 08:15:00     1
     1     1        284.750         83.000      91160.000         -0.395         -1.215      -888888.0      -888888.0
     0     0
ULLUM_EMBALSE                              -31.46670   -68.66670   768.00000 2026-07-31 08:20:00     1
     1     1        284.850         80.000      91160.000         -2.478         -1.374      -888888.0      -888888.0
     0     0
ULLUM_EMBALSE                              -31.46670   -68.66670   768.00000 2026-07-31 08:25:00     1
     1     1        284.950         80.000      91160.000         -2.157         -1.567      -888888.0      -888888.0
     0     0
ULLUM_EMBALSE                              -31.46670   -68.66670   768.00000 2026-07-31 08:30:00     1
     1     1        285.150         78.000      91170.000         -0.626          0.228      -888888.0      -888888.0
     0     0
ULLUM_EMBALSE                              -31.46670   -68.66670   768.00000 2026-07-31 08:35:00     1
     1     1        285.650         73.000      91170.000         -0.856          0.090      -888888.0      -888888.0
     0     0
ULLUM_EMBALSE                              -31.46670   -68.66670   768.00000 2026-07-31 08:40:00     1
     1     1        286.650         60.000      91160.000         -1.094          0.193      -888888.0      -888888.0
     0     0
ULLUM_EMBALSE                              -31.46670   -68.66670   768.00000 2026-07-31 08:45:00     1
     1     1        289.750         42.000      91160.000          0.647         -0.799      -888888.0      -888888.0
     0     0
ULLUM_EMBALSE                              -31.46670   -68.66670   768.00000 2026-07-31 08:50:00     1
     1     1        291.250         37.000      91160.000          0.122         -1.160      -888888.0      -888888.0
     0     0
ULLUM_EMBALSE                              -31.46670   -68.66670   768.00000 2026-07-31 08:55:00     1
     1     1        292.350         34.000      91160.000          0.976          0.587      -888888.0      -888888.0
     0     0
ULLUM_EMBALSE                              -31.46670   -68.66670   768.00000 2026-07-31 09:00:00     1
     1     1        290.450         46.000      91160.000          0.353          0.724      -888888.0      -888888.0
     0     0
ULLUM_EMBALSE                              -31.46670   -68.66670   768.00000 2026-07-31 09:05:00     1
     1     1        291.350         35.000      91160.000         -1.994         -0.497      -888888.0      -888888.0
     0     0
ULLUM_EMBALSE                              -31.46670   -68.66670   768.00000 2026-07-31 09:10:00     1
     1     1        293.150         28.000      91150.000          2.809         -2.041      -888888.0      -888888.0
     0     0
ULLUM_EMBALSE                              -31.46670   -68.66670   768.00000 2026-07-31 09:15:00     1
     1     1        294.550         26.000      91140.000          0.741         -1.142      -888888.0      -888888.0
     0     0
ULLUM_EMBALSE                              -31.46670   -68.66670   768.00000 2026-07-31 09:20:00     1
     1     1        294.450         26.000      91140.000          2.902         -3.584      -888888.0      -888888.0
     0     0
ULLUM_EMBALSE                              -31.46670   -68.66670   768.00000 2026-07-31 09:25:00     1
     1     1        294.050         27.000      91140.000         -0.582         -2.029      -888888.0      -888888.0
     0     0
ULLUM_EMBALSE                              -31.46670   -68.66670   768.00000 2026-07-31 09:30:00     1
     1     1        293.950         27.000      91150.000          0.163         -3.107      -888888.0      -888888.0
     0     0
ULLUM_EMBALSE                              -31.46670   -68.66670   768.00000 2026-07-31 09:35:00     1
     1     1        294.150         31.000      91160.000          1.686         -4.172      -888888.0      -888888.0
     0     0
ULLUM_EMBALSE                              -31.46670   -68.66670   768.00000 2026-07-31 09:40:00     1
     1     1        293.350         31.000      91130.000          6.996         -2.006      -888888.0      -888888.0
     0     0
ULLUM_EMBALSE                              -31.46670   -68.66670   768.00000 2026-07-31 09:45:00     1
     1     1        293.450         30.000      91120.000          5.233         -1.600      -888888.0      -888888.0
     0     0
ULLUM_EMBALSE                              -31.46670   -68.66670   768.00000 2026-07-31 09:50:00     1
     1     1        293.250         30.000      91110.000          7.278          0.637      -888888.0      -888888.0
     0     0
ULLUM_EMBALSE                              -31.46670   -68.66670   768.00000 2026-07-31 09:55:00     1
     1     1        293.650         30.000      91120.000          7.741         -2.515      -888888.0      -888888.0
     0     0
ULLUM_EMBALSE                              -31.46670   -68.66670   768.00000 2026-07-31 10:00:00     1
     1     1        293.650         30.000      91130.000          4.535         -4.696      -888888.0      -888888.0
     0     0
ULLUM_EMBALSE                              -31.46670   -68.66670   768.00000 2026-07-31 10:05:00     1
     1     1        293.350         32.000      91110.000          5.873         -1.356      -888888.0      -888888.0
     0     0
ULLUM_EMBALSE                              -31.46670   -68.66670   768.00000 2026-07-31 10:10:00     1
     1     1        293.450         30.000      91090.000          6.015         -2.071      -888888.0      -888888.0
     0     0
ULLUM_EMBALSE                              -31.46670   -68.66670   768.00000 2026-07-31 10:15:00     1
     1     1        293.950         28.000      91070.000          6.605          2.146      -888888.0      -888888.0
     0     0
ULLUM_EMBALSE                              -31.46670   -68.66670   768.00000 2026-07-31 10:20:00     1
     1     1        294.750         26.000      91060.000          7.846          2.549      -888888.0      -888888.0
     0     0
ULLUM_EMBALSE                              -31.46670   -68.66670   768.00000 2026-07-31 10:25:00     1
     1     1        294.950         24.000      91050.000          9.558         -1.005      -888888.0      -888888.0
     0     0
ULLUM_EMBALSE                              -31.46670   -68.66670   768.00000 2026-07-31 10:30:00     1
     1     1        295.150         25.000      91050.000          7.687          1.775      -888888.0      -888888.0
     0     0
ULLUM_EMBALSE                              -31.46670   -68.66670   768.00000 2026-07-31 11:30:00     1
     1     1        297.150         19.000      91080.000          8.496        -10.491      -888888.0      -888888.0
     0     0
ULLUM_EMBALSE                              -31.46670   -68.66670   768.00000 2026-07-31 11:35:00     1
     1     1        297.250         19.000      91050.000          4.061        -13.282      -888888.0      -888888.0
     0     0
ULLUM_EMBALSE                              -31.46670   -68.66670   768.00000 2026-07-31 11:40:00     1
     1     1        297.450         18.000      91050.000          5.807        -13.680      -888888.0      -888888.0
     0     0
ULLUM_EMBALSE                              -31.46670   -68.66670   768.00000 2026-07-31 11:45:00     1
     1     1        297.450         18.000      91040.000          3.562        -15.428      -888888.0      -888888.0
     0     0
ULLUM_EMBALSE                              -31.46670   -68.66670   768.00000 2026-07-31 11:50:00     1
     1     1        297.550         18.000      91050.000          5.796        -13.654      -888888.0      -888888.0
     0     0
ULLUM_EMBALSE                              -31.46670   -68.66670   768.00000 2026-07-31 11:55:00     1
     1     1        297.950         17.000      91070.000          5.067        -13.200      -888888.0      -888888.0
     0     0
ULLUM_EMBALSE                              -31.46670   -68.66670   768.00000 2026-07-31 12:00:00     1
     1     1        298.050         16.000      91060.000          3.549        -11.608      -888888.0      -888888.0
     0     0
ULLUM_EMBALSE                              -31.46670   -68.66670   768.00000 2026-07-31 12:05:00     1
     1     1        297.950         17.000      91060.000          5.765        -14.268      -888888.0      -888888.0
     0     0
ULLUM_EMBALSE                              -31.46670   -68.66670   768.00000 2026-07-31 12:10:00     1
     1     1        297.850         17.000      91050.000          0.986        -14.104      -888888.0      -888888.0
     0     0
ULLUM_EMBALSE                              -31.46670   -68.66670   768.00000 2026-07-31 12:15:00     1
     1     1        298.050         17.000      91050.000          5.811        -12.462      -888888.0      -888888.0
     0     0
ULLUM_EMBALSE                              -31.46670   -68.66670   768.00000 2026-07-31 12:20:00     1
     1     1        297.850         18.000      91060.000          3.165        -14.890      -888888.0      -888888.0
     0     0
ULLUM_EMBALSE                              -31.46670   -68.66670   768.00000 2026-07-31 12:25:00     1
     1     1        297.850         18.000      91060.000          4.127        -14.392      -888888.0      -888888.0
     0     0
ULLUM_EMBALSE                              -31.46670   -68.66670   768.00000 2026-07-31 12:30:00     1
     1     1        298.250         17.000      91040.000          3.340        -13.395      -888888.0      -888888.0
     0     0
ULLUM_EMBALSE                              -31.46670   -68.66670   768.00000 2026-07-31 12:35:00     1
     1     1        298.350         16.000      91020.000          4.249        -13.077      -888888.0      -888888.0
     0     0
ULLUM_EMBALSE                              -31.46670   -68.66670   768.00000 2026-07-31 12:40:00     1
     1     1        298.450         16.000      91000.000          1.537        -12.517      -888888.0      -888888.0
     0     0
ULLUM_EMBALSE                              -31.46670   -68.66670   768.00000 2026-07-31 12:45:00     1
     1     1        298.450         16.000      91030.000          2.428        -12.488      -888888.0      -888888.0
     0     0
ULLUM_EMBALSE                              -31.46670   -68.66670   768.00000 2026-07-31 12:50:00     1
     1     1        298.450         16.000      91020.000          3.138        -12.587      -888888.0      -888888.0
     0     0
ULLUM_EMBALSE                              -31.46670   -68.66670   768.00000 2026-07-31 12:55:00     1
     1     1        298.450         16.000      91010.000          5.894        -12.084      -888888.0      -888888.0
     0     0
ULLUM_EMBALSE                              -31.46670   -68.66670   768.00000 2026-07-31 13:00:00     1
     1     1        298.450         17.000      91020.000          5.683        -12.764      -888888.0      -888888.0
     0     0
ULLUM_EMBALSE                              -31.46670   -68.66670   768.00000 2026-07-31 13:05:00     1
     1     1        298.350         17.000      91040.000          3.056        -13.235      -888888.0      -888888.0
     0     0
ULLUM_EMBALSE                              -31.46670   -68.66670   768.00000 2026-07-31 13:10:00     1
     1     1        298.150         17.000      91050.000          4.221        -10.996      -888888.0      -888888.0
     0     0
ULLUM_EMBALSE                              -31.46670   -68.66670   768.00000 2026-07-31 13:15:00     1
     1     1        298.450         17.000      91050.000          5.777        -10.865      -888888.0      -888888.0
     0     0
ULLUM_EMBALSE                              -31.46670   -68.66670   768.00000 2026-07-31 13:20:00     1
     1     1        298.250         17.000      91060.000          5.482        -11.757      -888888.0      -888888.0
     0     0
ULLUM_EMBALSE                              -31.46670   -68.66670   768.00000 2026-07-31 13:25:00     1
     1     1        298.350         17.000      91060.000          4.452         -9.998      -888888.0      -888888.0
     0     0
ULLUM_EMBALSE                              -31.46670   -68.66670   768.00000 2026-07-31 13:30:00     1
     1     1        298.450         17.000      91080.000          3.867        -10.624      -888888.0      -888888.0
     0     0
ULLUM_EMBALSE                              -31.46670   -68.66670   768.00000 2026-07-31 13:35:00     1
     1     1        298.650         17.000      91080.000          2.250         -8.398      -888888.0      -888888.0
     0     0
ULLUM_EMBALSE                              -31.46670   -68.66670   768.00000 2026-07-31 13:40:00     1
     1     1        298.850         17.000      91090.000          1.308         -8.258      -888888.0      -888888.0
     0     0
ULLUM_EMBALSE                              -31.46670   -68.66670   768.00000 2026-07-31 13:45:00     1
     1     1        298.950         16.000      91080.000          2.534         -8.838      -888888.0      -888888.0
     0     0
ULLUM_EMBALSE                              -31.46670   -68.66670   768.00000 2026-07-31 13:50:00     1
     1     1        298.550         19.000      91090.000          5.419        -11.110      -888888.0      -888888.0
     0     0
ULLUM_EMBALSE                              -31.46670   -68.66670   768.00000 2026-07-31 13:55:00     1
     1     1        297.050         23.000      91100.000          7.325         -1.160      -888888.0      -888888.0
     0     0
ULLUM_EMBALSE                              -31.46670   -68.66670   768.00000 2026-07-31 14:00:00     1
     1     1        296.550         22.000      91100.000          9.153          1.124      -888888.0      -888888.0
     0     0
ULLUM_EMBALSE                              -31.46670   -68.66670   768.00000 2026-07-31 14:05:00     1
     1     1        296.250         23.000      91100.000          8.110          0.142      -888888.0      -888888.0
     0     0
ULLUM_EMBALSE                              -31.46670   -68.66670   768.00000 2026-07-31 14:10:00     1
     1     1        295.850         24.000      91140.000          7.380          1.169      -888888.0      -888888.0
     0     0
ULLUM_EMBALSE                              -31.46670   -68.66670   768.00000 2026-07-31 14:15:00     1
     1     1        295.850         24.000      91150.000          7.132         -2.738      -888888.0      -888888.0
     0     0
ULLUM_EMBALSE                              -31.46670   -68.66670   768.00000 2026-07-31 14:20:00     1
     1     1        295.450         27.000      91170.000          7.152         -1.005      -888888.0      -888888.0
     0     0
ULLUM_EMBALSE                              -31.46670   -68.66670   768.00000 2026-07-31 14:25:00     1
     1     1        295.150         26.000      91180.000          6.962         -8.008      -888888.0      -888888.0
     0     0
ULLUM_EMBALSE                              -31.46670   -68.66670   768.00000 2026-07-31 14:30:00     1
     1     1        295.450         25.000      91190.000          7.565          0.529      -888888.0      -888888.0
     0     0
ULLUM_EMBALSE                              -31.46670   -68.66670   768.00000 2026-07-31 14:35:00     1
     1     1        295.850         23.000      91180.000          5.308         -8.834      -888888.0      -888888.0
     0     0
ULLUM_EMBALSE                              -31.46670   -68.66670   768.00000 2026-07-31 14:40:00     1
     1     1        295.950         24.000      91190.000          3.862         -5.125      -888888.0      -888888.0
     0     0
ULLUM_EMBALSE                              -31.46670   -68.66670   768.00000 2026-07-31 14:45:00     1
     1     1        295.150         30.000      91200.000          4.383          0.230      -888888.0      -888888.0
     0     0
ULLUM_EMBALSE                              -31.46670   -68.66670   768.00000 2026-07-31 14:50:00     1
     1     1        294.750         28.000      91200.000          4.336         -0.843      -888888.0      -888888.0
     0     0
ULLUM_EMBALSE                              -31.46670   -68.66670   768.00000 2026-07-31 14:55:00     1
     1     1        295.750         25.000      91200.000          5.992         -0.314      -888888.0      -888888.0
     0     0
ULLUM_EMBALSE                              -31.46670   -68.66670   768.00000 2026-07-31 15:00:00     1
     1     1        295.950         22.000      91220.000          9.429          1.158      -888888.0      -888888.0
     0     0
ULLUM_EMBALSE                              -31.46670   -68.66670   768.00000 2026-07-31 15:05:00     1
     1     1        296.450         22.000      91220.000          8.646         -0.605      -888888.0      -888888.0
     0     0
ULLUM_EMBALSE                              -31.46670   -68.66670   768.00000 2026-07-31 15:10:00     1
     1     1        295.550         26.000      91250.000          6.318          0.442      -888888.0      -888888.0
     0     0
ULLUM_EMBALSE                              -31.46670   -68.66670   768.00000 2026-07-31 15:15:00     1
     1     1        295.550         24.000      91270.000          8.064         -2.312      -888888.0      -888888.0
     0     0
ULLUM_EMBALSE                              -31.46670   -68.66670   768.00000 2026-07-31 15:20:00     1
     1     1        295.550         25.000      91270.000          7.608          1.479      -888888.0      -888888.0
     0     0
ULLUM_EMBALSE                              -31.46670   -68.66670   768.00000 2026-07-31 15:25:00     1
     1     1        294.850         27.000      91260.000          7.866         -4.542      -888888.0      -888888.0
     0     0
ULLUM_EMBALSE                              -31.46670   -68.66670   768.00000 2026-07-31 15:30:00     1
     1     1        294.950         26.000      91280.000          8.013          2.917      -888888.0      -888888.0
     0     0
ULLUM_EMBALSE                              -31.46670   -68.66670   768.00000 2026-07-31 15:35:00     1
     1     1        295.050         27.000      91290.000          7.000          0.000      -888888.0      -888888.0
     0     0
ULLUM_EMBALSE                              -31.46670   -68.66670   768.00000 2026-07-31 15:40:00     1
     1     1        294.850         26.000      91310.000          5.607          1.608      -888888.0      -888888.0
     0     0
ULLUM_EMBALSE                              -31.46670   -68.66670   768.00000 2026-07-31 15:45:00     1
     1     1        295.650         23.000      91320.000          7.569         -0.796      -888888.0      -888888.0
     0     0
ULLUM_EMBALSE                              -31.46670   -68.66670   768.00000 2026-07-31 15:50:00     1
     1     1        295.350         25.000      91300.000          8.586         -2.301      -888888.0      -888888.0
     0     0
ULLUM_EMBALSE                              -31.46670   -68.66670   768.00000 2026-07-31 15:55:00     1
     1     1        294.850         26.000      91320.000          4.570          1.485      -888888.0      -888888.0
     0     0
ULLUM_EMBALSE                              -31.46670   -68.66670   768.00000 2026-07-31 16:00:00     1
     1     1        295.150         25.000      91330.000          5.152         -1.380      -888888.0      -888888.0
     0     0
ULLUM_EMBALSE                              -31.46670   -68.66670   768.00000 2026-07-31 16:05:00     1
     1     1        295.350         22.000      91330.000          6.877          2.778      -888888.0      -888888.0
     0     0
ULLUM_EMBALSE                              -31.46670   -68.66670   768.00000 2026-07-31 16:10:00     1
     1     1        295.550         21.000      91330.000          7.927          3.365      -888888.0      -888888.0
     0     0
ULLUM_EMBALSE                              -31.46670   -68.66670   768.00000 2026-07-31 16:15:00     1
     1     1        295.950         19.000      91330.000         10.750          0.000      -888888.0      -888888.0
     0     0
ULLUM_EMBALSE                              -31.46670   -68.66670   768.00000 2026-07-31 16:20:00     1
     1     1        295.950         19.000      91330.000         10.945          0.765      -888888.0      -888888.0
     0     0
ULLUM_EMBALSE                              -31.46670   -68.66670   768.00000 2026-07-31 16:25:00     1
     1     1        295.150         21.000      91320.000          6.941         -1.099      -888888.0      -888888.0
     0     0
ULLUM_EMBALSE                              -31.46670   -68.66670   768.00000 2026-07-31 16:30:00     1
     1     1        295.050         19.000      91350.000          8.193         -0.143      -888888.0      -888888.0
     0     0
ULLUM_EMBALSE                              -31.46670   -68.66670   768.00000 2026-07-31 16:35:00     1
     1     1        295.450         17.000      91310.000         10.277         -1.080      -888888.0      -888888.0
     0     0
ULLUM_EMBALSE                              -31.46670   -68.66670   768.00000 2026-07-31 16:40:00     1
     1     1        296.050         15.000      91320.000         12.958          1.591      -888888.0      -888888.0
     0     0
ULLUM_EMBALSE                              -31.46670   -68.66670   768.00000 2026-07-31 16:45:00     1
     1     1        295.550         17.000      91320.000         13.334          2.592      -888888.0      -888888.0
     0     0
ULLUM_EMBALSE                              -31.46670   -68.66670   768.00000 2026-07-31 16:50:00     1
     1     1        295.250         21.000      91370.000         10.641         -0.744      -888888.0      -888888.0
     0     0
ULLUM_EMBALSE                              -31.46670   -68.66670   768.00000 2026-07-31 16:55:00     1
     1     1        294.650         20.000      91360.000          9.515         -0.499      -888888.0      -888888.0
     0     0
ULLUM_EMBALSE                              -31.46670   -68.66670   768.00000 2026-07-31 17:00:00     1
     1     1        295.050         19.000      91410.000         11.642         -4.237      -888888.0      -888888.0
     0     0
ULLUM_EMBALSE                              -31.46670   -68.66670   768.00000 2026-07-31 17:05:00     1
     1     1        294.850         20.000      91440.000          6.898          2.648      -888888.0      -888888.0
     0     0
ULLUM_EMBALSE                              -31.46670   -68.66670   768.00000 2026-07-31 17:10:00     1
     1     1        294.450         21.000      91460.000          6.978         -4.707      -888888.0      -888888.0
     0     0
ULLUM_EMBALSE                              -31.46670   -68.66670   768.00000 2026-07-31 17:15:00     1
     1     1        294.750         18.000      91470.000          7.325          1.160      -888888.0      -888888.0
     0     0
ULLUM_EMBALSE                              -31.46670   -68.66670   768.00000 2026-07-31 17:20:00     1
     1     1        294.950         18.000      91480.000          4.814         -5.347      -888888.0      -888888.0
     0     0
ULLUM_EMBALSE                              -31.46670   -68.66670   768.00000 2026-07-31 17:25:00     1
     1     1        294.750         21.000      91480.000          5.983          0.735      -888888.0      -888888.0
     0     0
ULLUM_EMBALSE                              -31.46670   -68.66670   768.00000 2026-07-31 17:30:00     1
     1     1        294.950         18.000      91490.000          5.266          0.647      -888888.0      -888888.0
     0     0
ULLUM_EMBALSE                              -31.46670   -68.66670   768.00000 2026-07-31 17:35:00     1
     1     1        295.350         17.000      91490.000          4.887          1.588      -888888.0      -888888.0
     0     0
ULLUM_EMBALSE                              -31.46670   -68.66670   768.00000 2026-07-31 17:40:00     1
     1     1        294.650         21.000      91510.000          4.610          0.080      -888888.0      -888888.0
     0     0
ULLUM_EMBALSE                              -31.46670   -68.66670   768.00000 2026-07-31 17:45:00     1
     1     1        294.150         23.000      91540.000          4.924         -0.692      -888888.0      -888888.0
     0     0
ULLUM_EMBALSE                              -31.46670   -68.66670   768.00000 2026-07-31 17:50:00     1
     1     1        293.950         24.000      91550.000          5.957          1.485      -888888.0      -888888.0
     0     0
ULLUM_EMBALSE                              -31.46670   -68.66670   768.00000 2026-07-31 17:55:00     1
     1     1        293.650         25.000      91540.000          5.100         -1.559      -888888.0      -888888.0
     0     0
ULLUM_EMBALSE                              -31.46670   -68.66670   768.00000 2026-07-31 18:00:00     1
     1     1        294.050         20.000      91550.000          4.710          3.298      -888888.0      -888888.0
     0     0
ULLUM_EMBALSE                              -31.46670   -68.66670   768.00000 2026-07-31 18:05:00     1
     1     1        294.450         23.000      91560.000          3.254         -2.278      -888888.0      -888888.0
     0     0
ULLUM_EMBALSE                              -31.46670   -68.66670   768.00000 2026-07-31 18:10:00     1
     1     1        293.850         22.000      91560.000          4.537         -3.060      -888888.0      -888888.0
     0     0
ULLUM_EMBALSE                              -31.46670   -68.66670   768.00000 2026-07-31 18:15:00     1
     1     1        293.450         27.000      91590.000          4.249         -0.074      -888888.0      -888888.0
     0     0
ULLUM_EMBALSE                              -31.46670   -68.66670   768.00000 2026-07-31 18:20:00     1
     1     1        292.950         24.000      91600.000          4.628         -1.069      -888888.0      -888888.0
     0     0
ULLUM_EMBALSE                              -31.46670   -68.66670   768.00000 2026-07-31 18:25:00     1
     1     1        293.750         22.000      91600.000          3.736         -0.327      -888888.0      -888888.0
     0     0
ULLUM_EMBALSE                              -31.46670   -68.66670   768.00000 2026-07-31 18:30:00     1
     1     1        293.150         23.000      91610.000          3.446          1.254      -888888.0      -888888.0
     0     0
ULLUM_EMBALSE                              -31.46670   -68.66670   768.00000 2026-07-31 18:35:00     1
     1     1        293.950         17.000      91610.000          4.610          1.863      -888888.0      -888888.0
     0     0
ULLUM_EMBALSE                              -31.46670   -68.66670   768.00000 2026-07-31 18:40:00     1
     1     1        294.450         16.000      91580.000          7.183          0.755      -888888.0      -888888.0
     0     0
ULLUM_EMBALSE                              -31.46670   -68.66670   768.00000 2026-07-31 18:45:00     1
     1     1        293.950         17.000      91570.000          9.270          0.811      -888888.0      -888888.0
     0     0
ULLUM_EMBALSE                              -31.46670   -68.66670   768.00000 2026-07-31 18:50:00     1
     1     1        294.350         15.000      91560.000          9.684          1.708      -888888.0      -888888.0
     0     0
ULLUM_EMBALSE                              -31.46670   -68.66670   768.00000 2026-07-31 18:55:00     1
     1     1        293.850         18.000      91570.000         11.595         -0.608      -888888.0      -888888.0
     0     0
ULLUM_EMBALSE                              -31.46670   -68.66670   768.00000 2026-07-31 19:00:00     1
     1     1        293.950         16.000      91580.000          9.310          3.574      -888888.0      -888888.0
     0     0
ULLUM_EMBALSE                              -31.46670   -68.66670   768.00000 2026-07-31 19:05:00     1
     1     1        293.750         18.000      91590.000          9.767         -1.547      -888888.0      -888888.0
     0     0
ULLUM_EMBALSE                              -31.46670   -68.66670   768.00000 2026-07-31 19:10:00     1
     1     1        293.650         17.000      91600.000          9.705         -1.192      -888888.0      -888888.0
     0     0
ULLUM_EMBALSE                              -31.46670   -68.66670   768.00000 2026-07-31 19:15:00     1
     1     1        293.250         22.000      91630.000          7.634         -0.267      -888888.0      -888888.0
     0     0
ULLUM_EMBALSE                              -31.46670   -68.66670   768.00000 2026-07-31 19:20:00     1
     1     1        292.250         24.000      91640.000          6.325          0.331      -888888.0      -888888.0
     0     0
ULLUM_EMBALSE                              -31.46670   -68.66670   768.00000 2026-07-31 19:25:00     1
     1     1        292.450         23.000      91650.000          7.178         -3.657      -888888.0      -888888.0
     0     0
ULLUM_EMBALSE                              -31.46670   -68.66670   768.00000 2026-07-31 19:30:00     1
     1     1        292.950         18.000      91650.000          7.592          1.067      -888888.0      -888888.0
     0     0
ULLUM_EMBALSE                              -31.46670   -68.66670   768.00000 2026-07-31 19:35:00     1
     1     1        293.250         18.000      91660.000          6.807         -0.596      -888888.0      -888888.0
     0     0
ULLUM_EMBALSE                              -31.46670   -68.66670   768.00000 2026-07-31 19:40:00     1
     1     1        292.850         22.000      91670.000          2.984         -0.314      -888888.0      -888888.0
     0     0
ULLUM_EMBALSE                              -31.46670   -68.66670   768.00000 2026-07-31 19:45:00     1
     1     1        292.250         23.000      91680.000          1.482         -0.821      -888888.0      -888888.0
     0     0
ULLUM_EMBALSE                              -31.46670   -68.66670   768.00000 2026-07-31 19:50:00     1
     1     1        291.950         24.000      91710.000          2.167         -3.095      -888888.0      -888888.0
     0     0
ULLUM_EMBALSE                              -31.46670   -68.66670   768.00000 2026-07-31 19:55:00     1
     1     1        292.250         20.000      91700.000          5.369         -2.976      -888888.0      -888888.0
     0     0
ULLUM_EMBALSE                              -31.46670   -68.66670   768.00000 2026-07-31 20:00:00     1
     1     1        292.650         18.000      91710.000          6.656         -2.423      -888888.0      -888888.0
     0     0
ULLUM_EMBALSE                              -31.46670   -68.66670   768.00000 2026-07-31 20:05:00     1
     1     1        292.950         17.000      91730.000          7.581         -1.611      -888888.0      -888888.0
     0     0
ULLUM_EMBALSE                              -31.46670   -68.66670   768.00000 2026-07-31 20:10:00     1
     1     1        292.950         18.000      91730.000          5.285         -0.462      -888888.0      -888888.0
     0     0
ULLUM_EMBALSE                              -31.46670   -68.66670   768.00000 2026-07-31 20:15:00     1
     1     1        292.750         17.000      91740.000          4.616         -1.772      -888888.0      -888888.0
     0     0
ULLUM_EMBALSE                              -31.46670   -68.66670   768.00000 2026-07-31 20:20:00     1
     1     1        292.750         17.000      91770.000          4.888         -0.085      -888888.0      -888888.0
     0     0
ULLUM_EMBALSE                              -31.46670   -68.66670   768.00000 2026-07-31 20:25:00     1
     1     1        292.750         17.000      91780.000          5.372         -1.044      -888888.0      -888888.0
     0     0
ULLUM_EMBALSE                              -31.46670   -68.66670   768.00000 2026-07-31 20:30:00     1
     1     1        292.050         24.000      91780.000          2.966         -2.155      -888888.0      -888888.0
     0     0
ULLUM_EMBALSE                              -31.46670   -68.66670   768.00000 2026-07-31 20:35:00     1
     1     1        292.250         17.000      91810.000          2.442         -1.139      -888888.0      -888888.0
     0     0
ULLUM_EMBALSE                              -31.46670   -68.66670   768.00000 2026-07-31 20:40:00     1
     1     1        292.950         16.000      91830.000          3.412         -0.179      -888888.0      -888888.0
     0     0
ULLUM_EMBALSE                              -31.46670   -68.66670   768.00000 2026-07-31 20:45:00     1
     1     1        292.850         16.000      91840.000          2.767          1.007      -888888.0      -888888.0
     0     0
ULLUM_EMBALSE                              -31.46670   -68.66670   768.00000 2026-07-31 20:50:00     1
     1     1        292.850         15.000      91860.000          3.342          0.833      -888888.0      -888888.0
     0     0
ULLUM_EMBALSE                              -31.46670   -68.66670   768.00000 2026-07-31 20:55:00     1
     1     1        292.850         16.000      91850.000          2.091          0.294      -888888.0      -888888.0
     0     0
ULLUM_EMBALSE                              -31.46670   -68.66670   768.00000 2026-07-31 21:00:00     1
     1     1        292.750         15.000      91860.000          2.918          0.567      -888888.0      -888888.0
     0     0
ULLUM_EMBALSE                              -31.46670   -68.66670   768.00000 2026-07-31 21:05:00     1
     1     1        292.750         18.000      91840.000          3.647         -3.777      -888888.0      -888888.0
     0     0
ULLUM_EMBALSE                              -31.46670   -68.66670   768.00000 2026-07-31 21:10:00     1
     1     1        291.850         18.000      91810.000          2.063         -6.747      -888888.0      -888888.0
     0     0
ULLUM_EMBALSE                              -31.46670   -68.66670   768.00000 2026-07-31 21:15:00     1
     1     1        292.150         18.000      91800.000          2.934         -7.263      -888888.0      -888888.0
     0     0
ULLUM_EMBALSE                              -31.46670   -68.66670   768.00000 2026-07-31 21:20:00     1
     1     1        292.050         17.000      91810.000         -0.610         -5.801      -888888.0      -888888.0
     0     0
ULLUM_EMBALSE                              -31.46670   -68.66670   768.00000 2026-07-31 21:25:00     1
     1     1        292.050         18.000      91820.000          1.995         -5.482      -888888.0      -888888.0
     0     0
ULLUM_EMBALSE                              -31.46670   -68.66670   768.00000 2026-07-31 21:30:00     1
     1     1        291.850         18.000      91820.000         -0.000         -6.556      -888888.0      -888888.0
     0     0
ULLUM_EMBALSE                              -31.46670   -68.66670   768.00000 2026-07-31 21:35:00     1
     1     1        292.050         18.000      91810.000          1.262         -5.467      -888888.0      -888888.0
     0     0
ULLUM_EMBALSE                              -31.46670   -68.66670   768.00000 2026-07-31 21:40:00     1
     1     1        291.750         21.000      91810.000          1.912         -8.282      -888888.0      -888888.0
     0     0
ULLUM_EMBALSE                              -31.46670   -68.66670   768.00000 2026-07-31 21:45:00     1
     1     1        291.350         21.000      91790.000          3.608        -10.479      -888888.0      -888888.0
     0     0
ULLUM_EMBALSE                              -31.46670   -68.66670   768.00000 2026-07-31 21:50:00     1
     1     1        291.450         21.000      91770.000          4.413        -12.817      -888888.0      -888888.0
     0     0
ULLUM_EMBALSE                              -31.46670   -68.66670   768.00000 2026-07-31 21:55:00     1
     1     1        291.950         20.000      91780.000          4.115        -11.950      -888888.0      -888888.0
     0     0
ULLUM_EMBALSE                              -31.46670   -68.66670   768.00000 2026-07-31 22:00:00     1
     1     1        291.650         24.000      91840.000          4.567         -6.770      -888888.0      -888888.0
     0     0
ULLUM_EMBALSE                              -31.46670   -68.66670   768.00000 2026-07-31 22:05:00     1
     1     1        289.750         33.000      91880.000          3.042         -3.756      -888888.0      -888888.0
     0     0
ULLUM_EMBALSE                              -31.46670   -68.66670   768.00000 2026-07-31 22:10:00     1
     1     1        290.150         25.000      91890.000          3.207         -4.939      -888888.0      -888888.0
     0     0
ULLUM_EMBALSE                              -31.46670   -68.66670   768.00000 2026-07-31 22:15:00     1
     1     1        290.150         32.000      91900.000          2.209         -3.401      -888888.0      -888888.0
     0     0
ULLUM_EMBALSE                              -31.46670   -68.66670   768.00000 2026-07-31 22:20:00     1
     1     1        289.450         34.000      91890.000          2.680         -4.835      -888888.0      -888888.0
     0     0
ULLUM_EMBALSE                              -31.46670   -68.66670   768.00000 2026-07-31 22:25:00     1
     1     1        289.750         35.000      91900.000          2.498         -2.249      -888888.0      -888888.0
     0     0
ULLUM_EMBALSE                              -31.46670   -68.66670   768.00000 2026-07-31 22:30:00     1
     1     1        289.450         31.000      91920.000          1.803         -1.567      -888888.0      -888888.0
     0     0
ULLUM_EMBALSE                              -31.46670   -68.66670   768.00000 2026-07-31 22:35:00     1
     1     1        290.650         25.000      91920.000          1.936         -1.625      -888888.0      -888888.0
     0     0
ULLUM_EMBALSE                              -31.46670   -68.66670   768.00000 2026-07-31 22:40:00     1
     1     1        290.150         26.000      91940.000          1.584         -1.029      -888888.0      -888888.0
     0     0
ULLUM_EMBALSE                              -31.46670   -68.66670   768.00000 2026-07-31 22:45:00     1
     1     1        290.750         20.000      91950.000          2.000          1.678      -888888.0      -888888.0
     0     0
ULLUM_EMBALSE                              -31.46670   -68.66670   768.00000 2026-07-31 22:50:00     1
     1     1        291.650         18.000      91940.000          3.383          0.781      -888888.0      -888888.0
     0     0
ULLUM_EMBALSE                              -31.46670   -68.66670   768.00000 2026-07-31 22:55:00     1
     1     1        291.550         21.000      91930.000          2.457         -2.212      -888888.0      -888888.0
     0     0
ULLUM_EMBALSE                              -31.46670   -68.66670   768.00000 2026-07-31 23:00:00     1
     1     1        291.150         20.000      91930.000          1.505         -1.559      -888888.0      -888888.0
     0     0
ULLUM_EMBALSE                              -31.46670   -68.66670   768.00000 2026-07-31 23:05:00     1
     1     1        290.950         22.000      91950.000          1.331         -1.003      -888888.0      -888888.0
     0     0
ULLUM_EMBALSE                              -31.46670   -68.66670   768.00000 2026-07-31 23:10:00     1
     1     1        290.050         26.000      91950.000          1.331         -0.485      -888888.0      -888888.0
     0     0
ULLUM_EMBALSE                              -31.46670   -68.66670   768.00000 2026-07-31 23:15:00     1
     1     1        290.150         21.000      91960.000          1.158          0.142      -888888.0      -888888.0
     0     0
ULLUM_EMBALSE                              -31.46670   -68.66670   768.00000 2026-07-31 23:20:00     1
     1     1        291.250         19.000      91960.000          0.412          0.972      -888888.0      -888888.0
     0     0
ULLUM_EMBALSE                              -31.46670   -68.66670   768.00000 2026-07-31 23:25:00     1
     1     1        290.650         19.000      91970.000          0.282          0.604      -888888.0      -888888.0
     0     0
ULLUM_EMBALSE                              -31.46670   -68.66670   768.00000 2026-07-31 23:30:00     1
     1     1        290.550         23.000      91960.000          2.327         -2.023      -888888.0      -888888.0
     0     0
ULLUM_EMBALSE                              -31.46670   -68.66670   768.00000 2026-07-31 23:35:00     1
     1     1        289.650         28.000      91960.000          2.411         -2.096      -888888.0      -888888.0
     0     0
ULLUM_EMBALSE                              -31.46670   -68.66670   768.00000 2026-07-31 23:40:00     1
     1     1        287.750         35.000      91950.000          1.702         -1.428      -888888.0      -888888.0
     0     0
ULLUM_EMBALSE                              -31.46670   -68.66670   768.00000 2026-07-31 23:45:00     1
     1     1        287.950         31.000      91950.000          2.452         -1.915      -888888.0      -888888.0
     0     0
ULLUM_EMBALSE                              -31.46670   -68.66670   768.00000 2026-07-31 23:50:00     1
     1     1        288.250         26.000      91940.000          1.658          0.174      -888888.0      -888888.0
     0     0
ULLUM_EMBALSE                              -31.46670   -68.66670   768.00000 2026-07-31 23:55:00     1
     1     1        290.050         20.000      91930.000          5.608         -0.196      -888888.0      -888888.0
     0     0
ECOHUMUS                                   -31.65000   -68.30000   600.00000 2026-07-31 00:00:00     1
     1     1        282.350         81.000      93610.000          0.009          0.026      -888888.0      -888888.0
     0     0
ECOHUMUS                                   -31.65000   -68.30000   600.00000 2026-07-31 00:05:00     1
     1     1        282.050         82.000      93600.000          0.018          0.053      -888888.0      -888888.0
     0     0
ECOHUMUS                                   -31.65000   -68.30000   600.00000 2026-07-31 00:10:00     1
     1     1        281.850         83.000      93610.000          0.027          0.079      -888888.0      -888888.0
     0     0
ECOHUMUS                                   -31.65000   -68.30000   600.00000 2026-07-31 00:15:00     1
     1     1        281.650         83.000      93600.000          0.009          0.026      -888888.0      -888888.0
     0     0
ECOHUMUS                                   -31.65000   -68.30000   600.00000 2026-07-31 00:20:00     1
     1     1        281.450         84.000      93600.000          0.000          0.000      -888888.0      -888888.0
     0     0
ECOHUMUS                                   -31.65000   -68.30000   600.00000 2026-07-31 00:25:00     1
     1     1        281.850         84.000      93590.000         -0.070          0.086      -888888.0      -888888.0
     0     0
ECOHUMUS                                   -31.65000   -68.30000   600.00000 2026-07-31 00:30:00     1
     1     1        280.950         84.000      93590.000         -0.280          0.345      -888888.0      -888888.0
     0     0
ECOHUMUS                                   -31.65000   -68.30000   600.00000 2026-07-31 00:35:00     1
     1     1        281.050         84.000      93590.000         -0.210          0.259      -888888.0      -888888.0
     0     0
ECOHUMUS                                   -31.65000   -68.30000   600.00000 2026-07-31 00:40:00     1
     1     1        281.150         85.000      93600.000         -0.017          0.022      -888888.0      -888888.0
     0     0
ECOHUMUS                                   -31.65000   -68.30000   600.00000 2026-07-31 00:45:00     1
     1     1        280.950         85.000      93590.000         -0.017          0.022      -888888.0      -888888.0
     0     0
ECOHUMUS                                   -31.65000   -68.30000   600.00000 2026-07-31 00:50:00     1
     1     1        280.850         86.000      93590.000         -0.017          0.022      -888888.0      -888888.0
     0     0
ECOHUMUS                                   -31.65000   -68.30000   600.00000 2026-07-31 00:55:00     1
     1     1        280.650         86.000      93580.000         -0.000          0.000      -888888.0      -888888.0
     0     0
ECOHUMUS                                   -31.65000   -68.30000   600.00000 2026-07-31 01:00:00     1
     1     1        280.450         86.000      93590.000         -0.000          0.000      -888888.0      -888888.0
     0     0
ECOHUMUS                                   -31.65000   -68.30000   600.00000 2026-07-31 01:05:00     1
     1     1        280.750         87.000      93580.000         -0.000          0.000      -888888.0      -888888.0
     0     0
ECOHUMUS                                   -31.65000   -68.30000   600.00000 2026-07-31 01:10:00     1
     1     1        280.650         87.000      93580.000         -0.000          0.000      -888888.0      -888888.0
     0     0
ECOHUMUS                                   -31.65000   -68.30000   600.00000 2026-07-31 01:15:00     1
     1     1        279.950         86.000      93560.000         -0.000          0.000      -888888.0      -888888.0
     0     0
ECOHUMUS                                   -31.65000   -68.30000   600.00000 2026-07-31 01:20:00     1
     1     1        279.950         86.000      93550.000         -0.000          0.000      -888888.0      -888888.0
     0     0
ECOHUMUS                                   -31.65000   -68.30000   600.00000 2026-07-31 01:25:00     1
     1     1        279.850         87.000      93540.000         -0.068          0.088      -888888.0      -888888.0
     0     0
ECOHUMUS                                   -31.65000   -68.30000   600.00000 2026-07-31 01:30:00     1
     1     1        279.650         87.000      93520.000         -0.017          0.022      -888888.0      -888888.0
     0     0
ECOHUMUS                                   -31.65000   -68.30000   600.00000 2026-07-31 01:35:00     1
     1     1        280.150         88.000      93510.000         -0.017          0.022      -888888.0      -888888.0
     0     0
ECOHUMUS                                   -31.65000   -68.30000   600.00000 2026-07-31 01:40:00     1
     1     1        279.950         88.000      93520.000         -0.017          0.022      -888888.0      -888888.0
     0     0
ECOHUMUS                                   -31.65000   -68.30000   600.00000 2026-07-31 01:45:00     1
     1     1        279.950         88.000      93500.000         -0.000          0.000      -888888.0      -888888.0
     0     0
ECOHUMUS                                   -31.65000   -68.30000   600.00000 2026-07-31 01:50:00     1
     1     1        279.750         88.000      93480.000         -0.000          0.000      -888888.0      -888888.0
     0     0
ECOHUMUS                                   -31.65000   -68.30000   600.00000 2026-07-31 01:55:00     1
     1     1        279.350         88.000      93470.000         -0.000          0.000      -888888.0      -888888.0
     0     0
ECOHUMUS                                   -31.65000   -68.30000   600.00000 2026-07-31 02:00:00     1
     1     1        279.250         88.000      93470.000         -0.000          0.000      -888888.0      -888888.0
     0     0
ECOHUMUS                                   -31.65000   -68.30000   600.00000 2026-07-31 02:05:00     1
     1     1        279.150         89.000      93460.000         -0.068          0.088      -888888.0      -888888.0
     0     0
ECOHUMUS                                   -31.65000   -68.30000   600.00000 2026-07-31 02:10:00     1
     1     1        279.350         89.000      93450.000         -0.000          0.000      -888888.0      -888888.0
     0     0
ECOHUMUS                                   -31.65000   -68.30000   600.00000 2026-07-31 02:15:00     1
     1     1        279.250         89.000      93440.000         -0.017          0.022      -888888.0      -888888.0
     0     0
ECOHUMUS                                   -31.65000   -68.30000   600.00000 2026-07-31 02:20:00     1
     1     1        279.050         89.000      93420.000         -0.051          0.066      -888888.0      -888888.0
     0     0
ECOHUMUS                                   -31.65000   -68.30000   600.00000 2026-07-31 02:25:00     1
     1     1        278.950         89.000      93410.000         -0.068          0.088      -888888.0      -888888.0
     0     0
ECOHUMUS                                   -31.65000   -68.30000   600.00000 2026-07-31 02:30:00     1
     1     1        279.050         90.000      93400.000         -0.222          0.285      -888888.0      -888888.0
     0     0
ECOHUMUS                                   -31.65000   -68.30000   600.00000 2026-07-31 02:35:00     1
     1     1        278.750         89.000      93400.000         -0.000          0.000      -888888.0      -888888.0
     0     0
ECOHUMUS                                   -31.65000   -68.30000   600.00000 2026-07-31 02:40:00     1
     1     1        278.550         89.000      93400.000         -0.000          0.000      -888888.0      -888888.0
     0     0
ECOHUMUS                                   -31.65000   -68.30000   600.00000 2026-07-31 02:45:00     1
     1     1        278.450         90.000      93410.000         -0.017          0.022      -888888.0      -888888.0
     0     0
ECOHUMUS                                   -31.65000   -68.30000   600.00000 2026-07-31 02:50:00     1
     1     1        278.350         90.000      93390.000         -0.000          0.000      -888888.0      -888888.0
     0     0
ECOHUMUS                                   -31.65000   -68.30000   600.00000 2026-07-31 02:55:00     1
     1     1        278.250         90.000      93390.000          0.096          0.547      -888888.0      -888888.0
     0     0
ECOHUMUS                                   -31.65000   -68.30000   600.00000 2026-07-31 03:00:00     1
     1     1        278.350         90.000      93380.000          0.180          0.174      -888888.0      -888888.0
     0     0
ECOHUMUS                                   -31.65000   -68.30000   600.00000 2026-07-31 03:05:00     1
     1     1        278.450         90.000      93390.000          0.252          0.219      -888888.0      -888888.0
     0     0
ECOHUMUS                                   -31.65000   -68.30000   600.00000 2026-07-31 03:10:00     1
     1     1        278.850         91.000      93390.000          0.123          0.065      -888888.0      -888888.0
     0     0
ECOHUMUS                                   -31.65000   -68.30000   600.00000 2026-07-31 03:15:00     1
     1     1        278.950         91.000      93390.000          0.024          0.015      -888888.0      -888888.0
     0     0
ECOHUMUS                                   -31.65000   -68.30000   600.00000 2026-07-31 03:20:00     1
     1     1        278.950         91.000      93390.000          0.000          0.000      -888888.0      -888888.0
     0     0
ECOHUMUS                                   -31.65000   -68.30000   600.00000 2026-07-31 03:25:00     1
     1     1        278.850         91.000      93380.000          0.000          0.000      -888888.0      -888888.0
     0     0
ECOHUMUS                                   -31.65000   -68.30000   600.00000 2026-07-31 03:30:00     1
     1     1        278.650         91.000      93400.000          0.070          0.045      -888888.0      -888888.0
     0     0
ECOHUMUS                                   -31.65000   -68.30000   600.00000 2026-07-31 03:35:00     1
     1     1        278.550         91.000      93390.000          0.045          0.070      -888888.0      -888888.0
     0     0
ECOHUMUS                                   -31.65000   -68.30000   600.00000 2026-07-31 03:40:00     1
     1     1        278.550         92.000      93400.000          0.011          0.025      -888888.0      -888888.0
     0     0
ECOHUMUS                                   -31.65000   -68.30000   600.00000 2026-07-31 03:45:00     1
     1     1        278.150         92.000      93400.000          0.026          0.165      -888888.0      -888888.0
     0     0
ECOHUMUS                                   -31.65000   -68.30000   600.00000 2026-07-31 03:50:00     1
     1     1        277.950         92.000      93400.000         -0.035          0.248      -888888.0      -888888.0
     0     0
ECOHUMUS                                   -31.65000   -68.30000   600.00000 2026-07-31 03:55:00     1
     1     1        277.950         92.000      93370.000         -0.019          0.081      -888888.0      -888888.0
     0     0
ECOHUMUS                                   -31.65000   -68.30000   600.00000 2026-07-31 04:00:00     1
     1     1        277.650         92.000      93380.000         -0.037          0.162      -888888.0      -888888.0
     0     0
ECOHUMUS                                   -31.65000   -68.30000   600.00000 2026-07-31 04:05:00     1
     1     1        277.450         92.000      93360.000         -0.139          0.363      -888888.0      -888888.0
     0     0
ECOHUMUS                                   -31.65000   -68.30000   600.00000 2026-07-31 04:10:00     1
     1     1        277.650         92.000      93360.000         -0.032          0.106      -888888.0      -888888.0
     0     0
ECOHUMUS                                   -31.65000   -68.30000   600.00000 2026-07-31 04:15:00     1
     1     1        277.550         92.000      93340.000         -0.000          0.000      -888888.0      -888888.0
     0     0
ECOHUMUS                                   -31.65000   -68.30000   600.00000 2026-07-31 04:20:00     1
     1     1        277.550         92.000      93340.000         -0.000          0.000      -888888.0      -888888.0
     0     0
ECOHUMUS                                   -31.65000   -68.30000   600.00000 2026-07-31 04:25:00     1
     1     1        277.350         92.000      93360.000         -0.000          0.000      -888888.0      -888888.0
     0     0
ECOHUMUS                                   -31.65000   -68.30000   600.00000 2026-07-31 04:30:00     1
     1     1        277.350         92.000      93370.000         -0.000          0.000      -888888.0      -888888.0
     0     0
ECOHUMUS                                   -31.65000   -68.30000   600.00000 2026-07-31 04:35:00     1
     1     1        277.050         92.000      93350.000         -0.072          0.268      -888888.0      -888888.0
     0     0
ECOHUMUS                                   -31.65000   -68.30000   600.00000 2026-07-31 04:40:00     1
     1     1        277.550         92.000      93350.000         -0.000          0.000      -888888.0      -888888.0
     0     0
ECOHUMUS                                   -31.65000   -68.30000   600.00000 2026-07-31 04:45:00     1
     1     1        276.850         92.000      93380.000         -0.000          0.000      -888888.0      -888888.0
     0     0
ECOHUMUS                                   -31.65000   -68.30000   600.00000 2026-07-31 04:50:00     1
     1     1        276.650         93.000      93390.000         -0.043          0.161      -888888.0      -888888.0
     0     0
ECOHUMUS                                   -31.65000   -68.30000   600.00000 2026-07-31 04:55:00     1
     1     1        277.450         93.000      93390.000         -0.013          0.054      -888888.0      -888888.0
     0     0
ECOHUMUS                                   -31.65000   -68.30000   600.00000 2026-07-31 05:00:00     1
     1     1        277.650         94.000      93390.000         -0.034          0.135      -888888.0      -888888.0
     0     0
ECOHUMUS                                   -31.65000   -68.30000   600.00000 2026-07-31 05:05:00     1
     1     1        277.750         93.000      93380.000         -0.087          0.379      -888888.0      -888888.0
     0     0
ECOHUMUS                                   -31.65000   -68.30000   600.00000 2026-07-31 05:10:00     1
     1     1        278.050         94.000      93380.000         -0.070          0.439      -888888.0      -888888.0
     0     0
ECOHUMUS                                   -31.65000   -68.30000   600.00000 2026-07-31 05:15:00     1
     1     1        278.750         94.000      93400.000         -0.017          0.110      -888888.0      -888888.0
     0     0
ECOHUMUS                                   -31.65000   -68.30000   600.00000 2026-07-31 05:20:00     1
     1     1        279.150         95.000      93420.000         -0.022          0.137      -888888.0      -888888.0
     0     0
ECOHUMUS                                   -31.65000   -68.30000   600.00000 2026-07-31 05:25:00     1
     1     1        278.650         94.000      93400.000         -0.009          0.055      -888888.0      -888888.0
     0     0
ECOHUMUS                                   -31.65000   -68.30000   600.00000 2026-07-31 05:30:00     1
     1     1        278.450         95.000      93420.000         -0.048          0.302      -888888.0      -888888.0
     0     0
ECOHUMUS                                   -31.65000   -68.30000   600.00000 2026-07-31 05:35:00     1
     1     1        279.050         95.000      93430.000         -0.061          0.384      -888888.0      -888888.0
     0     0
ECOHUMUS                                   -31.65000   -68.30000   600.00000 2026-07-31 05:40:00     1
     1     1        278.650         95.000      93430.000         -0.070          0.439      -888888.0      -888888.0
     0     0
ECOHUMUS                                   -31.65000   -68.30000   600.00000 2026-07-31 05:45:00     1
     1     1        278.550         96.000      93420.000         -0.122          0.456      -888888.0      -888888.0
     0     0
ECOHUMUS                                   -31.65000   -68.30000   600.00000 2026-07-31 05:50:00     1
     1     1        280.250         96.000      93420.000         -0.236          0.377      -888888.0      -888888.0
     0     0
ECOHUMUS                                   -31.65000   -68.30000   600.00000 2026-07-31 05:55:00     1
     1     1        279.850         95.000      93420.000         -0.057          0.095      -888888.0      -888888.0
     0     0
ECOHUMUS                                   -31.65000   -68.30000   600.00000 2026-07-31 06:00:00     1
     1     1        279.650         96.000      93420.000         -0.056          0.357      -888888.0      -888888.0
     0     0
ECOHUMUS                                   -31.65000   -68.30000   600.00000 2026-07-31 06:05:00     1
     1     1        279.950         96.000      93420.000         -0.071          0.579      -888888.0      -888888.0
     0     0
ECOHUMUS                                   -31.65000   -68.30000   600.00000 2026-07-31 06:10:00     1
     1     1        280.150         96.000      93420.000         -0.043          0.161      -888888.0      -888888.0
     0     0
ECOHUMUS                                   -31.65000   -68.30000   600.00000 2026-07-31 06:15:00     1
     1     1        280.350         96.000      93420.000         -0.165          0.617      -888888.0      -888888.0
     0     0
ECOHUMUS                                   -31.65000   -68.30000   600.00000 2026-07-31 06:20:00     1
     1     1        280.550         96.000      93420.000         -0.199          0.694      -888888.0      -888888.0
     0     0
ECOHUMUS                                   -31.65000   -68.30000   600.00000 2026-07-31 06:25:00     1
     1     1        280.450         96.000      93410.000         -0.154          0.505      -888888.0      -888888.0
     0     0
ECOHUMUS                                   -31.65000   -68.30000   600.00000 2026-07-31 06:30:00     1
     1     1        280.350         96.000      93420.000         -0.031          0.443      -888888.0      -888888.0
     0     0
ECOHUMUS                                   -31.65000   -68.30000   600.00000 2026-07-31 06:35:00     1
     1     1        280.150         96.000      93440.000          0.000          0.028      -888888.0      -888888.0
     0     0
ECOHUMUS                                   -31.65000   -68.30000   600.00000 2026-07-31 06:40:00     1
     1     1        279.850         96.000      93440.000          0.000          0.028      -888888.0      -888888.0
     0     0
ECOHUMUS                                   -31.65000   -68.30000   600.00000 2026-07-31 06:45:00     1
     1     1        279.450         96.000      93450.000          0.000          0.000      -888888.0      -888888.0
     0     0
ECOHUMUS                                   -31.65000   -68.30000   600.00000 2026-07-31 06:50:00     1
     1     1        279.050         96.000      93450.000          0.000          0.028      -888888.0      -888888.0
     0     0
ECOHUMUS                                   -31.65000   -68.30000   600.00000 2026-07-31 06:55:00     1
     1     1        278.650         96.000      93470.000          0.000          0.000      -888888.0      -888888.0
     0     0
ECOHUMUS                                   -31.65000   -68.30000   600.00000 2026-07-31 07:00:00     1
     1     1        278.350         96.000      93480.000          0.000          0.000      -888888.0      -888888.0
     0     0
ECOHUMUS                                   -31.65000   -68.30000   600.00000 2026-07-31 07:05:00     1
     1     1        278.950         96.000      93500.000          0.000          0.028      -888888.0      -888888.0
     0     0
ECOHUMUS                                   -31.65000   -68.30000   600.00000 2026-07-31 07:10:00     1
     1     1        278.750         96.000      93500.000          0.002          0.111      -888888.0      -888888.0
     0     0
ECOHUMUS                                   -31.65000   -68.30000   600.00000 2026-07-31 07:15:00     1
     1     1        278.050         96.000      93490.000          0.010          0.111      -888888.0      -888888.0
     0     0
ECOHUMUS                                   -31.65000   -68.30000   600.00000 2026-07-31 07:20:00     1
     1     1        278.350         97.000      93500.000          0.015          0.166      -888888.0      -888888.0
     0     0
ECOHUMUS                                   -31.65000   -68.30000   600.00000 2026-07-31 07:25:00     1
     1     1        278.650         97.000      93500.000          0.012          0.138      -888888.0      -888888.0
     0     0
ECOHUMUS                                   -31.65000   -68.30000   600.00000 2026-07-31 07:30:00     1
     1     1        278.250         97.000      93500.000          0.000          0.000      -888888.0      -888888.0
     0     0
ECOHUMUS                                   -31.65000   -68.30000   600.00000 2026-07-31 07:35:00     1
     1     1        278.450         97.000      93520.000          0.000          0.000      -888888.0      -888888.0
     0     0
ECOHUMUS                                   -31.65000   -68.30000   600.00000 2026-07-31 07:40:00     1
     1     1        278.050         96.000      93550.000          0.000          0.000      -888888.0      -888888.0
     0     0
ECOHUMUS                                   -31.65000   -68.30000   600.00000 2026-07-31 07:45:00     1
     1     1        277.550         96.000      93570.000          0.002          0.028      -888888.0      -888888.0
     0     0
ECOHUMUS                                   -31.65000   -68.30000   600.00000 2026-07-31 07:50:00     1
     1     1        277.450         97.000      93550.000          0.015          0.166      -888888.0      -888888.0
     0     0
ECOHUMUS                                   -31.65000   -68.30000   600.00000 2026-07-31 07:55:00     1
     1     1        277.850         97.000      93530.000          0.034          0.387      -888888.0      -888888.0
     0     0
ECOHUMUS                                   -31.65000   -68.30000   600.00000 2026-07-31 08:00:00     1
     1     1        277.750         97.000      93550.000          0.005          0.278      -888888.0      -888888.0
     0     0
ECOHUMUS                                   -31.65000   -68.30000   600.00000 2026-07-31 08:05:00     1
     1     1        277.250         97.000      93570.000          0.010          0.083      -888888.0      -888888.0
     0     0
ECOHUMUS                                   -31.65000   -68.30000   600.00000 2026-07-31 08:10:00     1
     1     1        278.450         97.000      93570.000         -0.007          0.083      -888888.0      -888888.0
     0     0
ECOHUMUS                                   -31.65000   -68.30000   600.00000 2026-07-31 08:15:00     1
     1     1        278.650         97.000      93550.000         -0.004          0.055      -888888.0      -888888.0
     0     0
ECOHUMUS                                   -31.65000   -68.30000   600.00000 2026-07-31 08:20:00     1
     1     1        277.950         97.000      93580.000          0.057          0.157      -888888.0      -888888.0
     0     0
ECOHUMUS                                   -31.65000   -68.30000   600.00000 2026-07-31 08:25:00     1
     1     1        277.750         97.000      93560.000          0.110          0.225      -888888.0      -888888.0
     0     0
ECOHUMUS                                   -31.65000   -68.30000   600.00000 2026-07-31 08:30:00     1
     1     1        277.950         97.000      93560.000          0.529         -0.881      -888888.0      -888888.0
     0     0
ECOHUMUS                                   -31.65000   -68.30000   600.00000 2026-07-31 08:35:00     1
     1     1        278.250         97.000      93560.000         -0.361         -1.110      -888888.0      -888888.0
     0     0
ECOHUMUS                                   -31.65000   -68.30000   600.00000 2026-07-31 08:40:00     1
     1     1        278.350         97.000      93590.000          0.451         -0.924      -888888.0      -888888.0
     0     0
ECOHUMUS                                   -31.65000   -68.30000   600.00000 2026-07-31 08:45:00     1
     1     1        278.150         97.000      93610.000          0.209          0.076      -888888.0      -888888.0
     0     0
ECOHUMUS                                   -31.65000   -68.30000   600.00000 2026-07-31 08:50:00     1
     1     1        278.250         97.000      93620.000          0.433          0.250      -888888.0      -888888.0
     0     0
ECOHUMUS                                   -31.65000   -68.30000   600.00000 2026-07-31 08:55:00     1
     1     1        278.350         97.000      93610.000          0.286          0.172      -888888.0      -888888.0
     0     0
ECOHUMUS                                   -31.65000   -68.30000   600.00000 2026-07-31 09:00:00     1
     1     1        278.450         97.000      93620.000          0.581          0.189      -888888.0      -888888.0
     0     0
ECOHUMUS                                   -31.65000   -68.30000   600.00000 2026-07-31 09:05:00     1
     1     1        278.450         97.000      93610.000         -0.440          0.062      -888888.0      -888888.0
     0     0
ECOHUMUS                                   -31.65000   -68.30000   600.00000 2026-07-31 09:10:00     1
     1     1        278.750         97.000      93580.000          0.488         -0.455      -888888.0      -888888.0
     0     0
ECOHUMUS                                   -31.65000   -68.30000   600.00000 2026-07-31 09:15:00     1
     1     1        278.950         97.000      93600.000         -0.179         -0.584      -888888.0      -888888.0
     0     0
ECOHUMUS                                   -31.65000   -68.30000   600.00000 2026-07-31 09:20:00     1
     1     1        279.150         97.000      93580.000         -0.709         -0.244      -888888.0      -888888.0
     0     0
ECOHUMUS                                   -31.65000   -68.30000   600.00000 2026-07-31 09:25:00     1
     1     1        279.250         97.000      93580.000         -0.157         -0.262      -888888.0      -888888.0
     0     0
ECOHUMUS                                   -31.65000   -68.30000   600.00000 2026-07-31 09:30:00     1
     1     1        279.550         97.000      93600.000          0.840          0.289      -888888.0      -888888.0
     0     0
ECOHUMUS                                   -31.65000   -68.30000   600.00000 2026-07-31 09:35:00     1
     1     1        279.750         97.000      93590.000          0.460          0.106      -888888.0      -888888.0
     0     0
ECOHUMUS                                   -31.65000   -68.30000   600.00000 2026-07-31 09:40:00     1
     1     1        280.150         97.000      93580.000          0.622          0.239      -888888.0      -888888.0
     0     0
ECOHUMUS                                   -31.65000   -68.30000   600.00000 2026-07-31 09:45:00     1
     1     1        280.550         97.000      93600.000          0.699         -0.863      -888888.0      -888888.0
     0     0
ECOHUMUS                                   -31.65000   -68.30000   600.00000 2026-07-31 09:50:00     1
     1     1        280.850         97.000      93610.000          0.121         -1.384      -888888.0      -888888.0
     0     0
ECOHUMUS                                   -31.65000   -68.30000   600.00000 2026-07-31 09:55:00     1
     1     1        281.050         97.000      93610.000          0.434         -1.261      -888888.0      -888888.0
     0     0
ECOHUMUS                                   -31.65000   -68.30000   600.00000 2026-07-31 10:00:00     1
     1     1        281.550         96.000      93610.000          0.719         -0.954      -888888.0      -888888.0
     0     0
ECOHUMUS                                   -31.65000   -68.30000   600.00000 2026-07-31 10:05:00     1
     1     1        282.150         96.000      93610.000          0.025         -1.416      -888888.0      -888888.0
     0     0
ECOHUMUS                                   -31.65000   -68.30000   600.00000 2026-07-31 10:10:00     1
     1     1        282.450         95.000      93590.000          0.767         -1.056      -888888.0      -888888.0
     0     0
ECOHUMUS                                   -31.65000   -68.30000   600.00000 2026-07-31 10:15:00     1
     1     1        283.050         93.000      93580.000         -0.928         -0.752      -888888.0      -888888.0
     0     0
ECOHUMUS                                   -31.65000   -68.30000   600.00000 2026-07-31 10:20:00     1
     1     1        283.950         89.000      93590.000         -0.138         -1.577      -888888.0      -888888.0
     0     0
ECOHUMUS                                   -31.65000   -68.30000   600.00000 2026-07-31 10:25:00     1
     1     1        284.250         83.000      93580.000         -0.983         -2.208      -888888.0      -888888.0
     0     0
ECOHUMUS                                   -31.65000   -68.30000   600.00000 2026-07-31 10:30:00     1
     1     1        284.750         79.000      93570.000         -0.940         -1.342      -888888.0      -888888.0
     0     0
ECOHUMUS                                   -31.65000   -68.30000   600.00000 2026-07-31 10:35:00     1
     1     1        285.550         76.000      93560.000          0.302         -1.213      -888888.0      -888888.0
     0     0
ECOHUMUS                                   -31.65000   -68.30000   600.00000 2026-07-31 10:40:00     1
     1     1        286.350         72.000      93550.000         -1.198         -0.903      -888888.0      -888888.0
     0     0
ECOHUMUS                                   -31.65000   -68.30000   600.00000 2026-07-31 10:45:00     1
     1     1        287.350         66.000      93560.000          0.165         -1.882      -888888.0      -888888.0
     0     0
ECOHUMUS                                   -31.65000   -68.30000   600.00000 2026-07-31 10:50:00     1
     1     1        288.250         63.000      93560.000         -0.296         -1.186      -888888.0      -888888.0
     0     0
ECOHUMUS                                   -31.65000   -68.30000   600.00000 2026-07-31 10:55:00     1
     1     1        289.450         58.000      93550.000         -0.757         -1.700      -888888.0      -888888.0
     0     0
ECOHUMUS                                   -31.65000   -68.30000   600.00000 2026-07-31 11:00:00     1
     1     1        289.850         55.000      93560.000         -1.187         -1.575      -888888.0      -888888.0
     0     0
ECOHUMUS                                   -31.65000   -68.30000   600.00000 2026-07-31 11:05:00     1
     1     1        290.650         50.000      93550.000         -1.602         -1.658      -888888.0      -888888.0
     0     0
ECOHUMUS                                   -31.65000   -68.30000   600.00000 2026-07-31 11:10:00     1
     1     1        292.550         42.000      93530.000         -1.214         -1.447      -888888.0      -888888.0
     0     0
ECOHUMUS                                   -31.65000   -68.30000   600.00000 2026-07-31 11:15:00     1
     1     1        293.950         40.000      93520.000         -0.409         -1.122      -888888.0      -888888.0
     0     0
ECOHUMUS                                   -31.65000   -68.30000   600.00000 2026-07-31 11:20:00     1
     1     1        294.750         37.000      93520.000         -0.589         -0.942      -888888.0      -888888.0
     0     0
ECOHUMUS                                   -31.65000   -68.30000   600.00000 2026-07-31 11:25:00     1
     1     1        295.450         35.000      93520.000         -1.087         -1.612      -888888.0      -888888.0
     0     0
ECOHUMUS                                   -31.65000   -68.30000   600.00000 2026-07-31 11:30:00     1
     1     1        295.850         34.000      93500.000         -1.713         -1.971      -888888.0      -888888.0
     0     0
ECOHUMUS                                   -31.65000   -68.30000   600.00000 2026-07-31 11:35:00     1
     1     1        295.850         35.000      93500.000         -1.816         -2.594      -888888.0      -888888.0
     0     0
ECOHUMUS                                   -31.65000   -68.30000   600.00000 2026-07-31 11:40:00     1
     1     1        295.950         34.000      93470.000         -0.825         -1.852      -888888.0      -888888.0
     0     0
ECOHUMUS                                   -31.65000   -68.30000   600.00000 2026-07-31 11:45:00     1
     1     1        296.450         30.000      93450.000         -1.877         -2.085      -888888.0      -888888.0
     0     0
ECOHUMUS                                   -31.65000   -68.30000   600.00000 2026-07-31 11:50:00     1
     1     1        297.450         29.000      93470.000         -0.396         -3.226      -888888.0      -888888.0
     0     0
ECOHUMUS                                   -31.65000   -68.30000   600.00000 2026-07-31 11:55:00     1
     1     1        297.550         30.000      93470.000         -0.692         -2.776      -888888.0      -888888.0
     0     0
ECOHUMUS                                   -31.65000   -68.30000   600.00000 2026-07-31 12:00:00     1
     1     1        297.650         29.000      93470.000         -1.197         -3.289      -888888.0      -888888.0
     0     0
ECOHUMUS                                   -31.65000   -68.30000   600.00000 2026-07-31 12:05:00     1
     1     1        297.850         28.000      93450.000         -1.662         -2.464      -888888.0      -888888.0
     0     0
ECOHUMUS                                   -31.65000   -68.30000   600.00000 2026-07-31 12:10:00     1
     1     1        298.550         25.000      93460.000         -0.467         -3.805      -888888.0      -888888.0
     0     0
ECOHUMUS                                   -31.65000   -68.30000   600.00000 2026-07-31 12:15:00     1
     1     1        298.950         23.000      93450.000         -0.066         -3.777      -888888.0      -888888.0
     0     0
ECOHUMUS                                   -31.65000   -68.30000   600.00000 2026-07-31 12:20:00     1
     1     1        299.150         22.000      93470.000         -0.421         -4.006      -888888.0      -888888.0
     0     0
ECOHUMUS                                   -31.65000   -68.30000   600.00000 2026-07-31 12:25:00     1
     1     1        299.650         21.000      93480.000         -0.988         -3.962      -888888.0      -888888.0
     0     0
ECOHUMUS                                   -31.65000   -68.30000   600.00000 2026-07-31 12:30:00     1
     1     1        299.550         22.000      93470.000         -0.921         -3.693      -888888.0      -888888.0
     0     0
ECOHUMUS                                   -31.65000   -68.30000   600.00000 2026-07-31 12:35:00     1
     1     1        299.550         22.000      93470.000         -0.574         -3.622      -888888.0      -888888.0
     0     0
ECOHUMUS                                   -31.65000   -68.30000   600.00000 2026-07-31 12:40:00     1
     1     1        299.550         21.000      93480.000         -1.181         -5.115      -888888.0      -888888.0
     0     0
ECOHUMUS                                   -31.65000   -68.30000   600.00000 2026-07-31 12:45:00     1
     1     1        299.550         22.000      93470.000         -0.569         -4.632      -888888.0      -888888.0
     0     0
ECOHUMUS                                   -31.65000   -68.30000   600.00000 2026-07-31 12:50:00     1
     1     1        299.750         22.000      93480.000         -2.031         -4.355      -888888.0      -888888.0
     0     0
ECOHUMUS                                   -31.65000   -68.30000   600.00000 2026-07-31 12:55:00     1
     1     1        300.050         20.000      93460.000         -1.632         -5.339      -888888.0      -888888.0
     0     0
ECOHUMUS                                   -31.65000   -68.30000   600.00000 2026-07-31 13:00:00     1
     1     1        300.550         19.000      93450.000         -0.180         -5.164      -888888.0      -888888.0
     0     0
ECOHUMUS                                   -31.65000   -68.30000   600.00000 2026-07-31 13:05:00     1
     1     1        300.550         19.000      93470.000         -0.421         -4.815      -888888.0      -888888.0
     0     0
ECOHUMUS                                   -31.65000   -68.30000   600.00000 2026-07-31 13:10:00     1
     1     1        300.750         20.000      93470.000          0.000         -4.083      -888888.0      -888888.0
     0     0
ECOHUMUS                                   -31.65000   -68.30000   600.00000 2026-07-31 13:15:00     1
     1     1        301.150         18.000      93490.000         -0.482         -5.507      -888888.0      -888888.0
     0     0
ECOHUMUS                                   -31.65000   -68.30000   600.00000 2026-07-31 13:20:00     1
     1     1        300.950         19.000      93500.000          0.097         -5.555      -888888.0      -888888.0
     0     0
ECOHUMUS                                   -31.65000   -68.30000   600.00000 2026-07-31 13:25:00     1
     1     1        300.650         21.000      93510.000         -0.821         -5.185      -888888.0      -888888.0
     0     0
ECOHUMUS                                   -31.65000   -68.30000   600.00000 2026-07-31 13:30:00     1
     1     1        300.650         20.000      93500.000         -1.250         -5.413      -888888.0      -888888.0
     0     0
ECOHUMUS                                   -31.65000   -68.30000   600.00000 2026-07-31 13:35:00     1
     1     1        300.450         19.000      93490.000         -0.178         -5.108      -888888.0      -888888.0
     0     0
ECOHUMUS                                   -31.65000   -68.30000   600.00000 2026-07-31 13:40:00     1
     1     1        301.050         19.000      93480.000         -0.334         -3.819      -888888.0      -888888.0
     0     0
ECOHUMUS                                   -31.65000   -68.30000   600.00000 2026-07-31 13:45:00     1
     1     1        301.050         19.000      93470.000         -1.330         -4.095      -888888.0      -888888.0
     0     0
ECOHUMUS                                   -31.65000   -68.30000   600.00000 2026-07-31 13:50:00     1
     1     1        301.450         18.000      93460.000          2.011         -4.517      -888888.0      -888888.0
     0     0
ECOHUMUS                                   -31.65000   -68.30000   600.00000 2026-07-31 13:55:00     1
     1     1        301.250         18.000      93470.000          1.262         -5.467      -888888.0      -888888.0
     0     0
ECOHUMUS                                   -31.65000   -68.30000   600.00000 2026-07-31 14:00:00     1
     1     1        301.250         19.000      93470.000         -1.055         -5.426      -888888.0      -888888.0
     0     0
ECOHUMUS                                   -31.65000   -68.30000   600.00000 2026-07-31 14:05:00     1
     1     1        301.450         19.000      93470.000         -0.765         -4.829      -888888.0      -888888.0
     0     0
ECOHUMUS                                   -31.65000   -68.30000   600.00000 2026-07-31 14:10:00     1
     1     1        301.650         15.000      93480.000         -0.357         -5.099      -888888.0      -888888.0
     0     0
ECOHUMUS                                   -31.65000   -68.30000   600.00000 2026-07-31 14:15:00     1
     1     1        301.850         14.000      93480.000          0.360         -5.154      -888888.0      -888888.0
     0     0
ECOHUMUS                                   -31.65000   -68.30000   600.00000 2026-07-31 14:20:00     1
     1     1        301.850         14.000      93480.000          1.734         -5.336      -888888.0      -888888.0
     0     0
ECOHUMUS                                   -31.65000   -68.30000   600.00000 2026-07-31 14:25:00     1
     1     1        301.650         14.000      93480.000          1.981         -5.752      -888888.0      -888888.0
     0     0
ECOHUMUS                                   -31.65000   -68.30000   600.00000 2026-07-31 14:30:00     1
     1     1        301.450         14.000      93480.000          0.505         -4.807      -888888.0      -888888.0
     0     0
ECOHUMUS                                   -31.65000   -68.30000   600.00000 2026-07-31 14:35:00     1
     1     1        301.850         14.000      93460.000          0.830         -5.240      -888888.0      -888888.0
     0     0
ECOHUMUS                                   -31.65000   -68.30000   600.00000 2026-07-31 14:40:00     1
     1     1        301.250         14.000      93470.000          1.085         -6.155      -888888.0      -888888.0
     0     0
ECOHUMUS                                   -31.65000   -68.30000   600.00000 2026-07-31 14:45:00     1
     1     1        301.450         14.000      93470.000          3.044         -4.514      -888888.0      -888888.0
     0     0
ECOHUMUS                                   -31.65000   -68.30000   600.00000 2026-07-31 14:50:00     1
     1     1        301.150         14.000      93480.000          3.315         -3.555      -888888.0      -888888.0
     0     0
ECOHUMUS                                   -31.65000   -68.30000   600.00000 2026-07-31 14:55:00     1
     1     1        301.150         15.000      93510.000          4.449         -1.889      -888888.0      -888888.0
     0     0
ECOHUMUS                                   -31.65000   -68.30000   600.00000 2026-07-31 15:00:00     1
     1     1        300.950         15.000      93530.000          3.850         -3.850      -888888.0      -888888.0
     0     0
ECOHUMUS                                   -31.65000   -68.30000   600.00000 2026-07-31 15:05:00     1
     1     1        300.950         15.000      93560.000          4.794         -2.338      -888888.0      -888888.0
     0     0
ECOHUMUS                                   -31.65000   -68.30000   600.00000 2026-07-31 15:10:00     1
     1     1        300.750         15.000      93560.000          5.271         -1.120      -888888.0      -888888.0
     0     0
ECOHUMUS                                   -31.65000   -68.30000   600.00000 2026-07-31 15:15:00     1
     1     1        300.350         15.000      93570.000          4.813         -3.246      -888888.0      -888888.0
     0     0
ECOHUMUS                                   -31.65000   -68.30000   600.00000 2026-07-31 15:20:00     1
     1     1        300.450         15.000      93570.000          4.369         -2.131      -888888.0      -888888.0
     0     0
ECOHUMUS                                   -31.65000   -68.30000   600.00000 2026-07-31 15:25:00     1
     1     1        300.850         15.000      93580.000          3.703         -3.107      -888888.0      -888888.0
     0     0
ECOHUMUS                                   -31.65000   -68.30000   600.00000 2026-07-31 15:30:00     1
     1     1        300.550         15.000      93600.000          3.838         -2.892      -888888.0      -888888.0
     0     0
ECOHUMUS                                   -31.65000   -68.30000   600.00000 2026-07-31 15:35:00     1
     1     1        300.450         15.000      93600.000          3.786         -2.275      -888888.0      -888888.0
     0     0
ECOHUMUS                                   -31.65000   -68.30000   600.00000 2026-07-31 15:40:00     1
     1     1        300.450         16.000      93630.000          3.826         -2.034      -888888.0      -888888.0
     0     0
ECOHUMUS                                   -31.65000   -68.30000   600.00000 2026-07-31 15:45:00     1
     1     1        300.150         16.000      93650.000          2.438         -4.397      -888888.0      -888888.0
     0     0
ECOHUMUS                                   -31.65000   -68.30000   600.00000 2026-07-31 15:50:00     1
     1     1        300.150         16.000      93660.000          2.589         -3.085      -888888.0      -888888.0
     0     0
ECOHUMUS                                   -31.65000   -68.30000   600.00000 2026-07-31 15:55:00     1
     1     1        300.050         17.000      93690.000          3.845         -1.875      -888888.0      -888888.0
     0     0
ECOHUMUS                                   -31.65000   -68.30000   600.00000 2026-07-31 16:00:00     1
     1     1        299.950         16.000      93700.000          4.235         -3.681      -888888.0      -888888.0
     0     0
ECOHUMUS                                   -31.65000   -68.30000   600.00000 2026-07-31 16:05:00     1
     1     1        299.750         15.000      93730.000          4.858         -2.062      -888888.0      -888888.0
     0     0
ECOHUMUS                                   -31.65000   -68.30000   600.00000 2026-07-31 16:10:00     1
     1     1        299.650         15.000      93730.000          4.999         -1.063      -888888.0      -888888.0
     0     0
ECOHUMUS                                   -31.65000   -68.30000   600.00000 2026-07-31 16:15:00     1
     1     1        299.450         15.000      93740.000          5.147         -3.878      -888888.0      -888888.0
     0     0
ECOHUMUS                                   -31.65000   -68.30000   600.00000 2026-07-31 16:20:00     1
     1     1        299.250         16.000      93740.000          3.901         -3.637      -888888.0      -888888.0
     0     0
ECOHUMUS                                   -31.65000   -68.30000   600.00000 2026-07-31 16:25:00     1
     1     1        299.350         15.000      93750.000          2.970         -3.417      -888888.0      -888888.0
     0     0
ECOHUMUS                                   -31.65000   -68.30000   600.00000 2026-07-31 16:30:00     1
     1     1        299.250         14.000      93750.000          3.999         -5.711      -888888.0      -888888.0
     0     0
ECOHUMUS                                   -31.65000   -68.30000   600.00000 2026-07-31 16:35:00     1
     1     1        298.950         14.000      93790.000          4.568         -2.034      -888888.0      -888888.0
     0     0
ECOHUMUS                                   -31.65000   -68.30000   600.00000 2026-07-31 16:40:00     1
     1     1        299.150         15.000      93780.000          2.652         -2.652      -888888.0      -888888.0
     0     0
ECOHUMUS                                   -31.65000   -68.30000   600.00000 2026-07-31 16:45:00     1
     1     1        299.150         15.000      93790.000          2.742         -3.638      -888888.0      -888888.0
     0     0
ECOHUMUS                                   -31.65000   -68.30000   600.00000 2026-07-31 16:50:00     1
     1     1        299.250         15.000      93810.000          2.797         -2.701      -888888.0      -888888.0
     0     0
ECOHUMUS                                   -31.65000   -68.30000   600.00000 2026-07-31 16:55:00     1
     1     1        299.150         14.000      93830.000          3.109         -2.097      -888888.0      -888888.0
     0     0
ECOHUMUS                                   -31.65000   -68.30000   600.00000 2026-07-31 17:00:00     1
     1     1        299.150         12.000      93840.000          3.311         -3.088      -888888.0      -888888.0
     0     0
ECOHUMUS                                   -31.65000   -68.30000   600.00000 2026-07-31 17:05:00     1
     1     1        299.050         12.000      93840.000          4.217         -2.738      -888888.0      -888888.0
     0     0
ECOHUMUS                                   -31.65000   -68.30000   600.00000 2026-07-31 17:10:00     1
     1     1        298.850         11.000      93830.000          4.979         -0.700      -888888.0      -888888.0
     0     0
ECOHUMUS                                   -31.65000   -68.30000   600.00000 2026-07-31 17:15:00     1
     1     1        298.750         11.000      93870.000          5.339         -1.431      -888888.0      -888888.0
     0     0
ECOHUMUS                                   -31.65000   -68.30000   600.00000 2026-07-31 17:20:00     1
     1     1        298.650         11.000      93870.000          4.372         -1.856      -888888.0      -888888.0
     0     0
ECOHUMUS                                   -31.65000   -68.30000   600.00000 2026-07-31 17:25:00     1
     1     1        298.750         11.000      93880.000          3.738         -3.486      -888888.0      -888888.0
     0     0
ECOHUMUS                                   -31.65000   -68.30000   600.00000 2026-07-31 17:30:00     1
     1     1        298.650         11.000      93890.000          3.240         -2.531      -888888.0      -888888.0
     0     0
ECOHUMUS                                   -31.65000   -68.30000   600.00000 2026-07-31 17:35:00     1
     1     1        298.650         11.000      93900.000          3.731         -2.516      -888888.0      -888888.0
     0     0
ECOHUMUS                                   -31.65000   -68.30000   600.00000 2026-07-31 17:40:00     1
     1     1        298.450         11.000      93910.000          4.245         -1.802      -888888.0      -888888.0
     0     0
ECOHUMUS                                   -31.65000   -68.30000   600.00000 2026-07-31 17:45:00     1
     1     1        298.250         11.000      93920.000          3.816         -3.686      -888888.0      -888888.0
     0     0
ECOHUMUS                                   -31.65000   -68.30000   600.00000 2026-07-31 17:50:00     1
     1     1        298.050         11.000      93910.000          3.000         -3.575      -888888.0      -888888.0
     0     0
ECOHUMUS                                   -31.65000   -68.30000   600.00000 2026-07-31 17:55:00     1
     1     1        297.850         11.000      93930.000          2.894         -2.428      -888888.0      -888888.0
     0     0
ECOHUMUS                                   -31.65000   -68.30000   600.00000 2026-07-31 18:00:00     1
     1     1        297.850         11.000      93930.000          2.493         -1.619      -888888.0      -888888.0
     0     0
ECOHUMUS                                   -31.65000   -68.30000   600.00000 2026-07-31 18:05:00     1
     1     1        297.850         11.000      93930.000          2.272         -1.108      -888888.0      -888888.0
     0     0
ECOHUMUS                                   -31.65000   -68.30000   600.00000 2026-07-31 18:10:00     1
     1     1        297.750         12.000      93950.000          2.284         -1.266      -888888.0      -888888.0
     0     0
ECOHUMUS                                   -31.65000   -68.30000   600.00000 2026-07-31 18:15:00     1
     1     1        297.650         12.000      93970.000          2.256         -1.893      -888888.0      -888888.0
     0     0
ECOHUMUS                                   -31.65000   -68.30000   600.00000 2026-07-31 18:20:00     1
     1     1        297.450         13.000      93990.000          1.795         -1.402      -888888.0      -888888.0
     0     0
ECOHUMUS                                   -31.65000   -68.30000   600.00000 2026-07-31 18:25:00     1
     1     1        297.250         12.000      93990.000          1.472         -2.356      -888888.0      -888888.0
     0     0
ECOHUMUS                                   -31.65000   -68.30000   600.00000 2026-07-31 18:30:00     1
     1     1        297.050         11.000      93990.000          2.511         -2.107      -888888.0      -888888.0
     0     0
ECOHUMUS                                   -31.65000   -68.30000   600.00000 2026-07-31 18:35:00     1
     1     1        296.750         11.000      94010.000          2.498         -2.249      -888888.0      -888888.0
     0     0
ECOHUMUS                                   -31.65000   -68.30000   600.00000 2026-07-31 18:40:00     1
     1     1        296.350         11.000      94010.000          1.910         -1.241      -888888.0      -888888.0
     0     0
ECOHUMUS                                   -31.65000   -68.30000   600.00000 2026-07-31 18:45:00     1
     1     1        295.950         11.000      93990.000          1.616         -2.225      -888888.0      -888888.0
     0     0
ECOHUMUS                                   -31.65000   -68.30000   600.00000 2026-07-31 18:50:00     1
     1     1        295.650         12.000      94000.000          0.352         -1.997      -888888.0      -888888.0
     0     0
ECOHUMUS                                   -31.65000   -68.30000   600.00000 2026-07-31 18:55:00     1
     1     1        295.350         12.000      94010.000          0.551         -2.210      -888888.0      -888888.0
     0     0
ECOHUMUS                                   -31.65000   -68.30000   600.00000 2026-07-31 19:00:00     1
     1     1        295.150         13.000      94020.000          0.889         -1.823      -888888.0      -888888.0
     0     0
ECOHUMUS                                   -31.65000   -68.30000   600.00000 2026-07-31 19:05:00     1
     1     1        294.650         13.000      94010.000          0.791         -1.776      -888888.0      -888888.0
     0     0
ECOHUMUS                                   -31.65000   -68.30000   600.00000 2026-07-31 19:10:00     1
     1     1        294.150         13.000      94030.000          0.239         -1.509      -888888.0      -888888.0
     0     0
ECOHUMUS                                   -31.65000   -68.30000   600.00000 2026-07-31 19:15:00     1
     1     1        293.850         14.000      94030.000          0.681         -1.048      -888888.0      -888888.0
     0     0
ECOHUMUS                                   -31.65000   -68.30000   600.00000 2026-07-31 19:20:00     1
     1     1        293.650         14.000      94030.000          0.388         -1.011      -888888.0      -888888.0
     0     0
ECOHUMUS                                   -31.65000   -68.30000   600.00000 2026-07-31 19:25:00     1
     1     1        293.350         14.000      94040.000          0.306         -1.068      -888888.0      -888888.0
     0     0
ECOHUMUS                                   -31.65000   -68.30000   600.00000 2026-07-31 19:30:00     1
     1     1        293.150         14.000      94060.000         -0.091         -1.302      -888888.0      -888888.0
     0     0
ECOHUMUS                                   -31.65000   -68.30000   600.00000 2026-07-31 19:35:00     1
     1     1        292.950         15.000      94070.000         -0.087         -1.247      -888888.0      -888888.0
     0     0
ECOHUMUS                                   -31.65000   -68.30000   600.00000 2026-07-31 19:40:00     1
     1     1        292.550         15.000      94080.000          0.470         -1.366      -888888.0      -888888.0
     0     0
ECOHUMUS                                   -31.65000   -68.30000   600.00000 2026-07-31 19:45:00     1
     1     1        292.450         15.000      94090.000          0.769         -0.950      -888888.0      -888888.0
     0     0
ECOHUMUS                                   -31.65000   -68.30000   600.00000 2026-07-31 19:50:00     1
     1     1        292.350         15.000      94090.000          0.743         -1.398      -888888.0      -888888.0
     0     0
ECOHUMUS                                   -31.65000   -68.30000   600.00000 2026-07-31 19:55:00     1
     1     1        292.550         15.000      94090.000          1.069         -1.852      -888888.0      -888888.0
     0     0
ECOHUMUS                                   -31.65000   -68.30000   600.00000 2026-07-31 20:00:00     1
     1     1        292.950         14.000      94100.000          1.531         -1.761      -888888.0      -888888.0
     0     0
ECOHUMUS                                   -31.65000   -68.30000   600.00000 2026-07-31 20:05:00     1
     1     1        293.850         14.000      94120.000          0.543         -2.554      -888888.0      -888888.0
     0     0
ECOHUMUS                                   -31.65000   -68.30000   600.00000 2026-07-31 20:10:00     1
     1     1        293.750         14.000      94120.000          2.058         -1.608      -888888.0      -888888.0
     0     0
ECOHUMUS                                   -31.65000   -68.30000   600.00000 2026-07-31 20:15:00     1
     1     1        293.350         14.000      94130.000          0.877         -2.548      -888888.0      -888888.0
     0     0
ECOHUMUS                                   -31.65000   -68.30000   600.00000 2026-07-31 20:20:00     1
     1     1        293.450         14.000      94120.000          2.232         -2.660      -888888.0      -888888.0
     0     0
ECOHUMUS                                   -31.65000   -68.30000   600.00000 2026-07-31 20:25:00     1
     1     1        293.550         14.000      94120.000          2.344         -1.641      -888888.0      -888888.0
     0     0
ECOHUMUS                                   -31.65000   -68.30000   600.00000 2026-07-31 20:30:00     1
     1     1        293.050         15.000      94110.000          1.833         -1.102      -888888.0      -888888.0
     0     0
ECOHUMUS                                   -31.65000   -68.30000   600.00000 2026-07-31 20:35:00     1
     1     1        292.450         15.000      94090.000          1.894         -1.589      -888888.0      -888888.0
     0     0
ECOHUMUS                                   -31.65000   -68.30000   600.00000 2026-07-31 20:40:00     1
     1     1        292.250         15.000      94070.000          2.968         -1.855      -888888.0      -888888.0
     0     0
ECOHUMUS                                   -31.65000   -68.30000   600.00000 2026-07-31 20:45:00     1
     1     1        292.950         14.000      94050.000          2.721         -2.817      -888888.0      -888888.0
     0     0
ECOHUMUS                                   -31.65000   -68.30000   600.00000 2026-07-31 20:50:00     1
     1     1        293.350         14.000      94060.000          3.219         -1.301      -888888.0      -888888.0
     0     0
ECOHUMUS                                   -31.65000   -68.30000   600.00000 2026-07-31 20:55:00     1
     1     1        293.650         13.000      94060.000          2.697         -1.959      -888888.0      -888888.0
     0     0
ECOHUMUS                                   -31.65000   -68.30000   600.00000 2026-07-31 21:00:00     1
     1     1        293.650         13.000      94060.000          2.357         -1.416      -888888.0      -888888.0
     0     0
ECOHUMUS                                   -31.65000   -68.30000   600.00000 2026-07-31 21:05:00     1
     1     1        293.750         13.000      94110.000          1.388         -0.398      -888888.0      -888888.0
     0     0
ECOHUMUS                                   -31.65000   -68.30000   600.00000 2026-07-31 21:10:00     1
     1     1        293.650         13.000      94130.000          0.619          0.315      -888888.0      -888888.0
     0     0
ECOHUMUS                                   -31.65000   -68.30000   600.00000 2026-07-31 21:15:00     1
     1     1        293.350         13.000      94170.000          0.434         -0.390      -888888.0      -888888.0
     0     0
ECOHUMUS                                   -31.65000   -68.30000   600.00000 2026-07-31 21:20:00     1
     1     1        292.950         14.000      94190.000         -0.475         -0.385      -888888.0      -888888.0
     0     0
ECOHUMUS                                   -31.65000   -68.30000   600.00000 2026-07-31 21:25:00     1
     1     1        292.150         15.000      94200.000         -0.000          0.972      -888888.0      -888888.0
     0     0
ECOHUMUS                                   -31.65000   -68.30000   600.00000 2026-07-31 21:30:00     1
     1     1        291.450         16.000      94240.000         -0.023          0.333      -888888.0      -888888.0
     0     0
ECOHUMUS                                   -31.65000   -68.30000   600.00000 2026-07-31 21:35:00     1
     1     1        290.750         16.000      94250.000         -0.444          0.770      -888888.0      -888888.0
     0     0
ECOHUMUS                                   -31.65000   -68.30000   600.00000 2026-07-31 21:40:00     1
     1     1        290.750         16.000      94280.000         -0.203         -1.149      -888888.0      -888888.0
     0     0
ECOHUMUS                                   -31.65000   -68.30000   600.00000 2026-07-31 21:45:00     1
     1     1        291.550         15.000      94300.000          0.230         -0.801      -888888.0      -888888.0
     0     0
ECOHUMUS                                   -31.65000   -68.30000   600.00000 2026-07-31 21:50:00     1
     1     1        292.350         14.000      94310.000          0.099          0.939      -888888.0      -888888.0
     0     0
ECOHUMUS                                   -31.65000   -68.30000   600.00000 2026-07-31 21:55:00     1
     1     1        293.150         14.000      94320.000          1.051         -0.821      -888888.0      -888888.0
     0     0
ECOHUMUS                                   -31.65000   -68.30000   600.00000 2026-07-31 22:00:00     1
     1     1        292.350         15.000      94330.000          0.196         -1.009      -888888.0      -888888.0
     0     0
ECOHUMUS                                   -31.65000   -68.30000   600.00000 2026-07-31 22:05:00     1
     1     1        291.850         15.000      94320.000         -0.818         -0.472      -888888.0      -888888.0
     0     0
ECOHUMUS                                   -31.65000   -68.30000   600.00000 2026-07-31 22:10:00     1
     1     1        291.450         16.000      94330.000         -0.540         -0.287      -888888.0      -888888.0
     0     0
ECOHUMUS                                   -31.65000   -68.30000   600.00000 2026-07-31 22:15:00     1
     1     1        291.350         16.000      94330.000         -0.579         -0.270      -888888.0      -888888.0
     0     0
ECOHUMUS                                   -31.65000   -68.30000   600.00000 2026-07-31 22:20:00     1
     1     1        290.750         17.000      94340.000          0.690          0.293      -888888.0      -888888.0
     0     0
ECOHUMUS                                   -31.65000   -68.30000   600.00000 2026-07-31 22:25:00     1
     1     1        290.450         17.000      94340.000          0.584         -0.260      -888888.0      -888888.0
     0     0
ECOHUMUS                                   -31.65000   -68.30000   600.00000 2026-07-31 22:30:00     1
     1     1        290.550         17.000      94350.000          0.431         -0.192      -888888.0      -888888.0
     0     0
ECOHUMUS                                   -31.65000   -68.30000   600.00000 2026-07-31 22:35:00     1
     1     1        290.450         17.000      94350.000          0.304         -0.027      -888888.0      -888888.0
     0     0
ECOHUMUS                                   -31.65000   -68.30000   600.00000 2026-07-31 22:40:00     1
     1     1        290.750         17.000      94350.000          0.028         -0.002      -888888.0      -888888.0
     0     0
ECOHUMUS                                   -31.65000   -68.30000   600.00000 2026-07-31 22:45:00     1
     1     1        290.150         18.000      94350.000          0.360         -0.031      -888888.0      -888888.0
     0     0
ECOHUMUS                                   -31.65000   -68.30000   600.00000 2026-07-31 22:50:00     1
     1     1        289.350         19.000      94360.000          0.427         -0.123      -888888.0      -888888.0
     0     0
ECOHUMUS                                   -31.65000   -68.30000   600.00000 2026-07-31 22:55:00     1
     1     1        288.850         19.000      94350.000          0.000         -0.000      -888888.0      -888888.0
     0     0
ECOHUMUS                                   -31.65000   -68.30000   600.00000 2026-07-31 23:00:00     1
     1     1        288.650         20.000      94330.000          0.210         -0.072      -888888.0      -888888.0
     0     0
ECOHUMUS                                   -31.65000   -68.30000   600.00000 2026-07-31 23:05:00     1
     1     1        287.950         21.000      94330.000          0.098         -0.052      -888888.0      -888888.0
     0     0
ECOHUMUS                                   -31.65000   -68.30000   600.00000 2026-07-31 23:10:00     1
     1     1        287.650         21.000      94340.000          0.210         -0.072      -888888.0      -888888.0
     0     0
ECOHUMUS                                   -31.65000   -68.30000   600.00000 2026-07-31 23:15:00     1
     1     1        287.350         21.000      94340.000          0.000         -0.000      -888888.0      -888888.0
     0     0
ECOHUMUS                                   -31.65000   -68.30000   600.00000 2026-07-31 23:20:00     1
     1     1        287.150         21.000      94340.000          0.000         -0.000      -888888.0      -888888.0
     0     0
ECOHUMUS                                   -31.65000   -68.30000   600.00000 2026-07-31 23:25:00     1
     1     1        286.750         22.000      94320.000          0.026         -0.009      -888888.0      -888888.0
     0     0
ECOHUMUS                                   -31.65000   -68.30000   600.00000 2026-07-31 23:30:00     1
     1     1        286.450         22.000      94330.000          0.158         -0.054      -888888.0      -888888.0
     0     0
ECOHUMUS                                   -31.65000   -68.30000   600.00000 2026-07-31 23:35:00     1
     1     1        286.550         22.000      94340.000          0.270         -0.579      -888888.0      -888888.0
     0     0
ECOHUMUS                                   -31.65000   -68.30000   600.00000 2026-07-31 23:40:00     1
     1     1        286.950         21.000      94360.000         -0.818         -0.347      -888888.0      -888888.0
     0     0
ECOHUMUS                                   -31.65000   -68.30000   600.00000 2026-07-31 23:45:00     1
     1     1        286.050         23.000      94350.000         -0.583          0.671      -888888.0      -888888.0
     0     0
ECOHUMUS                                   -31.65000   -68.30000   600.00000 2026-07-31 23:50:00     1
     1     1        284.850         25.000      94370.000         -0.262          0.762      -888888.0      -888888.0
     0     0
ECOHUMUS                                   -31.65000   -68.30000   600.00000 2026-07-31 23:55:00     1
     1     1        285.150         24.000      94380.000         -0.282          0.604      -888888.0      -888888.0
     0     0
PUNTA_NEGRA                                -31.51920   -68.81780   800.00000 2026-07-31 00:00:00     1
     1     1        284.950         76.000      90510.000          0.020          0.019      -888888.0      -888888.0
     0     0
PUNTA_NEGRA                                -31.51920   -68.81780   800.00000 2026-07-31 00:05:00     1
     1     1        284.850         77.000      90510.000          0.009          0.166      -888888.0      -888888.0
     0     0
PUNTA_NEGRA                                -31.51920   -68.81780   800.00000 2026-07-31 00:10:00     1
     1     1        284.850         77.000      90510.000          0.000          0.000      -888888.0      -888888.0
     0     0
PUNTA_NEGRA                                -31.51920   -68.81780   800.00000 2026-07-31 00:15:00     1
     1     1        284.750         78.000      90500.000          0.099          0.050      -888888.0      -888888.0
     0     0
PUNTA_NEGRA                                -31.51920   -68.81780   800.00000 2026-07-31 00:20:00     1
     1     1        284.650         78.000      90500.000          0.100         -0.133      -888888.0      -888888.0
     0     0
PUNTA_NEGRA                                -31.51920   -68.81780   800.00000 2026-07-31 00:25:00     1
     1     1        284.750         78.000      90500.000          0.034          0.106      -888888.0      -888888.0
     0     0
PUNTA_NEGRA                                -31.51920   -68.81780   800.00000 2026-07-31 00:30:00     1
     1     1        284.750         77.000      90490.000          0.216          0.216      -888888.0      -888888.0
     0     0
PUNTA_NEGRA                                -31.51920   -68.81780   800.00000 2026-07-31 00:35:00     1
     1     1        284.850         77.000      90470.000          0.025          0.013      -888888.0      -888888.0
     0     0
PUNTA_NEGRA                                -31.51920   -68.81780   800.00000 2026-07-31 00:40:00     1
     1     1        284.650         77.000      90460.000          0.097          0.200      -888888.0      -888888.0
     0     0
PUNTA_NEGRA                                -31.51920   -68.81780   800.00000 2026-07-31 00:45:00     1
     1     1        284.850         76.000      90470.000          0.244          0.227      -888888.0      -888888.0
     0     0
PUNTA_NEGRA                                -31.51920   -68.81780   800.00000 2026-07-31 00:50:00     1
     1     1        284.850         77.000      90470.000         -0.021          0.109      -888888.0      -888888.0
     0     0
PUNTA_NEGRA                                -31.51920   -68.81780   800.00000 2026-07-31 00:55:00     1
     1     1        284.750         77.000      90460.000         -0.332          0.141      -888888.0      -888888.0
     0     0
PUNTA_NEGRA                                -31.51920   -68.81780   800.00000 2026-07-31 01:00:00     1
     1     1        284.650         78.000      90460.000          0.252          0.219      -888888.0      -888888.0
     0     0
PUNTA_NEGRA                                -31.51920   -68.81780   800.00000 2026-07-31 01:05:00     1
     1     1        284.950         76.000      90440.000          0.408          0.087      -888888.0      -888888.0
     0     0
PUNTA_NEGRA                                -31.51920   -68.81780   800.00000 2026-07-31 01:10:00     1
     1     1        284.650         77.000      90430.000          0.220         -0.031      -888888.0      -888888.0
     0     0
PUNTA_NEGRA                                -31.51920   -68.81780   800.00000 2026-07-31 01:15:00     1
     1     1        284.550         78.000      90420.000          0.285          0.110      -888888.0      -888888.0
     0     0
PUNTA_NEGRA                                -31.51920   -68.81780   800.00000 2026-07-31 01:20:00     1
     1     1        284.450         78.000      90430.000          0.125          0.061      -888888.0      -888888.0
     0     0
PUNTA_NEGRA                                -31.51920   -68.81780   800.00000 2026-07-31 01:25:00     1
     1     1        284.350         78.000      90420.000          0.052          0.019      -888888.0      -888888.0
     0     0
PUNTA_NEGRA                                -31.51920   -68.81780   800.00000 2026-07-31 01:30:00     1
     1     1        284.250         79.000      90400.000          0.000          0.000      -888888.0      -888888.0
     0     0
PUNTA_NEGRA                                -31.51920   -68.81780   800.00000 2026-07-31 01:35:00     1
     1     1        283.650         81.000      90390.000          0.178          0.079      -888888.0      -888888.0
     0     0
PUNTA_NEGRA                                -31.51920   -68.81780   800.00000 2026-07-31 01:40:00     1
     1     1        283.550         81.000      90390.000          0.070          0.045      -888888.0      -888888.0
     0     0
PUNTA_NEGRA                                -31.51920   -68.81780   800.00000 2026-07-31 01:45:00     1
     1     1        283.450         82.000      90360.000          0.104          0.038      -888888.0      -888888.0
     0     0
PUNTA_NEGRA                                -31.51920   -68.81780   800.00000 2026-07-31 01:50:00     1
     1     1        283.450         82.000      90360.000          0.370          0.120      -888888.0      -888888.0
     0     0
PUNTA_NEGRA                                -31.51920   -68.81780   800.00000 2026-07-31 01:55:00     1
     1     1        283.450         82.000      90350.000         -0.083          0.206      -888888.0      -888888.0
     0     0
PUNTA_NEGRA                                -31.51920   -68.81780   800.00000 2026-07-31 02:00:00     1
     1     1        283.550         82.000      90350.000          0.339          0.124      -888888.0      -888888.0
     0     0
PUNTA_NEGRA                                -31.51920   -68.81780   800.00000 2026-07-31 02:05:00     1
     1     1        283.550         81.000      90340.000          0.071          0.044      -888888.0      -888888.0
     0     0
PUNTA_NEGRA                                -31.51920   -68.81780   800.00000 2026-07-31 02:10:00     1
     1     1        283.550         81.000      90350.000          0.289          0.099      -888888.0      -888888.0
     0     0
PUNTA_NEGRA                                -31.51920   -68.81780   800.00000 2026-07-31 02:15:00     1
     1     1        283.550         81.000      90340.000          0.022          0.016      -888888.0      -888888.0
     0     0
PUNTA_NEGRA                                -31.51920   -68.81780   800.00000 2026-07-31 02:20:00     1
     1     1        283.650         82.000      90320.000          0.000          0.000      -888888.0      -888888.0
     0     0
PUNTA_NEGRA                                -31.51920   -68.81780   800.00000 2026-07-31 02:25:00     1
     1     1        283.450         81.000      90310.000          0.840          0.289      -888888.0      -888888.0
     0     0
PUNTA_NEGRA                                -31.51920   -68.81780   800.00000 2026-07-31 02:30:00     1
     1     1        284.850         77.000      90300.000          1.116          0.341      -888888.0      -888888.0
     0     0
PUNTA_NEGRA                                -31.51920   -68.81780   800.00000 2026-07-31 02:35:00     1
     1     1        285.450         74.000      90300.000          0.858          0.075      -888888.0      -888888.0
     0     0
PUNTA_NEGRA                                -31.51920   -68.81780   800.00000 2026-07-31 02:40:00     1
     1     1        285.950         72.000      90290.000          0.930          0.284      -888888.0      -888888.0
     0     0
PUNTA_NEGRA                                -31.51920   -68.81780   800.00000 2026-07-31 02:45:00     1
     1     1        285.750         73.000      90300.000          1.083          0.250      -888888.0      -888888.0
     0     0
PUNTA_NEGRA                                -31.51920   -68.81780   800.00000 2026-07-31 02:50:00     1
     1     1        285.850         73.000      90280.000          1.002          0.651      -888888.0      -888888.0
     0     0
PUNTA_NEGRA                                -31.51920   -68.81780   800.00000 2026-07-31 02:55:00     1
     1     1        285.350         76.000      90280.000          0.287          0.410      -888888.0      -888888.0
     0     0
PUNTA_NEGRA                                -31.51920   -68.81780   800.00000 2026-07-31 03:00:00     1
     1     1        285.150         77.000      90270.000          1.249          0.780      -888888.0      -888888.0
     0     0
PUNTA_NEGRA                                -31.51920   -68.81780   800.00000 2026-07-31 03:05:00     1
     1     1        285.350         76.000      90290.000          1.018          0.143      -888888.0      -888888.0
     0     0
PUNTA_NEGRA                                -31.51920   -68.81780   800.00000 2026-07-31 03:10:00     1
     1     1        285.150         76.000      90280.000          0.270         -0.143      -888888.0      -888888.0
     0     0
PUNTA_NEGRA                                -31.51920   -68.81780   800.00000 2026-07-31 03:15:00     1
     1     1        284.650         77.000      90280.000          0.193         -0.200      -888888.0      -888888.0
     0     0
PUNTA_NEGRA                                -31.51920   -68.81780   800.00000 2026-07-31 03:20:00     1
     1     1        284.150         79.000      90280.000         -0.403         -0.188      -888888.0      -888888.0
     0     0
PUNTA_NEGRA                                -31.51920   -68.81780   800.00000 2026-07-31 03:25:00     1
     1     1        284.250         79.000      90280.000         -0.212         -0.292      -888888.0      -888888.0
     0     0
PUNTA_NEGRA                                -31.51920   -68.81780   800.00000 2026-07-31 03:30:00     1
     1     1        283.950         80.000      90270.000         -0.217          0.322      -888888.0      -888888.0
     0     0
PUNTA_NEGRA                                -31.51920   -68.81780   800.00000 2026-07-31 03:35:00     1
     1     1        283.850         80.000      90260.000          0.298          0.250      -888888.0      -888888.0
     0     0
PUNTA_NEGRA                                -31.51920   -68.81780   800.00000 2026-07-31 03:40:00     1
     1     1        283.550         81.000      90260.000          0.021          0.018      -888888.0      -888888.0
     0     0
PUNTA_NEGRA                                -31.51920   -68.81780   800.00000 2026-07-31 03:45:00     1
     1     1        283.350         82.000      90260.000         -0.114          0.157      -888888.0      -888888.0
     0     0
PUNTA_NEGRA                                -31.51920   -68.81780   800.00000 2026-07-31 03:50:00     1
     1     1        283.350         82.000      90240.000          0.200          0.333      -888888.0      -888888.0
     0     0
PUNTA_NEGRA                                -31.51920   -68.81780   800.00000 2026-07-31 03:55:00     1
     1     1        282.850         83.000      90220.000          0.070          0.182      -888888.0      -888888.0
     0     0
PUNTA_NEGRA                                -31.51920   -68.81780   800.00000 2026-07-31 04:00:00     1
     1     1        282.550         85.000      90230.000          0.002          0.028      -888888.0      -888888.0
     0     0
PUNTA_NEGRA                                -31.51920   -68.81780   800.00000 2026-07-31 04:05:00     1
     1     1        282.550         85.000      90200.000          0.297          0.367      -888888.0      -888888.0
     0     0
PUNTA_NEGRA                                -31.51920   -68.81780   800.00000 2026-07-31 04:10:00     1
     1     1        282.850         83.000      90210.000         -0.208          0.361      -888888.0      -888888.0
     0     0
PUNTA_NEGRA                                -31.51920   -68.81780   800.00000 2026-07-31 04:15:00     1
     1     1        283.050         83.000      90210.000          0.196          0.270      -888888.0      -888888.0
     0     0
PUNTA_NEGRA                                -31.51920   -68.81780   800.00000 2026-07-31 04:20:00     1
     1     1        283.050         83.000      90190.000          0.103          0.042      -888888.0      -888888.0
     0     0
PUNTA_NEGRA                                -31.51920   -68.81780   800.00000 2026-07-31 04:25:00     1
     1     1        283.050         83.000      90210.000          0.373         -0.373      -888888.0      -888888.0
     0     0
PUNTA_NEGRA                                -31.51920   -68.81780   800.00000 2026-07-31 04:30:00     1
     1     1        283.050         83.000      90210.000          0.092          0.062      -888888.0      -888888.0
     0     0
PUNTA_NEGRA                                -31.51920   -68.81780   800.00000 2026-07-31 04:35:00     1
     1     1        282.750         83.000      90230.000          0.106         -0.460      -888888.0      -888888.0
     0     0
PUNTA_NEGRA                                -31.51920   -68.81780   800.00000 2026-07-31 04:40:00     1
     1     1        282.550         84.000      90240.000          0.652         -0.139      -888888.0      -888888.0
     0     0
PUNTA_NEGRA                                -31.51920   -68.81780   800.00000 2026-07-31 04:45:00     1
     1     1        282.450         84.000      90240.000          0.109          0.019      -888888.0      -888888.0
     0     0
PUNTA_NEGRA                                -31.51920   -68.81780   800.00000 2026-07-31 04:50:00     1
     1     1        282.550         85.000      90240.000         -0.023          0.109      -888888.0      -888888.0
     0     0
PUNTA_NEGRA                                -31.51920   -68.81780   800.00000 2026-07-31 04:55:00     1
     1     1        282.550         85.000      90250.000          0.017          0.166      -888888.0      -888888.0
     0     0
PUNTA_NEGRA                                -31.51920   -68.81780   800.00000 2026-07-31 05:00:00     1
     1     1        282.250         85.000      90260.000          0.000          0.000      -888888.0      -888888.0
     0     0
PUNTA_NEGRA                                -31.51920   -68.81780   800.00000 2026-07-31 05:05:00     1
     1     1        282.250         86.000      90280.000          0.210          0.136      -888888.0      -888888.0
     0     0
PUNTA_NEGRA                                -31.51920   -68.81780   800.00000 2026-07-31 05:10:00     1
     1     1        282.450         85.000      90270.000          0.124          0.279      -888888.0      -888888.0
     0     0
PUNTA_NEGRA                                -31.51920   -68.81780   800.00000 2026-07-31 05:15:00     1
     1     1        282.950         85.000      90250.000          0.054          0.128      -888888.0      -888888.0
     0     0
PUNTA_NEGRA                                -31.51920   -68.81780   800.00000 2026-07-31 05:20:00     1
     1     1        283.150         83.000      90250.000          0.068          0.048      -888888.0      -888888.0
     0     0
PUNTA_NEGRA                                -31.51920   -68.81780   800.00000 2026-07-31 05:25:00     1
     1     1        283.150         83.000      90250.000          0.286          0.172      -888888.0      -888888.0
     0     0
PUNTA_NEGRA                                -31.51920   -68.81780   800.00000 2026-07-31 05:30:00     1
     1     1        283.650         80.000      90240.000          1.445          0.281      -888888.0      -888888.0
     0     0
PUNTA_NEGRA                                -31.51920   -68.81780   800.00000 2026-07-31 05:35:00     1
     1     1        284.450         77.000      90250.000          0.424          0.207      -888888.0      -888888.0
     0     0
PUNTA_NEGRA                                -31.51920   -68.81780   800.00000 2026-07-31 05:40:00     1
     1     1        284.350         78.000      90270.000          0.040          0.104      -888888.0      -888888.0
     0     0
PUNTA_NEGRA                                -31.51920   -68.81780   800.00000 2026-07-31 05:45:00     1
     1     1        283.850         80.000      90260.000         -0.031         -0.360      -888888.0      -888888.0
     0     0
PUNTA_NEGRA                                -31.51920   -68.81780   800.00000 2026-07-31 05:50:00     1
     1     1        283.450         81.000      90290.000          0.102          0.228      -888888.0      -888888.0
     0     0
PUNTA_NEGRA                                -31.51920   -68.81780   800.00000 2026-07-31 05:55:00     1
     1     1        283.150         82.000      90300.000          0.242         -0.268      -888888.0      -888888.0
     0     0
PUNTA_NEGRA                                -31.51920   -68.81780   800.00000 2026-07-31 06:00:00     1
     1     1        283.150         83.000      90280.000          0.328          0.058      -888888.0      -888888.0
     0     0
PUNTA_NEGRA                                -31.51920   -68.81780   800.00000 2026-07-31 06:05:00     1
     1     1        283.250         83.000      90310.000          0.103          0.042      -888888.0      -888888.0
     0     0
PUNTA_NEGRA                                -31.51920   -68.81780   800.00000 2026-07-31 06:10:00     1
     1     1        283.150         83.000      90320.000          0.003          0.028      -888888.0      -888888.0
     0     0
PUNTA_NEGRA                                -31.51920   -68.81780   800.00000 2026-07-31 06:15:00     1
     1     1        282.950         83.000      90330.000          0.000          0.000      -888888.0      -888888.0
     0     0
PUNTA_NEGRA                                -31.51920   -68.81780   800.00000 2026-07-31 06:20:00     1
     1     1        282.850         84.000      90310.000          0.207          0.080      -888888.0      -888888.0
     0     0
PUNTA_NEGRA                                -31.51920   -68.81780   800.00000 2026-07-31 06:25:00     1
     1     1        282.950         84.000      90300.000          0.219          0.171      -888888.0      -888888.0
     0     0
PUNTA_NEGRA                                -31.51920   -68.81780   800.00000 2026-07-31 06:30:00     1
     1     1        283.450         82.000      90290.000          1.372          0.217      -888888.0      -888888.0
     0     0
PUNTA_NEGRA                                -31.51920   -68.81780   800.00000 2026-07-31 06:35:00     1
     1     1        284.850         77.000      90260.000          0.717          1.024      -888888.0      -888888.0
     0     0
PUNTA_NEGRA                                -31.51920   -68.81780   800.00000 2026-07-31 06:40:00     1
     1     1        285.950         68.000      90250.000          2.122          1.035      -888888.0      -888888.0
     0     0
PUNTA_NEGRA                                -31.51920   -68.81780   800.00000 2026-07-31 06:45:00     1
     1     1        288.250         49.000      90250.000          2.497          0.131      -888888.0      -888888.0
     0     0
PUNTA_NEGRA                                -31.51920   -68.81780   800.00000 2026-07-31 06:50:00     1
     1     1        289.350         55.000      90270.000         -1.434         -1.004      -888888.0      -888888.0
     0     0
PUNTA_NEGRA                                -31.51920   -68.81780   800.00000 2026-07-31 06:55:00     1
     1     1        285.150         75.000      90300.000          0.966         -0.702      -888888.0      -888888.0
     0     0
PUNTA_NEGRA                                -31.51920   -68.81780   800.00000 2026-07-31 07:00:00     1
     1     1        283.650         80.000      90320.000          0.441         -0.054      -888888.0      -888888.0
     0     0
PUNTA_NEGRA                                -31.51920   -68.81780   800.00000 2026-07-31 07:05:00     1
     1     1        283.550         80.000      90320.000         -0.031          0.583      -888888.0      -888888.0
     0     0
PUNTA_NEGRA                                -31.51920   -68.81780   800.00000 2026-07-31 07:10:00     1
     1     1        283.150         82.000      90320.000         -0.358          0.152      -888888.0      -888888.0
     0     0
PUNTA_NEGRA                                -31.51920   -68.81780   800.00000 2026-07-31 07:15:00     1
     1     1        283.050         82.000      90320.000         -0.944         -0.033      -888888.0      -888888.0
     0     0
PUNTA_NEGRA                                -31.51920   -68.81780   800.00000 2026-07-31 07:20:00     1
     1     1        283.950         73.000      90320.000          0.852          0.914      -888888.0      -888888.0
     0     0
PUNTA_NEGRA                                -31.51920   -68.81780   800.00000 2026-07-31 07:25:00     1
     1     1        284.550         67.000      90330.000          0.559          0.540      -888888.0      -888888.0
     0     0
PUNTA_NEGRA                                -31.51920   -68.81780   800.00000 2026-07-31 07:30:00     1
     1     1        289.250         29.000      90330.000         -0.599          0.766      -888888.0      -888888.0
     0     0
PUNTA_NEGRA                                -31.51920   -68.81780   800.00000 2026-07-31 07:35:00     1
     1     1        292.250         24.000      90350.000          0.514          0.890      -888888.0      -888888.0
     0     0
PUNTA_NEGRA                                -31.51920   -68.81780   800.00000 2026-07-31 07:40:00     1
     1     1        293.450         24.000      90370.000          1.015          0.291      -888888.0      -888888.0
     0     0
PUNTA_NEGRA                                -31.51920   -68.81780   800.00000 2026-07-31 07:45:00     1
     1     1        293.450         23.000      90400.000          0.742          0.539      -888888.0      -888888.0
     0     0
PUNTA_NEGRA                                -31.51920   -68.81780   800.00000 2026-07-31 07:50:00     1
     1     1        293.550         22.000      90390.000          0.792          0.404      -888888.0      -888888.0
     0     0
PUNTA_NEGRA                                -31.51920   -68.81780   800.00000 2026-07-31 07:55:00     1
     1     1        294.350         22.000      90420.000          0.142          1.354      -888888.0      -888888.0
     0     0
PUNTA_NEGRA                                -31.51920   -68.81780   800.00000 2026-07-31 08:00:00     1
     1     1        294.150         22.000      90420.000          0.345          1.202      -888888.0      -888888.0
     0     0
PUNTA_NEGRA                                -31.51920   -68.81780   800.00000 2026-07-31 08:05:00     1
     1     1        294.750         22.000      90440.000          0.836          1.109      -888888.0      -888888.0
     0     0
PUNTA_NEGRA                                -31.51920   -68.81780   800.00000 2026-07-31 08:10:00     1
     1     1        294.250         23.000      90430.000          1.110          0.361      -888888.0      -888888.0
     0     0
PUNTA_NEGRA                                -31.51920   -68.81780   800.00000 2026-07-31 08:15:00     1
     1     1        293.950         22.000      90420.000          0.447         -1.107      -888888.0      -888888.0
     0     0
PUNTA_NEGRA                                -31.51920   -68.81780   800.00000 2026-07-31 08:20:00     1
     1     1        294.250         22.000      90440.000          1.028          0.018      -888888.0      -888888.0
     0     0
PUNTA_NEGRA                                -31.51920   -68.81780   800.00000 2026-07-31 08:25:00     1
     1     1        294.350         22.000      90440.000          1.647          0.504      -888888.0      -888888.0
     0     0
PUNTA_NEGRA                                -31.51920   -68.81780   800.00000 2026-07-31 08:30:00     1
     1     1        294.350         22.000      90460.000          0.530         -0.815      -888888.0      -888888.0
     0     0
PUNTA_NEGRA                                -31.51920   -68.81780   800.00000 2026-07-31 08:35:00     1
     1     1        294.250         22.000      90460.000          1.189         -0.386      -888888.0      -888888.0
     0     0
PUNTA_NEGRA                                -31.51920   -68.81780   800.00000 2026-07-31 08:40:00     1
     1     1        294.150         22.000      90460.000          0.378          0.985      -888888.0      -888888.0
     0     0
PUNTA_NEGRA                                -31.51920   -68.81780   800.00000 2026-07-31 08:45:00     1
     1     1        294.050         23.000      90470.000         -1.129         -0.389      -888888.0      -888888.0
     0     0
PUNTA_NEGRA                                -31.51920   -68.81780   800.00000 2026-07-31 08:50:00     1
     1     1        293.950         23.000      90480.000          0.717          1.024      -888888.0      -888888.0
     0     0
PUNTA_NEGRA                                -31.51920   -68.81780   800.00000 2026-07-31 08:55:00     1
     1     1        294.350         22.000      90490.000          1.462          0.532      -888888.0      -888888.0
     0     0
PUNTA_NEGRA                                -31.51920   -68.81780   800.00000 2026-07-31 09:00:00     1
     1     1        294.450         22.000      90510.000          0.587          0.976      -888888.0      -888888.0
     0     0
PUNTA_NEGRA                                -31.51920   -68.81780   800.00000 2026-07-31 09:05:00     1
     1     1        294.450         22.000      90490.000          1.611          0.684      -888888.0      -888888.0
     0     0
PUNTA_NEGRA                                -31.51920   -68.81780   800.00000 2026-07-31 09:10:00     1
     1     1        294.350         22.000      90490.000          0.965          0.492      -888888.0      -888888.0
     0     0
PUNTA_NEGRA                                -31.51920   -68.81780   800.00000 2026-07-31 09:15:00     1
     1     1        294.350         22.000      90490.000          1.425          1.154      -888888.0      -888888.0
     0     0
PUNTA_NEGRA                                -31.51920   -68.81780   800.00000 2026-07-31 09:20:00     1
     1     1        294.450         22.000      90500.000          0.856         -0.399      -888888.0      -888888.0
     0     0
PUNTA_NEGRA                                -31.51920   -68.81780   800.00000 2026-07-31 09:25:00     1
     1     1        294.450         23.000      90500.000         -0.382          0.546      -888888.0      -888888.0
     0     0
PUNTA_NEGRA                                -31.51920   -68.81780   800.00000 2026-07-31 09:30:00     1
     1     1        294.550         21.000      90500.000          0.621          1.273      -888888.0      -888888.0
     0     0
PUNTA_NEGRA                                -31.51920   -68.81780   800.00000 2026-07-31 09:35:00     1
     1     1        294.850         21.000      90500.000          0.669         -0.887      -888888.0      -888888.0
     0     0
PUNTA_NEGRA                                -31.51920   -68.81780   800.00000 2026-07-31 09:40:00     1
     1     1        295.150         20.000      90490.000          1.023         -0.434      -888888.0      -888888.0
     0     0
PUNTA_NEGRA                                -31.51920   -68.81780   800.00000 2026-07-31 09:45:00     1
     1     1        295.150         20.000      90500.000          1.659         -1.718      -888888.0      -888888.0
     0     0
PUNTA_NEGRA                                -31.51920   -68.81780   800.00000 2026-07-31 09:50:00     1
     1     1        295.350         19.000      90510.000          1.422         -2.190      -888888.0      -888888.0
     0     0
PUNTA_NEGRA                                -31.51920   -68.81780   800.00000 2026-07-31 09:55:00     1
     1     1        295.350         19.000      90510.000          1.885         -1.178      -888888.0      -888888.0
     0     0
PUNTA_NEGRA                                -31.51920   -68.81780   800.00000 2026-07-31 10:00:00     1
     1     1        295.450         19.000      90500.000          2.250         -2.026      -888888.0      -888888.0
     0     0
PUNTA_NEGRA                                -31.51920   -68.81780   800.00000 2026-07-31 10:05:00     1
     1     1        295.550         19.000      90490.000          2.187         -1.212      -888888.0      -888888.0
     0     0
PUNTA_NEGRA                                -31.51920   -68.81780   800.00000 2026-07-31 10:10:00     1
     1     1        295.750         19.000      90500.000          1.948         -1.522      -888888.0      -888888.0
     0     0
PUNTA_NEGRA                                -31.51920   -68.81780   800.00000 2026-07-31 10:15:00     1
     1     1        295.850         19.000      90520.000          3.064         -3.064      -888888.0      -888888.0
     0     0
PUNTA_NEGRA                                -31.51920   -68.81780   800.00000 2026-07-31 10:20:00     1
     1     1        295.650         19.000      90500.000          3.327         -0.647      -888888.0      -888888.0
     0     0
PUNTA_NEGRA                                -31.51920   -68.81780   800.00000 2026-07-31 10:25:00     1
     1     1        295.750         19.000      90490.000          1.932         -1.207      -888888.0      -888888.0
     0     0
PUNTA_NEGRA                                -31.51920   -68.81780   800.00000 2026-07-31 10:30:00     1
     1     1        295.950         18.000      90480.000          1.470         -0.077      -888888.0      -888888.0
     0     0
PUNTA_NEGRA                                -31.51920   -68.81780   800.00000 2026-07-31 10:35:00     1
     1     1        295.950         18.000      90480.000          1.817         -1.180      -888888.0      -888888.0
     0     0
PUNTA_NEGRA                                -31.51920   -68.81780   800.00000 2026-07-31 10:40:00     1
     1     1        295.950         18.000      90460.000          2.167         -0.343      -888888.0      -888888.0
     0     0
PUNTA_NEGRA                                -31.51920   -68.81780   800.00000 2026-07-31 10:45:00     1
     1     1        296.150         18.000      90450.000          1.528          0.027      -888888.0      -888888.0
     0     0
PUNTA_NEGRA                                -31.51920   -68.81780   800.00000 2026-07-31 10:50:00     1
     1     1        296.350         18.000      90440.000          1.299          0.750      -888888.0      -888888.0
     0     0
PUNTA_NEGRA                                -31.51920   -68.81780   800.00000 2026-07-31 10:55:00     1
     1     1        296.150         18.000      90420.000          3.071         -1.432      -888888.0      -888888.0
     0     0
PUNTA_NEGRA                                -31.51920   -68.81780   800.00000 2026-07-31 11:00:00     1
     1     1        296.350         17.000      90420.000          2.027         -1.316      -888888.0      -888888.0
     0     0
PUNTA_NEGRA                                -31.51920   -68.81780   800.00000 2026-07-31 11:05:00     1
     1     1        296.350         17.000      90420.000          2.761         -0.637      -888888.0      -888888.0
     0     0
PUNTA_NEGRA                                -31.51920   -68.81780   800.00000 2026-07-31 11:10:00     1
     1     1        296.550         17.000      90410.000          1.009         -1.291      -888888.0      -888888.0
     0     0
PUNTA_NEGRA                                -31.51920   -68.81780   800.00000 2026-07-31 11:15:00     1
     1     1        296.950         17.000      90420.000          1.992         -1.104      -888888.0      -888888.0
     0     0
PUNTA_NEGRA                                -31.51920   -68.81780   800.00000 2026-07-31 11:20:00     1
     1     1        296.650         18.000      90430.000          1.865         -0.642      -888888.0      -888888.0
     0     0
PUNTA_NEGRA                                -31.51920   -68.81780   800.00000 2026-07-31 11:25:00     1
     1     1        296.650         18.000      90430.000          1.545         -0.822      -888888.0      -888888.0
     0     0
PUNTA_NEGRA                                -31.51920   -68.81780   800.00000 2026-07-31 11:30:00     1
     1     1        296.550         18.000      90420.000          0.833          0.777      -888888.0      -888888.0
     0     0
PUNTA_NEGRA                                -31.51920   -68.81780   800.00000 2026-07-31 11:35:00     1
     1     1        297.250         18.000      90420.000         -0.610          0.032      -888888.0      -888888.0
     0     0
PUNTA_NEGRA                                -31.51920   -68.81780   800.00000 2026-07-31 11:40:00     1
     1     1        297.350         19.000      90440.000          0.319          1.380      -888888.0      -888888.0
     0     0
PUNTA_NEGRA                                -31.51920   -68.81780   800.00000 2026-07-31 11:45:00     1
     1     1        296.950         19.000      90450.000          1.385          0.646      -888888.0      -888888.0
     0     0
PUNTA_NEGRA                                -31.51920   -68.81780   800.00000 2026-07-31 11:50:00     1
     1     1        296.850         20.000      90440.000          2.065          2.138      -888888.0      -888888.0
     0     0
PUNTA_NEGRA                                -31.51920   -68.81780   800.00000 2026-07-31 11:55:00     1
     1     1        296.550         19.000      90430.000          0.627          1.723      -888888.0      -888888.0
     0     0
PUNTA_NEGRA                                -31.51920   -68.81780   800.00000 2026-07-31 12:00:00     1
     1     1        296.750         19.000      90430.000          0.833          0.501      -888888.0      -888888.0
     0     0
PUNTA_NEGRA                                -31.51920   -68.81780   800.00000 2026-07-31 12:05:00     1
     1     1        297.450         18.000      90430.000          1.520          1.025      -888888.0      -888888.0
     0     0
PUNTA_NEGRA                                -31.51920   -68.81780   800.00000 2026-07-31 12:10:00     1
     1     1        297.350         18.000      90430.000          1.141          0.438      -888888.0      -888888.0
     0     0
PUNTA_NEGRA                                -31.51920   -68.81780   800.00000 2026-07-31 12:15:00     1
     1     1        297.450         17.000      90430.000          1.494          0.318      -888888.0      -888888.0
     0     0
PUNTA_NEGRA                                -31.51920   -68.81780   800.00000 2026-07-31 12:20:00     1
     1     1        297.450         17.000      90440.000          1.619          0.256      -888888.0      -888888.0
     0     0
PUNTA_NEGRA                                -31.51920   -68.81780   800.00000 2026-07-31 12:25:00     1
     1     1        297.450         17.000      90430.000          1.440          0.306      -888888.0      -888888.0
     0     0
PUNTA_NEGRA                                -31.51920   -68.81780   800.00000 2026-07-31 12:30:00     1
     1     1        298.250         16.000      90420.000          0.820          0.664      -888888.0      -888888.0
     0     0
PUNTA_NEGRA                                -31.51920   -68.81780   800.00000 2026-07-31 12:35:00     1
     1     1        298.250         17.000      90420.000          2.962         -0.630      -888888.0      -888888.0
     0     0
PUNTA_NEGRA                                -31.51920   -68.81780   800.00000 2026-07-31 12:40:00     1
     1     1        297.750         17.000      90410.000          1.641          1.329      -888888.0      -888888.0
     0     0
PUNTA_NEGRA                                -31.51920   -68.81780   800.00000 2026-07-31 12:45:00     1
     1     1        298.450         17.000      90430.000          1.426         -0.548      -888888.0      -888888.0
     0     0
PUNTA_NEGRA                                -31.51920   -68.81780   800.00000 2026-07-31 12:50:00     1
     1     1        298.250         17.000      90410.000          1.048          0.681      -888888.0      -888888.0
     0     0
PUNTA_NEGRA                                -31.51920   -68.81780   800.00000 2026-07-31 12:55:00     1
     1     1        298.850         17.000      90420.000         -0.265          1.363      -888888.0      -888888.0
     0     0
PUNTA_NEGRA                                -31.51920   -68.81780   800.00000 2026-07-31 13:00:00     1
     1     1        298.650         17.000      90410.000          0.625          0.745      -888888.0      -888888.0
     0     0
PUNTA_NEGRA                                -31.51920   -68.81780   800.00000 2026-07-31 13:05:00     1
     1     1        298.750         17.000      90410.000          1.092          0.765      -888888.0      -888888.0
     0     0
PUNTA_NEGRA                                -31.51920   -68.81780   800.00000 2026-07-31 13:10:00     1
     1     1        298.250         18.000      90410.000         -0.722          1.251      -888888.0      -888888.0
     0     0
PUNTA_NEGRA                                -31.51920   -68.81780   800.00000 2026-07-31 13:15:00     1
     1     1        298.350         17.000      90430.000          1.202          0.345      -888888.0      -888888.0
     0     0
PUNTA_NEGRA                                -31.51920   -68.81780   800.00000 2026-07-31 13:20:00     1
     1     1        298.250         18.000      90450.000          0.289          1.159      -888888.0      -888888.0
     0     0
PUNTA_NEGRA                                -31.51920   -68.81780   800.00000 2026-07-31 13:25:00     1
     1     1        297.950         18.000      90440.000         -0.270          1.391      -888888.0      -888888.0
     0     0
PUNTA_NEGRA                                -31.51920   -68.81780   800.00000 2026-07-31 13:30:00     1
     1     1        298.550         17.000      90450.000          1.334          0.622      -888888.0      -888888.0
     0     0
PUNTA_NEGRA                                -31.51920   -68.81780   800.00000 2026-07-31 13:35:00     1
     1     1        298.550         17.000      90460.000          1.020         -0.273      -888888.0      -888888.0
     0     0
PUNTA_NEGRA                                -31.51920   -68.81780   800.00000 2026-07-31 13:40:00     1
     1     1        298.350         17.000      90490.000          1.865         -0.642      -888888.0      -888888.0
     0     0
PUNTA_NEGRA                                -31.51920   -68.81780   800.00000 2026-07-31 13:45:00     1
     1     1        298.650         17.000      90470.000          0.957          1.531      -888888.0      -888888.0
     0     0
PUNTA_NEGRA                                -31.51920   -68.81780   800.00000 2026-07-31 13:50:00     1
     1     1        298.650         17.000      90470.000          1.079         -0.094      -888888.0      -888888.0
     0     0
PUNTA_NEGRA                                -31.51920   -68.81780   800.00000 2026-07-31 13:55:00     1
     1     1        298.550         18.000      90480.000          1.685         -0.177      -888888.0      -888888.0
     0     0
PUNTA_NEGRA                                -31.51920   -68.81780   800.00000 2026-07-31 14:00:00     1
     1     1        298.650         18.000      90470.000          1.225         -1.685      -888888.0      -888888.0
     0     0
PUNTA_NEGRA                                -31.51920   -68.81780   800.00000 2026-07-31 14:05:00     1
     1     1        298.350         18.000      90470.000          1.708         -0.986      -888888.0      -888888.0
     0     0
PUNTA_NEGRA                                -31.51920   -68.81780   800.00000 2026-07-31 14:10:00     1
     1     1        298.350         19.000      90460.000          1.241          0.152      -888888.0      -888888.0
     0     0
PUNTA_NEGRA                                -31.51920   -68.81780   800.00000 2026-07-31 14:15:00     1
     1     1        298.550         18.000      90470.000          1.825         -0.489      -888888.0      -888888.0
     0     0
PUNTA_NEGRA                                -31.51920   -68.81780   800.00000 2026-07-31 14:20:00     1
     1     1        298.050         19.000      90470.000          1.124          0.816      -888888.0      -888888.0
     0     0
PUNTA_NEGRA                                -31.51920   -68.81780   800.00000 2026-07-31 14:25:00     1
     1     1        297.950         19.000      90480.000          1.709          0.210      -888888.0      -888888.0
     0     0
PUNTA_NEGRA                                -31.51920   -68.81780   800.00000 2026-07-31 14:30:00     1
     1     1        298.050         19.000      90480.000          1.231          0.217      -888888.0      -888888.0
     0     0
PUNTA_NEGRA                                -31.51920   -68.81780   800.00000 2026-07-31 14:35:00     1
     1     1        297.950         19.000      90500.000          1.044         -0.380      -888888.0      -888888.0
     0     0
PUNTA_NEGRA                                -31.51920   -68.81780   800.00000 2026-07-31 14:40:00     1
     1     1        297.950         19.000      90520.000          1.423          0.756      -888888.0      -888888.0
     0     0
PUNTA_NEGRA                                -31.51920   -68.81780   800.00000 2026-07-31 14:45:00     1
     1     1        297.350         20.000      90500.000          1.181          2.422      -888888.0      -888888.0
     0     0
PUNTA_NEGRA                                -31.51920   -68.81780   800.00000 2026-07-31 14:50:00     1
     1     1        296.950         21.000      90520.000          1.641          1.192      -888888.0      -888888.0
     0     0
PUNTA_NEGRA                                -31.51920   -68.81780   800.00000 2026-07-31 14:55:00     1
     1     1        296.950         21.000      90500.000         -0.131          1.494      -888888.0      -888888.0
     0     0
PUNTA_NEGRA                                -31.51920   -68.81780   800.00000 2026-07-31 15:00:00     1
     1     1        296.250         22.000      90510.000          0.946          2.464      -888888.0      -888888.0
     0     0
PUNTA_NEGRA                                -31.51920   -68.81780   800.00000 2026-07-31 15:05:00     1
     1     1        296.150         21.000      90540.000         -1.663          2.662      -888888.0      -888888.0
     0     0
PUNTA_NEGRA                                -31.51920   -68.81780   800.00000 2026-07-31 15:10:00     1
     1     1        296.050         21.000      90560.000          0.377          3.591      -888888.0      -888888.0
     0     0
PUNTA_NEGRA                                -31.51920   -68.81780   800.00000 2026-07-31 15:15:00     1
     1     1        296.650         20.000      90590.000          1.331          1.003      -888888.0      -888888.0
     0     0
PUNTA_NEGRA                                -31.51920   -68.81780   800.00000 2026-07-31 15:20:00     1
     1     1        296.350         20.000      90580.000          2.374          1.789      -888888.0      -888888.0
     0     0
PUNTA_NEGRA                                -31.51920   -68.81780   800.00000 2026-07-31 15:25:00     1
     1     1        296.450         20.000      90610.000          0.956          0.669      -888888.0      -888888.0
     0     0
PUNTA_NEGRA                                -31.51920   -68.81780   800.00000 2026-07-31 15:30:00     1
     1     1        296.450         19.000      90630.000         -1.753          1.274      -888888.0      -888888.0
     0     0
PUNTA_NEGRA                                -31.51920   -68.81780   800.00000 2026-07-31 15:35:00     1
     1     1        296.750         19.000      90640.000         -0.162          1.323      -888888.0      -888888.0
     0     0
PUNTA_NEGRA                                -31.51920   -68.81780   800.00000 2026-07-31 15:40:00     1
     1     1        296.350         19.000      90650.000         -1.825          0.489      -888888.0      -888888.0
     0     0
PUNTA_NEGRA                                -31.51920   -68.81780   800.00000 2026-07-31 15:45:00     1
     1     1        296.450         18.000      90650.000          1.776         -0.791      -888888.0      -888888.0
     0     0
PUNTA_NEGRA                                -31.51920   -68.81780   800.00000 2026-07-31 15:50:00     1
     1     1        296.350         19.000      90640.000          0.973          1.619      -888888.0      -888888.0
     0     0
PUNTA_NEGRA                                -31.51920   -68.81780   800.00000 2026-07-31 15:55:00     1
     1     1        296.050         19.000      90630.000         -2.097          1.362      -888888.0      -888888.0
     0     0
PUNTA_NEGRA                                -31.51920   -68.81780   800.00000 2026-07-31 16:00:00     1
     1     1        296.050         19.000      90640.000         -1.939          0.593      -888888.0      -888888.0
     0     0
PUNTA_NEGRA                                -31.51920   -68.81780   800.00000 2026-07-31 16:05:00     1
     1     1        296.050         19.000      90630.000          1.892          0.803      -888888.0      -888888.0
     0     0
PUNTA_NEGRA                                -31.51920   -68.81780   800.00000 2026-07-31 16:10:00     1
     1     1        296.050         19.000      90590.000         -1.421          1.635      -888888.0      -888888.0
     0     0
PUNTA_NEGRA                                -31.51920   -68.81780   800.00000 2026-07-31 16:15:00     1
     1     1        295.550         18.000      90590.000          1.991          0.387      -888888.0      -888888.0
     0     0
PUNTA_NEGRA                                -31.51920   -68.81780   800.00000 2026-07-31 16:20:00     1
     1     1        295.950         16.000      90630.000          1.608         -1.986      -888888.0      -888888.0
     0     0
PUNTA_NEGRA                                -31.51920   -68.81780   800.00000 2026-07-31 16:25:00     1
     1     1        295.650         17.000      90660.000         -0.261          2.989      -888888.0      -888888.0
     0     0
PUNTA_NEGRA                                -31.51920   -68.81780   800.00000 2026-07-31 16:30:00     1
     1     1        295.550         17.000      90680.000         -1.717          0.913      -888888.0      -888888.0
     0     0
PUNTA_NEGRA                                -31.51920   -68.81780   800.00000 2026-07-31 16:35:00     1
     1     1        295.450         16.000      90660.000          1.521          1.878      -888888.0      -888888.0
     0     0
PUNTA_NEGRA                                -31.51920   -68.81780   800.00000 2026-07-31 16:40:00     1
     1     1        295.150         15.000      90640.000         -2.565          2.849      -888888.0      -888888.0
     0     0
PUNTA_NEGRA                                -31.51920   -68.81780   800.00000 2026-07-31 16:45:00     1
     1     1        295.350         16.000      90660.000          2.258          0.690      -888888.0      -888888.0
     0     0
PUNTA_NEGRA                                -31.51920   -68.81780   800.00000 2026-07-31 16:50:00     1
     1     1        295.250         15.000      90630.000          1.159          1.596      -888888.0      -888888.0
     0     0
PUNTA_NEGRA                                -31.51920   -68.81780   800.00000 2026-07-31 16:55:00     1
     1     1        294.950         15.000      90630.000          1.202          0.345      -888888.0      -888888.0
     0     0
PUNTA_NEGRA                                -31.51920   -68.81780   800.00000 2026-07-31 17:00:00     1
     1     1        294.950         15.000      90650.000          1.905         -0.694      -888888.0      -888888.0
     0     0
PUNTA_NEGRA                                -31.51920   -68.81780   800.00000 2026-07-31 17:05:00     1
     1     1        294.850         15.000      90680.000         -0.424          1.583      -888888.0      -888888.0
     0     0
PUNTA_NEGRA                                -31.51920   -68.81780   800.00000 2026-07-31 17:10:00     1
     1     1        294.850         15.000      90710.000          2.309          1.333      -888888.0      -888888.0
     0     0
PUNTA_NEGRA                                -31.51920   -68.81780   800.00000 2026-07-31 17:15:00     1
     1     1        294.550         15.000      90710.000         -0.332          2.366      -888888.0      -888888.0
     0     0
PUNTA_NEGRA                                -31.51920   -68.81780   800.00000 2026-07-31 17:20:00     1
     1     1        294.550         14.000      90710.000          2.421          0.978      -888888.0      -888888.0
     0     0
PUNTA_NEGRA                                -31.51920   -68.81780   800.00000 2026-07-31 17:25:00     1
     1     1        294.550         13.000      90730.000          1.426          1.239      -888888.0      -888888.0
     0     0
PUNTA_NEGRA                                -31.51920   -68.81780   800.00000 2026-07-31 17:30:00     1
     1     1        294.450         13.000      90750.000         -2.111          0.487      -888888.0      -888888.0
     0     0
PUNTA_NEGRA                                -31.51920   -68.81780   800.00000 2026-07-31 17:35:00     1
     1     1        294.450         13.000      90780.000          0.922          0.802      -888888.0      -888888.0
     0     0
PUNTA_NEGRA                                -31.51920   -68.81780   800.00000 2026-07-31 17:40:00     1
     1     1        294.350         13.000      90800.000          0.431          1.610      -888888.0      -888888.0
     0     0
PUNTA_NEGRA                                -31.51920   -68.81780   800.00000 2026-07-31 17:45:00     1
     1     1        294.150         14.000      90810.000         -0.018          1.028      -888888.0      -888888.0
     0     0
PUNTA_NEGRA                                -31.51920   -68.81780   800.00000 2026-07-31 17:50:00     1
     1     1        293.850         14.000      90830.000          0.805          0.805      -888888.0      -888888.0
     0     0
PUNTA_NEGRA                                -31.51920   -68.81780   800.00000 2026-07-31 17:55:00     1
     1     1        293.850         14.000      90840.000         -1.225         -1.887      -888888.0      -888888.0
     0     0
PUNTA_NEGRA                                -31.51920   -68.81780   800.00000 2026-07-31 18:00:00     1
     1     1        293.850         14.000      90840.000          1.214          1.554      -888888.0      -888888.0
     0     0
PUNTA_NEGRA                                -31.51920   -68.81780   800.00000 2026-07-31 18:05:00     1
     1     1        293.750         15.000      90860.000          0.474          2.991      -888888.0      -888888.0
     0     0
PUNTA_NEGRA                                -31.51920   -68.81780   800.00000 2026-07-31 18:10:00     1
     1     1        293.550         15.000      90860.000         -0.900          1.692      -888888.0      -888888.0
     0     0
PUNTA_NEGRA                                -31.51920   -68.81780   800.00000 2026-07-31 18:15:00     1
     1     1        293.450         16.000      90850.000         -2.178          2.103      -888888.0      -888888.0
     0     0
PUNTA_NEGRA                                -31.51920   -68.81780   800.00000 2026-07-31 18:20:00     1
     1     1        293.450         15.000      90870.000         -0.450          2.119      -888888.0      -888888.0
     0     0
PUNTA_NEGRA                                -31.51920   -68.81780   800.00000 2026-07-31 18:25:00     1
     1     1        293.450         16.000      90870.000          2.054          1.786      -888888.0      -888888.0
     0     0
PUNTA_NEGRA                                -31.51920   -68.81780   800.00000 2026-07-31 18:30:00     1
     1     1        293.250         16.000      90880.000          2.390          2.078      -888888.0      -888888.0
     0     0
PUNTA_NEGRA                                -31.51920   -68.81780   800.00000 2026-07-31 18:35:00     1
     1     1        293.350         16.000      90880.000         -0.080          4.555      -888888.0      -888888.0
     0     0
PUNTA_NEGRA                                -31.51920   -68.81780   800.00000 2026-07-31 18:40:00     1
     1     1        293.350         16.000      90890.000         -2.165         -1.250      -888888.0      -888888.0
     0     0
PUNTA_NEGRA                                -31.51920   -68.81780   800.00000 2026-07-31 18:45:00     1
     1     1        293.150         16.000      90930.000          2.372          1.600      -888888.0      -888888.0
     0     0
PUNTA_NEGRA                                -31.51920   -68.81780   800.00000 2026-07-31 18:50:00     1
     1     1        293.250         16.000      90940.000         -1.653          2.863      -888888.0      -888888.0
     0     0
PUNTA_NEGRA                                -31.51920   -68.81780   800.00000 2026-07-31 18:55:00     1
     1     1        293.050         16.000      90950.000         -0.228          2.601      -888888.0      -888888.0
     0     0
PUNTA_NEGRA                                -31.51920   -68.81780   800.00000 2026-07-31 19:00:00     1
     1     1        292.850         17.000      90940.000          1.481          2.672      -888888.0      -888888.0
     0     0
PUNTA_NEGRA                                -31.51920   -68.81780   800.00000 2026-07-31 19:05:00     1
     1     1        292.950         17.000      90980.000         -2.845         -1.036      -888888.0      -888888.0
     0     0
PUNTA_NEGRA                                -31.51920   -68.81780   800.00000 2026-07-31 19:10:00     1
     1     1        292.750         17.000      90990.000          0.886          1.176      -888888.0      -888888.0
     0     0
PUNTA_NEGRA                                -31.51920   -68.81780   800.00000 2026-07-31 19:15:00     1
     1     1        292.550         17.000      90980.000          0.598          0.127      -888888.0      -888888.0
     0     0
PUNTA_NEGRA                                -31.51920   -68.81780   800.00000 2026-07-31 19:20:00     1
     1     1        292.350         16.000      91010.000          0.230          0.859      -888888.0      -888888.0
     0     0
PUNTA_NEGRA                                -31.51920   -68.81780   800.00000 2026-07-31 19:25:00     1
     1     1        292.350         16.000      91010.000          0.159          0.903      -888888.0      -888888.0
     0     0
PUNTA_NEGRA                                -31.51920   -68.81780   800.00000 2026-07-31 19:30:00     1
     1     1        292.150         16.000      91010.000          0.617          0.518      -888888.0      -888888.0
     0     0
PUNTA_NEGRA                                -31.51920   -68.81780   800.00000 2026-07-31 19:35:00     1
     1     1        291.850         16.000      91020.000         -0.729          0.839      -888888.0      -888888.0
     0     0
PUNTA_NEGRA                                -31.51920   -68.81780   800.00000 2026-07-31 19:40:00     1
     1     1        291.950         16.000      91030.000          0.456          0.730      -888888.0      -888888.0
     0     0
PUNTA_NEGRA                                -31.51920   -68.81780   800.00000 2026-07-31 19:45:00     1
     1     1        291.750         16.000      91030.000         -0.755         -0.352      -888888.0      -888888.0
     0     0
PUNTA_NEGRA                                -31.51920   -68.81780   800.00000 2026-07-31 19:50:00     1
     1     1        291.750         16.000      91050.000         -0.335          0.478      -888888.0      -888888.0
     0     0
PUNTA_NEGRA                                -31.51920   -68.81780   800.00000 2026-07-31 19:55:00     1
     1     1        291.550         16.000      91040.000          0.525         -1.523      -888888.0      -888888.0
     0     0
PUNTA_NEGRA                                -31.51920   -68.81780   800.00000 2026-07-31 20:00:00     1
     1     1        291.650         17.000      91070.000          0.110          0.516      -888888.0      -888888.0
     0     0
PUNTA_NEGRA                                -31.51920   -68.81780   800.00000 2026-07-31 20:05:00     1
     1     1        291.350         18.000      91090.000         -0.016          0.222      -888888.0      -888888.0
     0     0
PUNTA_NEGRA                                -31.51920   -68.81780   800.00000 2026-07-31 20:10:00     1
     1     1        291.250         17.000      91080.000         -0.028          0.527      -888888.0      -888888.0
     0     0
PUNTA_NEGRA                                -31.51920   -68.81780   800.00000 2026-07-31 20:15:00     1
     1     1        291.350         17.000      91090.000          0.118          0.341      -888888.0      -888888.0
     0     0
PUNTA_NEGRA                                -31.51920   -68.81780   800.00000 2026-07-31 20:20:00     1
     1     1        291.450         17.000      91100.000          0.378          0.985      -888888.0      -888888.0
     0     0
PUNTA_NEGRA                                -31.51920   -68.81780   800.00000 2026-07-31 20:25:00     1
     1     1        291.450         17.000      91090.000          0.563          0.239      -888888.0      -888888.0
     0     0
PUNTA_NEGRA                                -31.51920   -68.81780   800.00000 2026-07-31 20:30:00     1
     1     1        291.050         17.000      91090.000          0.241          0.188      -888888.0      -888888.0
     0     0
PUNTA_NEGRA                                -31.51920   -68.81780   800.00000 2026-07-31 20:35:00     1
     1     1        290.750         18.000      91100.000          0.638          0.195      -888888.0      -888888.0
     0     0
PUNTA_NEGRA                                -31.51920   -68.81780   800.00000 2026-07-31 20:40:00     1
     1     1        290.350         18.000      91110.000          0.354          0.354      -888888.0      -888888.0
     0     0
PUNTA_NEGRA                                -31.51920   -68.81780   800.00000 2026-07-31 20:45:00     1
     1     1        290.750         16.000      91100.000          0.451         -0.599      -888888.0      -888888.0
     0     0
PUNTA_NEGRA                                -31.51920   -68.81780   800.00000 2026-07-31 20:50:00     1
     1     1        291.150         16.000      91120.000          0.239          0.306      -888888.0      -888888.0
     0     0
PUNTA_NEGRA                                -31.51920   -68.81780   800.00000 2026-07-31 20:55:00     1
     1     1        290.950         16.000      91150.000          1.045         -0.147      -888888.0      -888888.0
     0     0
PUNTA_NEGRA                                -31.51920   -68.81780   800.00000 2026-07-31 21:00:00     1
     1     1        290.950         16.000      91160.000          0.660          0.215      -888888.0      -888888.0
     0     0
PUNTA_NEGRA                                -31.51920   -68.81780   800.00000 2026-07-31 21:05:00     1
     1     1        291.250         15.000      91150.000          0.936         -1.242      -888888.0      -888888.0
     0     0
PUNTA_NEGRA                                -31.51920   -68.81780   800.00000 2026-07-31 21:10:00     1
     1     1        291.750         15.000      91110.000          0.619          0.315      -888888.0      -888888.0
     0     0
PUNTA_NEGRA                                -31.51920   -68.81780   800.00000 2026-07-31 21:15:00     1
     1     1        291.550         15.000      91120.000          1.494          0.318      -888888.0      -888888.0
     0     0
PUNTA_NEGRA                                -31.51920   -68.81780   800.00000 2026-07-31 21:20:00     1
     1     1        291.550         15.000      91100.000          0.350         -0.170      -888888.0      -888888.0
     0     0
PUNTA_NEGRA                                -31.51920   -68.81780   800.00000 2026-07-31 21:25:00     1
     1     1        291.050         16.000      91100.000          0.113          0.223      -888888.0      -888888.0
     0     0
PUNTA_NEGRA                                -31.51920   -68.81780   800.00000 2026-07-31 21:30:00     1
     1     1        290.550         17.000      91130.000          0.058          0.300      -888888.0      -888888.0
     0     0
PUNTA_NEGRA                                -31.51920   -68.81780   800.00000 2026-07-31 21:35:00     1
     1     1        290.250         17.000      91140.000         -0.093          0.061      -888888.0      -888888.0
     0     0
PUNTA_NEGRA                                -31.51920   -68.81780   800.00000 2026-07-31 21:40:00     1
     1     1        290.150         17.000      91140.000          0.485         -0.121      -888888.0      -888888.0
     0     0
PUNTA_NEGRA                                -31.51920   -68.81780   800.00000 2026-07-31 21:45:00     1
     1     1        290.250         17.000      91140.000          0.355          0.158      -888888.0      -888888.0
     0     0
PUNTA_NEGRA                                -31.51920   -68.81780   800.00000 2026-07-31 21:50:00     1
     1     1        289.950         18.000      91140.000          0.667         -0.012      -888888.0      -888888.0
     0     0
PUNTA_NEGRA                                -31.51920   -68.81780   800.00000 2026-07-31 21:55:00     1
     1     1        290.350         16.000      91150.000          0.827         -0.102      -888888.0      -888888.0
     0     0
PUNTA_NEGRA                                -31.51920   -68.81780   800.00000 2026-07-31 22:00:00     1
     1     1        291.050         16.000      91140.000          0.774          0.377      -888888.0      -888888.0
     0     0
PUNTA_NEGRA                                -31.51920   -68.81780   800.00000 2026-07-31 22:05:00     1
     1     1        291.050         17.000      91140.000          0.117          0.252      -888888.0      -888888.0
     0     0
PUNTA_NEGRA                                -31.51920   -68.81780   800.00000 2026-07-31 22:10:00     1
     1     1        290.650         18.000      91180.000          0.393          0.468      -888888.0      -888888.0
     0     0
PUNTA_NEGRA                                -31.51920   -68.81780   800.00000 2026-07-31 22:15:00     1
     1     1        290.450         18.000      91200.000         -0.391          0.736      -888888.0      -888888.0
     0     0
PUNTA_NEGRA                                -31.51920   -68.81780   800.00000 2026-07-31 22:20:00     1
     1     1        289.750         18.000      91210.000          0.135          0.766      -888888.0      -888888.0
     0     0
PUNTA_NEGRA                                -31.51920   -68.81780   800.00000 2026-07-31 22:25:00     1
     1     1        289.950         18.000      91220.000          0.302         -0.048      -888888.0      -888888.0
     0     0
PUNTA_NEGRA                                -31.51920   -68.81780   800.00000 2026-07-31 22:30:00     1
     1     1        289.550         19.000      91220.000          0.478          0.223      -888888.0      -888888.0
     0     0
PUNTA_NEGRA                                -31.51920   -68.81780   800.00000 2026-07-31 22:35:00     1
     1     1        289.450         18.000      91210.000          0.339          0.404      -888888.0      -888888.0
     0     0
PUNTA_NEGRA                                -31.51920   -68.81780   800.00000 2026-07-31 22:40:00     1
     1     1        290.150         17.000      91230.000          0.207          0.721      -888888.0      -888888.0
     0     0
PUNTA_NEGRA                                -31.51920   -68.81780   800.00000 2026-07-31 22:45:00     1
     1     1        290.050         19.000      91250.000          0.489          0.198      -888888.0      -888888.0
     0     0
PUNTA_NEGRA                                -31.51920   -68.81780   800.00000 2026-07-31 22:50:00     1
     1     1        289.950         19.000      91260.000          0.851          0.135      -888888.0      -888888.0
     0     0
PUNTA_NEGRA                                -31.51920   -68.81780   800.00000 2026-07-31 23:00:00     1
     1     1        289.450         19.000      91270.000          0.665          0.047      -888888.0      -888888.0
     0     0
PUNTA_NEGRA                                -31.51920   -68.81780   800.00000 2026-07-31 23:05:00     1
     1     1        290.150         18.000      91280.000          0.604          0.489      -888888.0      -888888.0
     0     0
PUNTA_NEGRA                                -31.51920   -68.81780   800.00000 2026-07-31 23:10:00     1
     1     1        290.250         18.000      91260.000          0.469          0.058      -888888.0      -888888.0
     0     0
PUNTA_NEGRA                                -31.51920   -68.81780   800.00000 2026-07-31 23:15:00     1
     1     1        289.950         18.000      91260.000          0.895          0.559      -888888.0      -888888.0
     0     0
PUNTA_NEGRA                                -31.51920   -68.81780   800.00000 2026-07-31 23:20:00     1
     1     1        290.250         17.000      91260.000          0.697          0.506      -888888.0      -888888.0
     0     0
PUNTA_NEGRA                                -31.51920   -68.81780   800.00000 2026-07-31 23:25:00     1
     1     1        290.050         18.000      91270.000          0.792          0.514      -888888.0      -888888.0
     0     0
PUNTA_NEGRA                                -31.51920   -68.81780   800.00000 2026-07-31 23:30:00     1
     1     1        289.850         18.000      91260.000          0.394          0.308      -888888.0      -888888.0
     0     0
PUNTA_NEGRA                                -31.51920   -68.81780   800.00000 2026-07-31 23:35:00     1
     1     1        289.650         18.000      91270.000          0.377          0.328      -888888.0      -888888.0
     0     0
PUNTA_NEGRA                                -31.51920   -68.81780   800.00000 2026-07-31 23:40:00     1
     1     1        289.650         18.000      91270.000          1.111         -0.019      -888888.0      -888888.0
     0     0
PUNTA_NEGRA                                -31.51920   -68.81780   800.00000 2026-07-31 23:45:00     1
     1     1        289.950         17.000      91280.000          0.511          0.511      -888888.0      -888888.0
     0     0
PUNTA_NEGRA                                -31.51920   -68.81780   800.00000 2026-07-31 23:50:00     1
     1     1        289.850         18.000      91280.000          0.200          0.231      -888888.0      -888888.0
     0     0
PUNTA_NEGRA                                -31.51920   -68.81780   800.00000 2026-07-31 23:55:00     1
     1     1        289.050         19.000      91270.000          0.147          0.202      -888888.0      -888888.0
     0     0
INTA_SANMARTIN                             -31.50000   -68.25000   600.00000 2026-07-31 00:00:00     1
     1     1    -888888.000    -888888.000      93880.000    -888888.000    -888888.000      -888888.0      -888888.0
     0     0
INTA_SANMARTIN                             -31.50000   -68.25000   600.00000 2026-07-31 00:05:00     1
     1     1    -888888.000    -888888.000      93880.000    -888888.000    -888888.000      -888888.0      -888888.0
     0     0
INTA_SANMARTIN                             -31.50000   -68.25000   600.00000 2026-07-31 00:10:00     1
     1     1    -888888.000    -888888.000      93880.000    -888888.000    -888888.000      -888888.0      -888888.0
     0     0
INTA_SANMARTIN                             -31.50000   -68.25000   600.00000 2026-07-31 00:15:00     1
     1     1    -888888.000    -888888.000      93880.000    -888888.000    -888888.000      -888888.0      -888888.0
     0     0
INTA_SANMARTIN                             -31.50000   -68.25000   600.00000 2026-07-31 00:20:00     1
     1     1    -888888.000    -888888.000      93880.000    -888888.000    -888888.000      -888888.0      -888888.0
     0     0
INTA_SANMARTIN                             -31.50000   -68.25000   600.00000 2026-07-31 00:25:00     1
     1     1    -888888.000    -888888.000      93880.000    -888888.000    -888888.000      -888888.0      -888888.0
     0     0
INTA_SANMARTIN                             -31.50000   -68.25000   600.00000 2026-07-31 00:30:00     1
     1     1    -888888.000    -888888.000      93860.000    -888888.000    -888888.000      -888888.0      -888888.0
     0     0
INTA_SANMARTIN                             -31.50000   -68.25000   600.00000 2026-07-31 00:35:00     1
     1     1    -888888.000    -888888.000      93880.000    -888888.000    -888888.000      -888888.0      -888888.0
     0     0
INTA_SANMARTIN                             -31.50000   -68.25000   600.00000 2026-07-31 00:40:00     1
     1     1    -888888.000    -888888.000      93860.000    -888888.000    -888888.000      -888888.0      -888888.0
     0     0
INTA_SANMARTIN                             -31.50000   -68.25000   600.00000 2026-07-31 00:45:00     1
     1     1    -888888.000    -888888.000      93870.000    -888888.000    -888888.000      -888888.0      -888888.0
     0     0
INTA_SANMARTIN                             -31.50000   -68.25000   600.00000 2026-07-31 00:50:00     1
     1     1    -888888.000    -888888.000      93870.000    -888888.000    -888888.000      -888888.0      -888888.0
     0     0
INTA_SANMARTIN                             -31.50000   -68.25000   600.00000 2026-07-31 00:55:00     1
     1     1    -888888.000    -888888.000      93870.000    -888888.000    -888888.000      -888888.0      -888888.0
     0     0
INTA_SANMARTIN                             -31.50000   -68.25000   600.00000 2026-07-31 01:00:00     1
     1     1    -888888.000    -888888.000      93870.000    -888888.000    -888888.000      -888888.0      -888888.0
     0     0
INTA_SANMARTIN                             -31.50000   -68.25000   600.00000 2026-07-31 01:05:00     1
     1     1    -888888.000    -888888.000      93860.000    -888888.000    -888888.000      -888888.0      -888888.0
     0     0
INTA_SANMARTIN                             -31.50000   -68.25000   600.00000 2026-07-31 01:10:00     1
     1     1    -888888.000    -888888.000      93850.000    -888888.000    -888888.000      -888888.0      -888888.0
     0     0
INTA_SANMARTIN                             -31.50000   -68.25000   600.00000 2026-07-31 01:15:00     1
     1     1    -888888.000    -888888.000      93850.000    -888888.000    -888888.000      -888888.0      -888888.0
     0     0
INTA_SANMARTIN                             -31.50000   -68.25000   600.00000 2026-07-31 01:20:00     1
     1     1    -888888.000    -888888.000      93850.000    -888888.000    -888888.000      -888888.0      -888888.0
     0     0
INTA_SANMARTIN                             -31.50000   -68.25000   600.00000 2026-07-31 01:25:00     1
     1     1    -888888.000    -888888.000      93820.000    -888888.000    -888888.000      -888888.0      -888888.0
     0     0
INTA_SANMARTIN                             -31.50000   -68.25000   600.00000 2026-07-31 01:30:00     1
     1     1    -888888.000    -888888.000      93820.000    -888888.000    -888888.000      -888888.0      -888888.0
     0     0
INTA_SANMARTIN                             -31.50000   -68.25000   600.00000 2026-07-31 01:35:00     1
     1     1    -888888.000    -888888.000      93810.000    -888888.000    -888888.000      -888888.0      -888888.0
     0     0
INTA_SANMARTIN                             -31.50000   -68.25000   600.00000 2026-07-31 01:40:00     1
     1     1    -888888.000    -888888.000      93780.000    -888888.000    -888888.000      -888888.0      -888888.0
     0     0
INTA_SANMARTIN                             -31.50000   -68.25000   600.00000 2026-07-31 01:45:00     1
     1     1    -888888.000    -888888.000      93770.000    -888888.000    -888888.000      -888888.0      -888888.0
     0     0
INTA_SANMARTIN                             -31.50000   -68.25000   600.00000 2026-07-31 01:50:00     1
     1     1    -888888.000    -888888.000      93750.000    -888888.000    -888888.000      -888888.0      -888888.0
     0     0
INTA_SANMARTIN                             -31.50000   -68.25000   600.00000 2026-07-31 01:55:00     1
     1     1    -888888.000    -888888.000      93770.000    -888888.000    -888888.000      -888888.0      -888888.0
     0     0
INTA_SANMARTIN                             -31.50000   -68.25000   600.00000 2026-07-31 02:00:00     1
     1     1    -888888.000    -888888.000      93750.000    -888888.000    -888888.000      -888888.0      -888888.0
     0     0
INTA_SANMARTIN                             -31.50000   -68.25000   600.00000 2026-07-31 02:05:00     1
     1     1    -888888.000    -888888.000      93740.000    -888888.000    -888888.000      -888888.0      -888888.0
     0     0
INTA_SANMARTIN                             -31.50000   -68.25000   600.00000 2026-07-31 02:10:00     1
     1     1    -888888.000    -888888.000      93730.000    -888888.000    -888888.000      -888888.0      -888888.0
     0     0
INTA_SANMARTIN                             -31.50000   -68.25000   600.00000 2026-07-31 02:15:00     1
     1     1    -888888.000    -888888.000      93720.000    -888888.000    -888888.000      -888888.0      -888888.0
     0     0
INTA_SANMARTIN                             -31.50000   -68.25000   600.00000 2026-07-31 02:20:00     1
     1     1    -888888.000    -888888.000      93710.000    -888888.000    -888888.000      -888888.0      -888888.0
     0     0
INTA_SANMARTIN                             -31.50000   -68.25000   600.00000 2026-07-31 02:25:00     1
     1     1    -888888.000    -888888.000      93700.000    -888888.000    -888888.000      -888888.0      -888888.0
     0     0
INTA_SANMARTIN                             -31.50000   -68.25000   600.00000 2026-07-31 02:30:00     1
     1     1    -888888.000    -888888.000      93700.000    -888888.000    -888888.000      -888888.0      -888888.0
     0     0
INTA_SANMARTIN                             -31.50000   -68.25000   600.00000 2026-07-31 02:35:00     1
     1     1    -888888.000    -888888.000      93700.000    -888888.000    -888888.000      -888888.0      -888888.0
     0     0
INTA_SANMARTIN                             -31.50000   -68.25000   600.00000 2026-07-31 02:40:00     1
     1     1    -888888.000    -888888.000      93680.000    -888888.000    -888888.000      -888888.0      -888888.0
     0     0
INTA_SANMARTIN                             -31.50000   -68.25000   600.00000 2026-07-31 02:45:00     1
     1     1    -888888.000    -888888.000      93690.000    -888888.000    -888888.000      -888888.0      -888888.0
     0     0
INTA_SANMARTIN                             -31.50000   -68.25000   600.00000 2026-07-31 02:50:00     1
     1     1    -888888.000    -888888.000      93670.000    -888888.000    -888888.000      -888888.0      -888888.0
     0     0
INTA_SANMARTIN                             -31.50000   -68.25000   600.00000 2026-07-31 02:55:00     1
     1     1    -888888.000    -888888.000      93670.000    -888888.000    -888888.000      -888888.0      -888888.0
     0     0
INTA_SANMARTIN                             -31.50000   -68.25000   600.00000 2026-07-31 03:00:00     1
     1     1    -888888.000    -888888.000      93670.000    -888888.000    -888888.000      -888888.0      -888888.0
     0     0
INTA_SANMARTIN                             -31.50000   -68.25000   600.00000 2026-07-31 03:05:00     1
     1     1    -888888.000    -888888.000      93670.000    -888888.000    -888888.000      -888888.0      -888888.0
     0     0
INTA_SANMARTIN                             -31.50000   -68.25000   600.00000 2026-07-31 03:10:00     1
     1     1    -888888.000    -888888.000      93670.000    -888888.000    -888888.000      -888888.0      -888888.0
     0     0
INTA_SANMARTIN                             -31.50000   -68.25000   600.00000 2026-07-31 03:15:00     1
     1     1    -888888.000    -888888.000      93680.000    -888888.000    -888888.000      -888888.0      -888888.0
     0     0
INTA_SANMARTIN                             -31.50000   -68.25000   600.00000 2026-07-31 03:20:00     1
     1     1    -888888.000    -888888.000      93670.000    -888888.000    -888888.000      -888888.0      -888888.0
     0     0
INTA_SANMARTIN                             -31.50000   -68.25000   600.00000 2026-07-31 03:25:00     1
     1     1    -888888.000    -888888.000      93680.000    -888888.000    -888888.000      -888888.0      -888888.0
     0     0
INTA_SANMARTIN                             -31.50000   -68.25000   600.00000 2026-07-31 03:30:00     1
     1     1    -888888.000    -888888.000      93670.000    -888888.000    -888888.000      -888888.0      -888888.0
     0     0
INTA_SANMARTIN                             -31.50000   -68.25000   600.00000 2026-07-31 03:35:00     1
     1     1    -888888.000    -888888.000      93670.000    -888888.000    -888888.000      -888888.0      -888888.0
     0     0
INTA_SANMARTIN                             -31.50000   -68.25000   600.00000 2026-07-31 03:40:00     1
     1     1    -888888.000    -888888.000      93680.000    -888888.000    -888888.000      -888888.0      -888888.0
     0     0
INTA_SANMARTIN                             -31.50000   -68.25000   600.00000 2026-07-31 03:45:00     1
     1     1    -888888.000    -888888.000      93670.000    -888888.000    -888888.000      -888888.0      -888888.0
     0     0
INTA_SANMARTIN                             -31.50000   -68.25000   600.00000 2026-07-31 03:50:00     1
     1     1    -888888.000    -888888.000      93670.000    -888888.000    -888888.000      -888888.0      -888888.0
     0     0
INTA_SANMARTIN                             -31.50000   -68.25000   600.00000 2026-07-31 03:55:00     1
     1     1    -888888.000    -888888.000      93650.000    -888888.000    -888888.000      -888888.0      -888888.0
     0     0
INTA_SANMARTIN                             -31.50000   -68.25000   600.00000 2026-07-31 04:00:00     1
     1     1    -888888.000    -888888.000      93640.000    -888888.000    -888888.000      -888888.0      -888888.0
     0     0
INTA_SANMARTIN                             -31.50000   -68.25000   600.00000 2026-07-31 04:05:00     1
     1     1    -888888.000    -888888.000      93640.000    -888888.000    -888888.000      -888888.0      -888888.0
     0     0
INTA_SANMARTIN                             -31.50000   -68.25000   600.00000 2026-07-31 04:10:00     1
     1     1    -888888.000    -888888.000      93640.000    -888888.000    -888888.000      -888888.0      -888888.0
     0     0
INTA_SANMARTIN                             -31.50000   -68.25000   600.00000 2026-07-31 04:15:00     1
     1     1    -888888.000    -888888.000      93630.000    -888888.000    -888888.000      -888888.0      -888888.0
     0     0
INTA_SANMARTIN                             -31.50000   -68.25000   600.00000 2026-07-31 04:20:00     1
     1     1    -888888.000    -888888.000      93650.000    -888888.000    -888888.000      -888888.0      -888888.0
     0     0
INTA_SANMARTIN                             -31.50000   -68.25000   600.00000 2026-07-31 04:25:00     1
     1     1    -888888.000    -888888.000      93630.000    -888888.000    -888888.000      -888888.0      -888888.0
     0     0
INTA_SANMARTIN                             -31.50000   -68.25000   600.00000 2026-07-31 04:30:00     1
     1     1    -888888.000    -888888.000      93630.000    -888888.000    -888888.000      -888888.0      -888888.0
     0     0
INTA_SANMARTIN                             -31.50000   -68.25000   600.00000 2026-07-31 04:35:00     1
     1     1    -888888.000    -888888.000      93640.000    -888888.000    -888888.000      -888888.0      -888888.0
     0     0
INTA_SANMARTIN                             -31.50000   -68.25000   600.00000 2026-07-31 04:40:00     1
     1     1    -888888.000    -888888.000      93650.000    -888888.000    -888888.000      -888888.0      -888888.0
     0     0
INTA_SANMARTIN                             -31.50000   -68.25000   600.00000 2026-07-31 04:45:00     1
     1     1    -888888.000    -888888.000      93660.000    -888888.000    -888888.000      -888888.0      -888888.0
     0     0
INTA_SANMARTIN                             -31.50000   -68.25000   600.00000 2026-07-31 04:50:00     1
     1     1    -888888.000    -888888.000      93660.000    -888888.000    -888888.000      -888888.0      -888888.0
     0     0
INTA_SANMARTIN                             -31.50000   -68.25000   600.00000 2026-07-31 04:55:00     1
     1     1    -888888.000    -888888.000      93650.000    -888888.000    -888888.000      -888888.0      -888888.0
     0     0
INTA_SANMARTIN                             -31.50000   -68.25000   600.00000 2026-07-31 05:00:00     1
     1     1    -888888.000    -888888.000      93660.000    -888888.000    -888888.000      -888888.0      -888888.0
     0     0
INTA_SANMARTIN                             -31.50000   -68.25000   600.00000 2026-07-31 05:05:00     1
     1     1    -888888.000    -888888.000      93670.000    -888888.000    -888888.000      -888888.0      -888888.0
     0     0
INTA_SANMARTIN                             -31.50000   -68.25000   600.00000 2026-07-31 05:10:00     1
     1     1    -888888.000    -888888.000      93680.000    -888888.000    -888888.000      -888888.0      -888888.0
     0     0
INTA_SANMARTIN                             -31.50000   -68.25000   600.00000 2026-07-31 05:15:00     1
     1     1    -888888.000    -888888.000      93690.000    -888888.000    -888888.000      -888888.0      -888888.0
     0     0
INTA_SANMARTIN                             -31.50000   -68.25000   600.00000 2026-07-31 05:20:00     1
     1     1    -888888.000    -888888.000      93690.000    -888888.000    -888888.000      -888888.0      -888888.0
     0     0
INTA_SANMARTIN                             -31.50000   -68.25000   600.00000 2026-07-31 05:25:00     1
     1     1    -888888.000    -888888.000      93700.000    -888888.000    -888888.000      -888888.0      -888888.0
     0     0
INTA_SANMARTIN                             -31.50000   -68.25000   600.00000 2026-07-31 05:30:00     1
     1     1    -888888.000    -888888.000      93700.000    -888888.000    -888888.000      -888888.0      -888888.0
     0     0
INTA_SANMARTIN                             -31.50000   -68.25000   600.00000 2026-07-31 05:35:00     1
     1     1    -888888.000    -888888.000      93710.000    -888888.000    -888888.000      -888888.0      -888888.0
     0     0
INTA_SANMARTIN                             -31.50000   -68.25000   600.00000 2026-07-31 05:40:00     1
     1     1    -888888.000    -888888.000      93700.000    -888888.000    -888888.000      -888888.0      -888888.0
     0     0
INTA_SANMARTIN                             -31.50000   -68.25000   600.00000 2026-07-31 05:45:00     1
     1     1    -888888.000    -888888.000      93710.000    -888888.000    -888888.000      -888888.0      -888888.0
     0     0
INTA_SANMARTIN                             -31.50000   -68.25000   600.00000 2026-07-31 05:50:00     1
     1     1    -888888.000    -888888.000      93710.000    -888888.000    -888888.000      -888888.0      -888888.0
     0     0
INTA_SANMARTIN                             -31.50000   -68.25000   600.00000 2026-07-31 05:55:00     1
     1     1    -888888.000    -888888.000      93710.000    -888888.000    -888888.000      -888888.0      -888888.0
     0     0
INTA_SANMARTIN                             -31.50000   -68.25000   600.00000 2026-07-31 06:00:00     1
     1     1    -888888.000    -888888.000      93710.000    -888888.000    -888888.000      -888888.0      -888888.0
     0     0
INTA_SANMARTIN                             -31.50000   -68.25000   600.00000 2026-07-31 06:05:00     1
     1     1    -888888.000    -888888.000      93710.000    -888888.000    -888888.000      -888888.0      -888888.0
     0     0
INTA_SANMARTIN                             -31.50000   -68.25000   600.00000 2026-07-31 06:10:00     1
     1     1    -888888.000    -888888.000      93720.000    -888888.000    -888888.000      -888888.0      -888888.0
     0     0
INTA_SANMARTIN                             -31.50000   -68.25000   600.00000 2026-07-31 06:15:00     1
     1     1    -888888.000    -888888.000      93700.000    -888888.000    -888888.000      -888888.0      -888888.0
     0     0
INTA_SANMARTIN                             -31.50000   -68.25000   600.00000 2026-07-31 06:20:00     1
     1     1    -888888.000    -888888.000      93710.000    -888888.000    -888888.000      -888888.0      -888888.0
     0     0
INTA_SANMARTIN                             -31.50000   -68.25000   600.00000 2026-07-31 06:25:00     1
     1     1    -888888.000    -888888.000      93690.000    -888888.000    -888888.000      -888888.0      -888888.0
     0     0
INTA_SANMARTIN                             -31.50000   -68.25000   600.00000 2026-07-31 06:30:00     1
     1     1    -888888.000    -888888.000      93720.000    -888888.000    -888888.000      -888888.0      -888888.0
     0     0
INTA_SANMARTIN                             -31.50000   -68.25000   600.00000 2026-07-31 06:35:00     1
     1     1    -888888.000    -888888.000      93730.000    -888888.000    -888888.000      -888888.0      -888888.0
     0     0
INTA_SANMARTIN                             -31.50000   -68.25000   600.00000 2026-07-31 06:40:00     1
     1     1    -888888.000    -888888.000      93730.000    -888888.000    -888888.000      -888888.0      -888888.0
     0     0
INTA_SANMARTIN                             -31.50000   -68.25000   600.00000 2026-07-31 06:45:00     1
     1     1    -888888.000    -888888.000      93720.000    -888888.000    -888888.000      -888888.0      -888888.0
     0     0
INTA_SANMARTIN                             -31.50000   -68.25000   600.00000 2026-07-31 06:50:00     1
     1     1    -888888.000    -888888.000      93740.000    -888888.000    -888888.000      -888888.0      -888888.0
     0     0
INTA_SANMARTIN                             -31.50000   -68.25000   600.00000 2026-07-31 06:55:00     1
     1     1    -888888.000    -888888.000      93770.000    -888888.000    -888888.000      -888888.0      -888888.0
     0     0
INTA_SANMARTIN                             -31.50000   -68.25000   600.00000 2026-07-31 07:00:00     1
     1     1    -888888.000    -888888.000      93770.000    -888888.000    -888888.000      -888888.0      -888888.0
     0     0
INTA_SANMARTIN                             -31.50000   -68.25000   600.00000 2026-07-31 07:05:00     1
     1     1    -888888.000    -888888.000      93750.000    -888888.000    -888888.000      -888888.0      -888888.0
     0     0
INTA_SANMARTIN                             -31.50000   -68.25000   600.00000 2026-07-31 07:10:00     1
     1     1    -888888.000    -888888.000      93770.000    -888888.000    -888888.000      -888888.0      -888888.0
     0     0
INTA_SANMARTIN                             -31.50000   -68.25000   600.00000 2026-07-31 07:15:00     1
     1     1    -888888.000    -888888.000      93780.000    -888888.000    -888888.000      -888888.0      -888888.0
     0     0
INTA_SANMARTIN                             -31.50000   -68.25000   600.00000 2026-07-31 07:20:00     1
     1     1    -888888.000    -888888.000      93760.000    -888888.000    -888888.000      -888888.0      -888888.0
     0     0
INTA_SANMARTIN                             -31.50000   -68.25000   600.00000 2026-07-31 07:25:00     1
     1     1    -888888.000    -888888.000      93780.000    -888888.000    -888888.000      -888888.0      -888888.0
     0     0
INTA_SANMARTIN                             -31.50000   -68.25000   600.00000 2026-07-31 07:30:00     1
     1     1    -888888.000    -888888.000      93800.000    -888888.000    -888888.000      -888888.0      -888888.0
     0     0
INTA_SANMARTIN                             -31.50000   -68.25000   600.00000 2026-07-31 07:35:00     1
     1     1    -888888.000    -888888.000      93850.000    -888888.000    -888888.000      -888888.0      -888888.0
     0     0
INTA_SANMARTIN                             -31.50000   -68.25000   600.00000 2026-07-31 07:40:00     1
     1     1    -888888.000    -888888.000      93850.000    -888888.000    -888888.000      -888888.0      -888888.0
     0     0
INTA_SANMARTIN                             -31.50000   -68.25000   600.00000 2026-07-31 07:45:00     1
     1     1    -888888.000    -888888.000      93830.000    -888888.000    -888888.000      -888888.0      -888888.0
     0     0
INTA_SANMARTIN                             -31.50000   -68.25000   600.00000 2026-07-31 07:50:00     1
     1     1    -888888.000    -888888.000      93820.000    -888888.000    -888888.000      -888888.0      -888888.0
     0     0
INTA_SANMARTIN                             -31.50000   -68.25000   600.00000 2026-07-31 07:55:00     1
     1     1    -888888.000    -888888.000      93820.000    -888888.000    -888888.000      -888888.0      -888888.0
     0     0
INTA_SANMARTIN                             -31.50000   -68.25000   600.00000 2026-07-31 08:00:00     1
     1     1    -888888.000    -888888.000      93830.000    -888888.000    -888888.000      -888888.0      -888888.0
     0     0
INTA_SANMARTIN                             -31.50000   -68.25000   600.00000 2026-07-31 08:05:00     1
     1     1    -888888.000    -888888.000      93870.000    -888888.000    -888888.000      -888888.0      -888888.0
     0     0
INTA_SANMARTIN                             -31.50000   -68.25000   600.00000 2026-07-31 08:10:00     1
     1     1    -888888.000    -888888.000      93870.000    -888888.000    -888888.000      -888888.0      -888888.0
     0     0
INTA_SANMARTIN                             -31.50000   -68.25000   600.00000 2026-07-31 08:15:00     1
     1     1    -888888.000    -888888.000      93880.000    -888888.000    -888888.000      -888888.0      -888888.0
     0     0
INTA_SANMARTIN                             -31.50000   -68.25000   600.00000 2026-07-31 08:20:00     1
     1     1    -888888.000    -888888.000      93910.000    -888888.000    -888888.000      -888888.0      -888888.0
     0     0
INTA_SANMARTIN                             -31.50000   -68.25000   600.00000 2026-07-31 08:25:00     1
     1     1    -888888.000    -888888.000      93870.000    -888888.000    -888888.000      -888888.0      -888888.0
     0     0
INTA_SANMARTIN                             -31.50000   -68.25000   600.00000 2026-07-31 08:30:00     1
     1     1    -888888.000    -888888.000      93900.000    -888888.000    -888888.000      -888888.0      -888888.0
     0     0
INTA_SANMARTIN                             -31.50000   -68.25000   600.00000 2026-07-31 08:35:00     1
     1     1    -888888.000    -888888.000      93910.000    -888888.000    -888888.000      -888888.0      -888888.0
     0     0
INTA_SANMARTIN                             -31.50000   -68.25000   600.00000 2026-07-31 08:40:00     1
     1     1    -888888.000    -888888.000      93870.000    -888888.000    -888888.000      -888888.0      -888888.0
     0     0
INTA_SANMARTIN                             -31.50000   -68.25000   600.00000 2026-07-31 08:45:00     1
     1     1    -888888.000    -888888.000      93880.000    -888888.000    -888888.000      -888888.0      -888888.0
     0     0
INTA_SANMARTIN                             -31.50000   -68.25000   600.00000 2026-07-31 08:50:00     1
     1     1    -888888.000    -888888.000      93870.000    -888888.000    -888888.000      -888888.0      -888888.0
     0     0
INTA_SANMARTIN                             -31.50000   -68.25000   600.00000 2026-07-31 08:55:00     1
     1     1    -888888.000    -888888.000      93870.000    -888888.000    -888888.000      -888888.0      -888888.0
     0     0
INTA_SANMARTIN                             -31.50000   -68.25000   600.00000 2026-07-31 09:00:00     1
     1     1    -888888.000    -888888.000      93900.000    -888888.000    -888888.000      -888888.0      -888888.0
     0     0
INTA_SANMARTIN                             -31.50000   -68.25000   600.00000 2026-07-31 09:05:00     1
     1     1    -888888.000    -888888.000      93890.000    -888888.000    -888888.000      -888888.0      -888888.0
     0     0
INTA_SANMARTIN                             -31.50000   -68.25000   600.00000 2026-07-31 09:10:00     1
     1     1    -888888.000    -888888.000      93890.000    -888888.000    -888888.000      -888888.0      -888888.0
     0     0
INTA_SANMARTIN                             -31.50000   -68.25000   600.00000 2026-07-31 09:15:00     1
     1     1    -888888.000    -888888.000      93890.000    -888888.000    -888888.000      -888888.0      -888888.0
     0     0
INTA_SANMARTIN                             -31.50000   -68.25000   600.00000 2026-07-31 09:20:00     1
     1     1    -888888.000    -888888.000      93870.000    -888888.000    -888888.000      -888888.0      -888888.0
     0     0
INTA_SANMARTIN                             -31.50000   -68.25000   600.00000 2026-07-31 09:25:00     1
     1     1    -888888.000    -888888.000      93880.000    -888888.000    -888888.000      -888888.0      -888888.0
     0     0
INTA_SANMARTIN                             -31.50000   -68.25000   600.00000 2026-07-31 09:30:00     1
     1     1    -888888.000    -888888.000      93880.000    -888888.000    -888888.000      -888888.0      -888888.0
     0     0
INTA_SANMARTIN                             -31.50000   -68.25000   600.00000 2026-07-31 09:35:00     1
     1     1    -888888.000    -888888.000      93900.000    -888888.000    -888888.000      -888888.0      -888888.0
     0     0
INTA_SANMARTIN                             -31.50000   -68.25000   600.00000 2026-07-31 09:40:00     1
     1     1    -888888.000    -888888.000      93900.000    -888888.000    -888888.000      -888888.0      -888888.0
     0     0
INTA_SANMARTIN                             -31.50000   -68.25000   600.00000 2026-07-31 09:45:00     1
     1     1    -888888.000    -888888.000      93900.000    -888888.000    -888888.000      -888888.0      -888888.0
     0     0
INTA_SANMARTIN                             -31.50000   -68.25000   600.00000 2026-07-31 09:50:00     1
     1     1    -888888.000    -888888.000      93900.000    -888888.000    -888888.000      -888888.0      -888888.0
     0     0
INTA_SANMARTIN                             -31.50000   -68.25000   600.00000 2026-07-31 09:55:00     1
     1     1    -888888.000    -888888.000      93880.000    -888888.000    -888888.000      -888888.0      -888888.0
     0     0
INTA_SANMARTIN                             -31.50000   -68.25000   600.00000 2026-07-31 10:00:00     1
     1     1    -888888.000    -888888.000      93900.000    -888888.000    -888888.000      -888888.0      -888888.0
     0     0
INTA_SANMARTIN                             -31.50000   -68.25000   600.00000 2026-07-31 10:05:00     1
     1     1    -888888.000    -888888.000      93880.000    -888888.000    -888888.000      -888888.0      -888888.0
     0     0
INTA_SANMARTIN                             -31.50000   -68.25000   600.00000 2026-07-31 10:10:00     1
     1     1    -888888.000    -888888.000      93860.000    -888888.000    -888888.000      -888888.0      -888888.0
     0     0
INTA_SANMARTIN                             -31.50000   -68.25000   600.00000 2026-07-31 10:15:00     1
     1     1    -888888.000    -888888.000      93860.000    -888888.000    -888888.000      -888888.0      -888888.0
     0     0
INTA_SANMARTIN                             -31.50000   -68.25000   600.00000 2026-07-31 10:20:00     1
     1     1    -888888.000    -888888.000      93860.000    -888888.000    -888888.000      -888888.0      -888888.0
     0     0
INTA_SANMARTIN                             -31.50000   -68.25000   600.00000 2026-07-31 10:25:00     1
     1     1    -888888.000    -888888.000      93870.000    -888888.000    -888888.000      -888888.0      -888888.0
     0     0
INTA_SANMARTIN                             -31.50000   -68.25000   600.00000 2026-07-31 10:30:00     1
     1     1    -888888.000    -888888.000      93850.000    -888888.000    -888888.000      -888888.0      -888888.0
     0     0
INTA_SANMARTIN                             -31.50000   -68.25000   600.00000 2026-07-31 10:35:00     1
     1     1    -888888.000    -888888.000      93860.000    -888888.000    -888888.000      -888888.0      -888888.0
     0     0
INTA_SANMARTIN                             -31.50000   -68.25000   600.00000 2026-07-31 10:40:00     1
     1     1    -888888.000    -888888.000      93840.000    -888888.000    -888888.000      -888888.0      -888888.0
     0     0
INTA_SANMARTIN                             -31.50000   -68.25000   600.00000 2026-07-31 10:45:00     1
     1     1    -888888.000    -888888.000      93850.000    -888888.000    -888888.000      -888888.0      -888888.0
     0     0
INTA_SANMARTIN                             -31.50000   -68.25000   600.00000 2026-07-31 10:50:00     1
     1     1    -888888.000    -888888.000      93840.000    -888888.000    -888888.000      -888888.0      -888888.0
     0     0
INTA_SANMARTIN                             -31.50000   -68.25000   600.00000 2026-07-31 10:55:00     1
     1     1    -888888.000    -888888.000      93840.000    -888888.000    -888888.000      -888888.0      -888888.0
     0     0
INTA_SANMARTIN                             -31.50000   -68.25000   600.00000 2026-07-31 11:00:00     1
     1     1    -888888.000    -888888.000      93840.000    -888888.000    -888888.000      -888888.0      -888888.0
     0     0
INTA_SANMARTIN                             -31.50000   -68.25000   600.00000 2026-07-31 11:05:00     1
     1     1    -888888.000    -888888.000      93830.000    -888888.000    -888888.000      -888888.0      -888888.0
     0     0
INTA_SANMARTIN                             -31.50000   -68.25000   600.00000 2026-07-31 11:10:00     1
     1     1    -888888.000    -888888.000      93800.000    -888888.000    -888888.000      -888888.0      -888888.0
     0     0
INTA_SANMARTIN                             -31.50000   -68.25000   600.00000 2026-07-31 11:15:00     1
     1     1    -888888.000    -888888.000      93790.000    -888888.000    -888888.000      -888888.0      -888888.0
     0     0
INTA_SANMARTIN                             -31.50000   -68.25000   600.00000 2026-07-31 11:20:00     1
     1     1    -888888.000    -888888.000      93790.000    -888888.000    -888888.000      -888888.0      -888888.0
     0     0
INTA_SANMARTIN                             -31.50000   -68.25000   600.00000 2026-07-31 11:25:00     1
     1     1    -888888.000    -888888.000      93770.000    -888888.000    -888888.000      -888888.0      -888888.0
     0     0
INTA_SANMARTIN                             -31.50000   -68.25000   600.00000 2026-07-31 11:30:00     1
     1     1    -888888.000    -888888.000      93770.000    -888888.000    -888888.000      -888888.0      -888888.0
     0     0
INTA_SANMARTIN                             -31.50000   -68.25000   600.00000 2026-07-31 11:35:00     1
     1     1    -888888.000    -888888.000      93750.000    -888888.000    -888888.000      -888888.0      -888888.0
     0     0
INTA_SANMARTIN                             -31.50000   -68.25000   600.00000 2026-07-31 11:40:00     1
     1     1    -888888.000    -888888.000      93730.000    -888888.000    -888888.000      -888888.0      -888888.0
     0     0
INTA_SANMARTIN                             -31.50000   -68.25000   600.00000 2026-07-31 11:45:00     1
     1     1    -888888.000    -888888.000      93740.000    -888888.000    -888888.000      -888888.0      -888888.0
     0     0
INTA_SANMARTIN                             -31.50000   -68.25000   600.00000 2026-07-31 11:50:00     1
     1     1    -888888.000    -888888.000      93750.000    -888888.000    -888888.000      -888888.0      -888888.0
     0     0
INTA_SANMARTIN                             -31.50000   -68.25000   600.00000 2026-07-31 11:55:00     1
     1     1    -888888.000    -888888.000      93740.000    -888888.000    -888888.000      -888888.0      -888888.0
     0     0
INTA_SANMARTIN                             -31.50000   -68.25000   600.00000 2026-07-31 12:00:00     1
     1     1    -888888.000    -888888.000      93720.000    -888888.000    -888888.000      -888888.0      -888888.0
     0     0
INTA_SANMARTIN                             -31.50000   -68.25000   600.00000 2026-07-31 12:05:00     1
     1     1    -888888.000    -888888.000      93710.000    -888888.000    -888888.000      -888888.0      -888888.0
     0     0
INTA_SANMARTIN                             -31.50000   -68.25000   600.00000 2026-07-31 12:10:00     1
     1     1    -888888.000    -888888.000      93700.000    -888888.000    -888888.000      -888888.0      -888888.0
     0     0
INTA_SANMARTIN                             -31.50000   -68.25000   600.00000 2026-07-31 12:15:00     1
     1     1    -888888.000    -888888.000      93720.000    -888888.000    -888888.000      -888888.0      -888888.0
     0     0
INTA_SANMARTIN                             -31.50000   -68.25000   600.00000 2026-07-31 12:20:00     1
     1     1    -888888.000    -888888.000      93730.000    -888888.000    -888888.000      -888888.0      -888888.0
     0     0
INTA_SANMARTIN                             -31.50000   -68.25000   600.00000 2026-07-31 12:25:00     1
     1     1    -888888.000    -888888.000      93730.000    -888888.000    -888888.000      -888888.0      -888888.0
     0     0
INTA_SANMARTIN                             -31.50000   -68.25000   600.00000 2026-07-31 12:30:00     1
     1     1    -888888.000    -888888.000      93710.000    -888888.000    -888888.000      -888888.0      -888888.0
     0     0
INTA_SANMARTIN                             -31.50000   -68.25000   600.00000 2026-07-31 12:35:00     1
     1     1    -888888.000    -888888.000      93710.000    -888888.000    -888888.000      -888888.0      -888888.0
     0     0
INTA_SANMARTIN                             -31.50000   -68.25000   600.00000 2026-07-31 12:40:00     1
     1     1    -888888.000    -888888.000      93710.000    -888888.000    -888888.000      -888888.0      -888888.0
     0     0
INTA_SANMARTIN                             -31.50000   -68.25000   600.00000 2026-07-31 12:45:00     1
     1     1    -888888.000    -888888.000      93710.000    -888888.000    -888888.000      -888888.0      -888888.0
     0     0
INTA_SANMARTIN                             -31.50000   -68.25000   600.00000 2026-07-31 12:50:00     1
     1     1    -888888.000    -888888.000      93700.000    -888888.000    -888888.000      -888888.0      -888888.0
     0     0
INTA_SANMARTIN                             -31.50000   -68.25000   600.00000 2026-07-31 12:55:00     1
     1     1    -888888.000    -888888.000      93690.000    -888888.000    -888888.000      -888888.0      -888888.0
     0     0
INTA_SANMARTIN                             -31.50000   -68.25000   600.00000 2026-07-31 13:00:00     1
     1     1    -888888.000    -888888.000      93690.000    -888888.000    -888888.000      -888888.0      -888888.0
     0     0
INTA_SANMARTIN                             -31.50000   -68.25000   600.00000 2026-07-31 13:05:00     1
     1     1    -888888.000    -888888.000      93710.000    -888888.000    -888888.000      -888888.0      -888888.0
     0     0
INTA_SANMARTIN                             -31.50000   -68.25000   600.00000 2026-07-31 13:10:00     1
     1     1    -888888.000    -888888.000      93710.000    -888888.000    -888888.000      -888888.0      -888888.0
     0     0
INTA_SANMARTIN                             -31.50000   -68.25000   600.00000 2026-07-31 13:15:00     1
     1     1    -888888.000    -888888.000      93720.000    -888888.000    -888888.000      -888888.0      -888888.0
     0     0
INTA_SANMARTIN                             -31.50000   -68.25000   600.00000 2026-07-31 13:20:00     1
     1     1    -888888.000    -888888.000      93730.000    -888888.000    -888888.000      -888888.0      -888888.0
     0     0
INTA_SANMARTIN                             -31.50000   -68.25000   600.00000 2026-07-31 13:25:00     1
     1     1    -888888.000    -888888.000      93740.000    -888888.000    -888888.000      -888888.0      -888888.0
     0     0
INTA_SANMARTIN                             -31.50000   -68.25000   600.00000 2026-07-31 13:30:00     1
     1     1    -888888.000    -888888.000      93730.000    -888888.000    -888888.000      -888888.0      -888888.0
     0     0
INTA_SANMARTIN                             -31.50000   -68.25000   600.00000 2026-07-31 13:35:00     1
     1     1    -888888.000    -888888.000      93740.000    -888888.000    -888888.000      -888888.0      -888888.0
     0     0
INTA_SANMARTIN                             -31.50000   -68.25000   600.00000 2026-07-31 13:40:00     1
     1     1    -888888.000    -888888.000      93720.000    -888888.000    -888888.000      -888888.0      -888888.0
     0     0
INTA_SANMARTIN                             -31.50000   -68.25000   600.00000 2026-07-31 13:45:00     1
     1     1    -888888.000    -888888.000      93720.000    -888888.000    -888888.000      -888888.0      -888888.0
     0     0
INTA_SANMARTIN                             -31.50000   -68.25000   600.00000 2026-07-31 13:50:00     1
     1     1    -888888.000    -888888.000      93730.000    -888888.000    -888888.000      -888888.0      -888888.0
     0     0
INTA_SANMARTIN                             -31.50000   -68.25000   600.00000 2026-07-31 13:55:00     1
     1     1    -888888.000    -888888.000      93720.000    -888888.000    -888888.000      -888888.0      -888888.0
     0     0
INTA_SANMARTIN                             -31.50000   -68.25000   600.00000 2026-07-31 14:00:00     1
     1     1    -888888.000    -888888.000      93720.000    -888888.000    -888888.000      -888888.0      -888888.0
     0     0
INTA_SANMARTIN                             -31.50000   -68.25000   600.00000 2026-07-31 14:05:00     1
     1     1    -888888.000    -888888.000      93720.000    -888888.000    -888888.000      -888888.0      -888888.0
     0     0
INTA_SANMARTIN                             -31.50000   -68.25000   600.00000 2026-07-31 14:10:00     1
     1     1    -888888.000    -888888.000      93720.000    -888888.000    -888888.000      -888888.0      -888888.0
     0     0
INTA_SANMARTIN                             -31.50000   -68.25000   600.00000 2026-07-31 14:15:00     1
     1     1    -888888.000    -888888.000      93740.000    -888888.000    -888888.000      -888888.0      -888888.0
     0     0
INTA_SANMARTIN                             -31.50000   -68.25000   600.00000 2026-07-31 14:20:00     1
     1     1    -888888.000    -888888.000      93720.000    -888888.000    -888888.000      -888888.0      -888888.0
     0     0
INTA_SANMARTIN                             -31.50000   -68.25000   600.00000 2026-07-31 14:25:00     1
     1     1    -888888.000    -888888.000      93720.000    -888888.000    -888888.000      -888888.0      -888888.0
     0     0
INTA_SANMARTIN                             -31.50000   -68.25000   600.00000 2026-07-31 14:30:00     1
     1     1    -888888.000    -888888.000      93720.000    -888888.000    -888888.000      -888888.0      -888888.0
     0     0
INTA_SANMARTIN                             -31.50000   -68.25000   600.00000 2026-07-31 14:35:00     1
     1     1    -888888.000    -888888.000      93730.000    -888888.000    -888888.000      -888888.0      -888888.0
     0     0
INTA_SANMARTIN                             -31.50000   -68.25000   600.00000 2026-07-31 14:40:00     1
     1     1    -888888.000    -888888.000      93730.000    -888888.000    -888888.000      -888888.0      -888888.0
     0     0
INTA_SANMARTIN                             -31.50000   -68.25000   600.00000 2026-07-31 14:45:00     1
     1     1    -888888.000    -888888.000      93740.000    -888888.000    -888888.000      -888888.0      -888888.0
     0     0
INTA_SANMARTIN                             -31.50000   -68.25000   600.00000 2026-07-31 14:50:00     1
     1     1    -888888.000    -888888.000      93740.000    -888888.000    -888888.000      -888888.0      -888888.0
     0     0
INTA_SANMARTIN                             -31.50000   -68.25000   600.00000 2026-07-31 14:55:00     1
     1     1    -888888.000    -888888.000      93760.000    -888888.000    -888888.000      -888888.0      -888888.0
     0     0
INTA_SANMARTIN                             -31.50000   -68.25000   600.00000 2026-07-31 15:00:00     1
     1     1    -888888.000    -888888.000      93780.000    -888888.000    -888888.000      -888888.0      -888888.0
     0     0
INTA_SANMARTIN                             -31.50000   -68.25000   600.00000 2026-07-31 15:05:00     1
     1     1    -888888.000    -888888.000      93800.000    -888888.000    -888888.000      -888888.0      -888888.0
     0     0
INTA_SANMARTIN                             -31.50000   -68.25000   600.00000 2026-07-31 15:10:00     1
     1     1    -888888.000    -888888.000      93810.000    -888888.000    -888888.000      -888888.0      -888888.0
     0     0
INTA_SANMARTIN                             -31.50000   -68.25000   600.00000 2026-07-31 15:25:00     1
     1     1    -888888.000    -888888.000      93860.000    -888888.000    -888888.000      -888888.0      -888888.0
     0     0
INTA_SANMARTIN                             -31.50000   -68.25000   600.00000 2026-07-31 15:30:00     1
     1     1    -888888.000    -888888.000      93860.000    -888888.000    -888888.000      -888888.0      -888888.0
     0     0
INTA_SANMARTIN                             -31.50000   -68.25000   600.00000 2026-07-31 15:35:00     1
     1     1    -888888.000    -888888.000      93890.000    -888888.000    -888888.000      -888888.0      -888888.0
     0     0
INTA_SANMARTIN                             -31.50000   -68.25000   600.00000 2026-07-31 15:40:00     1
     1     1    -888888.000    -888888.000      93890.000    -888888.000    -888888.000      -888888.0      -888888.0
     0     0
INTA_SANMARTIN                             -31.50000   -68.25000   600.00000 2026-07-31 15:45:00     1
     1     1    -888888.000    -888888.000      93910.000    -888888.000    -888888.000      -888888.0      -888888.0
     0     0
INTA_SANMARTIN                             -31.50000   -68.25000   600.00000 2026-07-31 15:50:00     1
     1     1    -888888.000    -888888.000      93930.000    -888888.000    -888888.000      -888888.0      -888888.0
     0     0
INTA_SANMARTIN                             -31.50000   -68.25000   600.00000 2026-07-31 15:55:00     1
     1     1    -888888.000    -888888.000      93950.000    -888888.000    -888888.000      -888888.0      -888888.0
     0     0
INTA_SANMARTIN                             -31.50000   -68.25000   600.00000 2026-07-31 16:00:00     1
     1     1    -888888.000    -888888.000      93970.000    -888888.000    -888888.000      -888888.0      -888888.0
     0     0
INTA_SANMARTIN                             -31.50000   -68.25000   600.00000 2026-07-31 16:05:00     1
     1     1    -888888.000    -888888.000      93980.000    -888888.000    -888888.000      -888888.0      -888888.0
     0     0
INTA_SANMARTIN                             -31.50000   -68.25000   600.00000 2026-07-31 16:10:00     1
     1     1    -888888.000    -888888.000      93990.000    -888888.000    -888888.000      -888888.0      -888888.0
     0     0
INTA_SANMARTIN                             -31.50000   -68.25000   600.00000 2026-07-31 16:15:00     1
     1     1    -888888.000    -888888.000      93990.000    -888888.000    -888888.000      -888888.0      -888888.0
     0     0
INTA_SANMARTIN                             -31.50000   -68.25000   600.00000 2026-07-31 16:20:00     1
     1     1    -888888.000    -888888.000      94010.000    -888888.000    -888888.000      -888888.0      -888888.0
     0     0
INTA_SANMARTIN                             -31.50000   -68.25000   600.00000 2026-07-31 16:25:00     1
     1     1    -888888.000    -888888.000      94020.000    -888888.000    -888888.000      -888888.0      -888888.0
     0     0
INTA_SANMARTIN                             -31.50000   -68.25000   600.00000 2026-07-31 16:30:00     1
     1     1    -888888.000    -888888.000      94030.000    -888888.000    -888888.000      -888888.0      -888888.0
     0     0
INTA_SANMARTIN                             -31.50000   -68.25000   600.00000 2026-07-31 16:35:00     1
     1     1    -888888.000    -888888.000      94030.000    -888888.000    -888888.000      -888888.0      -888888.0
     0     0
INTA_SANMARTIN                             -31.50000   -68.25000   600.00000 2026-07-31 16:40:00     1
     1     1    -888888.000    -888888.000      94040.000    -888888.000    -888888.000      -888888.0      -888888.0
     0     0
INTA_SANMARTIN                             -31.50000   -68.25000   600.00000 2026-07-31 16:45:00     1
     1     1    -888888.000    -888888.000      94050.000    -888888.000    -888888.000      -888888.0      -888888.0
     0     0
INTA_SANMARTIN                             -31.50000   -68.25000   600.00000 2026-07-31 16:50:00     1
     1     1    -888888.000    -888888.000      94070.000    -888888.000    -888888.000      -888888.0      -888888.0
     0     0
INTA_SANMARTIN                             -31.50000   -68.25000   600.00000 2026-07-31 16:55:00     1
     1     1    -888888.000    -888888.000      94080.000    -888888.000    -888888.000      -888888.0      -888888.0
     0     0
INTA_SANMARTIN                             -31.50000   -68.25000   600.00000 2026-07-31 17:00:00     1
     1     1    -888888.000    -888888.000      94090.000    -888888.000    -888888.000      -888888.0      -888888.0
     0     0
INTA_SANMARTIN                             -31.50000   -68.25000   600.00000 2026-07-31 17:05:00     1
     1     1    -888888.000    -888888.000      94110.000    -888888.000    -888888.000      -888888.0      -888888.0
     0     0
INTA_SANMARTIN                             -31.50000   -68.25000   600.00000 2026-07-31 17:10:00     1
     1     1    -888888.000    -888888.000      94120.000    -888888.000    -888888.000      -888888.0      -888888.0
     0     0
INTA_SANMARTIN                             -31.50000   -68.25000   600.00000 2026-07-31 17:15:00     1
     1     1    -888888.000    -888888.000      94140.000    -888888.000    -888888.000      -888888.0      -888888.0
     0     0
INTA_SANMARTIN                             -31.50000   -68.25000   600.00000 2026-07-31 17:20:00     1
     1     1    -888888.000    -888888.000      94140.000    -888888.000    -888888.000      -888888.0      -888888.0
     0     0
INTA_SANMARTIN                             -31.50000   -68.25000   600.00000 2026-07-31 17:25:00     1
     1     1    -888888.000    -888888.000      94140.000    -888888.000    -888888.000      -888888.0      -888888.0
     0     0
INTA_SANMARTIN                             -31.50000   -68.25000   600.00000 2026-07-31 17:30:00     1
     1     1    -888888.000    -888888.000      94140.000    -888888.000    -888888.000      -888888.0      -888888.0
     0     0
INTA_SANMARTIN                             -31.50000   -68.25000   600.00000 2026-07-31 17:35:00     1
     1     1    -888888.000    -888888.000      94170.000    -888888.000    -888888.000      -888888.0      -888888.0
     0     0
INTA_SANMARTIN                             -31.50000   -68.25000   600.00000 2026-07-31 17:40:00     1
     1     1    -888888.000    -888888.000      94150.000    -888888.000    -888888.000      -888888.0      -888888.0
     0     0
INTA_SANMARTIN                             -31.50000   -68.25000   600.00000 2026-07-31 17:45:00     1
     1     1    -888888.000    -888888.000      94170.000    -888888.000    -888888.000      -888888.0      -888888.0
     0     0
INTA_SANMARTIN                             -31.50000   -68.25000   600.00000 2026-07-31 17:50:00     1
     1     1    -888888.000    -888888.000      94160.000    -888888.000    -888888.000      -888888.0      -888888.0
     0     0
INTA_SANMARTIN                             -31.50000   -68.25000   600.00000 2026-07-31 17:55:00     1
     1     1    -888888.000    -888888.000      94180.000    -888888.000    -888888.000      -888888.0      -888888.0
     0     0
INTA_SANMARTIN                             -31.50000   -68.25000   600.00000 2026-07-31 18:00:00     1
     1     1    -888888.000    -888888.000      94180.000    -888888.000    -888888.000      -888888.0      -888888.0
     0     0
INTA_SANMARTIN                             -31.50000   -68.25000   600.00000 2026-07-31 18:05:00     1
     1     1    -888888.000    -888888.000      94210.000    -888888.000    -888888.000      -888888.0      -888888.0
     0     0
INTA_SANMARTIN                             -31.50000   -68.25000   600.00000 2026-07-31 18:10:00     1
     1     1    -888888.000    -888888.000      94220.000    -888888.000    -888888.000      -888888.0      -888888.0
     0     0
INTA_SANMARTIN                             -31.50000   -68.25000   600.00000 2026-07-31 18:15:00     1
     1     1    -888888.000    -888888.000      94230.000    -888888.000    -888888.000      -888888.0      -888888.0
     0     0
INTA_SANMARTIN                             -31.50000   -68.25000   600.00000 2026-07-31 18:20:00     1
     1     1    -888888.000    -888888.000      94230.000    -888888.000    -888888.000      -888888.0      -888888.0
     0     0
INTA_SANMARTIN                             -31.50000   -68.25000   600.00000 2026-07-31 18:25:00     1
     1     1    -888888.000    -888888.000      94240.000    -888888.000    -888888.000      -888888.0      -888888.0
     0     0
INTA_SANMARTIN                             -31.50000   -68.25000   600.00000 2026-07-31 18:30:00     1
     1     1    -888888.000    -888888.000      94230.000    -888888.000    -888888.000      -888888.0      -888888.0
     0     0
INTA_SANMARTIN                             -31.50000   -68.25000   600.00000 2026-07-31 18:35:00     1
     1     1    -888888.000    -888888.000      94240.000    -888888.000    -888888.000      -888888.0      -888888.0
     0     0
INTA_SANMARTIN                             -31.50000   -68.25000   600.00000 2026-07-31 18:40:00     1
     1     1    -888888.000    -888888.000      94250.000    -888888.000    -888888.000      -888888.0      -888888.0
     0     0
INTA_SANMARTIN                             -31.50000   -68.25000   600.00000 2026-07-31 18:45:00     1
     1     1    -888888.000    -888888.000      94260.000    -888888.000    -888888.000      -888888.0      -888888.0
     0     0
INTA_SANMARTIN                             -31.50000   -68.25000   600.00000 2026-07-31 18:50:00     1
     1     1    -888888.000    -888888.000      94250.000    -888888.000    -888888.000      -888888.0      -888888.0
     0     0
INTA_SANMARTIN                             -31.50000   -68.25000   600.00000 2026-07-31 18:55:00     1
     1     1    -888888.000    -888888.000      94260.000    -888888.000    -888888.000      -888888.0      -888888.0
     0     0
INTA_SANMARTIN                             -31.50000   -68.25000   600.00000 2026-07-31 19:00:00     1
     1     1    -888888.000    -888888.000      94260.000    -888888.000    -888888.000      -888888.0      -888888.0
     0     0
INTA_SANMARTIN                             -31.50000   -68.25000   600.00000 2026-07-31 19:05:00     1
     1     1    -888888.000    -888888.000      94280.000    -888888.000    -888888.000      -888888.0      -888888.0
     0     0
INTA_SANMARTIN                             -31.50000   -68.25000   600.00000 2026-07-31 19:10:00     1
     1     1    -888888.000    -888888.000      94290.000    -888888.000    -888888.000      -888888.0      -888888.0
     0     0
INTA_SANMARTIN                             -31.50000   -68.25000   600.00000 2026-07-31 19:15:00     1
     1     1    -888888.000    -888888.000      94300.000    -888888.000    -888888.000      -888888.0      -888888.0
     0     0
INTA_SANMARTIN                             -31.50000   -68.25000   600.00000 2026-07-31 19:20:00     1
     1     1    -888888.000    -888888.000      94310.000    -888888.000    -888888.000      -888888.0      -888888.0
     0     0
INTA_SANMARTIN                             -31.50000   -68.25000   600.00000 2026-07-31 19:25:00     1
     1     1    -888888.000    -888888.000      94320.000    -888888.000    -888888.000      -888888.0      -888888.0
     0     0
INTA_SANMARTIN                             -31.50000   -68.25000   600.00000 2026-07-31 19:30:00     1
     1     1    -888888.000    -888888.000      94350.000    -888888.000    -888888.000      -888888.0      -888888.0
     0     0
INTA_SANMARTIN                             -31.50000   -68.25000   600.00000 2026-07-31 19:35:00     1
     1     1    -888888.000    -888888.000      94360.000    -888888.000    -888888.000      -888888.0      -888888.0
     0     0
INTA_SANMARTIN                             -31.50000   -68.25000   600.00000 2026-07-31 19:40:00     1
     1     1    -888888.000    -888888.000      94370.000    -888888.000    -888888.000      -888888.0      -888888.0
     0     0
INTA_SANMARTIN                             -31.50000   -68.25000   600.00000 2026-07-31 19:45:00     1
     1     1    -888888.000    -888888.000      94390.000    -888888.000    -888888.000      -888888.0      -888888.0
     0     0
INTA_SANMARTIN                             -31.50000   -68.25000   600.00000 2026-07-31 19:50:00     1
     1     1    -888888.000    -888888.000      94390.000    -888888.000    -888888.000      -888888.0      -888888.0
     0     0
INTA_SANMARTIN                             -31.50000   -68.25000   600.00000 2026-07-31 19:55:00     1
     1     1    -888888.000    -888888.000      94410.000    -888888.000    -888888.000      -888888.0      -888888.0
     0     0
INTA_SANMARTIN                             -31.50000   -68.25000   600.00000 2026-07-31 20:00:00     1
     1     1    -888888.000    -888888.000      94420.000    -888888.000    -888888.000      -888888.0      -888888.0
     0     0
INTA_SANMARTIN                             -31.50000   -68.25000   600.00000 2026-07-31 20:05:00     1
     1     1    -888888.000    -888888.000      94440.000    -888888.000    -888888.000      -888888.0      -888888.0
     0     0
INTA_SANMARTIN                             -31.50000   -68.25000   600.00000 2026-07-31 20:10:00     1
     1     1    -888888.000    -888888.000      94430.000    -888888.000    -888888.000      -888888.0      -888888.0
     0     0
INTA_SANMARTIN                             -31.50000   -68.25000   600.00000 2026-07-31 20:15:00     1
     1     1    -888888.000    -888888.000      94440.000    -888888.000    -888888.000      -888888.0      -888888.0
     0     0
INTA_SANMARTIN                             -31.50000   -68.25000   600.00000 2026-07-31 20:20:00     1
     1     1    -888888.000    -888888.000      94440.000    -888888.000    -888888.000      -888888.0      -888888.0
     0     0
INTA_SANMARTIN                             -31.50000   -68.25000   600.00000 2026-07-31 20:25:00     1
     1     1    -888888.000    -888888.000      94430.000    -888888.000    -888888.000      -888888.0      -888888.0
     0     0
INTA_SANMARTIN                             -31.50000   -68.25000   600.00000 2026-07-31 20:30:00     1
     1     1    -888888.000    -888888.000      94420.000    -888888.000    -888888.000      -888888.0      -888888.0
     0     0
INTA_SANMARTIN                             -31.50000   -68.25000   600.00000 2026-07-31 20:35:00     1
     1     1    -888888.000    -888888.000      94440.000    -888888.000    -888888.000      -888888.0      -888888.0
     0     0
INTA_SANMARTIN                             -31.50000   -68.25000   600.00000 2026-07-31 20:40:00     1
     1     1    -888888.000    -888888.000      94430.000    -888888.000    -888888.000      -888888.0      -888888.0
     0     0
INTA_SANMARTIN                             -31.50000   -68.25000   600.00000 2026-07-31 20:45:00     1
     1     1    -888888.000    -888888.000      94430.000    -888888.000    -888888.000      -888888.0      -888888.0
     0     0
INTA_SANMARTIN                             -31.50000   -68.25000   600.00000 2026-07-31 20:50:00     1
     1     1    -888888.000    -888888.000      94430.000    -888888.000    -888888.000      -888888.0      -888888.0
     0     0
INTA_SANMARTIN                             -31.50000   -68.25000   600.00000 2026-07-31 20:55:00     1
     1     1    -888888.000    -888888.000      94440.000    -888888.000    -888888.000      -888888.0      -888888.0
     0     0
INTA_SANMARTIN                             -31.50000   -68.25000   600.00000 2026-07-31 21:00:00     1
     1     1    -888888.000    -888888.000      94430.000    -888888.000    -888888.000      -888888.0      -888888.0
     0     0
INTA_SANMARTIN                             -31.50000   -68.25000   600.00000 2026-07-31 21:05:00     1
     1     1    -888888.000    -888888.000      94440.000    -888888.000    -888888.000      -888888.0      -888888.0
     0     0
INTA_SANMARTIN                             -31.50000   -68.25000   600.00000 2026-07-31 21:10:00     1
     1     1    -888888.000    -888888.000      94410.000    -888888.000    -888888.000      -888888.0      -888888.0
     0     0
INTA_SANMARTIN                             -31.50000   -68.25000   600.00000 2026-07-31 21:15:00     1
     1     1    -888888.000    -888888.000      94390.000    -888888.000    -888888.000      -888888.0      -888888.0
     0     0
INTA_SANMARTIN                             -31.50000   -68.25000   600.00000 2026-07-31 21:20:00     1
     1     1    -888888.000    -888888.000      94360.000    -888888.000    -888888.000      -888888.0      -888888.0
     0     0
INTA_SANMARTIN                             -31.50000   -68.25000   600.00000 2026-07-31 21:25:00     1
     1     1    -888888.000    -888888.000      94350.000    -888888.000    -888888.000      -888888.0      -888888.0
     0     0
INTA_SANMARTIN                             -31.50000   -68.25000   600.00000 2026-07-31 21:30:00     1
     1     1    -888888.000    -888888.000      94380.000    -888888.000    -888888.000      -888888.0      -888888.0
     0     0
INTA_SANMARTIN                             -31.50000   -68.25000   600.00000 2026-07-31 21:35:00     1
     1     1    -888888.000    -888888.000      94410.000    -888888.000    -888888.000      -888888.0      -888888.0
     0     0
INTA_SANMARTIN                             -31.50000   -68.25000   600.00000 2026-07-31 21:40:00     1
     1     1    -888888.000    -888888.000      94460.000    -888888.000    -888888.000      -888888.0      -888888.0
     0     0
INTA_SANMARTIN                             -31.50000   -68.25000   600.00000 2026-07-31 21:45:00     1
     1     1    -888888.000    -888888.000      94510.000    -888888.000    -888888.000      -888888.0      -888888.0
     0     0
INTA_SANMARTIN                             -31.50000   -68.25000   600.00000 2026-07-31 21:50:00     1
     1     1    -888888.000    -888888.000      94550.000    -888888.000    -888888.000      -888888.0      -888888.0
     0     0
INTA_SANMARTIN                             -31.50000   -68.25000   600.00000 2026-07-31 21:55:00     1
     1     1    -888888.000    -888888.000      94570.000    -888888.000    -888888.000      -888888.0      -888888.0
     0     0
INTA_SANMARTIN                             -31.50000   -68.25000   600.00000 2026-07-31 22:00:00     1
     1     1    -888888.000    -888888.000      94590.000    -888888.000    -888888.000      -888888.0      -888888.0
     0     0
INTA_SANMARTIN                             -31.50000   -68.25000   600.00000 2026-07-31 22:05:00     1
     1     1    -888888.000    -888888.000      94610.000    -888888.000    -888888.000      -888888.0      -888888.0
     0     0
INTA_SANMARTIN                             -31.50000   -68.25000   600.00000 2026-07-31 22:10:00     1
     1     1    -888888.000    -888888.000      94610.000    -888888.000    -888888.000      -888888.0      -888888.0
     0     0
INTA_SANMARTIN                             -31.50000   -68.25000   600.00000 2026-07-31 22:15:00     1
     1     1    -888888.000    -888888.000      94600.000    -888888.000    -888888.000      -888888.0      -888888.0
     0     0
INTA_SANMARTIN                             -31.50000   -68.25000   600.00000 2026-07-31 22:20:00     1
     1     1    -888888.000    -888888.000      94590.000    -888888.000    -888888.000      -888888.0      -888888.0
     0     0
INTA_SANMARTIN                             -31.50000   -68.25000   600.00000 2026-07-31 22:25:00     1
     1     1    -888888.000    -888888.000      94630.000    -888888.000    -888888.000      -888888.0      -888888.0
     0     0
INTA_SANMARTIN                             -31.50000   -68.25000   600.00000 2026-07-31 22:30:00     1
     1     1    -888888.000    -888888.000      94620.000    -888888.000    -888888.000      -888888.0      -888888.0
     0     0
INTA_SANMARTIN                             -31.50000   -68.25000   600.00000 2026-07-31 22:35:00     1
     1     1    -888888.000    -888888.000      94600.000    -888888.000    -888888.000      -888888.0      -888888.0
     0     0
INTA_SANMARTIN                             -31.50000   -68.25000   600.00000 2026-07-31 22:40:00     1
     1     1    -888888.000    -888888.000      94620.000    -888888.000    -888888.000      -888888.0      -888888.0
     0     0
INTA_SANMARTIN                             -31.50000   -68.25000   600.00000 2026-07-31 22:45:00     1
     1     1    -888888.000    -888888.000      94620.000    -888888.000    -888888.000      -888888.0      -888888.0
     0     0
INTA_SANMARTIN                             -31.50000   -68.25000   600.00000 2026-07-31 22:50:00     1
     1     1    -888888.000    -888888.000      94600.000    -888888.000    -888888.000      -888888.0      -888888.0
     0     0
INTA_SANMARTIN                             -31.50000   -68.25000   600.00000 2026-07-31 22:55:00     1
     1     1    -888888.000    -888888.000      94620.000    -888888.000    -888888.000      -888888.0      -888888.0
     0     0
INTA_SANMARTIN                             -31.50000   -68.25000   600.00000 2026-07-31 23:00:00     1
     1     1    -888888.000    -888888.000      94620.000    -888888.000    -888888.000      -888888.0      -888888.0
     0     0
INTA_SANMARTIN                             -31.50000   -68.25000   600.00000 2026-07-31 23:05:00     1
     1     1    -888888.000    -888888.000      94620.000    -888888.000    -888888.000      -888888.0      -888888.0
     0     0
INTA_SANMARTIN                             -31.50000   -68.25000   600.00000 2026-07-31 23:10:00     1
     1     1    -888888.000    -888888.000      94600.000    -888888.000    -888888.000      -888888.0      -888888.0
     0     0
INTA_SANMARTIN                             -31.50000   -68.25000   600.00000 2026-07-31 23:15:00     1
     1     1    -888888.000    -888888.000      94590.000    -888888.000    -888888.000      -888888.0      -888888.0
     0     0
INTA_SANMARTIN                             -31.50000   -68.25000   600.00000 2026-07-31 23:20:00     1
     1     1    -888888.000    -888888.000      94590.000    -888888.000    -888888.000      -888888.0      -888888.0
     0     0
INTA_SANMARTIN                             -31.50000   -68.25000   600.00000 2026-07-31 23:25:00     1
     1     1    -888888.000    -888888.000      94590.000    -888888.000    -888888.000      -888888.0      -888888.0
     0     0
INTA_SANMARTIN                             -31.50000   -68.25000   600.00000 2026-07-31 23:30:00     1
     1     1    -888888.000    -888888.000      94600.000    -888888.000    -888888.000      -888888.0      -888888.0
     0     0
INTA_SANMARTIN                             -31.50000   -68.25000   600.00000 2026-07-31 23:35:00     1
     1     1    -888888.000    -888888.000      94620.000    -888888.000    -888888.000      -888888.0      -888888.0
     0     0
INTA_SANMARTIN                             -31.50000   -68.25000   600.00000 2026-07-31 23:40:00     1
     1     1    -888888.000    -888888.000      94620.000    -888888.000    -888888.000      -888888.0      -888888.0
     0     0
INTA_SANMARTIN                             -31.50000   -68.25000   600.00000 2026-07-31 23:45:00     1
     1     1    -888888.000    -888888.000      94610.000    -888888.000    -888888.000      -888888.0      -888888.0
     0     0
INTA_SANMARTIN                             -31.50000   -68.25000   600.00000 2026-07-31 23:50:00     1
     1     1    -888888.000    -888888.000      94620.000    -888888.000    -888888.000      -888888.0      -888888.0
     0     0
INTA_SANMARTIN                             -31.50000   -68.25000   600.00000 2026-07-31 23:55:00     1
     1     1    -888888.000    -888888.000      94630.000    -888888.000    -888888.000      -888888.0      -888888.0
     0     0
VALLE_FERTIL                               -30.63350   -67.46820   900.00000 2026-07-31 00:00:00     1
     1     1        286.850         90.000      90680.000          0.077         -0.238      -888888.0      -888888.0
     0     0
VALLE_FERTIL                               -30.63350   -67.46820   900.00000 2026-07-31 00:05:00     1
     1     1        286.750         90.000      90680.000          0.129         -0.277      -888888.0      -888888.0
     0     0
VALLE_FERTIL                               -30.63350   -67.46820   900.00000 2026-07-31 00:10:00     1
     1     1        286.850         90.000      90680.000          0.422         -0.318      -888888.0      -888888.0
     0     0
VALLE_FERTIL                               -30.63350   -67.46820   900.00000 2026-07-31 00:15:00     1
     1     1        286.850         90.000      90670.000          0.499         -0.035      -888888.0      -888888.0
     0     0
VALLE_FERTIL                               -30.63350   -67.46820   900.00000 2026-07-31 00:20:00     1
     1     1        286.850         89.000      90670.000          0.465         -0.082      -888888.0      -888888.0
     0     0
VALLE_FERTIL                               -30.63350   -67.46820   900.00000 2026-07-31 00:25:00     1
     1     1        286.850         89.000      90660.000          0.776         -0.054      -888888.0      -888888.0
     0     0
VALLE_FERTIL                               -30.63350   -67.46820   900.00000 2026-07-31 00:30:00     1
     1     1        286.950         89.000      90670.000          0.139          0.010      -888888.0      -888888.0
     0     0
VALLE_FERTIL                               -30.63350   -67.46820   900.00000 2026-07-31 00:35:00     1
     1     1        286.850         89.000      90670.000          0.111          0.006      -888888.0      -888888.0
     0     0
VALLE_FERTIL                               -30.63350   -67.46820   900.00000 2026-07-31 00:40:00     1
     1     1        286.850         90.000      90680.000          0.028          0.001      -888888.0      -888888.0
     0     0
VALLE_FERTIL                               -30.63350   -67.46820   900.00000 2026-07-31 00:45:00     1
     1     1        286.850         90.000      90680.000         -0.014         -0.082      -888888.0      -888888.0
     0     0
VALLE_FERTIL                               -30.63350   -67.46820   900.00000 2026-07-31 00:50:00     1
     1     1        286.750         90.000      90660.000         -0.000         -0.000      -888888.0      -888888.0
     0     0
VALLE_FERTIL                               -30.63350   -67.46820   900.00000 2026-07-31 00:55:00     1
     1     1        286.850         90.000      90660.000          0.743         -0.104      -888888.0      -888888.0
     0     0
VALLE_FERTIL                               -30.63350   -67.46820   900.00000 2026-07-31 01:00:00     1
     1     1        286.850         89.000      90650.000          0.805          0.028      -888888.0      -888888.0
     0     0
VALLE_FERTIL                               -30.63350   -67.46820   900.00000 2026-07-31 01:05:00     1
     1     1        286.850         89.000      90650.000          0.189         -0.164      -888888.0      -888888.0
     0     0
VALLE_FERTIL                               -30.63350   -67.46820   900.00000 2026-07-31 01:10:00     1
     1     1        286.850         90.000      90650.000         -0.208         -0.223      -888888.0      -888888.0
     0     0
VALLE_FERTIL                               -30.63350   -67.46820   900.00000 2026-07-31 01:15:00     1
     1     1        286.750         90.000      90630.000         -0.103         -0.131      -888888.0      -888888.0
     0     0
VALLE_FERTIL                               -30.63350   -67.46820   900.00000 2026-07-31 01:20:00     1
     1     1        286.750         90.000      90640.000          0.454         -0.409      -888888.0      -888888.0
     0     0
VALLE_FERTIL                               -30.63350   -67.46820   900.00000 2026-07-31 01:25:00     1
     1     1        286.750         90.000      90630.000          0.406         -0.379      -888888.0      -888888.0
     0     0
VALLE_FERTIL                               -30.63350   -67.46820   900.00000 2026-07-31 01:30:00     1
     1     1        286.750         90.000      90620.000          0.325         -0.416      -888888.0      -888888.0
     0     0
VALLE_FERTIL                               -30.63350   -67.46820   900.00000 2026-07-31 01:35:00     1
     1     1        286.750         90.000      90610.000          0.017         -0.249      -888888.0      -888888.0
     0     0
VALLE_FERTIL                               -30.63350   -67.46820   900.00000 2026-07-31 01:40:00     1
     1     1        286.850         90.000      90600.000         -0.039         -0.247      -888888.0      -888888.0
     0     0
VALLE_FERTIL                               -30.63350   -67.46820   900.00000 2026-07-31 01:45:00     1
     1     1        286.850         90.000      90590.000         -0.029         -0.136      -888888.0      -888888.0
     0     0
VALLE_FERTIL                               -30.63350   -67.46820   900.00000 2026-07-31 01:50:00     1
     1     1        286.850         89.000      90580.000         -0.021         -0.109      -888888.0      -888888.0
     0     0
VALLE_FERTIL                               -30.63350   -67.46820   900.00000 2026-07-31 01:55:00     1
     1     1        286.850         89.000      90590.000         -0.021         -0.109      -888888.0      -888888.0
     0     0
VALLE_FERTIL                               -30.63350   -67.46820   900.00000 2026-07-31 02:00:00     1
     1     1        286.850         89.000      90580.000         -0.024         -0.137      -888888.0      -888888.0
     0     0
VALLE_FERTIL                               -30.63350   -67.46820   900.00000 2026-07-31 02:05:00     1
     1     1        286.850         90.000      90560.000         -0.010         -0.055      -888888.0      -888888.0
     0     0
VALLE_FERTIL                               -30.63350   -67.46820   900.00000 2026-07-31 02:10:00     1
     1     1        286.750         90.000      90560.000         -0.485         -0.643      -888888.0      -888888.0
     0     0
VALLE_FERTIL                               -30.63350   -67.46820   900.00000 2026-07-31 02:15:00     1
     1     1        286.850         90.000      90560.000         -0.691         -0.644      -888888.0      -888888.0
     0     0
VALLE_FERTIL                               -30.63350   -67.46820   900.00000 2026-07-31 02:20:00     1
     1     1        286.850         90.000      90550.000         -0.143         -0.205      -888888.0      -888888.0
     0     0
VALLE_FERTIL                               -30.63350   -67.46820   900.00000 2026-07-31 02:25:00     1
     1     1        286.750         90.000      90550.000         -0.125         -0.217      -888888.0      -888888.0
     0     0
VALLE_FERTIL                               -30.63350   -67.46820   900.00000 2026-07-31 02:30:00     1
     1     1        286.750         90.000      90540.000         -0.042         -0.072      -888888.0      -888888.0
     0     0
VALLE_FERTIL                               -30.63350   -67.46820   900.00000 2026-07-31 02:35:00     1
     1     1        286.850         90.000      90530.000          0.134         -0.275      -888888.0      -888888.0
     0     0
VALLE_FERTIL                               -30.63350   -67.46820   900.00000 2026-07-31 02:40:00     1
     1     1        286.850         90.000      90520.000          0.164         -0.322      -888888.0      -888888.0
     0     0
VALLE_FERTIL                               -30.63350   -67.46820   900.00000 2026-07-31 02:45:00     1
     1     1        286.850         90.000      90510.000          0.170         -0.319      -888888.0      -888888.0
     0     0
VALLE_FERTIL                               -30.63350   -67.46820   900.00000 2026-07-31 02:50:00     1
     1     1        286.850         89.000      90500.000          0.158         -0.590      -888888.0      -888888.0
     0     0
VALLE_FERTIL                               -30.63350   -67.46820   900.00000 2026-07-31 02:55:00     1
     1     1        286.850         89.000      90490.000          1.074         -0.524      -888888.0      -888888.0
     0     0
VALLE_FERTIL                               -30.63350   -67.46820   900.00000 2026-07-31 03:00:00     1
     1     1        286.850         90.000      90490.000          0.384         -0.061      -888888.0      -888888.0
     0     0
VALLE_FERTIL                               -30.63350   -67.46820   900.00000 2026-07-31 03:05:00     1
     1     1        286.850         90.000      90480.000          0.245         -0.048      -888888.0      -888888.0
     0     0
VALLE_FERTIL                               -30.63350   -67.46820   900.00000 2026-07-31 03:10:00     1
     1     1        286.850         90.000      90470.000          0.273         -0.053      -888888.0      -888888.0
     0     0
VALLE_FERTIL                               -30.63350   -67.46820   900.00000 2026-07-31 03:15:00     1
     1     1        286.850         90.000      90470.000          0.578         -0.081      -888888.0      -888888.0
     0     0
VALLE_FERTIL                               -30.63350   -67.46820   900.00000 2026-07-31 03:20:00     1
     1     1        286.950         89.000      90450.000          0.833          0.000      -888888.0      -888888.0
     0     0
VALLE_FERTIL                               -30.63350   -67.46820   900.00000 2026-07-31 03:25:00     1
     1     1        286.950         89.000      90420.000          0.748         -0.052      -888888.0      -888888.0
     0     0
VALLE_FERTIL                               -30.63350   -67.46820   900.00000 2026-07-31 03:30:00     1
     1     1        287.050         88.000      90400.000          1.243          0.131      -888888.0      -888888.0
     0     0
VALLE_FERTIL                               -30.63350   -67.46820   900.00000 2026-07-31 03:35:00     1
     1     1        287.150         87.000      90390.000          0.472          0.016      -888888.0      -888888.0
     0     0
VALLE_FERTIL                               -30.63350   -67.46820   900.00000 2026-07-31 03:40:00     1
     1     1        287.050         87.000      90390.000          0.293         -0.255      -888888.0      -888888.0
     0     0
VALLE_FERTIL                               -30.63350   -67.46820   900.00000 2026-07-31 03:45:00     1
     1     1        287.150         86.000      90390.000          0.962          0.556      -888888.0      -888888.0
     0     0
VALLE_FERTIL                               -30.63350   -67.46820   900.00000 2026-07-31 03:50:00     1
     1     1        287.250         85.000      90370.000          1.060          0.225      -888888.0      -888888.0
     0     0
VALLE_FERTIL                               -30.63350   -67.46820   900.00000 2026-07-31 03:55:00     1
     1     1        287.250         86.000      90370.000          0.755         -0.188      -888888.0      -888888.0
     0     0
VALLE_FERTIL                               -30.63350   -67.46820   900.00000 2026-07-31 04:00:00     1
     1     1        287.250         86.000      90370.000          0.230         -0.098      -888888.0      -888888.0
     0     0
VALLE_FERTIL                               -30.63350   -67.46820   900.00000 2026-07-31 04:05:00     1
     1     1        287.150         87.000      90360.000          0.396         -0.257      -888888.0      -888888.0
     0     0
VALLE_FERTIL                               -30.63350   -67.46820   900.00000 2026-07-31 04:10:00     1
     1     1        287.050         86.000      90350.000          1.091         -0.486      -888888.0      -888888.0
     0     0
VALLE_FERTIL                               -30.63350   -67.46820   900.00000 2026-07-31 04:15:00     1
     1     1        287.150         86.000      90370.000          0.019         -0.277      -888888.0      -888888.0
     0     0
VALLE_FERTIL                               -30.63350   -67.46820   900.00000 2026-07-31 04:20:00     1
     1     1        286.950         87.000      90350.000          0.064         -0.299      -888888.0      -888888.0
     0     0
VALLE_FERTIL                               -30.63350   -67.46820   900.00000 2026-07-31 04:25:00     1
     1     1        286.850         88.000      90350.000          0.234         -0.311      -888888.0      -888888.0
     0     0
VALLE_FERTIL                               -30.63350   -67.46820   900.00000 2026-07-31 04:30:00     1
     1     1        286.850         87.000      90340.000          0.320         -0.309      -888888.0      -888888.0
     0     0
VALLE_FERTIL                               -30.63350   -67.46820   900.00000 2026-07-31 04:35:00     1
     1     1        286.850         87.000      90330.000          0.112         -0.082      -888888.0      -888888.0
     0     0
VALLE_FERTIL                               -30.63350   -67.46820   900.00000 2026-07-31 04:40:00     1
     1     1        286.850         87.000      90340.000          0.135         -0.098      -888888.0      -888888.0
     0     0
VALLE_FERTIL                               -30.63350   -67.46820   900.00000 2026-07-31 04:45:00     1
     1     1        286.850         87.000      90320.000          0.000         -0.000      -888888.0      -888888.0
     0     0
VALLE_FERTIL                               -30.63350   -67.46820   900.00000 2026-07-31 04:50:00     1
     1     1        286.750         87.000      90320.000          0.155         -0.117      -888888.0      -888888.0
     0     0
VALLE_FERTIL                               -30.63350   -67.46820   900.00000 2026-07-31 04:55:00     1
     1     1        286.750         87.000      90300.000          0.089         -0.067      -888888.0      -888888.0
     0     0
VALLE_FERTIL                               -30.63350   -67.46820   900.00000 2026-07-31 05:00:00     1
     1     1        286.650         87.000      90290.000          0.225         -0.163      -888888.0      -888888.0
     0     0
VALLE_FERTIL                               -30.63350   -67.46820   900.00000 2026-07-31 05:05:00     1
     1     1        286.350         88.000      90290.000          0.266         -0.201      -888888.0      -888888.0
     0     0
VALLE_FERTIL                               -30.63350   -67.46820   900.00000 2026-07-31 05:10:00     1
     1     1        286.050         88.000      90290.000          0.091         -0.172      -888888.0      -888888.0
     0     0
VALLE_FERTIL                               -30.63350   -67.46820   900.00000 2026-07-31 05:15:00     1
     1     1        285.750         88.000      90290.000         -0.065         -0.412      -888888.0      -888888.0
     0     0
VALLE_FERTIL                               -30.63350   -67.46820   900.00000 2026-07-31 05:20:00     1
     1     1        285.550         88.000      90260.000          0.050         -0.217      -888888.0      -888888.0
     0     0
VALLE_FERTIL                               -30.63350   -67.46820   900.00000 2026-07-31 05:25:00     1
     1     1        285.250         89.000      90280.000          0.048         -0.245      -888888.0      -888888.0
     0     0
VALLE_FERTIL                               -30.63350   -67.46820   900.00000 2026-07-31 05:30:00     1
     1     1        285.050         90.000      90270.000          0.134         -0.275      -888888.0      -888888.0
     0     0
VALLE_FERTIL                               -30.63350   -67.46820   900.00000 2026-07-31 05:35:00     1
     1     1        284.850         90.000      90280.000          0.266         -0.201      -888888.0      -888888.0
     0     0
VALLE_FERTIL                               -30.63350   -67.46820   900.00000 2026-07-31 05:40:00     1
     1     1        284.550         91.000      90270.000          0.449         -0.327      -888888.0      -888888.0
     0     0
VALLE_FERTIL                               -30.63350   -67.46820   900.00000 2026-07-31 05:45:00     1
     1     1        284.250         91.000      90270.000          0.200         -0.150      -888888.0      -888888.0
     0     0
VALLE_FERTIL                               -30.63350   -67.46820   900.00000 2026-07-31 05:50:00     1
     1     1        283.950         92.000      90270.000          1.070         -0.390      -888888.0      -888888.0
     0     0
VALLE_FERTIL                               -30.63350   -67.46820   900.00000 2026-07-31 05:55:00     1
     1     1        284.050         91.000      90270.000          0.906         -0.423      -888888.0      -888888.0
     0     0
VALLE_FERTIL                               -30.63350   -67.46820   900.00000 2026-07-31 06:00:00     1
     1     1        284.050         91.000      90270.000          0.587         -0.510      -888888.0      -888888.0
     0     0
VALLE_FERTIL                               -30.63350   -67.46820   900.00000 2026-07-31 06:05:00     1
     1     1        283.850         91.000      90270.000          0.207         -0.424      -888888.0      -888888.0
     0     0
VALLE_FERTIL                               -30.63350   -67.46820   900.00000 2026-07-31 06:10:00     1
     1     1        283.550         92.000      90260.000          0.332         -0.410      -888888.0      -888888.0
     0     0
VALLE_FERTIL                               -30.63350   -67.46820   900.00000 2026-07-31 06:15:00     1
     1     1        283.350         92.000      90260.000          0.250         -0.175      -888888.0      -888888.0
     0     0
VALLE_FERTIL                               -30.63350   -67.46820   900.00000 2026-07-31 06:20:00     1
     1     1        283.050         92.000      90250.000          0.166         -0.256      -888888.0      -888888.0
     0     0
VALLE_FERTIL                               -30.63350   -67.46820   900.00000 2026-07-31 06:25:00     1
     1     1        282.850         93.000      90240.000          0.965         -0.118      -888888.0      -888888.0
     0     0
VALLE_FERTIL                               -30.63350   -67.46820   900.00000 2026-07-31 06:30:00     1
     1     1        282.450         93.000      90240.000          0.503         -0.437      -888888.0      -888888.0
     0     0
VALLE_FERTIL                               -30.63350   -67.46820   900.00000 2026-07-31 06:35:00     1
     1     1        282.350         94.000      90230.000          0.599         -0.539      -888888.0      -888888.0
     0     0
VALLE_FERTIL                               -30.63350   -67.46820   900.00000 2026-07-31 06:40:00     1
     1     1        282.050         94.000      90220.000          0.310         -0.356      -888888.0      -888888.0
     0     0
VALLE_FERTIL                               -30.63350   -67.46820   900.00000 2026-07-31 06:45:00     1
     1     1        281.850         94.000      90220.000          0.007         -0.194      -888888.0      -888888.0
     0     0
VALLE_FERTIL                               -30.63350   -67.46820   900.00000 2026-07-31 06:50:00     1
     1     1        281.550         94.000      90220.000          0.087         -0.350      -888888.0      -888888.0
     0     0
VALLE_FERTIL                               -30.63350   -67.46820   900.00000 2026-07-31 06:55:00     1
     1     1        281.350         95.000      90210.000          0.446         -0.154      -888888.0      -888888.0
     0     0
VALLE_FERTIL                               -30.63350   -67.46820   900.00000 2026-07-31 07:00:00     1
     1     1        281.350         95.000      90230.000          0.327         -0.153      -888888.0      -888888.0
     0     0
VALLE_FERTIL                               -30.63350   -67.46820   900.00000 2026-07-31 07:05:00     1
     1     1        281.050         95.000      90220.000          0.982         -0.191      -888888.0      -888888.0
     0     0
VALLE_FERTIL                               -30.63350   -67.46820   900.00000 2026-07-31 07:10:00     1
     1     1        280.950         95.000      90230.000          0.111         -0.010      -888888.0      -888888.0
     0     0
VALLE_FERTIL                               -30.63350   -67.46820   900.00000 2026-07-31 07:15:00     1
     1     1        280.950         95.000      90230.000          0.728          0.181      -888888.0      -888888.0
     0     0
VALLE_FERTIL                               -30.63350   -67.46820   900.00000 2026-07-31 07:20:00     1
     1     1        280.750         95.000      90230.000          0.037         -0.191      -888888.0      -888888.0
     0     0
VALLE_FERTIL                               -30.63350   -67.46820   900.00000 2026-07-31 07:25:00     1
     1     1        280.750         95.000      90230.000          0.255         -0.214      -888888.0      -888888.0
     0     0
VALLE_FERTIL                               -30.63350   -67.46820   900.00000 2026-07-31 07:30:00     1
     1     1        281.250         96.000      90240.000          0.425         -0.130      -888888.0      -888888.0
     0     0
VALLE_FERTIL                               -30.63350   -67.46820   900.00000 2026-07-31 07:35:00     1
     1     1        281.250         96.000      90240.000         -0.129         -0.277      -888888.0      -888888.0
     0     0
VALLE_FERTIL                               -30.63350   -67.46820   900.00000 2026-07-31 07:40:00     1
     1     1        281.050         96.000      90260.000          0.691         -0.644      -888888.0      -888888.0
     0     0
VALLE_FERTIL                               -30.63350   -67.46820   900.00000 2026-07-31 07:45:00     1
     1     1        281.650         96.000      90250.000          1.886          0.099      -888888.0      -888888.0
     0     0
VALLE_FERTIL                               -30.63350   -67.46820   900.00000 2026-07-31 07:50:00     1
     1     1        282.750         94.000      90270.000          2.166          0.038      -888888.0      -888888.0
     0     0
VALLE_FERTIL                               -30.63350   -67.46820   900.00000 2026-07-31 07:55:00     1
     1     1        282.950         93.000      90270.000          2.372          0.591      -888888.0      -888888.0
     0     0
VALLE_FERTIL                               -30.63350   -67.46820   900.00000 2026-07-31 08:00:00     1
     1     1        283.350         91.000      90250.000          1.905          0.694      -888888.0      -888888.0
     0     0
VALLE_FERTIL                               -30.63350   -67.46820   900.00000 2026-07-31 08:05:00     1
     1     1        283.550         91.000      90210.000          1.418          0.276      -888888.0      -888888.0
     0     0
VALLE_FERTIL                               -30.63350   -67.46820   900.00000 2026-07-31 08:10:00     1
     1     1        283.450         91.000      90210.000          0.657          0.116      -888888.0      -888888.0
     0     0
VALLE_FERTIL                               -30.63350   -67.46820   900.00000 2026-07-31 08:15:00     1
     1     1        281.950         91.000      90240.000         -0.535         -1.006      -888888.0      -888888.0
     0     0
VALLE_FERTIL                               -30.63350   -67.46820   900.00000 2026-07-31 08:20:00     1
     1     1        280.650         93.000      90240.000         -0.598         -0.619      -888888.0      -888888.0
     0     0
VALLE_FERTIL                               -30.63350   -67.46820   900.00000 2026-07-31 08:25:00     1
     1     1        280.450         94.000      90260.000          1.451         -0.979      -888888.0      -888888.0
     0     0
VALLE_FERTIL                               -30.63350   -67.46820   900.00000 2026-07-31 08:30:00     1
     1     1        280.350         95.000      90240.000          1.281         -0.931      -888888.0      -888888.0
     0     0
VALLE_FERTIL                               -30.63350   -67.46820   900.00000 2026-07-31 08:35:00     1
     1     1        280.450         95.000      90250.000          1.198         -0.903      -888888.0      -888888.0
     0     0
VALLE_FERTIL                               -30.63350   -67.46820   900.00000 2026-07-31 08:40:00     1
     1     1        280.550         95.000      90240.000         -0.051         -0.971      -888888.0      -888888.0
     0     0
VALLE_FERTIL                               -30.63350   -67.46820   900.00000 2026-07-31 08:45:00     1
     1     1        280.850         95.000      90250.000          1.053         -1.398      -888888.0      -888888.0
     0     0
VALLE_FERTIL                               -30.63350   -67.46820   900.00000 2026-07-31 08:50:00     1
     1     1        281.850         95.000      90240.000          0.752         -0.928      -888888.0      -888888.0
     0     0
VALLE_FERTIL                               -30.63350   -67.46820   900.00000 2026-07-31 08:55:00     1
     1     1        282.050         94.000      90240.000          1.691         -0.549      -888888.0      -888888.0
     0     0
VALLE_FERTIL                               -30.63350   -67.46820   900.00000 2026-07-31 09:00:00     1
     1     1        282.050         93.000      90250.000          1.089         -0.555      -888888.0      -888888.0
     0     0
VALLE_FERTIL                               -30.63350   -67.46820   900.00000 2026-07-31 09:05:00     1
     1     1        282.150         93.000      90250.000          1.274         -1.031      -888888.0      -888888.0
     0     0
VALLE_FERTIL                               -30.63350   -67.46820   900.00000 2026-07-31 09:10:00     1
     1     1        282.650         93.000      90250.000          2.048          0.179      -888888.0      -888888.0
     0     0
VALLE_FERTIL                               -30.63350   -67.46820   900.00000 2026-07-31 09:15:00     1
     1     1        283.250         92.000      90260.000          0.741         -1.336      -888888.0      -888888.0
     0     0
VALLE_FERTIL                               -30.63350   -67.46820   900.00000 2026-07-31 09:20:00     1
     1     1        283.950         90.000      90250.000          1.357         -1.617      -888888.0      -888888.0
     0     0
VALLE_FERTIL                               -30.63350   -67.46820   900.00000 2026-07-31 09:25:00     1
     1     1        284.550         88.000      90260.000          1.237         -1.237      -888888.0      -888888.0
     0     0
VALLE_FERTIL                               -30.63350   -67.46820   900.00000 2026-07-31 09:30:00     1
     1     1        285.350         86.000      90260.000          0.552         -1.365      -888888.0      -888888.0
     0     0
VALLE_FERTIL                               -30.63350   -67.46820   900.00000 2026-07-31 09:35:00     1
     1     1        286.150         84.000      90260.000          0.481         -1.032      -888888.0      -888888.0
     0     0
VALLE_FERTIL                               -30.63350   -67.46820   900.00000 2026-07-31 09:40:00     1
     1     1        286.650         82.000      90260.000          0.876         -1.251      -888888.0      -888888.0
     0     0
VALLE_FERTIL                               -30.63350   -67.46820   900.00000 2026-07-31 09:45:00     1
     1     1        287.150         78.000      90280.000          0.877         -1.351      -888888.0      -888888.0
     0     0
VALLE_FERTIL                               -30.63350   -67.46820   900.00000 2026-07-31 09:50:00     1
     1     1        288.150         72.000      90300.000          0.528         -1.374      -888888.0      -888888.0
     0     0
VALLE_FERTIL                               -30.63350   -67.46820   900.00000 2026-07-31 09:55:00     1
     1     1        288.850         71.000      90310.000         -0.079         -1.136      -888888.0      -888888.0
     0     0
VALLE_FERTIL                               -30.63350   -67.46820   900.00000 2026-07-31 10:00:00     1
     1     1        289.050         71.000      90310.000          0.733         -0.759      -888888.0      -888888.0
     0     0
VALLE_FERTIL                               -30.63350   -67.46820   900.00000 2026-07-31 10:05:00     1
     1     1        289.250         69.000      90320.000          0.256         -0.462      -888888.0      -888888.0
     0     0
VALLE_FERTIL                               -30.63350   -67.46820   900.00000 2026-07-31 10:10:00     1
     1     1        290.050         67.000      90330.000         -0.424         -0.207      -888888.0      -888888.0
     0     0
VALLE_FERTIL                               -30.63350   -67.46820   900.00000 2026-07-31 10:15:00     1
     1     1        289.850         71.000      90360.000         -1.406         -0.597      -888888.0      -888888.0
     0     0
VALLE_FERTIL                               -30.63350   -67.46820   900.00000 2026-07-31 10:20:00     1
     1     1        289.050         75.000      90370.000         -1.654         -1.074      -888888.0      -888888.0
     0     0
VALLE_FERTIL                               -30.63350   -67.46820   900.00000 2026-07-31 10:25:00     1
     1     1        288.850         75.000      90370.000         -0.406         -0.181      -888888.0      -888888.0
     0     0
VALLE_FERTIL                               -30.63350   -67.46820   900.00000 2026-07-31 10:30:00     1
     1     1        289.350         72.000      90370.000          0.113          1.077      -888888.0      -888888.0
     0     0
VALLE_FERTIL                               -30.63350   -67.46820   900.00000 2026-07-31 10:35:00     1
     1     1        288.750         72.000      90380.000         -0.108          0.882      -888888.0      -888888.0
     0     0
VALLE_FERTIL                               -30.63350   -67.46820   900.00000 2026-07-31 10:40:00     1
     1     1        288.950         72.000      90370.000         -0.707          1.131      -888888.0      -888888.0
     0     0
VALLE_FERTIL                               -30.63350   -67.46820   900.00000 2026-07-31 10:45:00     1
     1     1        289.350         73.000      90380.000         -1.575         -1.187      -888888.0      -888888.0
     0     0
VALLE_FERTIL                               -30.63350   -67.46820   900.00000 2026-07-31 10:50:00     1
     1     1        289.450         74.000      90370.000         -1.301         -1.171      -888888.0      -888888.0
     0     0
VALLE_FERTIL                               -30.63350   -67.46820   900.00000 2026-07-31 10:55:00     1
     1     1        289.850         72.000      90380.000         -0.582         -0.041      -888888.0      -888888.0
     0     0
VALLE_FERTIL                               -30.63350   -67.46820   900.00000 2026-07-31 11:00:00     1
     1     1        290.050         73.000      90390.000         -2.502         -1.387      -888888.0      -888888.0
     0     0
VALLE_FERTIL                               -30.63350   -67.46820   900.00000 2026-07-31 11:05:00     1
     1     1        289.950         74.000      90400.000         -1.231         -1.320      -888888.0      -888888.0
     0     0
VALLE_FERTIL                               -30.63350   -67.46820   900.00000 2026-07-31 11:10:00     1
     1     1        290.750         69.000      90380.000          0.185         -0.869      -888888.0      -888888.0
     0     0
VALLE_FERTIL                               -30.63350   -67.46820   900.00000 2026-07-31 11:15:00     1
     1     1        291.650         66.000      90360.000          1.294         -0.421      -888888.0      -888888.0
     0     0
VALLE_FERTIL                               -30.63350   -67.46820   900.00000 2026-07-31 11:20:00     1
     1     1        291.750         65.000      90340.000          1.793          0.381      -888888.0      -888888.0
     0     0
VALLE_FERTIL                               -30.63350   -67.46820   900.00000 2026-07-31 11:25:00     1
     1     1        292.450         58.000      90310.000          0.948         -1.090      -888888.0      -888888.0
     0     0
VALLE_FERTIL                               -30.63350   -67.46820   900.00000 2026-07-31 11:30:00     1
     1     1        295.150         45.000      90320.000         -0.496         -1.851      -888888.0      -888888.0
     0     0
VALLE_FERTIL                               -30.63350   -67.46820   900.00000 2026-07-31 11:35:00     1
     1     1        296.150         43.000      90320.000         -1.938         -1.872      -888888.0      -888888.0
     0     0
VALLE_FERTIL                               -30.63350   -67.46820   900.00000 2026-07-31 11:40:00     1
     1     1        296.450         45.000      90330.000         -1.187         -1.976      -888888.0      -888888.0
     0     0
VALLE_FERTIL                               -30.63350   -67.46820   900.00000 2026-07-31 11:45:00     1
     1     1        296.550         42.000      90330.000         -0.222         -1.399      -888888.0      -888888.0
     0     0
VALLE_FERTIL                               -30.63350   -67.46820   900.00000 2026-07-31 11:50:00     1
     1     1        298.450         25.000      90330.000          3.157         -1.972      -888888.0      -888888.0
     0     0
VALLE_FERTIL                               -30.63350   -67.46820   900.00000 2026-07-31 11:55:00     1
     1     1        300.350         18.000      90360.000          3.366         -1.715      -888888.0      -888888.0
     0     0
VALLE_FERTIL                               -30.63350   -67.46820   900.00000 2026-07-31 12:00:00     1
     1     1        301.050         19.000      90360.000          4.410         -1.348      -888888.0      -888888.0
     0     0
VALLE_FERTIL                               -30.63350   -67.46820   900.00000 2026-07-31 12:05:00     1
     1     1        296.350         62.000      90350.000         -3.557          4.553      -888888.0      -888888.0
     0     0
VALLE_FERTIL                               -30.63350   -67.46820   900.00000 2026-07-31 12:10:00     1
     1     1        292.350         69.000      90390.000          0.758          3.899      -888888.0      -888888.0
     0     0
VALLE_FERTIL                               -30.63350   -67.46820   900.00000 2026-07-31 12:15:00     1
     1     1        293.050         66.000      90360.000         -1.468          1.813      -888888.0      -888888.0
     0     0
VALLE_FERTIL                               -30.63350   -67.46820   900.00000 2026-07-31 12:20:00     1
     1     1        293.850         62.000      90350.000          0.141          2.691      -888888.0      -888888.0
     0     0
VALLE_FERTIL                               -30.63350   -67.46820   900.00000 2026-07-31 12:25:00     1
     1     1        294.350         60.000      90350.000          0.615          1.786      -888888.0      -888888.0
     0     0
VALLE_FERTIL                               -30.63350   -67.46820   900.00000 2026-07-31 12:30:00     1
     1     1        294.750         45.000      90340.000          0.228          2.601      -888888.0      -888888.0
     0     0
VALLE_FERTIL                               -30.63350   -67.46820   900.00000 2026-07-31 12:35:00     1
     1     1        299.250         18.000      90310.000          5.928         -1.700      -888888.0      -888888.0
     0     0
VALLE_FERTIL                               -30.63350   -67.46820   900.00000 2026-07-31 12:40:00     1
     1     1        300.350         17.000      90290.000          4.793         -5.140      -888888.0      -888888.0
     0     0
VALLE_FERTIL                               -30.63350   -67.46820   900.00000 2026-07-31 12:45:00     1
     1     1        300.450         17.000      90280.000          9.048         -1.923      -888888.0      -888888.0
     0     0
VALLE_FERTIL                               -30.63350   -67.46820   900.00000 2026-07-31 12:50:00     1
     1     1        300.450         16.000      90260.000          9.871         -4.395      -888888.0      -888888.0
     0     0
VALLE_FERTIL                               -30.63350   -67.46820   900.00000 2026-07-31 12:55:00     1
     1     1        300.450         15.000      90270.000          9.394         -0.657      -888888.0      -888888.0
     0     0
VALLE_FERTIL                               -30.63350   -67.46820   900.00000 2026-07-31 13:00:00     1
     1     1        300.450         15.000      90290.000         11.608         -3.549      -888888.0      -888888.0
     0     0
VALLE_FERTIL                               -30.63350   -67.46820   900.00000 2026-07-31 13:10:00     1
     1     1        300.750         14.000      90230.000          9.641         -1.013      -888888.0      -888888.0
     0     0
VALLE_FERTIL                               -30.63350   -67.46820   900.00000 2026-07-31 13:15:00     1
     1     1        300.950         14.000      90240.000         11.001         -2.948      -888888.0      -888888.0
     0     0
VALLE_FERTIL                               -30.63350   -67.46820   900.00000 2026-07-31 13:20:00     1
     1     1        300.850         14.000      90240.000          9.562         -4.664      -888888.0      -888888.0
     0     0
VALLE_FERTIL                               -30.63350   -67.46820   900.00000 2026-07-31 13:25:00     1
     1     1        300.850         14.000      90250.000         13.089         -1.145      -888888.0      -888888.0
     0     0
VALLE_FERTIL                               -30.63350   -67.46820   900.00000 2026-07-31 13:30:00     1
     1     1        300.750         14.000      90230.000         12.183         -1.280      -888888.0      -888888.0
     0     0
VALLE_FERTIL                               -30.63350   -67.46820   900.00000 2026-07-31 13:35:00     1
     1     1        300.650         13.000      90200.000         13.467         -0.942      -888888.0      -888888.0
     0     0
VALLE_FERTIL                               -30.63350   -67.46820   900.00000 2026-07-31 13:40:00     1
     1     1        300.750         13.000      90240.000         12.648         -2.003      -888888.0      -888888.0
     0     0
VALLE_FERTIL                               -30.63350   -67.46820   900.00000 2026-07-31 13:45:00     1
     1     1        300.750         13.000      90250.000         10.298         -2.189      -888888.0      -888888.0
     0     0
VALLE_FERTIL                               -30.63350   -67.46820   900.00000 2026-07-31 13:50:00     1
     1     1        300.450         14.000      90280.000         11.775         -3.377      -888888.0      -888888.0
     0     0
VALLE_FERTIL                               -30.63350   -67.46820   900.00000 2026-07-31 13:55:00     1
     1     1        300.650         14.000      90250.000         10.414         -2.986      -888888.0      -888888.0
     0     0
VALLE_FERTIL                               -30.63350   -67.46820   900.00000 2026-07-31 14:00:00     1
     1     1        300.450         13.000      90250.000         10.611          0.000      -888888.0      -888888.0
     0     0
VALLE_FERTIL                               -30.63350   -67.46820   900.00000 2026-07-31 14:05:00     1
     1     1        300.350         13.000      90240.000         12.352         -3.776      -888888.0      -888888.0
     0     0
VALLE_FERTIL                               -30.63350   -67.46820   900.00000 2026-07-31 14:10:00     1
     1     1        300.350         13.000      90230.000         11.981         -4.361      -888888.0      -888888.0
     0     0
VALLE_FERTIL                               -30.63350   -67.46820   900.00000 2026-07-31 14:15:00     1
     1     1        300.250         13.000      90270.000         11.860         -0.829      -888888.0      -888888.0
     0     0
VALLE_FERTIL                               -30.63350   -67.46820   900.00000 2026-07-31 14:20:00     1
     1     1        300.350         13.000      90270.000          9.349         -3.777      -888888.0      -888888.0
     0     0
VALLE_FERTIL                               -30.63350   -67.46820   900.00000 2026-07-31 14:25:00     1
     1     1        300.550         13.000      90290.000         10.753         -1.320      -888888.0      -888888.0
     0     0
VALLE_FERTIL                               -30.63350   -67.46820   900.00000 2026-07-31 14:30:00     1
     1     1        300.350         13.000      90290.000          8.746         -3.012      -888888.0      -888888.0
     0     0
VALLE_FERTIL                               -30.63350   -67.46820   900.00000 2026-07-31 14:35:00     1
     1     1        300.450         13.000      90290.000          8.918         -2.557      -888888.0      -888888.0
     0     0
VALLE_FERTIL                               -30.63350   -67.46820   900.00000 2026-07-31 14:40:00     1
     1     1        300.750         14.000      90300.000          8.354         -1.026      -888888.0      -888888.0
     0     0
VALLE_FERTIL                               -30.63350   -67.46820   900.00000 2026-07-31 14:45:00     1
     1     1        300.550         14.000      90320.000          8.932         -3.977      -888888.0      -888888.0
     0     0
VALLE_FERTIL                               -30.63350   -67.46820   900.00000 2026-07-31 14:50:00     1
     1     1        300.350         14.000      90310.000          8.894         -2.218      -888888.0      -888888.0
     0     0
VALLE_FERTIL                               -30.63350   -67.46820   900.00000 2026-07-31 14:55:00     1
     1     1        300.550         15.000      90300.000          6.928          0.484      -888888.0      -888888.0
     0     0
VALLE_FERTIL                               -30.63350   -67.46820   900.00000 2026-07-31 15:00:00     1
     1     1        300.250         15.000      90340.000          9.106          0.318      -888888.0      -888888.0
     0     0
VALLE_FERTIL                               -30.63350   -67.46820   900.00000 2026-07-31 15:05:00     1
     1     1        300.050         15.000      90360.000          9.694          0.000      -888888.0      -888888.0
     0     0
VALLE_FERTIL                               -30.63350   -67.46820   900.00000 2026-07-31 15:10:00     1
     1     1        300.050         15.000      90350.000          9.149         -2.452      -888888.0      -888888.0
     0     0
VALLE_FERTIL                               -30.63350   -67.46820   900.00000 2026-07-31 15:15:00     1
     1     1        299.950         15.000      90360.000          8.720         -2.337      -888888.0      -888888.0
     0     0
VALLE_FERTIL                               -30.63350   -67.46820   900.00000 2026-07-31 15:20:00     1
     1     1        300.050         15.000      90350.000          8.800         -0.307      -888888.0      -888888.0
     0     0
VALLE_FERTIL                               -30.63350   -67.46820   900.00000 2026-07-31 15:25:00     1
     1     1        300.150         15.000      90350.000          9.326         -2.325      -888888.0      -888888.0
     0     0
VALLE_FERTIL                               -30.63350   -67.46820   900.00000 2026-07-31 15:30:00     1
     1     1        300.350         15.000      90360.000          5.941         -2.770      -888888.0      -888888.0
     0     0
VALLE_FERTIL                               -30.63350   -67.46820   900.00000 2026-07-31 15:35:00     1
     1     1        300.550         14.000      90390.000          9.550         -5.514      -888888.0      -888888.0
     0     0
VALLE_FERTIL                               -30.63350   -67.46820   900.00000 2026-07-31 15:50:00     1
     1     1        300.150         13.000      90380.000          8.661          2.000      -888888.0      -888888.0
     0     0
VALLE_FERTIL                               -30.63350   -67.46820   900.00000 2026-07-31 15:55:00     1
     1     1        300.450         14.000      90400.000          9.283          0.649      -888888.0      -888888.0
     0     0
VALLE_FERTIL                               -30.63350   -67.46820   900.00000 2026-07-31 16:00:00     1
     1     1        300.050         14.000      90400.000         10.993         -0.384      -888888.0      -888888.0
     0     0
VALLE_FERTIL                               -30.63350   -67.46820   900.00000 2026-07-31 16:05:00     1
     1     1        299.950         14.000      90440.000          7.099         -3.311      -888888.0      -888888.0
     0     0
VALLE_FERTIL                               -30.63350   -67.46820   900.00000 2026-07-31 16:10:00     1
     1     1        299.950         14.000      90440.000          7.400         -3.771      -888888.0      -888888.0
     0     0
VALLE_FERTIL                               -30.63350   -67.46820   900.00000 2026-07-31 16:15:00     1
     1     1        299.950         14.000      90450.000          7.365         -2.827      -888888.0      -888888.0
     0     0
VALLE_FERTIL                               -30.63350   -67.46820   900.00000 2026-07-31 16:20:00     1
     1     1        299.850         15.000      90460.000          7.742         -1.365      -888888.0      -888888.0
     0     0
VALLE_FERTIL                               -30.63350   -67.46820   900.00000 2026-07-31 16:25:00     1
     1     1        299.650         15.000      90470.000          8.106          0.283      -888888.0      -888888.0
     0     0
VALLE_FERTIL                               -30.63350   -67.46820   900.00000 2026-07-31 16:30:00     1
     1     1        299.650         15.000      90490.000          7.223         -1.801      -888888.0      -888888.0
     0     0
VALLE_FERTIL                               -30.63350   -67.46820   900.00000 2026-07-31 16:35:00     1
     1     1        299.650         15.000      90510.000          6.331         -5.504      -888888.0      -888888.0
     0     0
VALLE_FERTIL                               -30.63350   -67.46820   900.00000 2026-07-31 16:40:00     1
     1     1        299.550         15.000      90520.000          7.570         -2.755      -888888.0      -888888.0
     0     0
VALLE_FERTIL                               -30.63350   -67.46820   900.00000 2026-07-31 16:45:00     1
     1     1        299.350         16.000      90530.000          5.177         -2.092      -888888.0      -888888.0
     0     0
VALLE_FERTIL                               -30.63350   -67.46820   900.00000 2026-07-31 16:50:00     1
     1     1        299.450         16.000      90540.000          6.395         -2.847      -888888.0      -888888.0
     0     0
VALLE_FERTIL                               -30.63350   -67.46820   900.00000 2026-07-31 16:55:00     1
     1     1        299.450         15.000      90530.000          6.435         -1.251      -888888.0      -888888.0
     0     0
VALLE_FERTIL                               -30.63350   -67.46820   900.00000 2026-07-31 17:00:00     1
     1     1        299.550         16.000      90540.000          4.702         -1.437      -888888.0      -888888.0
     0     0
VALLE_FERTIL                               -30.63350   -67.46820   900.00000 2026-07-31 17:05:00     1
     1     1        299.450         15.000      90530.000          4.542         -2.022      -888888.0      -888888.0
     0     0
VALLE_FERTIL                               -30.63350   -67.46820   900.00000 2026-07-31 17:10:00     1
     1     1        299.250         16.000      90530.000          6.365         -3.528      -888888.0      -888888.0
     0     0
VALLE_FERTIL                               -30.63350   -67.46820   900.00000 2026-07-31 17:15:00     1
     1     1        298.950         16.000      90550.000          6.292         -3.069      -888888.0      -888888.0
     0     0
VALLE_FERTIL                               -30.63350   -67.46820   900.00000 2026-07-31 17:20:00     1
     1     1        299.150         16.000      90550.000          5.238         -3.147      -888888.0      -888888.0
     0     0
VALLE_FERTIL                               -30.63350   -67.46820   900.00000 2026-07-31 17:25:00     1
     1     1        298.850         16.000      90570.000          7.805         -2.841      -888888.0      -888888.0
     0     0
VALLE_FERTIL                               -30.63350   -67.46820   900.00000 2026-07-31 17:30:00     1
     1     1        298.050         16.000      90590.000          6.848          1.581      -888888.0      -888888.0
     0     0
VALLE_FERTIL                               -30.63350   -67.46820   900.00000 2026-07-31 17:35:00     1
     1     1        297.550         17.000      90610.000          7.916          2.420      -888888.0      -888888.0
     0     0
VALLE_FERTIL                               -30.63350   -67.46820   900.00000 2026-07-31 17:40:00     1
     1     1        297.250         17.000      90630.000          7.490          1.186      -888888.0      -888888.0
     0     0
VALLE_FERTIL                               -30.63350   -67.46820   900.00000 2026-07-31 17:45:00     1
     1     1        297.150         18.000      90650.000          6.022          0.633      -888888.0      -888888.0
     0     0
VALLE_FERTIL                               -30.63350   -67.46820   900.00000 2026-07-31 17:50:00     1
     1     1        296.750         18.000      90670.000          7.082         -0.124      -888888.0      -888888.0
     0     0
VALLE_FERTIL                               -30.63350   -67.46820   900.00000 2026-07-31 17:55:00     1
     1     1        296.350         17.000      90680.000          7.652          0.804      -888888.0      -888888.0
     0     0
VALLE_FERTIL                               -30.63350   -67.46820   900.00000 2026-07-31 18:00:00     1
     1     1        296.050         17.000      90690.000          7.196          0.884      -888888.0      -888888.0
     0     0
VALLE_FERTIL                               -30.63350   -67.46820   900.00000 2026-07-31 18:05:00     1
     1     1        295.850         17.000      90700.000          5.957          1.485      -888888.0      -888888.0
     0     0
VALLE_FERTIL                               -30.63350   -67.46820   900.00000 2026-07-31 18:10:00     1
     1     1        295.750         17.000      90710.000          6.420          0.562      -888888.0      -888888.0
     0     0
VALLE_FERTIL                               -30.63350   -67.46820   900.00000 2026-07-31 18:15:00     1
     1     1        295.550         17.000      90710.000          5.995          0.630      -888888.0      -888888.0
     0     0
VALLE_FERTIL                               -30.63350   -67.46820   900.00000 2026-07-31 18:20:00     1
     1     1        295.450         17.000      90730.000          4.783          2.543      -888888.0      -888888.0
     0     0
VALLE_FERTIL                               -30.63350   -67.46820   900.00000 2026-07-31 18:25:00     1
     1     1        295.250         17.000      90720.000          4.474          1.116      -888888.0      -888888.0
     0     0
VALLE_FERTIL                               -30.63350   -67.46820   900.00000 2026-07-31 18:30:00     1
     1     1        295.050         17.000      90740.000          4.870          0.426      -888888.0      -888888.0
     0     0
VALLE_FERTIL                               -30.63350   -67.46820   900.00000 2026-07-31 18:35:00     1
     1     1        294.950         16.000      90750.000          4.701          1.619      -888888.0      -888888.0
     0     0
VALLE_FERTIL                               -30.63350   -67.46820   900.00000 2026-07-31 18:40:00     1
     1     1        294.950         16.000      90740.000          5.161          2.407      -888888.0      -888888.0
     0     0
VALLE_FERTIL                               -30.63350   -67.46820   900.00000 2026-07-31 18:45:00     1
     1     1        294.850         16.000      90750.000          5.162          1.097      -888888.0      -888888.0
     0     0
VALLE_FERTIL                               -30.63350   -67.46820   900.00000 2026-07-31 18:50:00     1
     1     1        294.750         16.000      90760.000          4.110          0.072      -888888.0      -888888.0
     0     0
VALLE_FERTIL                               -30.63350   -67.46820   900.00000 2026-07-31 18:55:00     1
     1     1        294.650         16.000      90750.000          3.257          1.121      -888888.0      -888888.0
     0     0
VALLE_FERTIL                               -30.63350   -67.46820   900.00000 2026-07-31 19:00:00     1
     1     1        294.450         16.000      90760.000          5.711          1.318      -888888.0      -888888.0
     0     0
VALLE_FERTIL                               -30.63350   -67.46820   900.00000 2026-07-31 19:05:00     1
     1     1        294.450         16.000      90760.000          4.569          1.397      -888888.0      -888888.0
     0     0
VALLE_FERTIL                               -30.63350   -67.46820   900.00000 2026-07-31 19:10:00     1
     1     1        294.350         16.000      90750.000          5.441          0.190      -888888.0      -888888.0
     0     0
VALLE_FERTIL                               -30.63350   -67.46820   900.00000 2026-07-31 19:15:00     1
     1     1        294.450         16.000      90740.000          4.593          2.045      -888888.0      -888888.0
     0     0
VALLE_FERTIL                               -30.63350   -67.46820   900.00000 2026-07-31 19:20:00     1
     1     1        294.250         16.000      90750.000          4.072          1.482      -888888.0      -888888.0
     0     0
VALLE_FERTIL                               -30.63350   -67.46820   900.00000 2026-07-31 19:25:00     1
     1     1        294.150         16.000      90750.000          3.913          1.347      -888888.0      -888888.0
     0     0
VALLE_FERTIL                               -30.63350   -67.46820   900.00000 2026-07-31 19:30:00     1
     1     1        293.950         16.000      90760.000          3.529          0.622      -888888.0      -888888.0
     0     0
VALLE_FERTIL                               -30.63350   -67.46820   900.00000 2026-07-31 19:35:00     1
     1     1        293.950         16.000      90770.000          3.887          1.650      -888888.0      -888888.0
     0     0
VALLE_FERTIL                               -30.63350   -67.46820   900.00000 2026-07-31 19:40:00     1
     1     1        294.050         16.000      90790.000          4.472          0.869      -888888.0      -888888.0
     0     0
VALLE_FERTIL                               -30.63350   -67.46820   900.00000 2026-07-31 19:45:00     1
     1     1        294.050         16.000      90810.000          4.117          1.747      -888888.0      -888888.0
     0     0
VALLE_FERTIL                               -30.63350   -67.46820   900.00000 2026-07-31 19:50:00     1
     1     1        293.750         16.000      90800.000          3.168          1.614      -888888.0      -888888.0
     0     0
VALLE_FERTIL                               -30.63350   -67.46820   900.00000 2026-07-31 19:55:00     1
     1     1        293.450         16.000      90790.000          3.199          1.847      -888888.0      -888888.0
     0     0
VALLE_FERTIL                               -30.63350   -67.46820   900.00000 2026-07-31 20:00:00     1
     1     1        293.250         17.000      90780.000          3.800          0.948      -888888.0      -888888.0
     0     0
VALLE_FERTIL                               -30.63350   -67.46820   900.00000 2026-07-31 20:05:00     1
     1     1        293.350         16.000      90780.000          4.660          0.244      -888888.0      -888888.0
     0     0
VALLE_FERTIL                               -30.63350   -67.46820   900.00000 2026-07-31 20:10:00     1
     1     1        293.250         16.000      90780.000          3.989          0.995      -888888.0      -888888.0
     0     0
VALLE_FERTIL                               -30.63350   -67.46820   900.00000 2026-07-31 20:15:00     1
     1     1        293.450         16.000      90780.000          4.751          1.729      -888888.0      -888888.0
     0     0
VALLE_FERTIL                               -30.63350   -67.46820   900.00000 2026-07-31 20:20:00     1
     1     1        293.450         17.000      90790.000          4.622          1.413      -888888.0      -888888.0
     0     0
VALLE_FERTIL                               -30.63350   -67.46820   900.00000 2026-07-31 20:25:00     1
     1     1        293.550         17.000      90790.000          5.357          2.164      -888888.0      -888888.0
     0     0
VALLE_FERTIL                               -30.63350   -67.46820   900.00000 2026-07-31 20:30:00     1
     1     1        293.550         17.000      90790.000          4.179          2.316      -888888.0      -888888.0
     0     0
VALLE_FERTIL                               -30.63350   -67.46820   900.00000 2026-07-31 20:35:00     1
     1     1        293.150         17.000      90790.000          4.888          1.494      -888888.0      -888888.0
     0     0
VALLE_FERTIL                               -30.63350   -67.46820   900.00000 2026-07-31 20:40:00     1
     1     1        293.250         17.000      90770.000          5.394          2.071      -888888.0      -888888.0
     0     0
VALLE_FERTIL                               -30.63350   -67.46820   900.00000 2026-07-31 20:45:00     1
     1     1        293.250         17.000      90760.000          7.022          2.556      -888888.0      -888888.0
     0     0
VALLE_FERTIL                               -30.63350   -67.46820   900.00000 2026-07-31 20:50:00     1
     1     1        293.350         17.000      90740.000          7.708          1.922      -888888.0      -888888.0
     0     0
VALLE_FERTIL                               -30.63350   -67.46820   900.00000 2026-07-31 20:55:00     1
     1     1        293.250         17.000      90730.000          7.836          2.396      -888888.0      -888888.0
     0     0
VALLE_FERTIL                               -30.63350   -67.46820   900.00000 2026-07-31 21:00:00     1
     1     1        293.250         17.000      90710.000          7.461          3.322      -888888.0      -888888.0
     0     0
VALLE_FERTIL                               -30.63350   -67.46820   900.00000 2026-07-31 21:05:00     1
     1     1        293.250         17.000      90680.000          6.703          5.624      -888888.0      -888888.0
     0     0
VALLE_FERTIL                               -30.63350   -67.46820   900.00000 2026-07-31 21:10:00     1
     1     1        293.250         17.000      90680.000          7.172          2.193      -888888.0      -888888.0
     0     0
VALLE_FERTIL                               -30.63350   -67.46820   900.00000 2026-07-31 21:15:00     1
     1     1        293.150         17.000      90690.000          8.692          3.164      -888888.0      -888888.0
     0     0
VALLE_FERTIL                               -30.63350   -67.46820   900.00000 2026-07-31 21:20:00     1
     1     1        293.250         16.000      90710.000          8.536          2.939      -888888.0      -888888.0
     0     0
VALLE_FERTIL                               -30.63350   -67.46820   900.00000 2026-07-31 21:25:00     1
     1     1        293.350         16.000      90720.000          9.426          2.703      -888888.0      -888888.0
     0     0
VALLE_FERTIL                               -30.63350   -67.46820   900.00000 2026-07-31 21:30:00     1
     1     1        293.350         16.000      90710.000          7.628          4.056      -888888.0      -888888.0
     0     0
VALLE_FERTIL                               -30.63350   -67.46820   900.00000 2026-07-31 21:35:00     1
     1     1        293.150         16.000      90730.000          7.360          0.128      -888888.0      -888888.0
     0     0
VALLE_FERTIL                               -30.63350   -67.46820   900.00000 2026-07-31 21:40:00     1
     1     1        293.250         16.000      90750.000          7.741          1.787      -888888.0      -888888.0
     0     0
VALLE_FERTIL                               -30.63350   -67.46820   900.00000 2026-07-31 21:45:00     1
     1     1        293.150         15.000      90780.000          6.082          2.214      -888888.0      -888888.0
     0     0
VALLE_FERTIL                               -30.63350   -67.46820   900.00000 2026-07-31 21:50:00     1
     1     1        293.050         15.000      90790.000          4.979          1.911      -888888.0      -888888.0
     0     0
VALLE_FERTIL                               -30.63350   -67.46820   900.00000 2026-07-31 21:55:00     1
     1     1        292.850         15.000      90800.000          4.018          1.623      -888888.0      -888888.0
     0     0
VALLE_FERTIL                               -30.63350   -67.46820   900.00000 2026-07-31 22:00:00     1
     1     1        292.750         15.000      90820.000          4.786          0.673      -888888.0      -888888.0
     0     0
VALLE_FERTIL                               -30.63350   -67.46820   900.00000 2026-07-31 22:05:00     1
     1     1        293.150         15.000      90790.000          4.688          2.929      -888888.0      -888888.0
     0     0
VALLE_FERTIL                               -30.63350   -67.46820   900.00000 2026-07-31 22:10:00     1
     1     1        293.150         14.000      90810.000          5.142          1.872      -888888.0      -888888.0
     0     0
VALLE_FERTIL                               -30.63350   -67.46820   900.00000 2026-07-31 22:15:00     1
     1     1        293.150         14.000      90840.000          6.802          2.342      -888888.0      -888888.0
     0     0
VALLE_FERTIL                               -30.63350   -67.46820   900.00000 2026-07-31 22:20:00     1
     1     1        293.150         15.000      90850.000          4.304          3.243      -888888.0      -888888.0
     0     0
VALLE_FERTIL                               -30.63350   -67.46820   900.00000 2026-07-31 22:25:00     1
     1     1        293.350         14.000      90860.000          5.085          2.371      -888888.0      -888888.0
     0     0
VALLE_FERTIL                               -30.63350   -67.46820   900.00000 2026-07-31 22:30:00     1
     1     1        293.250         14.000      90880.000          4.143          2.489      -888888.0      -888888.0
     0     0
VALLE_FERTIL                               -30.63350   -67.46820   900.00000 2026-07-31 22:35:00     1
     1     1        293.250         14.000      90870.000          3.512          2.028      -888888.0      -888888.0
     0     0
VALLE_FERTIL                               -30.63350   -67.46820   900.00000 2026-07-31 22:40:00     1
     1     1        293.150         15.000      90900.000          4.698          3.169      -888888.0      -888888.0
     0     0
VALLE_FERTIL                               -30.63350   -67.46820   900.00000 2026-07-31 22:45:00     1
     1     1        293.150         15.000      90920.000          3.123          3.468      -888888.0      -888888.0
     0     0
VALLE_FERTIL                               -30.63350   -67.46820   900.00000 2026-07-31 22:50:00     1
     1     1        292.950         15.000      90940.000          1.429          4.150      -888888.0      -888888.0
     0     0
VALLE_FERTIL                               -30.63350   -67.46820   900.00000 2026-07-31 22:55:00     1
     1     1        293.150         15.000      90960.000          1.693          2.167      -888888.0      -888888.0
     0     0
VALLE_FERTIL                               -30.63350   -67.46820   900.00000 2026-07-31 23:00:00     1
     1     1        292.650         15.000      90960.000          2.261          1.413      -888888.0      -888888.0
     0     0
VALLE_FERTIL                               -30.63350   -67.46820   900.00000 2026-07-31 23:05:00     1
     1     1        292.750         15.000      90970.000          2.518          1.174      -888888.0      -888888.0
     0     0
VALLE_FERTIL                               -30.63350   -67.46820   900.00000 2026-07-31 23:10:00     1
     1     1        291.950         16.000      90970.000          1.059          0.715      -888888.0      -888888.0
     0     0
VALLE_FERTIL                               -30.63350   -67.46820   900.00000 2026-07-31 23:15:00     1
     1     1        291.750         16.000      90990.000          2.745          1.522      -888888.0      -888888.0
     0     0
VALLE_FERTIL                               -30.63350   -67.46820   900.00000 2026-07-31 23:20:00     1
     1     1        292.150         16.000      90990.000          1.438          1.045      -888888.0      -888888.0
     0     0
VALLE_FERTIL                               -30.63350   -67.46820   900.00000 2026-07-31 23:25:00     1
     1     1        291.850         15.000      91010.000          1.512          1.512      -888888.0      -888888.0
     0     0
VALLE_FERTIL                               -30.63350   -67.46820   900.00000 2026-07-31 23:30:00     1
     1     1        292.250         16.000      91040.000          2.008          0.282      -888888.0      -888888.0
     0     0
VALLE_FERTIL                               -30.63350   -67.46820   900.00000 2026-07-31 23:35:00     1
     1     1        291.750         15.000      91040.000          0.998         -0.070      -888888.0      -888888.0
     0     0
VALLE_FERTIL                               -30.63350   -67.46820   900.00000 2026-07-31 23:40:00     1
     1     1        291.850         16.000      91050.000          1.713          0.180      -888888.0      -888888.0
     0     0
VALLE_FERTIL                               -30.63350   -67.46820   900.00000 2026-07-31 23:45:00     1
     1     1        291.250         17.000      91040.000          2.138          0.494      -888888.0      -888888.0
     0     0
VALLE_FERTIL                               -30.63350   -67.46820   900.00000 2026-07-31 23:50:00     1
     1     1        291.350         16.000      91050.000          1.798          1.259      -888888.0      -888888.0
     0     0
VALLE_FERTIL                               -30.63350   -67.46820   900.00000 2026-07-31 23:55:00     1
     1     1        291.350         16.000      91040.000          2.863          0.986      -888888.0      -888888.0
     0     0
CUESTA_Viento                              -30.18330   -69.06670  1530.00000 2026-07-31 00:00:00     1
     1     1        289.450         19.000      84220.000          0.000          0.000      -888888.0      -888888.0
     0     0
CUESTA_Viento                              -30.18330   -69.06670  1530.00000 2026-07-31 00:05:00     1
     1     1        289.350         19.000      84220.000          0.000          0.000      -888888.0      -888888.0
     0     0
CUESTA_Viento                              -30.18330   -69.06670  1530.00000 2026-07-31 00:10:00     1
     1     1        289.850         18.000      84230.000          0.000          0.000      -888888.0      -888888.0
     0     0
CUESTA_Viento                              -30.18330   -69.06670  1530.00000 2026-07-31 00:15:00     1
     1     1        289.950         18.000      84230.000          0.000          0.000      -888888.0      -888888.0
     0     0
CUESTA_Viento                              -30.18330   -69.06670  1530.00000 2026-07-31 00:20:00     1
     1     1        289.750         17.000      84230.000          0.000          0.000      -888888.0      -888888.0
     0     0
CUESTA_Viento                              -30.18330   -69.06670  1530.00000 2026-07-31 00:25:00     1
     1     1        289.950         18.000      84240.000          0.000          0.000      -888888.0      -888888.0
     0     0
CUESTA_Viento                              -30.18330   -69.06670  1530.00000 2026-07-31 00:30:00     1
     1     1        289.350         18.000      84220.000          0.007         -0.027      -888888.0      -888888.0
     0     0
CUESTA_Viento                              -30.18330   -69.06670  1530.00000 2026-07-31 00:35:00     1
     1     1        289.450         19.000      84210.000         -0.000          0.000      -888888.0      -888888.0
     0     0
CUESTA_Viento                              -30.18330   -69.06670  1530.00000 2026-07-31 00:40:00     1
     1     1        289.550         19.000      84220.000          0.036         -0.105      -888888.0      -888888.0
     0     0
CUESTA_Viento                              -30.18330   -69.06670  1530.00000 2026-07-31 00:45:00     1
     1     1        290.650         20.000      84230.000          1.089         -0.555      -888888.0      -888888.0
     0     0
CUESTA_Viento                              -30.18330   -69.06670  1530.00000 2026-07-31 00:50:00     1
     1     1        290.650         19.000      84220.000          0.286         -0.172      -888888.0      -888888.0
     0     0
CUESTA_Viento                              -30.18330   -69.06670  1530.00000 2026-07-31 00:55:00     1
     1     1        289.650         20.000      84200.000          0.000          0.000      -888888.0      -888888.0
     0     0
CUESTA_Viento                              -30.18330   -69.06670  1530.00000 2026-07-31 01:00:00     1
     1     1        289.350         18.000      84190.000          0.000          0.000      -888888.0      -888888.0
     0     0
CUESTA_Viento                              -30.18330   -69.06670  1530.00000 2026-07-31 01:05:00     1
     1     1        290.250         18.000      84200.000          0.000         -0.000      -888888.0      -888888.0
     0     0
CUESTA_Viento                              -30.18330   -69.06670  1530.00000 2026-07-31 01:10:00     1
     1     1        288.850         21.000      84180.000          0.000          0.000      -888888.0      -888888.0
     0     0
CUESTA_Viento                              -30.18330   -69.06670  1530.00000 2026-07-31 01:15:00     1
     1     1        287.950         20.000      84190.000          0.000          0.000      -888888.0      -888888.0
     0     0
CUESTA_Viento                              -30.18330   -69.06670  1530.00000 2026-07-31 01:20:00     1
     1     1        288.150         18.000      84170.000          0.194          0.007      -888888.0      -888888.0
     0     0
CUESTA_Viento                              -30.18330   -69.06670  1530.00000 2026-07-31 01:25:00     1
     1     1        289.750         18.000      84170.000         -0.056         -0.096      -888888.0      -888888.0
     0     0
CUESTA_Viento                              -30.18330   -69.06670  1530.00000 2026-07-31 01:30:00     1
     1     1        288.950         19.000      84160.000          0.000          0.000      -888888.0      -888888.0
     0     0
CUESTA_Viento                              -30.18330   -69.06670  1530.00000 2026-07-31 01:35:00     1
     1     1        288.350         20.000      84150.000          0.000          0.000      -888888.0      -888888.0
     0     0
CUESTA_Viento                              -30.18330   -69.06670  1530.00000 2026-07-31 01:40:00     1
     1     1        286.950         23.000      84150.000          0.000          0.000      -888888.0      -888888.0
     0     0
CUESTA_Viento                              -30.18330   -69.06670  1530.00000 2026-07-31 01:45:00     1
     1     1        287.350         20.000      84140.000          0.000          0.000      -888888.0      -888888.0
     0     0
CUESTA_Viento                              -30.18330   -69.06670  1530.00000 2026-07-31 01:50:00     1
     1     1        287.250         22.000      84140.000          0.000          0.000      -888888.0      -888888.0
     0     0
CUESTA_Viento                              -30.18330   -69.06670  1530.00000 2026-07-31 01:55:00     1
     1     1        287.350         20.000      84140.000          0.000          0.000      -888888.0      -888888.0
     0     0
CUESTA_Viento                              -30.18330   -69.06670  1530.00000 2026-07-31 02:00:00     1
     1     1        287.450         21.000      84130.000         -0.000          0.000      -888888.0      -888888.0
     0     0
CUESTA_Viento                              -30.18330   -69.06670  1530.00000 2026-07-31 02:05:00     1
     1     1        287.250         22.000      84130.000         -0.000          0.000      -888888.0      -888888.0
     0     0
CUESTA_Viento                              -30.18330   -69.06670  1530.00000 2026-07-31 02:10:00     1
     1     1        286.150         24.000      84120.000          0.000          0.000      -888888.0      -888888.0
     0     0
CUESTA_Viento                              -30.18330   -69.06670  1530.00000 2026-07-31 02:15:00     1
     1     1        286.350         25.000      84110.000         -0.000          0.000      -888888.0      -888888.0
     0     0
CUESTA_Viento                              -30.18330   -69.06670  1530.00000 2026-07-31 02:20:00     1
     1     1        285.350         30.000      84120.000          0.000          0.000      -888888.0      -888888.0
     0     0
CUESTA_Viento                              -30.18330   -69.06670  1530.00000 2026-07-31 02:25:00     1
     1     1        285.450         24.000      84120.000         -0.019         -0.021      -888888.0      -888888.0
     0     0
CUESTA_Viento                              -30.18330   -69.06670  1530.00000 2026-07-31 02:30:00     1
     1     1        287.250         24.000      84120.000         -0.265         -0.153      -888888.0      -888888.0
     0     0
CUESTA_Viento                              -30.18330   -69.06670  1530.00000 2026-07-31 02:35:00     1
     1     1        286.650         28.000      84140.000          0.000          0.000      -888888.0      -888888.0
     0     0
CUESTA_Viento                              -30.18330   -69.06670  1530.00000 2026-07-31 02:40:00     1
     1     1        286.550         25.000      84120.000          0.000          0.000      -888888.0      -888888.0
     0     0
CUESTA_Viento                              -30.18330   -69.06670  1530.00000 2026-07-31 02:45:00     1
     1     1        287.050         24.000      84110.000          0.000         -0.000      -888888.0      -888888.0
     0     0
CUESTA_Viento                              -30.18330   -69.06670  1530.00000 2026-07-31 02:50:00     1
     1     1        286.250         31.000      84120.000          0.025          0.108      -888888.0      -888888.0
     0     0
CUESTA_Viento                              -30.18330   -69.06670  1530.00000 2026-07-31 02:55:00     1
     1     1        286.150         24.000      84110.000          0.989         -0.618      -888888.0      -888888.0
     0     0
CUESTA_Viento                              -30.18330   -69.06670  1530.00000 2026-07-31 03:00:00     1
     1     1        287.750         26.000      84110.000         -0.354         -0.354      -888888.0      -888888.0
     0     0
CUESTA_Viento                              -30.18330   -69.06670  1530.00000 2026-07-31 03:05:00     1
     1     1        286.650         26.000      84120.000          0.387         -0.034      -888888.0      -888888.0
     0     0
CUESTA_Viento                              -30.18330   -69.06670  1530.00000 2026-07-31 03:10:00     1
     1     1        286.050         29.000      84120.000         -0.026         -0.010      -888888.0      -888888.0
     0     0
CUESTA_Viento                              -30.18330   -69.06670  1530.00000 2026-07-31 03:15:00     1
     1     1        285.450         29.000      84100.000          0.000          0.000      -888888.0      -888888.0
     0     0
CUESTA_Viento                              -30.18330   -69.06670  1530.00000 2026-07-31 03:20:00     1
     1     1        285.650         26.000      84090.000         -0.000          0.000      -888888.0      -888888.0
     0     0
CUESTA_Viento                              -30.18330   -69.06670  1530.00000 2026-07-31 03:25:00     1
     1     1        285.550         26.000      84120.000         -0.000          0.000      -888888.0      -888888.0
     0     0
CUESTA_Viento                              -30.18330   -69.06670  1530.00000 2026-07-31 03:30:00     1
     1     1        285.350         27.000      84110.000          0.000          0.000      -888888.0      -888888.0
     0     0
CUESTA_Viento                              -30.18330   -69.06670  1530.00000 2026-07-31 03:35:00     1
     1     1        285.750         24.000      84100.000          0.000          0.000      -888888.0      -888888.0
     0     0
CUESTA_Viento                              -30.18330   -69.06670  1530.00000 2026-07-31 03:40:00     1
     1     1        286.650         22.000      84100.000          0.000          0.000      -888888.0      -888888.0
     0     0
CUESTA_Viento                              -30.18330   -69.06670  1530.00000 2026-07-31 03:45:00     1
     1     1        287.450         21.000      84090.000         -0.000          0.000      -888888.0      -888888.0
     0     0
CUESTA_Viento                              -30.18330   -69.06670  1530.00000 2026-07-31 03:50:00     1
     1     1        287.850         21.000      84090.000         -0.000         -0.000      -888888.0      -888888.0
     0     0
CUESTA_Viento                              -30.18330   -69.06670  1530.00000 2026-07-31 03:55:00     1
     1     1        287.850         22.000      84070.000          0.000          0.000      -888888.0      -888888.0
     0     0
CUESTA_Viento                              -30.18330   -69.06670  1530.00000 2026-07-31 04:00:00     1
     1     1        287.450         29.000      84080.000          0.000          0.000      -888888.0      -888888.0
     0     0
CUESTA_Viento                              -30.18330   -69.06670  1530.00000 2026-07-31 04:05:00     1
     1     1        285.650         34.000      84080.000          0.000          0.000      -888888.0      -888888.0
     0     0
CUESTA_Viento                              -30.18330   -69.06670  1530.00000 2026-07-31 04:10:00     1
     1     1        285.250         26.000      84080.000          0.000         -0.000      -888888.0      -888888.0
     0     0
CUESTA_Viento                              -30.18330   -69.06670  1530.00000 2026-07-31 04:15:00     1
     1     1        285.550         27.000      84090.000         -0.000          0.000      -888888.0      -888888.0
     0     0
CUESTA_Viento                              -30.18330   -69.06670  1530.00000 2026-07-31 04:20:00     1
     1     1        285.450         28.000      84070.000         -0.000          0.000      -888888.0      -888888.0
     0     0
CUESTA_Viento                              -30.18330   -69.06670  1530.00000 2026-07-31 04:25:00     1
     1     1        285.150         26.000      84090.000          0.000          0.000      -888888.0      -888888.0
     0     0
CUESTA_Viento                              -30.18330   -69.06670  1530.00000 2026-07-31 04:30:00     1
     1     1        285.050         29.000      84080.000          0.041         -0.037      -888888.0      -888888.0
     0     0
CUESTA_Viento                              -30.18330   -69.06670  1530.00000 2026-07-31 04:35:00     1
     1     1        284.850         27.000      84090.000         -0.192         -0.161      -888888.0      -888888.0
     0     0
CUESTA_Viento                              -30.18330   -69.06670  1530.00000 2026-07-31 04:40:00     1
     1     1        284.950         25.000      84090.000          0.238         -0.077      -888888.0      -888888.0
     0     0
CUESTA_Viento                              -30.18330   -69.06670  1530.00000 2026-07-31 04:45:00     1
     1     1        285.450         25.000      84080.000         -0.000          0.000      -888888.0      -888888.0
     0     0
CUESTA_Viento                              -30.18330   -69.06670  1530.00000 2026-07-31 04:50:00     1
     1     1        285.250         24.000      84080.000         -0.079         -0.027      -888888.0      -888888.0
     0     0
CUESTA_Viento                              -30.18330   -69.06670  1530.00000 2026-07-31 04:55:00     1
     1     1        285.350         28.000      84070.000         -0.000          0.000      -888888.0      -888888.0
     0     0
CUESTA_Viento                              -30.18330   -69.06670  1530.00000 2026-07-31 05:00:00     1
     1     1        284.950         26.000      84070.000         -0.000          0.000      -888888.0      -888888.0
     0     0
CUESTA_Viento                              -30.18330   -69.06670  1530.00000 2026-07-31 05:05:00     1
     1     1        284.750         29.000      84080.000          0.000          0.000      -888888.0      -888888.0
     0     0
CUESTA_Viento                              -30.18330   -69.06670  1530.00000 2026-07-31 05:10:00     1
     1     1        284.850         30.000      84070.000          0.000          0.000      -888888.0      -888888.0
     0     0
CUESTA_Viento                              -30.18330   -69.06670  1530.00000 2026-07-31 05:15:00     1
     1     1        284.750         30.000      84090.000          0.000          0.000      -888888.0      -888888.0
     0     0
CUESTA_Viento                              -30.18330   -69.06670  1530.00000 2026-07-31 05:20:00     1
     1     1        284.650         30.000      84090.000         -0.000          0.000      -888888.0      -888888.0
     0     0
CUESTA_Viento                              -30.18330   -69.06670  1530.00000 2026-07-31 05:25:00     1
     1     1        284.850         27.000      84070.000          0.000          0.000      -888888.0      -888888.0
     0     0
CUESTA_Viento                              -30.18330   -69.06670  1530.00000 2026-07-31 05:30:00     1
     1     1        285.050         29.000      84060.000         -0.112         -0.082      -888888.0      -888888.0
     0     0
CUESTA_Viento                              -30.18330   -69.06670  1530.00000 2026-07-31 05:35:00     1
     1     1        284.950         29.000      84070.000         -0.000          0.000      -888888.0      -888888.0
     0     0
CUESTA_Viento                              -30.18330   -69.06670  1530.00000 2026-07-31 05:40:00     1
     1     1        284.650         31.000      84070.000         -0.194         -0.108      -888888.0      -888888.0
     0     0
CUESTA_Viento                              -30.18330   -69.06670  1530.00000 2026-07-31 05:45:00     1
     1     1        284.450         30.000      84070.000          0.000          0.000      -888888.0      -888888.0
     0     0
CUESTA_Viento                              -30.18330   -69.06670  1530.00000 2026-07-31 05:50:00     1
     1     1        284.550         32.000      84090.000         -0.066         -0.051      -888888.0      -888888.0
     0     0
CUESTA_Viento                              -30.18330   -69.06670  1530.00000 2026-07-31 05:55:00     1
     1     1        284.450         30.000      84080.000          0.000          0.000      -888888.0      -888888.0
     0     0
CUESTA_Viento                              -30.18330   -69.06670  1530.00000 2026-07-31 06:00:00     1
     1     1        284.750         32.000      84100.000         -0.000          0.000      -888888.0      -888888.0
     0     0
CUESTA_Viento                              -30.18330   -69.06670  1530.00000 2026-07-31 06:05:00     1
     1     1        284.650         30.000      84100.000          0.629         -0.111      -888888.0      -888888.0
     0     0
CUESTA_Viento                              -30.18330   -69.06670  1530.00000 2026-07-31 06:10:00     1
     1     1        286.550         27.000      84100.000         -0.119         -0.311      -888888.0      -888888.0
     0     0
CUESTA_Viento                              -30.18330   -69.06670  1530.00000 2026-07-31 06:15:00     1
     1     1        286.750         26.000      84110.000          0.055         -0.063      -888888.0      -888888.0
     0     0
CUESTA_Viento                              -30.18330   -69.06670  1530.00000 2026-07-31 06:20:00     1
     1     1        287.150         26.000      84110.000          0.315          0.109      -888888.0      -888888.0
     0     0
CUESTA_Viento                              -30.18330   -69.06670  1530.00000 2026-07-31 06:25:00     1
     1     1        288.450         28.000      84120.000         -0.000          0.000      -888888.0      -888888.0
     0     0
CUESTA_Viento                              -30.18330   -69.06670  1530.00000 2026-07-31 06:30:00     1
     1     1        287.750         27.000      84110.000          0.094         -0.170      -888888.0      -888888.0
     0     0
CUESTA_Viento                              -30.18330   -69.06670  1530.00000 2026-07-31 06:35:00     1
     1     1        287.950         27.000      84090.000          0.051         -0.023      -888888.0      -888888.0
     0     0
CUESTA_Viento                              -30.18330   -69.06670  1530.00000 2026-07-31 06:40:00     1
     1     1        288.250         26.000      84110.000          0.000          0.000      -888888.0      -888888.0
     0     0
CUESTA_Viento                              -30.18330   -69.06670  1530.00000 2026-07-31 06:45:00     1
     1     1        287.950         35.000      84110.000          0.000          0.000      -888888.0      -888888.0
     0     0
CUESTA_Viento                              -30.18330   -69.06670  1530.00000 2026-07-31 06:50:00     1
     1     1        286.850         33.000      84120.000          0.000          0.000      -888888.0      -888888.0
     0     0
CUESTA_Viento                              -30.18330   -69.06670  1530.00000 2026-07-31 06:55:00     1
     1     1        286.350         38.000      84120.000          0.000          0.000      -888888.0      -888888.0
     0     0
CUESTA_Viento                              -30.18330   -69.06670  1530.00000 2026-07-31 07:00:00     1
     1     1        285.850         34.000      84130.000         -0.009          0.055      -888888.0      -888888.0
     0     0
CUESTA_Viento                              -30.18330   -69.06670  1530.00000 2026-07-31 07:05:00     1
     1     1        285.850         32.000      84140.000          0.000          0.000      -888888.0      -888888.0
     0     0
CUESTA_Viento                              -30.18330   -69.06670  1530.00000 2026-07-31 07:10:00     1
     1     1        285.850         32.000      84130.000          0.000          0.000      -888888.0      -888888.0
     0     0
CUESTA_Viento                              -30.18330   -69.06670  1530.00000 2026-07-31 07:15:00     1
     1     1        285.850         32.000      84140.000         -0.095         -0.057      -888888.0      -888888.0
     0     0
CUESTA_Viento                              -30.18330   -69.06670  1530.00000 2026-07-31 07:20:00     1
     1     1        285.850         31.000      84140.000          0.022         -0.016      -888888.0      -888888.0
     0     0
CUESTA_Viento                              -30.18330   -69.06670  1530.00000 2026-07-31 07:25:00     1
     1     1        286.550         30.000      84150.000          0.123         -0.065      -888888.0      -888888.0
     0     0
CUESTA_Viento                              -30.18330   -69.06670  1530.00000 2026-07-31 07:30:00     1
     1     1        286.550         31.000      84160.000         -0.000          0.000      -888888.0      -888888.0
     0     0
CUESTA_Viento                              -30.18330   -69.06670  1530.00000 2026-07-31 07:35:00     1
     1     1        286.450         32.000      84150.000          0.000          0.000      -888888.0      -888888.0
     0     0
CUESTA_Viento                              -30.18330   -69.06670  1530.00000 2026-07-31 07:40:00     1
     1     1        286.250         33.000      84170.000         -0.204         -0.227      -888888.0      -888888.0
     0     0
CUESTA_Viento                              -30.18330   -69.06670  1530.00000 2026-07-31 07:45:00     1
     1     1        287.050         31.000      84200.000          0.518         -0.324      -888888.0      -888888.0
     0     0
CUESTA_Viento                              -30.18330   -69.06670  1530.00000 2026-07-31 07:50:00     1
     1     1        287.850         31.000      84240.000         -0.311         -0.119      -888888.0      -888888.0
     0     0
CUESTA_Viento                              -30.18330   -69.06670  1530.00000 2026-07-31 07:55:00     1
     1     1        287.450         33.000      84250.000          0.400          0.250      -888888.0      -888888.0
     0     0
CUESTA_Viento                              -30.18330   -69.06670  1530.00000 2026-07-31 08:00:00     1
     1     1        287.850         31.000      84270.000         -0.598         -0.619      -888888.0      -888888.0
     0     0
CUESTA_Viento                              -30.18330   -69.06670  1530.00000 2026-07-31 08:05:00     1
     1     1        288.550         30.000      84270.000         -0.824         -1.319      -888888.0      -888888.0
     0     0
CUESTA_Viento                              -30.18330   -69.06670  1530.00000 2026-07-31 08:10:00     1
     1     1        289.050         28.000      84260.000         -1.911         -1.289      -888888.0      -888888.0
     0     0
CUESTA_Viento                              -30.18330   -69.06670  1530.00000 2026-07-31 08:15:00     1
     1     1        288.750         31.000      84260.000         -2.205         -0.674      -888888.0      -888888.0
     0     0
CUESTA_Viento                              -30.18330   -69.06670  1530.00000 2026-07-31 08:20:00     1
     1     1        288.350         31.000      84250.000         -0.836         -1.109      -888888.0      -888888.0
     0     0
CUESTA_Viento                              -30.18330   -69.06670  1530.00000 2026-07-31 08:25:00     1
     1     1        288.650         30.000      84280.000         -4.073         -2.852      -888888.0      -888888.0
     0     0
CUESTA_Viento                              -30.18330   -69.06670  1530.00000 2026-07-31 08:30:00     1
     1     1        288.950         29.000      84270.000         -3.320         -0.526      -888888.0      -888888.0
     0     0
CUESTA_Viento                              -30.18330   -69.06670  1530.00000 2026-07-31 08:35:00     1
     1     1        289.150         28.000      84280.000         -2.454         -0.301      -888888.0      -888888.0
     0     0
CUESTA_Viento                              -30.18330   -69.06670  1530.00000 2026-07-31 08:40:00     1
     1     1        289.150         28.000      84280.000         -2.000         -1.453      -888888.0      -888888.0
     0     0
CUESTA_Viento                              -30.18330   -69.06670  1530.00000 2026-07-31 08:45:00     1
     1     1        289.350         28.000      84270.000         -1.488         -1.294      -888888.0      -888888.0
     0     0
CUESTA_Viento                              -30.18330   -69.06670  1530.00000 2026-07-31 08:50:00     1
     1     1        289.050         29.000      84290.000         -0.921         -0.669      -888888.0      -888888.0
     0     0
CUESTA_Viento                              -30.18330   -69.06670  1530.00000 2026-07-31 08:55:00     1
     1     1        288.850         29.000      84310.000         -1.090         -0.948      -888888.0      -888888.0
     0     0
CUESTA_Viento                              -30.18330   -69.06670  1530.00000 2026-07-31 09:00:00     1
     1     1        288.750         31.000      84310.000         -1.148         -0.560      -888888.0      -888888.0
     0     0
CUESTA_Viento                              -30.18330   -69.06670  1530.00000 2026-07-31 09:05:00     1
     1     1        288.550         29.000      84320.000         -0.325         -0.303      -888888.0      -888888.0
     0     0
CUESTA_Viento                              -30.18330   -69.06670  1530.00000 2026-07-31 09:10:00     1
     1     1        288.650         29.000      84340.000         -0.754         -0.471      -888888.0      -888888.0
     0     0
CUESTA_Viento                              -30.18330   -69.06670  1530.00000 2026-07-31 09:15:00     1
     1     1        288.750         29.000      84330.000         -0.003          0.028      -888888.0      -888888.0
     0     0
CUESTA_Viento                              -30.18330   -69.06670  1530.00000 2026-07-31 09:20:00     1
     1     1        288.450         31.000      84320.000          0.000          0.000      -888888.0      -888888.0
     0     0
CUESTA_Viento                              -30.18330   -69.06670  1530.00000 2026-07-31 09:25:00     1
     1     1        288.250         31.000      84350.000         -0.205         -0.263      -888888.0      -888888.0
     0     0
CUESTA_Viento                              -30.18330   -69.06670  1530.00000 2026-07-31 09:30:00     1
     1     1        288.050         33.000      84370.000         -0.398         -0.346      -888888.0      -888888.0
     0     0
CUESTA_Viento                              -30.18330   -69.06670  1530.00000 2026-07-31 09:35:00     1
     1     1        287.950         34.000      84370.000          0.004         -0.111      -888888.0      -888888.0
     0     0
CUESTA_Viento                              -30.18330   -69.06670  1530.00000 2026-07-31 09:40:00     1
     1     1        287.650         35.000      84380.000         -0.286         -0.476      -888888.0      -888888.0
     0     0
CUESTA_Viento                              -30.18330   -69.06670  1530.00000 2026-07-31 09:45:00     1
     1     1        287.750         33.000      84370.000         -1.925         -1.111      -888888.0      -888888.0
     0     0
CUESTA_Viento                              -30.18330   -69.06670  1530.00000 2026-07-31 09:50:00     1
     1     1        287.650         34.000      84400.000         -1.946         -3.238      -888888.0      -888888.0
     0     0
CUESTA_Viento                              -30.18330   -69.06670  1530.00000 2026-07-31 09:55:00     1
     1     1        287.650         34.000      84390.000         -2.090         -2.877      -888888.0      -888888.0
     0     0
CUESTA_Viento                              -30.18330   -69.06670  1530.00000 2026-07-31 10:00:00     1
     1     1        287.850         32.000      84410.000         -3.068         -2.861      -888888.0      -888888.0
     0     0
CUESTA_Viento                              -30.18330   -69.06670  1530.00000 2026-07-31 10:05:00     1
     1     1        287.950         31.000      84410.000         -2.132         -3.548      -888888.0      -888888.0
     0     0
CUESTA_Viento                              -30.18330   -69.06670  1530.00000 2026-07-31 10:10:00     1
     1     1        288.050         31.000      84390.000         -3.171         -3.648      -888888.0      -888888.0
     0     0
CUESTA_Viento                              -30.18330   -69.06670  1530.00000 2026-07-31 10:15:00     1
     1     1        287.950         32.000      84390.000         -2.508         -3.328      -888888.0      -888888.0
     0     0
CUESTA_Viento                              -30.18330   -69.06670  1530.00000 2026-07-31 10:20:00     1
     1     1        287.550         32.000      84410.000         -3.585         -3.116      -888888.0      -888888.0
     0     0
CUESTA_Viento                              -30.18330   -69.06670  1530.00000 2026-07-31 10:25:00     1
     1     1        287.450         32.000      84410.000         -0.421         -4.815      -888888.0      -888888.0
     0     0
CUESTA_Viento                              -30.18330   -69.06670  1530.00000 2026-07-31 10:30:00     1
     1     1        287.550         31.000      84410.000         -3.972         -3.217      -888888.0      -888888.0
     0     0
CUESTA_Viento                              -30.18330   -69.06670  1530.00000 2026-07-31 10:35:00     1
     1     1        287.450         32.000      84410.000         -2.436         -2.436      -888888.0      -888888.0
     0     0
CUESTA_Viento                              -30.18330   -69.06670  1530.00000 2026-07-31 10:40:00     1
     1     1        287.350         33.000      84430.000         -3.298         -2.768      -888888.0      -888888.0
     0     0
CUESTA_Viento                              -30.18330   -69.06670  1530.00000 2026-07-31 10:45:00     1
     1     1        287.350         33.000      84400.000         -2.766         -1.597      -888888.0      -888888.0
     0     0
CUESTA_Viento                              -30.18330   -69.06670  1530.00000 2026-07-31 10:50:00     1
     1     1        287.250         35.000      84420.000         -2.398         -2.663      -888888.0      -888888.0
     0     0
CUESTA_Viento                              -30.18330   -69.06670  1530.00000 2026-07-31 10:55:00     1
     1     1        287.250         35.000      84420.000         -2.255         -2.103      -888888.0      -888888.0
     0     0
CUESTA_Viento                              -30.18330   -69.06670  1530.00000 2026-07-31 11:00:00     1
     1     1        287.450         35.000      84400.000         -2.130         -1.605      -888888.0      -888888.0
     0     0
CUESTA_Viento                              -30.18330   -69.06670  1530.00000 2026-07-31 11:05:00     1
     1     1        287.650         35.000      84390.000         -1.438         -1.045      -888888.0      -888888.0
     0     0
CUESTA_Viento                              -30.18330   -69.06670  1530.00000 2026-07-31 11:10:00     1
     1     1        287.750         34.000      84410.000         -0.392         -0.353      -888888.0      -888888.0
     0     0
CUESTA_Viento                              -30.18330   -69.06670  1530.00000 2026-07-31 11:15:00     1
     1     1        288.050         33.000      84410.000         -0.309         -0.320      -888888.0      -888888.0
     0     0
CUESTA_Viento                              -30.18330   -69.06670  1530.00000 2026-07-31 11:20:00     1
     1     1        288.550         32.000      84400.000         -0.028         -0.002      -888888.0      -888888.0
     0     0
CUESTA_Viento                              -30.18330   -69.06670  1530.00000 2026-07-31 11:25:00     1
     1     1        288.350         32.000      84400.000         -0.021          0.018      -888888.0      -888888.0
     0     0
CUESTA_Viento                              -30.18330   -69.06670  1530.00000 2026-07-31 11:30:00     1
     1     1        288.350         33.000      84410.000         -0.167          0.003      -888888.0      -888888.0
     0     0
CUESTA_Viento                              -30.18330   -69.06670  1530.00000 2026-07-31 11:35:00     1
     1     1        288.450         32.000      84410.000          0.000          0.000      -888888.0      -888888.0
     0     0
CUESTA_Viento                              -30.18330   -69.06670  1530.00000 2026-07-31 11:40:00     1
     1     1        288.450         32.000      84420.000         -0.000          0.000      -888888.0      -888888.0
     0     0
CUESTA_Viento                              -30.18330   -69.06670  1530.00000 2026-07-31 11:45:00     1
     1     1        288.350         32.000      84440.000         -0.454          0.130      -888888.0      -888888.0
     0     0
CUESTA_Viento                              -30.18330   -69.06670  1530.00000 2026-07-31 11:50:00     1
     1     1        288.250         33.000      84450.000         -0.021          0.019      -888888.0      -888888.0
     0     0
CUESTA_Viento                              -30.18330   -69.06670  1530.00000 2026-07-31 11:55:00     1
     1     1        288.250         32.000      84450.000          0.000          0.000      -888888.0      -888888.0
     0     0
CUESTA_Viento                              -30.18330   -69.06670  1530.00000 2026-07-31 12:00:00     1
     1     1        288.350         32.000      84460.000         -0.258         -0.104      -888888.0      -888888.0
     0     0
CUESTA_Viento                              -30.18330   -69.06670  1530.00000 2026-07-31 12:05:00     1
     1     1        288.550         31.000      84460.000         -1.837         -1.148      -888888.0      -888888.0
     0     0
CUESTA_Viento                              -30.18330   -69.06670  1530.00000 2026-07-31 12:10:00     1
     1     1        288.650         30.000      84480.000         -3.590         -2.805      -888888.0      -888888.0
     0     0
CUESTA_Viento                              -30.18330   -69.06670  1530.00000 2026-07-31 12:15:00     1
     1     1        288.850         30.000      84460.000         -2.881         -1.731      -888888.0      -888888.0
     0     0
CUESTA_Viento                              -30.18330   -69.06670  1530.00000 2026-07-31 12:20:00     1
     1     1        288.550         31.000      84440.000         -3.801         -2.194      -888888.0      -888888.0
     0     0
CUESTA_Viento                              -30.18330   -69.06670  1530.00000 2026-07-31 12:25:00     1
     1     1        288.350         33.000      84450.000         -3.394         -2.558      -888888.0      -888888.0
     0     0
CUESTA_Viento                              -30.18330   -69.06670  1530.00000 2026-07-31 12:30:00     1
     1     1        287.850         35.000      84440.000         -3.043         -1.292      -888888.0      -888888.0
     0     0
CUESTA_Viento                              -30.18330   -69.06670  1530.00000 2026-07-31 12:35:00     1
     1     1        288.350         31.000      84430.000         -3.777         -2.008      -888888.0      -888888.0
     0     0
CUESTA_Viento                              -30.18330   -69.06670  1530.00000 2026-07-31 12:40:00     1
     1     1        288.450         31.000      84440.000         -3.097         -2.991      -888888.0      -888888.0
     0     0
CUESTA_Viento                              -30.18330   -69.06670  1530.00000 2026-07-31 12:45:00     1
     1     1        288.450         31.000      84420.000         -3.049         -2.135      -888888.0      -888888.0
     0     0
CUESTA_Viento                              -30.18330   -69.06670  1530.00000 2026-07-31 12:50:00     1
     1     1        288.550         31.000      84420.000         -1.846         -1.023      -888888.0      -888888.0
     0     0
CUESTA_Viento                              -30.18330   -69.06670  1530.00000 2026-07-31 12:55:00     1
     1     1        288.950         29.000      84410.000         -3.383         -0.781      -888888.0      -888888.0
     0     0
CUESTA_Viento                              -30.18330   -69.06670  1530.00000 2026-07-31 13:00:00     1
     1     1        288.950         29.000      84410.000         -4.349         -2.411      -888888.0      -888888.0
     0     0
CUESTA_Viento                              -30.18330   -69.06670  1530.00000 2026-07-31 13:05:00     1
     1     1        288.750         30.000      84410.000         -4.465         -3.489      -888888.0      -888888.0
     0     0
CUESTA_Viento                              -30.18330   -69.06670  1530.00000 2026-07-31 13:10:00     1
     1     1        289.050         30.000      84400.000         -2.948         -1.988      -888888.0      -888888.0
     0     0
CUESTA_Viento                              -30.18330   -69.06670  1530.00000 2026-07-31 13:15:00     1
     1     1        289.050         31.000      84400.000         -2.296         -2.378      -888888.0      -888888.0
     0     0
CUESTA_Viento                              -30.18330   -69.06670  1530.00000 2026-07-31 13:20:00     1
     1     1        289.450         30.000      84400.000         -3.486         -2.179      -888888.0      -888888.0
     0     0
CUESTA_Viento                              -30.18330   -69.06670  1530.00000 2026-07-31 13:25:00     1
     1     1        289.850         28.000      84370.000         -3.117         -2.807      -888888.0      -888888.0
     0     0
CUESTA_Viento                              -30.18330   -69.06670  1530.00000 2026-07-31 13:30:00     1
     1     1        290.150         27.000      84380.000         -3.890         -2.527      -888888.0      -888888.0
     0     0
CUESTA_Viento                              -30.18330   -69.06670  1530.00000 2026-07-31 13:35:00     1
     1     1        290.250         26.000      84370.000         -3.476         -3.860      -888888.0      -888888.0
     0     0
CUESTA_Viento                              -30.18330   -69.06670  1530.00000 2026-07-31 13:40:00     1
     1     1        289.950         28.000      84370.000         -4.336         -4.187      -888888.0      -888888.0
     0     0
CUESTA_Viento                              -30.18330   -69.06670  1530.00000 2026-07-31 13:45:00     1
     1     1        290.050         28.000      84350.000         -4.073         -2.852      -888888.0      -888888.0
     0     0
CUESTA_Viento                              -30.18330   -69.06670  1530.00000 2026-07-31 13:50:00     1
     1     1        290.350         27.000      84350.000         -4.697         -3.412      -888888.0      -888888.0
     0     0
CUESTA_Viento                              -30.18330   -69.06670  1530.00000 2026-07-31 13:55:00     1
     1     1        290.250         26.000      84350.000         -4.956         -2.747      -888888.0      -888888.0
     0     0
CUESTA_Viento                              -30.18330   -69.06670  1530.00000 2026-07-31 14:00:00     1
     1     1        290.450         25.000      84310.000         -5.006         -3.505      -888888.0      -888888.0
     0     0
CUESTA_Viento                              -30.18330   -69.06670  1530.00000 2026-07-31 14:05:00     1
     1     1        290.650         25.000      84330.000         -4.520         -2.935      -888888.0      -888888.0
     0     0
CUESTA_Viento                              -30.18330   -69.06670  1530.00000 2026-07-31 14:10:00     1
     1     1        290.750         24.000      84340.000         -3.875         -4.618      -888888.0      -888888.0
     0     0
CUESTA_Viento                              -30.18330   -69.06670  1530.00000 2026-07-31 14:15:00     1
     1     1        290.650         24.000      84320.000         -4.104         -1.914      -888888.0      -888888.0
     0     0
CUESTA_Viento                              -30.18330   -69.06670  1530.00000 2026-07-31 14:20:00     1
     1     1        290.450         25.000      84320.000         -5.418         -4.388      -888888.0      -888888.0
     0     0
CUESTA_Viento                              -30.18330   -69.06670  1530.00000 2026-07-31 14:25:00     1
     1     1        290.350         24.000      84310.000         -7.498         -5.650      -888888.0      -888888.0
     0     0
CUESTA_Viento                              -30.18330   -69.06670  1530.00000 2026-07-31 14:30:00     1
     1     1        290.350         24.000      84320.000         -5.702         -4.957      -888888.0      -888888.0
     0     0
CUESTA_Viento                              -30.18330   -69.06670  1530.00000 2026-07-31 14:35:00     1
     1     1        290.750         23.000      84310.000         -5.929         -3.562      -888888.0      -888888.0
     0     0
CUESTA_Viento                              -30.18330   -69.06670  1530.00000 2026-07-31 14:40:00     1
     1     1        290.650         23.000      84300.000         -7.232         -5.450      -888888.0      -888888.0
     0     0
CUESTA_Viento                              -30.18330   -69.06670  1530.00000 2026-07-31 14:45:00     1
     1     1        290.650         22.000      84300.000         -4.996         -6.877      -888888.0      -888888.0
     0     0
CUESTA_Viento                              -30.18330   -69.06670  1530.00000 2026-07-31 14:50:00     1
     1     1        290.450         23.000      84330.000         -6.714         -6.483      -888888.0      -888888.0
     0     0
CUESTA_Viento                              -30.18330   -69.06670  1530.00000 2026-07-31 14:55:00     1
     1     1        290.450         22.000      84330.000         -8.014         -5.204      -888888.0      -888888.0
     0     0
CUESTA_Viento                              -30.18330   -69.06670  1530.00000 2026-07-31 15:00:00     1
     1     1        290.350         22.000      84320.000         -8.944         -6.498      -888888.0      -888888.0
     0     0
CUESTA_Viento                              -30.18330   -69.06670  1530.00000 2026-07-31 15:05:00     1
     1     1        290.350         22.000      84350.000         -7.316         -6.360      -888888.0      -888888.0
     0     0
CUESTA_Viento                              -30.18330   -69.06670  1530.00000 2026-07-31 15:10:00     1
     1     1        289.950         24.000      84350.000         -5.818         -6.461      -888888.0      -888888.0
     0     0
CUESTA_Viento                              -30.18330   -69.06670  1530.00000 2026-07-31 15:15:00     1
     1     1        290.050         24.000      84350.000         -6.265         -2.659      -888888.0      -888888.0
     0     0
CUESTA_Viento                              -30.18330   -69.06670  1530.00000 2026-07-31 15:20:00     1
     1     1        290.550         22.000      84340.000         -7.145         -4.125      -888888.0      -888888.0
     0     0
CUESTA_Viento                              -30.18330   -69.06670  1530.00000 2026-07-31 15:25:00     1
     1     1        290.750         21.000      84340.000         -7.815         -3.811      -888888.0      -888888.0
     0     0
CUESTA_Viento                              -30.18330   -69.06670  1530.00000 2026-07-31 15:30:00     1
     1     1        290.450         22.000      84360.000         -5.634         -5.835      -888888.0      -888888.0
     0     0
CUESTA_Viento                              -30.18330   -69.06670  1530.00000 2026-07-31 15:35:00     1
     1     1        290.650         21.000      84370.000         -7.738         -5.219      -888888.0      -888888.0
     0     0
CUESTA_Viento                              -30.18330   -69.06670  1530.00000 2026-07-31 15:40:00     1
     1     1        290.450         23.000      84390.000         -6.011         -4.054      -888888.0      -888888.0
     0     0
CUESTA_Viento                              -30.18330   -69.06670  1530.00000 2026-07-31 15:45:00     1
     1     1        290.750         23.000      84420.000         -2.548         -1.531      -888888.0      -888888.0
     0     0
CUESTA_Viento                              -30.18330   -69.06670  1530.00000 2026-07-31 15:50:00     1
     1     1        291.050         23.000      84420.000         -1.636          0.763      -888888.0      -888888.0
     0     0
CUESTA_Viento                              -30.18330   -69.06670  1530.00000 2026-07-31 15:55:00     1
     1     1        290.850         25.000      84430.000         -1.381          0.830      -888888.0      -888888.0
     0     0
CUESTA_Viento                              -30.18330   -69.06670  1530.00000 2026-07-31 16:00:00     1
     1     1        290.550         25.000      84450.000         -1.243         -0.131      -888888.0      -888888.0
     0     0
CUESTA_Viento                              -30.18330   -69.06670  1530.00000 2026-07-31 16:05:00     1
     1     1        290.550         25.000      84470.000         -0.893          0.206      -888888.0      -888888.0
     0     0
CUESTA_Viento                              -30.18330   -69.06670  1530.00000 2026-07-31 16:10:00     1
     1     1        290.150         26.000      84500.000         -0.714         -0.851      -888888.0      -888888.0
     0     0
CUESTA_Viento                              -30.18330   -69.06670  1530.00000 2026-07-31 16:15:00     1
     1     1        289.850         27.000      84510.000         -1.852          1.069      -888888.0      -888888.0
     0     0
CUESTA_Viento                              -30.18330   -69.06670  1530.00000 2026-07-31 16:20:00     1
     1     1        289.650         27.000      84510.000         -0.239          1.509      -888888.0      -888888.0
     0     0
CUESTA_Viento                              -30.18330   -69.06670  1530.00000 2026-07-31 16:25:00     1
     1     1        289.250         28.000      84520.000         -2.395          0.968      -888888.0      -888888.0
     0     0
CUESTA_Viento                              -30.18330   -69.06670  1530.00000 2026-07-31 16:30:00     1
     1     1        288.850         29.000      84520.000         -1.241         -0.152      -888888.0      -888888.0
     0     0
CUESTA_Viento                              -30.18330   -69.06670  1530.00000 2026-07-31 16:35:00     1
     1     1        288.550         31.000      84550.000         -1.743         -1.869      -888888.0      -888888.0
     0     0
CUESTA_Viento                              -30.18330   -69.06670  1530.00000 2026-07-31 16:40:00     1
     1     1        288.350         31.000      84560.000         -3.088         -3.311      -888888.0      -888888.0
     0     0
CUESTA_Viento                              -30.18330   -69.06670  1530.00000 2026-07-31 16:45:00     1
     1     1        288.150         31.000      84580.000         -4.124         -3.846      -888888.0      -888888.0
     0     0
CUESTA_Viento                              -30.18330   -69.06670  1530.00000 2026-07-31 16:50:00     1
     1     1        288.050         32.000      84580.000         -3.724         -3.856      -888888.0      -888888.0
     0     0
CUESTA_Viento                              -30.18330   -69.06670  1530.00000 2026-07-31 16:55:00     1
     1     1        287.650         33.000      84600.000         -3.000         -2.518      -888888.0      -888888.0
     0     0
CUESTA_Viento                              -30.18330   -69.06670  1530.00000 2026-07-31 17:00:00     1
     1     1        287.450         34.000      84590.000         -1.377         -2.120      -888888.0      -888888.0
     0     0
CUESTA_Viento                              -30.18330   -69.06670  1530.00000 2026-07-31 17:05:00     1
     1     1        287.350         34.000      84580.000         -2.052         -1.913      -888888.0      -888888.0
     0     0
CUESTA_Viento                              -30.18330   -69.06670  1530.00000 2026-07-31 17:10:00     1
     1     1        287.450         32.000      84560.000         -2.725         -3.616      -888888.0      -888888.0
     0     0
CUESTA_Viento                              -30.18330   -69.06670  1530.00000 2026-07-31 17:15:00     1
     1     1        287.650         30.000      84560.000         -1.906         -2.529      -888888.0      -888888.0
     0     0
CUESTA_Viento                              -30.18330   -69.06670  1530.00000 2026-07-31 17:20:00     1
     1     1        287.650         30.000      84560.000         -0.493         -2.536      -888888.0      -888888.0
     0     0
CUESTA_Viento                              -30.18330   -69.06670  1530.00000 2026-07-31 17:25:00     1
     1     1        287.650         30.000      84550.000         -2.787         -2.025      -888888.0      -888888.0
     0     0
CUESTA_Viento                              -30.18330   -69.06670  1530.00000 2026-07-31 17:30:00     1
     1     1        287.450         30.000      84550.000         -2.539         -2.368      -888888.0      -888888.0
     0     0
CUESTA_Viento                              -30.18330   -69.06670  1530.00000 2026-07-31 17:35:00     1
     1     1        287.550         30.000      84550.000         -1.978         -1.910      -888888.0      -888888.0
     0     0
CUESTA_Viento                              -30.18330   -69.06670  1530.00000 2026-07-31 17:40:00     1
     1     1        287.550         30.000      84550.000         -1.222         -2.117      -888888.0      -888888.0
     0     0
CUESTA_Viento                              -30.18330   -69.06670  1530.00000 2026-07-31 17:45:00     1
     1     1        287.850         29.000      84550.000         -2.721         -2.817      -888888.0      -888888.0
     0     0
CUESTA_Viento                              -30.18330   -69.06670  1530.00000 2026-07-31 17:50:00     1
     1     1        288.050         26.000      84550.000         -2.690         -2.885      -888888.0      -888888.0
     0     0
CUESTA_Viento                              -30.18330   -69.06670  1530.00000 2026-07-31 17:55:00     1
     1     1        288.150         27.000      84550.000         -0.295         -0.809      -888888.0      -888888.0
     0     0
CUESTA_Viento                              -30.18330   -69.06670  1530.00000 2026-07-31 18:00:00     1
     1     1        288.150         26.000      84560.000         -0.569         -0.398      -888888.0      -888888.0
     0     0
CUESTA_Viento                              -30.18330   -69.06670  1530.00000 2026-07-31 18:05:00     1
     1     1        288.350         25.000      84550.000         -1.574         -2.619      -888888.0      -888888.0
     0     0
CUESTA_Viento                              -30.18330   -69.06670  1530.00000 2026-07-31 18:10:00     1
     1     1        288.350         25.000      84560.000         -1.077         -1.379      -888888.0      -888888.0
     0     0
CUESTA_Viento                              -30.18330   -69.06670  1530.00000 2026-07-31 18:15:00     1
     1     1        288.150         26.000      84560.000         -0.706         -0.784      -888888.0      -888888.0
     0     0
CUESTA_Viento                              -30.18330   -69.06670  1530.00000 2026-07-31 18:20:00     1
     1     1        287.950         26.000      84590.000         -0.084         -0.073      -888888.0      -888888.0
     0     0
CUESTA_Viento                              -30.18330   -69.06670  1530.00000 2026-07-31 18:25:00     1
     1     1        287.750         26.000      84610.000         -0.000          0.000      -888888.0      -888888.0
     0     0
CUESTA_Viento                              -30.18330   -69.06670  1530.00000 2026-07-31 18:30:00     1
     1     1        287.550         26.000      84620.000          0.000          0.000      -888888.0      -888888.0
     0     0
CUESTA_Viento                              -30.18330   -69.06670  1530.00000 2026-07-31 18:35:00     1
     1     1        287.450         26.000      84620.000          0.000          0.000      -888888.0      -888888.0
     0     0
CUESTA_Viento                              -30.18330   -69.06670  1530.00000 2026-07-31 18:40:00     1
     1     1        287.350         26.000      84610.000          0.000          0.000      -888888.0      -888888.0
     0     0
CUESTA_Viento                              -30.18330   -69.06670  1530.00000 2026-07-31 18:45:00     1
     1     1        287.250         27.000      84620.000          0.000          0.000      -888888.0      -888888.0
     0     0
CUESTA_Viento                              -30.18330   -69.06670  1530.00000 2026-07-31 18:50:00     1
     1     1        287.450         25.000      84630.000          0.000          0.000      -888888.0      -888888.0
     0     0
CUESTA_Viento                              -30.18330   -69.06670  1530.00000 2026-07-31 18:55:00     1
     1     1        287.450         26.000      84630.000          0.008         -0.027      -888888.0      -888888.0
     0     0
CUESTA_Viento                              -30.18330   -69.06670  1530.00000 2026-07-31 19:00:00     1
     1     1        287.450         26.000      84630.000         -0.009         -0.026      -888888.0      -888888.0
     0     0
CUESTA_Viento                              -30.18330   -69.06670  1530.00000 2026-07-31 19:05:00     1
     1     1        287.250         26.000      84660.000         -0.000          0.000      -888888.0      -888888.0
     0     0
CUESTA_Viento                              -30.18330   -69.06670  1530.00000 2026-07-31 19:10:00     1
     1     1        287.050         27.000      84660.000         -0.013          0.250      -888888.0      -888888.0
     0     0
CUESTA_Viento                              -30.18330   -69.06670  1530.00000 2026-07-31 19:15:00     1
     1     1        286.950         26.000      84670.000         -0.397          0.636      -888888.0      -888888.0
     0     0
CUESTA_Viento                              -30.18330   -69.06670  1530.00000 2026-07-31 19:20:00     1
     1     1        286.950         26.000      84670.000         -0.944          1.571      -888888.0      -888888.0
     0     0
CUESTA_Viento                              -30.18330   -69.06670  1530.00000 2026-07-31 19:25:00     1
     1     1        286.850         27.000      84660.000         -0.924          1.320      -888888.0      -888888.0
     0     0
CUESTA_Viento                              -30.18330   -69.06670  1530.00000 2026-07-31 19:30:00     1
     1     1        286.750         26.000      84660.000         -1.198          0.584      -888888.0      -888888.0
     0     0
CUESTA_Viento                              -30.18330   -69.06670  1530.00000 2026-07-31 19:35:00     1
     1     1        286.850         25.000      84670.000         -0.192          0.161      -888888.0      -888888.0
     0     0
CUESTA_Viento                              -30.18330   -69.06670  1530.00000 2026-07-31 19:40:00     1
     1     1        286.950         25.000      84670.000         -0.587         -0.168      -888888.0      -888888.0
     0     0
CUESTA_Viento                              -30.18330   -69.06670  1530.00000 2026-07-31 19:45:00     1
     1     1        286.850         24.000      84690.000         -0.108          0.025      -888888.0      -888888.0
     0     0
CUESTA_Viento                              -30.18330   -69.06670  1530.00000 2026-07-31 19:50:00     1
     1     1        286.650         25.000      84700.000         -0.083         -0.074      -888888.0      -888888.0
     0     0
CUESTA_Viento                              -30.18330   -69.06670  1530.00000 2026-07-31 19:55:00     1
     1     1        286.450         26.000      84700.000         -0.000          0.000      -888888.0      -888888.0
     0     0
CUESTA_Viento                              -30.18330   -69.06670  1530.00000 2026-07-31 20:00:00     1
     1     1        286.450         25.000      84710.000         -0.052         -0.159      -888888.0      -888888.0
     0     0
CUESTA_Viento                              -30.18330   -69.06670  1530.00000 2026-07-31 20:05:00     1
     1     1        286.450         25.000      84720.000          0.000          0.000      -888888.0      -888888.0
     0     0
CUESTA_Viento                              -30.18330   -69.06670  1530.00000 2026-07-31 20:10:00     1
     1     1        286.550         23.000      84720.000         -0.050          0.067      -888888.0      -888888.0
     0     0
CUESTA_Viento                              -30.18330   -69.06670  1530.00000 2026-07-31 20:15:00     1
     1     1        286.250         24.000      84720.000         -0.024         -0.014      -888888.0      -888888.0
     0     0
CUESTA_Viento                              -30.18330   -69.06670  1530.00000 2026-07-31 20:20:00     1
     1     1        286.250         24.000      84720.000         -0.122          0.456      -888888.0      -888888.0
     0     0
CUESTA_Viento                              -30.18330   -69.06670  1530.00000 2026-07-31 20:25:00     1
     1     1        286.250         24.000      84730.000          0.032          0.164      -888888.0      -888888.0
     0     0
CUESTA_Viento                              -30.18330   -69.06670  1530.00000 2026-07-31 20:30:00     1
     1     1        286.250         24.000      84730.000         -0.000          0.000      -888888.0      -888888.0
     0     0
CUESTA_Viento                              -30.18330   -69.06670  1530.00000 2026-07-31 20:35:00     1
     1     1        286.050         24.000      84760.000          0.000         -0.000      -888888.0      -888888.0
     0     0
CUESTA_Viento                              -30.18330   -69.06670  1530.00000 2026-07-31 20:40:00     1
     1     1        286.450         23.000      84770.000         -0.500         -0.482      -888888.0      -888888.0
     0     0
CUESTA_Viento                              -30.18330   -69.06670  1530.00000 2026-07-31 20:45:00     1
     1     1        286.450         23.000      84770.000          0.316          0.711      -888888.0      -888888.0
     0     0
CUESTA_Viento                              -30.18330   -69.06670  1530.00000 2026-07-31 20:50:00     1
     1     1        286.750         21.000      84770.000         -0.216         -0.175      -888888.0      -888888.0
     0     0
CUESTA_Viento                              -30.18330   -69.06670  1530.00000 2026-07-31 20:55:00     1
     1     1        286.550         22.000      84780.000          0.085         -1.219      -888888.0      -888888.0
     0     0
CUESTA_Viento                              -30.18330   -69.06670  1530.00000 2026-07-31 21:00:00     1
     1     1        286.450         22.000      84780.000          0.037         -0.162      -888888.0      -888888.0
     0     0
CUESTA_Viento                              -30.18330   -69.06670  1530.00000 2026-07-31 21:05:00     1
     1     1        285.950         22.000      84800.000          0.000          0.000      -888888.0      -888888.0
     0     0
CUESTA_Viento                              -30.18330   -69.06670  1530.00000 2026-07-31 21:10:00     1
     1     1        286.050         21.000      84810.000          0.265         -0.424      -888888.0      -888888.0
     0     0
CUESTA_Viento                              -30.18330   -69.06670  1530.00000 2026-07-31 21:15:00     1
     1     1        286.250         21.000      84820.000         -0.127         -0.598      -888888.0      -888888.0
     0     0
CUESTA_Viento                              -30.18330   -69.06670  1530.00000 2026-07-31 21:20:00     1
     1     1        286.250         21.000      84820.000         -0.237         -0.192      -888888.0      -888888.0
     0     0
CUESTA_Viento                              -30.18330   -69.06670  1530.00000 2026-07-31 21:25:00     1
     1     1        285.850         21.000      84830.000          0.037         -0.526      -888888.0      -888888.0
     0     0
CUESTA_Viento                              -30.18330   -69.06670  1530.00000 2026-07-31 21:30:00     1
     1     1        285.650         22.000      84830.000          0.243         -0.405      -888888.0      -888888.0
     0     0
CUESTA_Viento                              -30.18330   -69.06670  1530.00000 2026-07-31 21:35:00     1
     1     1        285.650         21.000      84820.000          0.039         -0.749      -888888.0      -888888.0
     0     0
CUESTA_Viento                              -30.18330   -69.06670  1530.00000 2026-07-31 21:40:00     1
     1     1        285.950         21.000      84800.000         -2.482         -2.661      -888888.0      -888888.0
     0     0
CUESTA_Viento                              -30.18330   -69.06670  1530.00000 2026-07-31 21:45:00     1
     1     1        286.150         23.000      84790.000         -4.191         -2.518      -888888.0      -888888.0
     0     0
CUESTA_Viento                              -30.18330   -69.06670  1530.00000 2026-07-31 21:50:00     1
     1     1        286.150         25.000      84800.000         -3.273         -1.526      -888888.0      -888888.0
     0     0
CUESTA_Viento                              -30.18330   -69.06670  1530.00000 2026-07-31 21:55:00     1
     1     1        286.050         23.000      84800.000         -0.781         -2.404      -888888.0      -888888.0
     0     0
CUESTA_Viento                              -30.18330   -69.06670  1530.00000 2026-07-31 22:00:00     1
     1     1        286.350         20.000      84820.000         -0.916         -1.652      -888888.0      -888888.0
     0     0
CUESTA_Viento                              -30.18330   -69.06670  1530.00000 2026-07-31 22:05:00     1
     1     1        286.450         19.000      84840.000          0.000         -1.611      -888888.0      -888888.0
     0     0
CUESTA_Viento                              -30.18330   -69.06670  1530.00000 2026-07-31 22:10:00     1
     1     1        286.250         19.000      84860.000         -0.698          0.403      -888888.0      -888888.0
     0     0
CUESTA_Viento                              -30.18330   -69.06670  1530.00000 2026-07-31 22:15:00     1
     1     1        285.850         19.000      84850.000         -0.097         -0.200      -888888.0      -888888.0
     0     0
CUESTA_Viento                              -30.18330   -69.06670  1530.00000 2026-07-31 22:20:00     1
     1     1        285.550         19.000      84850.000          0.079          0.295      -888888.0      -888888.0
     0     0
CUESTA_Viento                              -30.18330   -69.06670  1530.00000 2026-07-31 22:25:00     1
     1     1        285.850         18.000      84850.000         -1.083         -0.250      -888888.0      -888888.0
     0     0
CUESTA_Viento                              -30.18330   -69.06670  1530.00000 2026-07-31 22:30:00     1
     1     1        285.950         19.000      84860.000         -0.636          0.056      -888888.0      -888888.0
     0     0
CUESTA_Viento                              -30.18330   -69.06670  1530.00000 2026-07-31 22:35:00     1
     1     1        285.750         19.000      84860.000         -0.444         -0.162      -888888.0      -888888.0
     0     0
CUESTA_Viento                              -30.18330   -69.06670  1530.00000 2026-07-31 22:40:00     1
     1     1        285.850         19.000      84860.000         -0.650         -0.375      -888888.0      -888888.0
     0     0
CUESTA_Viento                              -30.18330   -69.06670  1530.00000 2026-07-31 22:45:00     1
     1     1        285.450         20.000      84850.000          0.638         -0.033      -888888.0      -888888.0
     0     0
CUESTA_Viento                              -30.18330   -69.06670  1530.00000 2026-07-31 22:50:00     1
     1     1        285.550         20.000      84830.000          0.229          0.596      -888888.0      -888888.0
     0     0
CUESTA_Viento                              -30.18330   -69.06670  1530.00000 2026-07-31 22:55:00     1
     1     1        285.450         20.000      84830.000         -0.847          1.903      -888888.0      -888888.0
     0     0
CUESTA_Viento                              -30.18330   -69.06670  1530.00000 2026-07-31 23:00:00     1
     1     1        285.450         20.000      84840.000         -1.635          1.421      -888888.0      -888888.0
     0     0
CUESTA_Viento                              -30.18330   -69.06670  1530.00000 2026-07-31 23:05:00     1
     1     1        285.450         20.000      84860.000         -0.650          0.565      -888888.0      -888888.0
     0     0
CUESTA_Viento                              -30.18330   -69.06670  1530.00000 2026-07-31 23:10:00     1
     1     1        285.250         20.000      84880.000         -0.020         -0.052      -888888.0      -888888.0
     0     0
CUESTA_Viento                              -30.18330   -69.06670  1530.00000 2026-07-31 23:15:00     1
     1     1        284.850         21.000      84910.000          0.000          0.000      -888888.0      -888888.0
     0     0
CUESTA_Viento                              -30.18330   -69.06670  1530.00000 2026-07-31 23:20:00     1
     1     1        284.450         21.000      84900.000         -0.021         -0.018      -888888.0      -888888.0
     0     0
CUESTA_Viento                              -30.18330   -69.06670  1530.00000 2026-07-31 23:25:00     1
     1     1        284.350         21.000      84920.000          0.000          0.000      -888888.0      -888888.0
     0     0
CUESTA_Viento                              -30.18330   -69.06670  1530.00000 2026-07-31 23:30:00     1
     1     1        284.450         21.000      84940.000          0.000          0.000      -888888.0      -888888.0
     0     0
CUESTA_Viento                              -30.18330   -69.06670  1530.00000 2026-07-31 23:35:00     1
     1     1        284.650         19.000      84950.000         -0.000          0.000      -888888.0      -888888.0
     0     0
CUESTA_Viento                              -30.18330   -69.06670  1530.00000 2026-07-31 23:40:00     1
     1     1        285.250         18.000      84950.000         -0.231          1.001      -888888.0      -888888.0
     0     0
CUESTA_Viento                              -30.18330   -69.06670  1530.00000 2026-07-31 23:45:00     1
     1     1        285.750         17.000      84960.000         -1.964          0.916      -888888.0      -888888.0
     0     0
CUESTA_Viento                              -30.18330   -69.06670  1530.00000 2026-07-31 23:50:00     1
     1     1        285.750         17.000      84970.000         -1.745          1.464      -888888.0      -888888.0
     0     0
CUESTA_Viento                              -30.18330   -69.06670  1530.00000 2026-07-31 23:55:00     1
     1     1        285.550         18.000      84970.000         -0.643          2.243      -888888.0      -888888.0
     0     0
CARACOLES                                  -31.51940   -68.98510   942.00000 2026-07-31 00:00:00     1
     1     1        285.850         74.000      89200.000         -0.438         -0.177      -888888.0      -888888.0
     0     0
CARACOLES                                  -31.51940   -68.98510   942.00000 2026-07-31 00:05:00     1
     1     1        285.950         74.000      89210.000         -0.548         -0.329      -888888.0      -888888.0
     0     0
CARACOLES                                  -31.51940   -68.98510   942.00000 2026-07-31 00:10:00     1
     1     1        285.950         74.000      89200.000         -0.330         -0.046      -888888.0      -888888.0
     0     0
CARACOLES                                  -31.51940   -68.98510   942.00000 2026-07-31 00:15:00     1
     1     1        285.850         73.000      89200.000         -0.311          0.234      -888888.0      -888888.0
     0     0
CARACOLES                                  -31.51940   -68.98510   942.00000 2026-07-31 00:20:00     1
     1     1        285.950         74.000      89190.000         -0.912          0.244      -888888.0      -888888.0
     0     0
CARACOLES                                  -31.51940   -68.98510   942.00000 2026-07-31 00:25:00     1
     1     1        286.050         73.000      89190.000         -0.487         -0.112      -888888.0      -888888.0
     0     0
CARACOLES                                  -31.51940   -68.98510   942.00000 2026-07-31 00:30:00     1
     1     1        285.850         74.000      89180.000         -0.151          0.122      -888888.0      -888888.0
     0     0
CARACOLES                                  -31.51940   -68.98510   942.00000 2026-07-31 00:35:00     1
     1     1        285.650         74.000      89180.000         -0.554          0.039      -888888.0      -888888.0
     0     0
CARACOLES                                  -31.51940   -68.98510   942.00000 2026-07-31 00:40:00     1
     1     1        285.650         75.000      89180.000         -0.341          0.118      -888888.0      -888888.0
     0     0
CARACOLES                                  -31.51940   -68.98510   942.00000 2026-07-31 00:45:00     1
     1     1        285.250         75.000      89160.000         -0.320          0.092      -888888.0      -888888.0
     0     0
CARACOLES                                  -31.51940   -68.98510   942.00000 2026-07-31 00:50:00     1
     1     1        285.450         75.000      89150.000         -0.583          0.020      -888888.0      -888888.0
     0     0
CARACOLES                                  -31.51940   -68.98510   942.00000 2026-07-31 00:55:00     1
     1     1        285.350         76.000      89150.000         -0.567         -0.229      -888888.0      -888888.0
     0     0
CARACOLES                                  -31.51940   -68.98510   942.00000 2026-07-31 01:00:00     1
     1     1        285.350         76.000      89140.000         -0.791          0.154      -888888.0      -888888.0
     0     0
CARACOLES                                  -31.51940   -68.98510   942.00000 2026-07-31 01:05:00     1
     1     1        285.450         75.000      89140.000         -1.674         -0.512      -888888.0      -888888.0
     0     0
CARACOLES                                  -31.51940   -68.98510   942.00000 2026-07-31 01:10:00     1
     1     1        285.350         76.000      89120.000         -0.438         -0.077      -888888.0      -888888.0
     0     0
CARACOLES                                  -31.51940   -68.98510   942.00000 2026-07-31 01:15:00     1
     1     1        285.250         76.000      89120.000         -0.625         -0.361      -888888.0      -888888.0
     0     0
CARACOLES                                  -31.51940   -68.98510   942.00000 2026-07-31 01:20:00     1
     1     1        285.050         76.000      89110.000         -0.110         -0.017      -888888.0      -888888.0
     0     0
CARACOLES                                  -31.51940   -68.98510   942.00000 2026-07-31 01:25:00     1
     1     1        284.950         77.000      89090.000         -0.566          0.141      -888888.0      -888888.0
     0     0
CARACOLES                                  -31.51940   -68.98510   942.00000 2026-07-31 01:30:00     1
     1     1        284.850         78.000      89090.000         -0.195          0.399      -888888.0      -888888.0
     0     0
CARACOLES                                  -31.51940   -68.98510   942.00000 2026-07-31 01:35:00     1
     1     1        284.650         78.000      89070.000         -0.507          0.342      -888888.0      -888888.0
     0     0
CARACOLES                                  -31.51940   -68.98510   942.00000 2026-07-31 01:40:00     1
     1     1        284.950         77.000      89060.000         -0.983         -0.300      -888888.0      -888888.0
     0     0
CARACOLES                                  -31.51940   -68.98510   942.00000 2026-07-31 01:45:00     1
     1     1        284.950         77.000      89050.000         -0.666         -0.502      -888888.0      -888888.0
     0     0
CARACOLES                                  -31.51940   -68.98510   942.00000 2026-07-31 01:50:00     1
     1     1        284.850         77.000      89040.000         -0.458          0.762      -888888.0      -888888.0
     0     0
CARACOLES                                  -31.51940   -68.98510   942.00000 2026-07-31 01:55:00     1
     1     1        284.750         78.000      89050.000         -0.377         -0.094      -888888.0      -888888.0
     0     0
CARACOLES                                  -31.51940   -68.98510   942.00000 2026-07-31 02:00:00     1
     1     1        284.950         78.000      89050.000         -0.677         -0.156      -888888.0      -888888.0
     0     0
CARACOLES                                  -31.51940   -68.98510   942.00000 2026-07-31 02:05:00     1
     1     1        284.950         77.000      89050.000         -0.335          0.972      -888888.0      -888888.0
     0     0
CARACOLES                                  -31.51940   -68.98510   942.00000 2026-07-31 02:10:00     1
     1     1        285.150         76.000      89050.000          0.002          0.111      -888888.0      -888888.0
     0     0
CARACOLES                                  -31.51940   -68.98510   942.00000 2026-07-31 02:15:00     1
     1     1        284.850         78.000      89030.000         -0.377         -0.284      -888888.0      -888888.0
     0     0
CARACOLES                                  -31.51940   -68.98510   942.00000 2026-07-31 02:20:00     1
     1     1        284.450         79.000      89020.000         -0.277         -0.024      -888888.0      -888888.0
     0     0
CARACOLES                                  -31.51940   -68.98510   942.00000 2026-07-31 02:25:00     1
     1     1        284.250         80.000      89030.000         -0.082          0.014      -888888.0      -888888.0
     0     0
CARACOLES                                  -31.51940   -68.98510   942.00000 2026-07-31 02:30:00     1
     1     1        284.350         79.000      89020.000          0.016          0.023      -888888.0      -888888.0
     0     0
CARACOLES                                  -31.51940   -68.98510   942.00000 2026-07-31 02:35:00     1
     1     1        284.250         81.000      89020.000          0.065          0.090      -888888.0      -888888.0
     0     0
CARACOLES                                  -31.51940   -68.98510   942.00000 2026-07-31 02:40:00     1
     1     1        283.950         81.000      89020.000         -0.000          0.000      -888888.0      -888888.0
     0     0
CARACOLES                                  -31.51940   -68.98510   942.00000 2026-07-31 02:45:00     1
     1     1        284.150         81.000      89010.000         -0.139          0.002      -888888.0      -888888.0
     0     0
CARACOLES                                  -31.51940   -68.98510   942.00000 2026-07-31 02:50:00     1
     1     1        283.950         81.000      89020.000         -0.029          0.276      -888888.0      -888888.0
     0     0
CARACOLES                                  -31.51940   -68.98510   942.00000 2026-07-31 02:55:00     1
     1     1        283.950         81.000      89000.000          0.010          0.111      -888888.0      -888888.0
     0     0
CARACOLES                                  -31.51940   -68.98510   942.00000 2026-07-31 03:00:00     1
     1     1        283.950         81.000      89000.000         -0.083         -0.012      -888888.0      -888888.0
     0     0
CARACOLES                                  -31.51940   -68.98510   942.00000 2026-07-31 03:05:00     1
     1     1        283.750         82.000      89010.000         -0.025          0.108      -888888.0      -888888.0
     0     0
CARACOLES                                  -31.51940   -68.98510   942.00000 2026-07-31 03:10:00     1
     1     1        283.850         81.000      89010.000          0.008          0.222      -888888.0      -888888.0
     0     0
CARACOLES                                  -31.51940   -68.98510   942.00000 2026-07-31 03:15:00     1
     1     1        283.650         82.000      89000.000         -0.149          0.165      -888888.0      -888888.0
     0     0
CARACOLES                                  -31.51940   -68.98510   942.00000 2026-07-31 03:20:00     1
     1     1        283.450         82.000      88990.000          0.024          0.050      -888888.0      -888888.0
     0     0
CARACOLES                                  -31.51940   -68.98510   942.00000 2026-07-31 03:25:00     1
     1     1        283.350         83.000      89000.000         -0.160          0.154      -888888.0      -888888.0
     0     0
CARACOLES                                  -31.51940   -68.98510   942.00000 2026-07-31 03:30:00     1
     1     1        283.150         83.000      89000.000         -0.265          0.284      -888888.0      -888888.0
     0     0
CARACOLES                                  -31.51940   -68.98510   942.00000 2026-07-31 03:35:00     1
     1     1        283.150         82.000      88960.000          0.012          0.111      -888888.0      -888888.0
     0     0
CARACOLES                                  -31.51940   -68.98510   942.00000 2026-07-31 03:40:00     1
     1     1        282.950         83.000      88960.000         -0.116          0.120      -888888.0      -888888.0
     0     0
CARACOLES                                  -31.51940   -68.98510   942.00000 2026-07-31 03:45:00     1
     1     1        282.850         83.000      88950.000         -0.036          0.105      -888888.0      -888888.0
     0     0
CARACOLES                                  -31.51940   -68.98510   942.00000 2026-07-31 03:50:00     1
     1     1        282.950         83.000      88960.000          0.020          0.165      -888888.0      -888888.0
     0     0
CARACOLES                                  -31.51940   -68.98510   942.00000 2026-07-31 03:55:00     1
     1     1        282.850         84.000      88960.000         -0.165          0.026      -888888.0      -888888.0
     0     0
CARACOLES                                  -31.51940   -68.98510   942.00000 2026-07-31 04:00:00     1
     1     1        282.750         84.000      88960.000         -0.518          0.101      -888888.0      -888888.0
     0     0
CARACOLES                                  -31.51940   -68.98510   942.00000 2026-07-31 04:05:00     1
     1     1        282.450         85.000      88960.000          0.145          0.507      -888888.0      -888888.0
     0     0
CARACOLES                                  -31.51940   -68.98510   942.00000 2026-07-31 04:10:00     1
     1     1        282.950         83.000      88940.000          0.545          0.474      -888888.0      -888888.0
     0     0
CARACOLES                                  -31.51940   -68.98510   942.00000 2026-07-31 04:15:00     1
     1     1        283.450         82.000      88930.000         -0.031          0.135      -888888.0      -888888.0
     0     0
CARACOLES                                  -31.51940   -68.98510   942.00000 2026-07-31 04:20:00     1
     1     1        283.250         83.000      88940.000          0.265          0.153      -888888.0      -888888.0
     0     0
CARACOLES                                  -31.51940   -68.98510   942.00000 2026-07-31 04:25:00     1
     1     1        282.950         84.000      88940.000         -0.004          0.222      -888888.0      -888888.0
     0     0
CARACOLES                                  -31.51940   -68.98510   942.00000 2026-07-31 04:30:00     1
     1     1        283.150         83.000      88940.000          0.391          0.736      -888888.0      -888888.0
     0     0
CARACOLES                                  -31.51940   -68.98510   942.00000 2026-07-31 04:35:00     1
     1     1        283.150         83.000      88940.000          0.143          0.270      -888888.0      -888888.0
     0     0
CARACOLES                                  -31.51940   -68.98510   942.00000 2026-07-31 04:40:00     1
     1     1        282.950         84.000      88950.000         -0.047          0.101      -888888.0      -888888.0
     0     0
CARACOLES                                  -31.51940   -68.98510   942.00000 2026-07-31 04:45:00     1
     1     1        282.650         85.000      88950.000         -0.037          0.162      -888888.0      -888888.0
     0     0
CARACOLES                                  -31.51940   -68.98510   942.00000 2026-07-31 04:50:00     1
     1     1        282.650         85.000      88950.000         -0.052          0.159      -888888.0      -888888.0
     0     0
CARACOLES                                  -31.51940   -68.98510   942.00000 2026-07-31 04:55:00     1
     1     1        282.350         86.000      88970.000         -0.086          0.143      -888888.0      -888888.0
     0     0
CARACOLES                                  -31.51940   -68.98510   942.00000 2026-07-31 05:00:00     1
     1     1        282.450         86.000      88960.000         -0.049          0.159      -888888.0      -888888.0
     0     0
CARACOLES                                  -31.51940   -68.98510   942.00000 2026-07-31 05:05:00     1
     1     1        282.450         85.000      88970.000         -0.000          0.000      -888888.0      -888888.0
     0     0
CARACOLES                                  -31.51940   -68.98510   942.00000 2026-07-31 05:10:00     1
     1     1        282.550         85.000      88970.000         -0.181          0.728      -888888.0      -888888.0
     0     0
CARACOLES                                  -31.51940   -68.98510   942.00000 2026-07-31 05:15:00     1
     1     1        282.950         83.000      88970.000         -0.126          0.248      -888888.0      -888888.0
     0     0
CARACOLES                                  -31.51940   -68.98510   942.00000 2026-07-31 05:20:00     1
     1     1        282.850         84.000      88990.000          0.001          0.056      -888888.0      -888888.0
     0     0
CARACOLES                                  -31.51940   -68.98510   942.00000 2026-07-31 05:25:00     1
     1     1        282.650         84.000      88980.000         -0.000          0.000      -888888.0      -888888.0
     0     0
CARACOLES                                  -31.51940   -68.98510   942.00000 2026-07-31 05:30:00     1
     1     1        282.650         85.000      88990.000          0.004          0.027      -888888.0      -888888.0
     0     0
CARACOLES                                  -31.51940   -68.98510   942.00000 2026-07-31 05:35:00     1
     1     1        282.650         84.000      88970.000         -0.011          0.611      -888888.0      -888888.0
     0     0
CARACOLES                                  -31.51940   -68.98510   942.00000 2026-07-31 05:40:00     1
     1     1        282.950         84.000      88990.000         -0.150          0.073      -888888.0      -888888.0
     0     0
CARACOLES                                  -31.51940   -68.98510   942.00000 2026-07-31 05:45:00     1
     1     1        282.950         83.000      88990.000         -0.164          0.930      -888888.0      -888888.0
     0     0
CARACOLES                                  -31.51940   -68.98510   942.00000 2026-07-31 05:50:00     1
     1     1        283.250         82.000      89000.000         -0.718          0.075      -888888.0      -888888.0
     0     0
CARACOLES                                  -31.51940   -68.98510   942.00000 2026-07-31 05:55:00     1
     1     1        282.750         84.000      89020.000         -0.245          0.337      -888888.0      -888888.0
     0     0
CARACOLES                                  -31.51940   -68.98510   942.00000 2026-07-31 06:00:00     1
     1     1        282.850         84.000      89030.000          0.243          0.405      -888888.0      -888888.0
     0     0
CARACOLES                                  -31.51940   -68.98510   942.00000 2026-07-31 06:05:00     1
     1     1        283.250         81.000      89030.000         -0.410          0.525      -888888.0      -888888.0
     0     0
CARACOLES                                  -31.51940   -68.98510   942.00000 2026-07-31 06:10:00     1
     1     1        284.150         72.000      89030.000         -0.353          0.565      -888888.0      -888888.0
     0     0
CARACOLES                                  -31.51940   -68.98510   942.00000 2026-07-31 06:15:00     1
     1     1        287.250         39.000      89020.000          1.398          0.908      -888888.0      -888888.0
     0     0
CARACOLES                                  -31.51940   -68.98510   942.00000 2026-07-31 06:20:00     1
     1     1        293.150         24.000      89020.000          3.097          0.888      -888888.0      -888888.0
     0     0
CARACOLES                                  -31.51940   -68.98510   942.00000 2026-07-31 06:25:00     1
     1     1        295.350         19.000      89030.000          3.337          0.588      -888888.0      -888888.0
     0     0
CARACOLES                                  -31.51940   -68.98510   942.00000 2026-07-31 06:30:00     1
     1     1        295.950         18.000      89030.000          3.343          0.351      -888888.0      -888888.0
     0     0
CARACOLES                                  -31.51940   -68.98510   942.00000 2026-07-31 06:35:00     1
     1     1        296.050         18.000      89040.000          5.849          1.567      -888888.0      -888888.0
     0     0
CARACOLES                                  -31.51940   -68.98510   942.00000 2026-07-31 06:40:00     1
     1     1        295.950         19.000      89060.000          5.285          0.462      -888888.0      -888888.0
     0     0
CARACOLES                                  -31.51940   -68.98510   942.00000 2026-07-31 06:45:00     1
     1     1        295.750         20.000      89090.000          3.123          3.123      -888888.0      -888888.0
     0     0
CARACOLES                                  -31.51940   -68.98510   942.00000 2026-07-31 06:50:00     1
     1     1        295.550         20.000      89110.000          4.926          0.431      -888888.0      -888888.0
     0     0
CARACOLES                                  -31.51940   -68.98510   942.00000 2026-07-31 06:55:00     1
     1     1        295.550         20.000      89140.000          4.103          0.724      -888888.0      -888888.0
     0     0
CARACOLES                                  -31.51940   -68.98510   942.00000 2026-07-31 07:00:00     1
     1     1        295.250         21.000      89130.000          4.454         -1.193      -888888.0      -888888.0
     0     0
CARACOLES                                  -31.51940   -68.98510   942.00000 2026-07-31 07:05:00     1
     1     1        294.950         22.000      89160.000          5.658          1.730      -888888.0      -888888.0
     0     0
CARACOLES                                  -31.51940   -68.98510   942.00000 2026-07-31 07:10:00     1
     1     1        294.950         22.000      89150.000          5.235         -1.018      -888888.0      -888888.0
     0     0
CARACOLES                                  -31.51940   -68.98510   942.00000 2026-07-31 07:15:00     1
     1     1        294.950         22.000      89170.000          3.567          0.565      -888888.0      -888888.0
     0     0
CARACOLES                                  -31.51940   -68.98510   942.00000 2026-07-31 07:20:00     1
     1     1        294.850         22.000      89180.000          1.309          0.986      -888888.0      -888888.0
     0     0
CARACOLES                                  -31.51940   -68.98510   942.00000 2026-07-31 07:25:00     1
     1     1        294.950         21.000      89190.000          1.771          0.155      -888888.0      -888888.0
     0     0
CARACOLES                                  -31.51940   -68.98510   942.00000 2026-07-31 07:30:00     1
     1     1        294.950         21.000      89190.000          3.664         -0.128      -888888.0      -888888.0
     0     0
CARACOLES                                  -31.51940   -68.98510   942.00000 2026-07-31 07:35:00     1
     1     1        295.050         21.000      89220.000          0.707          1.841      -888888.0      -888888.0
     0     0
CARACOLES                                  -31.51940   -68.98510   942.00000 2026-07-31 07:40:00     1
     1     1        294.550         23.000      89240.000          0.692         -1.107      -888888.0      -888888.0
     0     0
CARACOLES                                  -31.51940   -68.98510   942.00000 2026-07-31 07:45:00     1
     1     1        294.550         22.000      89270.000         -1.514          0.983      -888888.0      -888888.0
     0     0
CARACOLES                                  -31.51940   -68.98510   942.00000 2026-07-31 07:50:00     1
     1     1        294.750         21.000      89280.000          3.409          1.813      -888888.0      -888888.0
     0     0
CARACOLES                                  -31.51940   -68.98510   942.00000 2026-07-31 07:55:00     1
     1     1        294.650         22.000      89300.000          2.277          1.160      -888888.0      -888888.0
     0     0
CARACOLES                                  -31.51940   -68.98510   942.00000 2026-07-31 08:00:00     1
     1     1        294.550         22.000      89320.000          1.617          0.403      -888888.0      -888888.0
     0     0
CARACOLES                                  -31.51940   -68.98510   942.00000 2026-07-31 08:05:00     1
     1     1        294.350         22.000      89340.000          0.760          2.206      -888888.0      -888888.0
     0     0
CARACOLES                                  -31.51940   -68.98510   942.00000 2026-07-31 08:10:00     1
     1     1        294.450         22.000      89360.000          0.139          0.652      -888888.0      -888888.0
     0     0
CARACOLES                                  -31.51940   -68.98510   942.00000 2026-07-31 08:15:00     1
     1     1        294.150         23.000      89360.000          1.339          1.293      -888888.0      -888888.0
     0     0
CARACOLES                                  -31.51940   -68.98510   942.00000 2026-07-31 08:20:00     1
     1     1        293.950         23.000      89370.000          0.000          0.000      -888888.0      -888888.0
     0     0
CARACOLES                                  -31.51940   -68.98510   942.00000 2026-07-31 08:25:00     1
     1     1        293.750         23.000      89350.000          2.219          0.808      -888888.0      -888888.0
     0     0
CARACOLES                                  -31.51940   -68.98510   942.00000 2026-07-31 08:30:00     1
     1     1        294.050         23.000      89370.000          2.327          1.185      -888888.0      -888888.0
     0     0
CARACOLES                                  -31.51940   -68.98510   942.00000 2026-07-31 08:35:00     1
     1     1        294.050         23.000      89390.000          3.068          1.302      -888888.0      -888888.0
     0     0
CARACOLES                                  -31.51940   -68.98510   942.00000 2026-07-31 08:40:00     1
     1     1        293.950         23.000      89390.000          3.602          1.311      -888888.0      -888888.0
     0     0
CARACOLES                                  -31.51940   -68.98510   942.00000 2026-07-31 08:45:00     1
     1     1        293.950         23.000      89380.000          2.065         -2.214      -888888.0      -888888.0
     0     0
CARACOLES                                  -31.51940   -68.98510   942.00000 2026-07-31 08:50:00     1
     1     1        293.850         23.000      89420.000          3.580          1.446      -888888.0      -888888.0
     0     0
CARACOLES                                  -31.51940   -68.98510   942.00000 2026-07-31 08:55:00     1
     1     1        293.750         23.000      89400.000          2.681          0.473      -888888.0      -888888.0
     0     0
CARACOLES                                  -31.51940   -68.98510   942.00000 2026-07-31 09:00:00     1
     1     1        293.750         23.000      89400.000          4.455          2.270      -888888.0      -888888.0
     0     0
CARACOLES                                  -31.51940   -68.98510   942.00000 2026-07-31 09:05:00     1
     1     1        293.850         22.000      89390.000          3.401          2.209      -888888.0      -888888.0
     0     0
CARACOLES                                  -31.51940   -68.98510   942.00000 2026-07-31 09:10:00     1
     1     1        293.850         22.000      89380.000          3.315          0.827      -888888.0      -888888.0
     0     0
CARACOLES                                  -31.51940   -68.98510   942.00000 2026-07-31 09:15:00     1
     1     1        293.750         22.000      89390.000          4.025         -0.141      -888888.0      -888888.0
     0     0
CARACOLES                                  -31.51940   -68.98510   942.00000 2026-07-31 09:20:00     1
     1     1        293.950         22.000      89390.000          3.812          1.463      -888888.0      -888888.0
     0     0
CARACOLES                                  -31.51940   -68.98510   942.00000 2026-07-31 09:25:00     1
     1     1        294.150         21.000      89410.000          3.914          2.542      -888888.0      -888888.0
     0     0
CARACOLES                                  -31.51940   -68.98510   942.00000 2026-07-31 09:30:00     1
     1     1        294.250         21.000      89390.000          4.412          1.019      -888888.0      -888888.0
     0     0
CARACOLES                                  -31.51940   -68.98510   942.00000 2026-07-31 09:35:00     1
     1     1        294.350         21.000      89390.000          4.121          1.665      -888888.0      -888888.0
     0     0
CARACOLES                                  -31.51940   -68.98510   942.00000 2026-07-31 09:40:00     1
     1     1        294.350         21.000      89370.000          2.380          0.208      -888888.0      -888888.0
     0     0
CARACOLES                                  -31.51940   -68.98510   942.00000 2026-07-31 09:45:00     1
     1     1        294.350         21.000      89400.000          1.698          1.640      -888888.0      -888888.0
     0     0
CARACOLES                                  -31.51940   -68.98510   942.00000 2026-07-31 09:50:00     1
     1     1        294.350         21.000      89370.000          4.511          0.634      -888888.0      -888888.0
     0     0
CARACOLES                                  -31.51940   -68.98510   942.00000 2026-07-31 09:55:00     1
     1     1        294.150         21.000      89360.000          3.945          1.924      -888888.0      -888888.0
     0     0
CARACOLES                                  -31.51940   -68.98510   942.00000 2026-07-31 10:00:00     1
     1     1        294.150         21.000      89340.000          4.165          1.194      -888888.0      -888888.0
     0     0
CARACOLES                                  -31.51940   -68.98510   942.00000 2026-07-31 10:05:00     1
     1     1        294.250         20.000      89360.000          1.803          1.567      -888888.0      -888888.0
     0     0
CARACOLES                                  -31.51940   -68.98510   942.00000 2026-07-31 10:10:00     1
     1     1        294.150         21.000      89340.000          2.190          1.422      -888888.0      -888888.0
     0     0
CARACOLES                                  -31.51940   -68.98510   942.00000 2026-07-31 10:15:00     1
     1     1        294.250         20.000      89350.000          4.544          1.565      -888888.0      -888888.0
     0     0
CARACOLES                                  -31.51940   -68.98510   942.00000 2026-07-31 10:20:00     1
     1     1        294.550         20.000      89310.000          2.605          2.035      -888888.0      -888888.0
     0     0
CARACOLES                                  -31.51940   -68.98510   942.00000 2026-07-31 10:25:00     1
     1     1        294.650         20.000      89320.000          2.228         -0.313      -888888.0      -888888.0
     0     0
CARACOLES                                  -31.51940   -68.98510   942.00000 2026-07-31 10:30:00     1
     1     1        294.750         20.000      89290.000          1.624          0.723      -888888.0      -888888.0
     0     0
CARACOLES                                  -31.51940   -68.98510   942.00000 2026-07-31 10:35:00     1
     1     1        294.650         20.000      89270.000          0.026          1.500      -888888.0      -888888.0
     0     0
CARACOLES                                  -31.51940   -68.98510   942.00000 2026-07-31 10:40:00     1
     1     1        294.950         20.000      89250.000          0.159          0.228      -888888.0      -888888.0
     0     0
CARACOLES                                  -31.51940   -68.98510   942.00000 2026-07-31 10:45:00     1
     1     1        295.750         20.000      89260.000         -0.330          0.147      -888888.0      -888888.0
     0     0
CARACOLES                                  -31.51940   -68.98510   942.00000 2026-07-31 10:50:00     1
     1     1        295.450         21.000      89250.000         -1.627          0.200      -888888.0      -888888.0
     0     0
CARACOLES                                  -31.51940   -68.98510   942.00000 2026-07-31 10:55:00     1
     1     1        295.350         20.000      89240.000         -0.932          0.605      -888888.0      -888888.0
     0     0
CARACOLES                                  -31.51940   -68.98510   942.00000 2026-07-31 11:00:00     1
     1     1        295.550         20.000      89240.000         -0.581          0.051      -888888.0      -888888.0
     0     0
CARACOLES                                  -31.51940   -68.98510   942.00000 2026-07-31 11:05:00     1
     1     1        295.650         21.000      89230.000         -0.000          2.139      -888888.0      -888888.0
     0     0
CARACOLES                                  -31.51940   -68.98510   942.00000 2026-07-31 11:10:00     1
     1     1        295.050         20.000      89220.000          2.785          2.986      -888888.0      -888888.0
     0     0
CARACOLES                                  -31.51940   -68.98510   942.00000 2026-07-31 11:15:00     1
     1     1        295.050         20.000      89200.000          1.385          1.773      -888888.0      -888888.0
     0     0
CARACOLES                                  -31.51940   -68.98510   942.00000 2026-07-31 11:20:00     1
     1     1        295.350         19.000      89180.000          2.900          3.220      -888888.0      -888888.0
     0     0
CARACOLES                                  -31.51940   -68.98510   942.00000 2026-07-31 11:25:00     1
     1     1        295.150         19.000      89190.000          3.725          1.210      -888888.0      -888888.0
     0     0
CARACOLES                                  -31.51940   -68.98510   942.00000 2026-07-31 11:30:00     1
     1     1        295.150         19.000      89210.000          4.078          0.214      -888888.0      -888888.0
     0     0
CARACOLES                                  -31.51940   -68.98510   942.00000 2026-07-31 11:35:00     1
     1     1        295.350         19.000      89200.000          5.532          2.463      -888888.0      -888888.0
     0     0
CARACOLES                                  -31.51940   -68.98510   942.00000 2026-07-31 11:40:00     1
     1     1        295.450         19.000      89200.000          7.475          3.808      -888888.0      -888888.0
     0     0
CARACOLES                                  -31.51940   -68.98510   942.00000 2026-07-31 11:45:00     1
     1     1        295.550         19.000      89180.000          7.333          0.642      -888888.0      -888888.0
     0     0
CARACOLES                                  -31.51940   -68.98510   942.00000 2026-07-31 11:50:00     1
     1     1        295.650         19.000      89180.000          4.354          2.514      -888888.0      -888888.0
     0     0
CARACOLES                                  -31.51940   -68.98510   942.00000 2026-07-31 11:55:00     1
     1     1        295.850         19.000      89180.000          5.359          0.563      -888888.0      -888888.0
     0     0
CARACOLES                                  -31.51940   -68.98510   942.00000 2026-07-31 12:00:00     1
     1     1        295.850         19.000      89180.000          6.493          1.740      -888888.0      -888888.0
     0     0
CARACOLES                                  -31.51940   -68.98510   942.00000 2026-07-31 12:05:00     1
     1     1        295.850         20.000      89170.000          6.898          2.648      -888888.0      -888888.0
     0     0
CARACOLES                                  -31.51940   -68.98510   942.00000 2026-07-31 12:10:00     1
     1     1        295.950         20.000      89170.000          4.589          2.980      -888888.0      -888888.0
     0     0
CARACOLES                                  -31.51940   -68.98510   942.00000 2026-07-31 12:15:00     1
     1     1        296.050         20.000      89160.000          7.172          2.193      -888888.0      -888888.0
     0     0
CARACOLES                                  -31.51940   -68.98510   942.00000 2026-07-31 12:20:00     1
     1     1        295.950         20.000      89180.000          6.033          3.208      -888888.0      -888888.0
     0     0
CARACOLES                                  -31.51940   -68.98510   942.00000 2026-07-31 12:25:00     1
     1     1        295.950         20.000      89160.000          8.170          2.974      -888888.0      -888888.0
     0     0
CARACOLES                                  -31.51940   -68.98510   942.00000 2026-07-31 12:30:00     1
     1     1        295.950         20.000      89160.000          2.946          2.747      -888888.0      -888888.0
     0     0
CARACOLES                                  -31.51940   -68.98510   942.00000 2026-07-31 12:35:00     1
     1     1        296.150         20.000      89140.000          6.193          2.888      -888888.0      -888888.0
     0     0
CARACOLES                                  -31.51940   -68.98510   942.00000 2026-07-31 12:40:00     1
     1     1        296.150         20.000      89180.000          5.724          3.577      -888888.0      -888888.0
     0     0
CARACOLES                                  -31.51940   -68.98510   942.00000 2026-07-31 12:45:00     1
     1     1        295.950         20.000      89190.000          2.919          3.605      -888888.0      -888888.0
     0     0
CARACOLES                                  -31.51940   -68.98510   942.00000 2026-07-31 12:50:00     1
     1     1        296.050         20.000      89180.000          7.726          2.812      -888888.0      -888888.0
     0     0
CARACOLES                                  -31.51940   -68.98510   942.00000 2026-07-31 12:55:00     1
     1     1        295.950         20.000      89160.000          6.584          3.354      -888888.0      -888888.0
     0     0
CARACOLES                                  -31.51940   -68.98510   942.00000 2026-07-31 13:00:00     1
     1     1        295.950         21.000      89170.000          5.631         -0.295      -888888.0      -888888.0
     0     0
CARACOLES                                  -31.51940   -68.98510   942.00000 2026-07-31 13:05:00     1
     1     1        295.950         21.000      89190.000          4.393          1.095      -888888.0      -888888.0
     0     0
CARACOLES                                  -31.51940   -68.98510   942.00000 2026-07-31 13:10:00     1
     1     1        295.950         21.000      89200.000          5.708          0.399      -888888.0      -888888.0
     0     0
CARACOLES                                  -31.51940   -68.98510   942.00000 2026-07-31 13:15:00     1
     1     1        296.050         21.000      89200.000          3.952          1.133      -888888.0      -888888.0
     0     0
CARACOLES                                  -31.51940   -68.98510   942.00000 2026-07-31 13:20:00     1
     1     1        296.050         21.000      89220.000          4.023          2.923      -888888.0      -888888.0
     0     0
CARACOLES                                  -31.51940   -68.98510   942.00000 2026-07-31 13:25:00     1
     1     1        296.050         21.000      89220.000          6.079          4.580      -888888.0      -888888.0
     0     0
CARACOLES                                  -31.51940   -68.98510   942.00000 2026-07-31 13:30:00     1
     1     1        295.950         21.000      89270.000          5.891          1.914      -888888.0      -888888.0
     0     0
CARACOLES                                  -31.51940   -68.98510   942.00000 2026-07-31 13:35:00     1
     1     1        295.850         21.000      89260.000          6.969          2.537      -888888.0      -888888.0
     0     0
CARACOLES                                  -31.51940   -68.98510   942.00000 2026-07-31 13:40:00     1
     1     1        295.950         22.000      89260.000          7.416          1.712      -888888.0      -888888.0
     0     0
CARACOLES                                  -31.51940   -68.98510   942.00000 2026-07-31 13:45:00     1
     1     1        295.650         22.000      89250.000          5.781          1.124      -888888.0      -888888.0
     0     0
CARACOLES                                  -31.51940   -68.98510   942.00000 2026-07-31 13:50:00     1
     1     1        295.750         22.000      89270.000          4.053         -1.890      -888888.0      -888888.0
     0     0
CARACOLES                                  -31.51940   -68.98510   942.00000 2026-07-31 13:55:00     1
     1     1        295.650         22.000      89250.000          4.096          2.178      -888888.0      -888888.0
     0     0
CARACOLES                                  -31.51940   -68.98510   942.00000 2026-07-31 14:00:00     1
     1     1        295.650         22.000      89270.000          5.543          1.178      -888888.0      -888888.0
     0     0
CARACOLES                                  -31.51940   -68.98510   942.00000 2026-07-31 14:05:00     1
     1     1        295.750         23.000      89300.000          6.046          1.066      -888888.0      -888888.0
     0     0
CARACOLES                                  -31.51940   -68.98510   942.00000 2026-07-31 14:10:00     1
     1     1        295.650         23.000      89310.000          3.028         -0.926      -888888.0      -888888.0
     0     0
CARACOLES                                  -31.51940   -68.98510   942.00000 2026-07-31 14:15:00     1
     1     1        295.450         24.000      89310.000          4.036          3.898      -888888.0      -888888.0
     0     0
CARACOLES                                  -31.51940   -68.98510   942.00000 2026-07-31 14:20:00     1
     1     1        295.150         24.000      89310.000          2.966          2.155      -888888.0      -888888.0
     0     0
CARACOLES                                  -31.51940   -68.98510   942.00000 2026-07-31 14:25:00     1
     1     1        295.050         24.000      89310.000          7.444          0.914      -888888.0      -888888.0
     0     0
CARACOLES                                  -31.51940   -68.98510   942.00000 2026-07-31 14:30:00     1
     1     1        294.850         25.000      89320.000          3.394          2.558      -888888.0      -888888.0
     0     0
CARACOLES                                  -31.51940   -68.98510   942.00000 2026-07-31 14:35:00     1
     1     1        294.950         25.000      89310.000         -1.266          2.597      -888888.0      -888888.0
     0     0
CARACOLES                                  -31.51940   -68.98510   942.00000 2026-07-31 14:40:00     1
     1     1        294.650         25.000      89310.000         -2.937          2.464      -888888.0      -888888.0
     0     0
CARACOLES                                  -31.51940   -68.98510   942.00000 2026-07-31 14:45:00     1
     1     1        294.750         24.000      89320.000          6.024          0.210      -888888.0      -888888.0
     0     0
CARACOLES                                  -31.51940   -68.98510   942.00000 2026-07-31 14:50:00     1
     1     1        294.850         24.000      89330.000          5.298          2.817      -888888.0      -888888.0
     0     0
CARACOLES                                  -31.51940   -68.98510   942.00000 2026-07-31 14:55:00     1
     1     1        294.850         24.000      89350.000          4.909          2.289      -888888.0      -888888.0
     0     0
CARACOLES                                  -31.51940   -68.98510   942.00000 2026-07-31 15:00:00     1
     1     1        294.450         24.000      89350.000          6.708         -1.304      -888888.0      -888888.0
     0     0
CARACOLES                                  -31.51940   -68.98510   942.00000 2026-07-31 15:05:00     1
     1     1        294.350         24.000      89330.000          5.077          2.699      -888888.0      -888888.0
     0     0
CARACOLES                                  -31.51940   -68.98510   942.00000 2026-07-31 15:10:00     1
     1     1        294.350         24.000      89330.000          4.486          1.722      -888888.0      -888888.0
     0     0
CARACOLES                                  -31.51940   -68.98510   942.00000 2026-07-31 15:15:00     1
     1     1        294.450         25.000      89370.000          5.847          2.128      -888888.0      -888888.0
     0     0
CARACOLES                                  -31.51940   -68.98510   942.00000 2026-07-31 15:20:00     1
     1     1        294.150         26.000      89390.000          3.628          1.321      -888888.0      -888888.0
     0     0
CARACOLES                                  -31.51940   -68.98510   942.00000 2026-07-31 15:25:00     1
     1     1        294.150         26.000      89390.000          4.695         -1.258      -888888.0      -888888.0
     0     0
CARACOLES                                  -31.51940   -68.98510   942.00000 2026-07-31 15:30:00     1
     1     1        294.350         25.000      89390.000          3.021          1.409      -888888.0      -888888.0
     0     0
