 20260516000000
   -31.6500  -68.5833 
  INTA_POCITO                                SURFACE                                    
  FM-12 SYNOP       INTA_POCITO            615  F     F         1
 -888888.000 -888888.000 -888888.000 -888888.000     615.000       0.000     283.550       0.000      -0.000     129.000       0.000     129.000      71.000       0.000   93890.000       0.000 -888888.000 -888888.000
 20260516000000
   -31.6500  -68.3000 
  ECOHUMUS                                   SURFACE                                    
  FM-12 SYNOP       ECOHUMUS               600  F     F         1
 -888888.000 -888888.000 -888888.000 -888888.000     600.000       0.000     282.350       0.000      -0.032     129.000       0.106     129.000      74.000       0.000   94690.000       0.000 -888888.000 -888888.000
 20260516000000
   -31.5192  -68.8178 
  PUNTA_NEGRA                                SURFACE                                    
  FM-12 SYNOP       PUNTA_NEGRA            800  F     F         1
 -888888.000 -888888.000 -888888.000 -888888.000     800.000       0.000     284.850       0.000       0.155     129.000       0.117     129.000      63.000       0.000   91530.000       0.000 -888888.000 -888888.000
 20260516000000
   -30.6335  -67.4682 
  VALLE_FERTIL                               SURFACE                                    
  FM-12 SYNOP       VALLE_FERTIL           900  F     F         1
 -888888.000 -888888.000 -888888.000 -888888.000     900.000       0.000     283.150       0.000       0.548     129.000      -0.200     129.000      86.000       0.000   91310.000       0.000 -888888.000 -888888.000
 20260516000000
   -30.1833  -69.0667 
  CUESTA_Viento                              SURFACE                                    
  FM-12 SYNOP       CUESTA_Viento         1530  F     F         1
 -888888.000 -888888.000 -888888.000 -888888.000    1530.000       0.000     285.050       0.000      -3.196     129.000       2.497     129.000      53.000       0.000   84790.000       0.000 -888888.000 -888888.000
 20260516000000
   -31.5194  -68.9851 
  CARACOLES                                  SURFACE                                    
  FM-12 SYNOP       CARACOLES              942  F     F         1
 -888888.000 -888888.000 -888888.000 -888888.000     942.000       0.000     284.650       0.000      -0.013     129.000       0.025     129.000      67.000       0.000   90220.000       0.000 -888888.000 -888888.000
 20260516003000
   -31.6500  -68.5833 
  INTA_POCITO                                SURFACE                                    
  FM-12 SYNOP       INTA_POCITO            615  F     F         1
 -888888.000 -888888.000 -888888.000 -888888.000     615.000       0.000     283.050       0.000      -0.000     129.000       0.000     129.000      73.000       0.000   93900.000       0.000 -888888.000 -888888.000
 20260516003000
   -31.6500  -68.3000 
  ECOHUMUS                                   SURFACE                                    
  FM-12 SYNOP       ECOHUMUS               600  F     F         1
 -888888.000 -888888.000 -888888.000 -888888.000     600.000       0.000     282.050       0.000      -0.007     129.000       0.083     129.000      75.000       0.000   94690.000       0.000 -888888.000 -888888.000
 20260516003000
   -31.5192  -68.8178 
  PUNTA_NEGRA                                SURFACE                                    
  FM-12 SYNOP       PUNTA_NEGRA            800  F     F         1
 -888888.000 -888888.000 -888888.000 -888888.000     800.000       0.000     284.350       0.000       0.116     129.000       0.120     129.000      64.000       0.000   91540.000       0.000 -888888.000 -888888.000
 20260516003000
   -30.6335  -67.4682 
  VALLE_FERTIL                               SURFACE                                    
  FM-12 SYNOP       VALLE_FERTIL           900  F     F         1
 -888888.000 -888888.000 -888888.000 -888888.000     900.000       0.000     283.450       0.000       0.732     129.000      -0.552     129.000      86.000       0.000   91320.000       0.000 -888888.000 -888888.000
 20260516003000
   -30.1833  -69.0667 
  CUESTA_Viento                              SURFACE                                    
  FM-12 SYNOP       CUESTA_Viento         1530  F     F         1
 -888888.000 -888888.000 -888888.000 -888888.000    1530.000       0.000     284.850       0.000      -3.812     129.000       1.463     129.000      53.000       0.000   84810.000       0.000 -888888.000 -888888.000
 20260516003000
   -31.5194  -68.9851 
  CARACOLES                                  SURFACE                                    
  FM-12 SYNOP       CARACOLES              942  F     F         1
 -888888.000 -888888.000 -888888.000 -888888.000     942.000       0.000     284.350       0.000      -0.000     129.000       0.000     129.000      67.000       0.000   90220.000       0.000 -888888.000 -888888.000
 20260516010000
   -31.6500  -68.5833 
  INTA_POCITO                                SURFACE                                    
  FM-12 SYNOP       INTA_POCITO            615  F     F         1
 -888888.000 -888888.000 -888888.000 -888888.000     615.000       0.000     283.050       0.000      -0.000     129.000       0.000     129.000      74.000       0.000   93900.000       0.000 -888888.000 -888888.000
 20260516010000
   -31.6500  -68.3000 
  ECOHUMUS                                   SURFACE                                    
  FM-12 SYNOP       ECOHUMUS               600  F     F         1
 -888888.000 -888888.000 -888888.000 -888888.000     600.000       0.000     280.650       0.000      -0.000     129.000       0.000     129.000      80.000       0.000   94700.000       0.000 -888888.000 -888888.000
 20260516010000
   -31.5192  -68.8178 
  PUNTA_NEGRA                                SURFACE                                    
  FM-12 SYNOP       PUNTA_NEGRA            800  F     F         1
 -888888.000 -888888.000 -888888.000 -888888.000     800.000       0.000     284.250       0.000       0.076     129.000       0.081     129.000      64.000       0.000   91540.000       0.000 -888888.000 -888888.000
 20260516010000
   -30.6335  -67.4682 
  VALLE_FERTIL                               SURFACE                                    
  FM-12 SYNOP       VALLE_FERTIL           900  F     F         1
 -888888.000 -888888.000 -888888.000 -888888.000     900.000       0.000     283.150       0.000       0.486     129.000      -0.269     129.000      88.000       0.000   91310.000       0.000 -888888.000 -888888.000
 20260516010000
   -30.1833  -69.0667 
  CUESTA_Viento                              SURFACE                                    
  FM-12 SYNOP       CUESTA_Viento         1530  F     F         1
 -888888.000 -888888.000 -888888.000 -888888.000    1530.000       0.000     284.450       0.000      -3.564     129.000       1.816     129.000      55.000       0.000   84820.000       0.000 -888888.000 -888888.000
 20260516010000
   -31.5194  -68.9851 
  CARACOLES                                  SURFACE                                    
  FM-12 SYNOP       CARACOLES              942  F     F         1
 -888888.000 -888888.000 -888888.000 -888888.000     942.000       0.000     284.150       0.000      -0.085     129.000       0.071     129.000      68.000       0.000   90220.000       0.000 -888888.000 -888888.000
 20260516013000
   -31.6500  -68.5833 
  INTA_POCITO                                SURFACE                                    
  FM-12 SYNOP       INTA_POCITO            615  F     F         1
 -888888.000 -888888.000 -888888.000 -888888.000     615.000       0.000     284.350       0.000      -0.034     129.000       0.276     129.000      72.000       0.000   93890.000       0.000 -888888.000 -888888.000
 20260516013000
   -31.6500  -68.3000 
  ECOHUMUS                                   SURFACE                                    
  FM-12 SYNOP       ECOHUMUS               600  F     F         1
 -888888.000 -888888.000 -888888.000 -888888.000     600.000       0.000     281.150       0.000       0.070     129.000       0.439     129.000      80.000       0.000   94700.000       0.000 -888888.000 -888888.000
 20260516013000
   -31.5192  -68.8178 
  PUNTA_NEGRA                                SURFACE                                    
  FM-12 SYNOP       PUNTA_NEGRA            800  F     F         1
 -888888.000 -888888.000 -888888.000 -888888.000     800.000       0.000     283.850       0.000       0.091     129.000       0.064     129.000      65.000       0.000   91540.000       0.000 -888888.000 -888888.000
 20260516013000
   -30.6335  -67.4682 
  VALLE_FERTIL                               SURFACE                                    
  FM-12 SYNOP       VALLE_FERTIL           900  F     F         1
 -888888.000 -888888.000 -888888.000 -888888.000     900.000       0.000     283.250       0.000       0.700     129.000      -0.269     129.000      86.000       0.000   91280.000       0.000 -888888.000 -888888.000
 20260516013000
   -30.1833  -69.0667 
  CUESTA_Viento                              SURFACE                                    
  FM-12 SYNOP       CUESTA_Viento         1530  F     F         1
 -888888.000 -888888.000 -888888.000 -888888.000    1530.000       0.000     284.050       0.000      -3.650     129.000       1.702     129.000      57.000       0.000   84800.000       0.000 -888888.000 -888888.000
 20260516013000
   -31.5194  -68.9851 
  CARACOLES                                  SURFACE                                    
  FM-12 SYNOP       CARACOLES              942  F     F         1
 -888888.000 -888888.000 -888888.000 -888888.000     942.000       0.000     283.750       0.000      -0.002     129.000       0.028     129.000      69.000       0.000   90220.000       0.000 -888888.000 -888888.000
 20260516020000
   -31.6500  -68.5833 
  INTA_POCITO                                SURFACE                                    
  FM-12 SYNOP       INTA_POCITO            615  F     F         1
 -888888.000 -888888.000 -888888.000 -888888.000     615.000       0.000     286.350       0.000      -0.077     129.000       0.267     129.000      67.000       0.000   93910.000       0.000 -888888.000 -888888.000
 20260516020000
   -31.6500  -68.3000 
  ECOHUMUS                                   SURFACE                                    
  FM-12 SYNOP       ECOHUMUS               600  F     F         1
 -888888.000 -888888.000 -888888.000 -888888.000     600.000       0.000     281.650       0.000       0.467     129.000       1.099     129.000      80.000       0.000   94750.000       0.000 -888888.000 -888888.000
 20260516020000
   -31.5192  -68.8178 
  PUNTA_NEGRA                                SURFACE                                    
  FM-12 SYNOP       PUNTA_NEGRA            800  F     F         1
 -888888.000 -888888.000 -888888.000 -888888.000     800.000       0.000     283.350       0.000       0.157     129.000       0.114     129.000      67.000       0.000   91540.000       0.000 -888888.000 -888888.000
 20260516020000
   -30.6335  -67.4682 
  VALLE_FERTIL                               SURFACE                                    
  FM-12 SYNOP       VALLE_FERTIL           900  F     F         1
 -888888.000 -888888.000 -888888.000 -888888.000     900.000       0.000     282.750       0.000       0.580     129.000      -0.061     129.000      86.000       0.000   91260.000       0.000 -888888.000 -888888.000
 20260516020000
   -30.1833  -69.0667 
  CUESTA_Viento                              SURFACE                                    
  FM-12 SYNOP       CUESTA_Viento         1530  F     F         1
 -888888.000 -888888.000 -888888.000 -888888.000    1530.000       0.000     284.050       0.000      -2.770     129.000       2.770     129.000      58.000       0.000   84770.000       0.000 -888888.000 -888888.000
 20260516020000
   -31.5194  -68.9851 
  CARACOLES                                  SURFACE                                    
  FM-12 SYNOP       CARACOLES              942  F     F         1
 -888888.000 -888888.000 -888888.000 -888888.000     942.000       0.000     283.450       0.000       0.005     129.000       0.027     129.000      70.000       0.000   90230.000       0.000 -888888.000 -888888.000
 20260516023000
   -31.6500  -68.5833 
  INTA_POCITO                                SURFACE                                    
  FM-12 SYNOP       INTA_POCITO            615  F     F         1
 -888888.000 -888888.000 -888888.000 -888888.000     615.000       0.000     285.350       0.000      -0.136     129.000       0.394     129.000      70.000       0.000   93930.000       0.000 -888888.000 -888888.000
 20260516023000
   -31.6500  -68.3000 
  ECOHUMUS                                   SURFACE                                    
  FM-12 SYNOP       ECOHUMUS               600  F     F         1
 -888888.000 -888888.000 -888888.000 -888888.000     600.000       0.000     282.250       0.000      -0.135     129.000       0.963     129.000      79.000       0.000   94780.000       0.000 -888888.000 -888888.000
 20260516023000
   -31.5192  -68.8178 
  PUNTA_NEGRA                                SURFACE                                    
  FM-12 SYNOP       PUNTA_NEGRA            800  F     F         1
 -888888.000 -888888.000 -888888.000 -888888.000     800.000       0.000     283.150       0.000       0.044     129.000       0.034     129.000      68.000       0.000   91570.000       0.000 -888888.000 -888888.000
 20260516023000
   -30.6335  -67.4682 
  VALLE_FERTIL                               SURFACE                                    
  FM-12 SYNOP       VALLE_FERTIL           900  F     F         1
 -888888.000 -888888.000 -888888.000 -888888.000     900.000       0.000     283.550       0.000       0.702     129.000      -0.632     129.000      84.000       0.000   91260.000       0.000 -888888.000 -888888.000
 20260516023000
   -30.1833  -69.0667 
  CUESTA_Viento                              SURFACE                                    
  FM-12 SYNOP       CUESTA_Viento         1530  F     F         1
 -888888.000 -888888.000 -888888.000 -888888.000    1530.000       0.000     283.750       0.000      -0.726     129.000       4.582     129.000      59.000       0.000   84750.000       0.000 -888888.000 -888888.000
 20260516023000
   -31.5194  -68.9851 
  CARACOLES                                  SURFACE                                    
  FM-12 SYNOP       CARACOLES              942  F     F         1
 -888888.000 -888888.000 -888888.000 -888888.000     942.000       0.000     283.150       0.000      -0.007     129.000       0.083     129.000      72.000       0.000   90250.000       0.000 -888888.000 -888888.000
 20260516030000
   -31.6500  -68.5833 
  INTA_POCITO                                SURFACE                                    
  FM-12 SYNOP       INTA_POCITO            615  F     F         1
 -888888.000 -888888.000 -888888.000 -888888.000     615.000       0.000     286.450       0.000      -0.216     129.000       0.805     129.000      70.000       0.000   93940.000       0.000 -888888.000 -888888.000
 20260516030000
   -31.6500  -68.3000 
  ECOHUMUS                                   SURFACE                                    
  FM-12 SYNOP       ECOHUMUS               600  F     F         1
 -888888.000 -888888.000 -888888.000 -888888.000     600.000       0.000     282.850       0.000      -0.488     129.000       1.151     129.000      78.000       0.000   94800.000       0.000 -888888.000 -888888.000
 20260516030000
   -31.5192  -68.8178 
  PUNTA_NEGRA                                SURFACE                                    
  FM-12 SYNOP       PUNTA_NEGRA            800  F     F         1
 -888888.000 -888888.000 -888888.000 -888888.000     800.000       0.000     283.150       0.000       0.330     129.000       0.206     129.000      68.000       0.000   91590.000       0.000 -888888.000 -888888.000
 20260516030000
   -30.6335  -67.4682 
  VALLE_FERTIL                               SURFACE                                    
  FM-12 SYNOP       VALLE_FERTIL           900  F     F         1
 -888888.000 -888888.000 -888888.000 -888888.000     900.000       0.000     283.350       0.000       0.794     129.000       0.458     129.000      84.000       0.000   91260.000       0.000 -888888.000 -888888.000
 20260516030000
   -30.1833  -69.0667 
  CUESTA_Viento                              SURFACE                                    
  FM-12 SYNOP       CUESTA_Viento         1530  F     F         1
 -888888.000 -888888.000 -888888.000 -888888.000    1530.000       0.000     283.450       0.000      -1.212     129.000       5.251     129.000      61.000       0.000   84750.000       0.000 -888888.000 -888888.000
 20260516030000
   -31.5194  -68.9851 
  CARACOLES                                  SURFACE                                    
  FM-12 SYNOP       CARACOLES              942  F     F         1
 -888888.000 -888888.000 -888888.000 -888888.000     942.000       0.000     283.150       0.000      -0.012     129.000       0.025     129.000      72.000       0.000   90260.000       0.000 -888888.000 -888888.000
 20260516033000
   -31.6500  -68.5833 
  INTA_POCITO                                SURFACE                                    
  FM-12 SYNOP       INTA_POCITO            615  F     F         1
 -888888.000 -888888.000 -888888.000 -888888.000     615.000       0.000     286.950       0.000      -0.162     129.000       1.155     129.000      68.000       0.000   93930.000       0.000 -888888.000 -888888.000
 20260516033000
   -31.6500  -68.3000 
  ECOHUMUS                                   SURFACE                                    
  FM-12 SYNOP       ECOHUMUS               600  F     F         1
 -888888.000 -888888.000 -888888.000 -888888.000     600.000       0.000     282.950       0.000      -0.362     129.000       0.812     129.000      78.000       0.000   94800.000       0.000 -888888.000 -888888.000
 20260516033000
   -31.5192  -68.8178 
  PUNTA_NEGRA                                SURFACE                                    
  FM-12 SYNOP       PUNTA_NEGRA            800  F     F         1
 -888888.000 -888888.000 -888888.000 -888888.000     800.000       0.000     284.350       0.000       0.112     129.000       0.082     129.000      65.000       0.000   91580.000       0.000 -888888.000 -888888.000
 20260516033000
   -30.6335  -67.4682 
  VALLE_FERTIL                               SURFACE                                    
  FM-12 SYNOP       VALLE_FERTIL           900  F     F         1
 -888888.000 -888888.000 -888888.000 -888888.000     900.000       0.000     281.450       0.000       0.818     129.000      -0.711     129.000      89.000       0.000   91250.000       0.000 -888888.000 -888888.000
 20260516033000
   -30.1833  -69.0667 
  CUESTA_Viento                              SURFACE                                    
  FM-12 SYNOP       CUESTA_Viento         1530  F     F         1
 -888888.000 -888888.000 -888888.000 -888888.000    1530.000       0.000     283.250       0.000       1.080     129.000       6.128     129.000      64.000       0.000   84740.000       0.000 -888888.000 -888888.000
 20260516033000
   -31.5194  -68.9851 
  CARACOLES                                  SURFACE                                    
  FM-12 SYNOP       CARACOLES              942  F     F         1
 -888888.000 -888888.000 -888888.000 -888888.000     942.000       0.000     283.650       0.000      -0.054     129.000       0.158     129.000      70.000       0.000   90270.000       0.000 -888888.000 -888888.000
 20260516040000
   -31.6500  -68.5833 
  INTA_POCITO                                SURFACE                                    
  FM-12 SYNOP       INTA_POCITO            615  F     F         1
 -888888.000 -888888.000 -888888.000 -888888.000     615.000       0.000     287.150       0.000      -0.383     129.000       1.335     129.000      66.000       0.000   93940.000       0.000 -888888.000 -888888.000
 20260516040000
   -31.6500  -68.3000 
  ECOHUMUS                                   SURFACE                                    
  FM-12 SYNOP       ECOHUMUS               600  F     F         1
 -888888.000 -888888.000 -888888.000 -888888.000     600.000       0.000     282.950       0.000      -0.383     129.000       0.612     129.000      78.000       0.000   94800.000       0.000 -888888.000 -888888.000
 20260516040000
   -31.5192  -68.8178 
  PUNTA_NEGRA                                SURFACE                                    
  FM-12 SYNOP       PUNTA_NEGRA            800  F     F         1
 -888888.000 -888888.000 -888888.000 -888888.000     800.000       0.000     284.650       0.000       0.023     129.000       0.051     129.000      65.000       0.000   91580.000       0.000 -888888.000 -888888.000
 20260516040000
   -30.6335  -67.4682 
  VALLE_FERTIL                               SURFACE                                    
  FM-12 SYNOP       VALLE_FERTIL           900  F     F         1
 -888888.000 -888888.000 -888888.000 -888888.000     900.000       0.000     280.250       0.000       0.954     129.000      -0.719     129.000      91.000       0.000   91230.000       0.000 -888888.000 -888888.000
 20260516040000
   -30.1833  -69.0667 
  CUESTA_Viento                              SURFACE                                    
  FM-12 SYNOP       CUESTA_Viento         1530  F     F         1
 -888888.000 -888888.000 -888888.000 -888888.000    1530.000       0.000     283.450       0.000       1.244     129.000       7.058     129.000      64.000       0.000   84780.000       0.000 -888888.000 -888888.000
 20260516040000
   -31.5194  -68.9851 
  CARACOLES                                  SURFACE                                    
  FM-12 SYNOP       CARACOLES              942  F     F         1
 -888888.000 -888888.000 -888888.000 -888888.000     942.000       0.000     284.050       0.000      -0.020     129.000       0.165     129.000      70.000       0.000   90270.000       0.000 -888888.000 -888888.000
 20260516043000
   -31.6500  -68.5833 
  INTA_POCITO                                SURFACE                                    
  FM-12 SYNOP       INTA_POCITO            615  F     F         1
 -888888.000 -888888.000 -888888.000 -888888.000     615.000       0.000     286.950       0.000      -0.194     129.000       0.724     129.000      68.000       0.000   93960.000       0.000 -888888.000 -888888.000
 20260516043000
   -31.6500  -68.3000 
  ECOHUMUS                                   SURFACE                                    
  FM-12 SYNOP       ECOHUMUS               600  F     F         1
 -888888.000 -888888.000 -888888.000 -888888.000     600.000       0.000     283.250       0.000      -0.229     129.000       0.596     129.000      78.000       0.000   94820.000       0.000 -888888.000 -888888.000
 20260516043000
   -31.5192  -68.8178 
  PUNTA_NEGRA                                SURFACE                                    
  FM-12 SYNOP       PUNTA_NEGRA            800  F     F         1
 -888888.000 -888888.000 -888888.000 -888888.000     800.000       0.000     285.150       0.000       0.078     129.000       0.115     129.000      64.000       0.000   91590.000       0.000 -888888.000 -888888.000
 20260516043000
   -30.6335  -67.4682 
  VALLE_FERTIL                               SURFACE                                    
  FM-12 SYNOP       VALLE_FERTIL           900  F     F         1
 -888888.000 -888888.000 -888888.000 -888888.000     900.000       0.000     279.450       0.000       0.805     129.000      -0.805     129.000      92.000       0.000   91230.000       0.000 -888888.000 -888888.000
 20260516043000
   -30.1833  -69.0667 
  CUESTA_Viento                              SURFACE                                    
  FM-12 SYNOP       CUESTA_Viento         1530  F     F         1
 -888888.000 -888888.000 -888888.000 -888888.000    1530.000       0.000     283.350       0.000      -0.665     129.000       6.326     129.000      65.000       0.000   84790.000       0.000 -888888.000 -888888.000
 20260516043000
   -31.5194  -68.9851 
  CARACOLES                                  SURFACE                                    
  FM-12 SYNOP       CARACOLES              942  F     F         1
 -888888.000 -888888.000 -888888.000 -888888.000     942.000       0.000     284.050       0.000      -0.023     129.000       0.016     129.000      70.000       0.000   90280.000       0.000 -888888.000 -888888.000
 20260516050000
   -31.6500  -68.5833 
  INTA_POCITO                                SURFACE                                    
  FM-12 SYNOP       INTA_POCITO            615  F     F         1
 -888888.000 -888888.000 -888888.000 -888888.000     615.000       0.000     286.850       0.000      -0.194     129.000       0.724     129.000      68.000       0.000   93980.000       0.000 -888888.000 -888888.000
 20260516050000
   -31.6500  -68.3000 
  ECOHUMUS                                   SURFACE                                    
  FM-12 SYNOP       ECOHUMUS               600  F     F         1
 -888888.000 -888888.000 -888888.000 -888888.000     600.000       0.000     283.150       0.000      -0.175     129.000       0.701     129.000      79.000       0.000   94840.000       0.000 -888888.000 -888888.000
 20260516050000
   -31.5192  -68.8178 
  PUNTA_NEGRA                                SURFACE                                    
  FM-12 SYNOP       PUNTA_NEGRA            800  F     F         1
 -888888.000 -888888.000 -888888.000 -888888.000     800.000       0.000     285.350       0.000       0.022     129.000       0.051     129.000      63.000       0.000   91600.000       0.000 -888888.000 -888888.000
 20260516050000
   -30.6335  -67.4682 
  VALLE_FERTIL                               SURFACE                                    
  FM-12 SYNOP       VALLE_FERTIL           900  F     F         1
 -888888.000 -888888.000 -888888.000 -888888.000     900.000       0.000     279.550       0.000      -0.065     129.000      -0.153     129.000      93.000       0.000   91260.000       0.000 -888888.000 -888888.000
 20260516050000
   -30.1833  -69.0667 
  CUESTA_Viento                              SURFACE                                    
  FM-12 SYNOP       CUESTA_Viento         1530  F     F         1
 -888888.000 -888888.000 -888888.000 -888888.000    1530.000       0.000     283.250       0.000       0.775     129.000       6.314     129.000      65.000       0.000   84780.000       0.000 -888888.000 -888888.000
 20260516050000
   -31.5194  -68.9851 
  CARACOLES                                  SURFACE                                    
  FM-12 SYNOP       CARACOLES              942  F     F         1
 -888888.000 -888888.000 -888888.000 -888888.000     942.000       0.000     284.350       0.000      -0.000     129.000       0.000     129.000      70.000       0.000   90280.000       0.000 -888888.000 -888888.000
 20260516053000
   -31.6500  -68.5833 
  INTA_POCITO                                SURFACE                                    
  FM-12 SYNOP       INTA_POCITO            615  F     F         1
 -888888.000 -888888.000 -888888.000 -888888.000     615.000       0.000     286.850       0.000      -0.285     129.000       0.783     129.000      67.000       0.000   93990.000       0.000 -888888.000 -888888.000
 20260516053000
   -31.6500  -68.3000 
  ECOHUMUS                                   SURFACE                                    
  FM-12 SYNOP       ECOHUMUS               600  F     F         1
 -888888.000 -888888.000 -888888.000 -888888.000     600.000       0.000     283.250       0.000      -0.289     129.000       0.752     129.000      79.000       0.000   94840.000       0.000 -888888.000 -888888.000
 20260516053000
   -31.5192  -68.8178 
  PUNTA_NEGRA                                SURFACE                                    
  FM-12 SYNOP       PUNTA_NEGRA            800  F     F         1
 -888888.000 -888888.000 -888888.000 -888888.000     800.000       0.000     285.150       0.000       0.006     129.000       0.027     129.000      66.000       0.000   91610.000       0.000 -888888.000 -888888.000
 20260516053000
   -30.6335  -67.4682 
  VALLE_FERTIL                               SURFACE                                    
  FM-12 SYNOP       VALLE_FERTIL           900  F     F         1
 -888888.000 -888888.000 -888888.000 -888888.000     900.000       0.000     278.150       0.000       0.144     129.000      -0.537     129.000      93.000       0.000   91290.000       0.000 -888888.000 -888888.000
 20260516053000
   -30.1833  -69.0667 
  CUESTA_Viento                              SURFACE                                    
  FM-12 SYNOP       CUESTA_Viento         1530  F     F         1
 -888888.000 -888888.000 -888888.000 -888888.000    1530.000       0.000     282.750       0.000       1.593     129.000       5.554     129.000      66.000       0.000   84800.000       0.000 -888888.000 -888888.000
 20260516053000
   -31.5194  -68.9851 
  CARACOLES                                  SURFACE                                    
  FM-12 SYNOP       CARACOLES              942  F     F         1
 -888888.000 -888888.000 -888888.000 -888888.000     942.000       0.000     284.650       0.000      -0.028     129.000       0.002     129.000      69.000       0.000   90280.000       0.000 -888888.000 -888888.000
 20260516060000
   -31.6500  -68.5833 
  INTA_POCITO                                SURFACE                                    
  FM-12 SYNOP       INTA_POCITO            615  F     F         1
 -888888.000 -888888.000 -888888.000 -888888.000     615.000       0.000     286.850       0.000      -0.124     129.000       0.279     129.000      67.000       0.000   94010.000       0.000 -888888.000 -888888.000
 20260516060000
   -31.6500  -68.3000 
  ECOHUMUS                                   SURFACE                                    
  FM-12 SYNOP       ECOHUMUS               600  F     F         1
 -888888.000 -888888.000 -888888.000 -888888.000     600.000       0.000     283.850       0.000      -0.501     129.000       0.833     129.000      78.000       0.000   94860.000       0.000 -888888.000 -888888.000
 20260516060000
   -31.5192  -68.8178 
  PUNTA_NEGRA                                SURFACE                                    
  FM-12 SYNOP       PUNTA_NEGRA            800  F     F         1
 -888888.000 -888888.000 -888888.000 -888888.000     800.000       0.000     285.050       0.000      -0.080     129.000       0.022     129.000      68.000       0.000   91640.000       0.000 -888888.000 -888888.000
 20260516060000
   -30.6335  -67.4682 
  VALLE_FERTIL                               SURFACE                                    
  FM-12 SYNOP       VALLE_FERTIL           900  F     F         1
 -888888.000 -888888.000 -888888.000 -888888.000     900.000       0.000     277.550       0.000       0.237     129.000      -0.273     129.000      94.000       0.000   91300.000       0.000 -888888.000 -888888.000
 20260516060000
   -30.1833  -69.0667 
  CUESTA_Viento                              SURFACE                                    
  FM-12 SYNOP       CUESTA_Viento         1530  F     F         1
 -888888.000 -888888.000 -888888.000 -888888.000    1530.000       0.000     282.150       0.000       1.876     129.000       6.542     129.000      68.000       0.000   84840.000       0.000 -888888.000 -888888.000
 20260516060000
   -31.5194  -68.9851 
  CARACOLES                                  SURFACE                                    
  FM-12 SYNOP       CARACOLES              942  F     F         1
 -888888.000 -888888.000 -888888.000 -888888.000     942.000       0.000     284.550       0.000      -0.020     129.000       0.081     129.000      69.000       0.000   90310.000       0.000 -888888.000 -888888.000
 20260516063000
   -31.6500  -68.5833 
  INTA_POCITO                                SURFACE                                    
  FM-12 SYNOP       INTA_POCITO            615  F     F         1
 -888888.000 -888888.000 -888888.000 -888888.000     615.000       0.000     286.550       0.000      -0.012     129.000       0.083     129.000      68.000       0.000   94060.000       0.000 -888888.000 -888888.000
 20260516063000
   -31.6500  -68.3000 
  ECOHUMUS                                   SURFACE                                    
  FM-12 SYNOP       ECOHUMUS               600  F     F         1
 -888888.000 -888888.000 -888888.000 -888888.000     600.000       0.000     284.350       0.000      -0.354     129.000       0.876     129.000      77.000       0.000   94890.000       0.000 -888888.000 -888888.000
 20260516063000
   -31.5192  -68.8178 
  PUNTA_NEGRA                                SURFACE                                    
  FM-12 SYNOP       PUNTA_NEGRA            800  F     F         1
 -888888.000 -888888.000 -888888.000 -888888.000     800.000       0.000     285.150       0.000      -0.060     129.000       0.058     129.000      69.000       0.000   91670.000       0.000 -888888.000 -888888.000
 20260516063000
   -30.6335  -67.4682 
  VALLE_FERTIL                               SURFACE                                    
  FM-12 SYNOP       VALLE_FERTIL           900  F     F         1
 -888888.000 -888888.000 -888888.000 -888888.000     900.000       0.000     277.350       0.000       0.437     129.000      -0.540     129.000      94.000       0.000   91320.000       0.000 -888888.000 -888888.000
 20260516063000
   -30.1833  -69.0667 
  CUESTA_Viento                              SURFACE                                    
  FM-12 SYNOP       CUESTA_Viento         1530  F     F         1
 -888888.000 -888888.000 -888888.000 -888888.000    1530.000       0.000     282.050       0.000       1.212     129.000       5.251     129.000      68.000       0.000   84850.000       0.000 -888888.000 -888888.000
 20260516063000
   -31.5194  -68.9851 
  CARACOLES                                  SURFACE                                    
  FM-12 SYNOP       CARACOLES              942  F     F         1
 -888888.000 -888888.000 -888888.000 -888888.000     942.000       0.000     285.250       0.000      -0.167     129.000       0.006     129.000      67.000       0.000   90340.000       0.000 -888888.000 -888888.000
 20260516070000
   -31.6500  -68.5833 
  INTA_POCITO                                SURFACE                                    
  FM-12 SYNOP       INTA_POCITO            615  F     F         1
 -888888.000 -888888.000 -888888.000 -888888.000     615.000       0.000     286.550       0.000      -0.079     129.000       0.295     129.000      68.000       0.000   94110.000       0.000 -888888.000 -888888.000
 20260516070000
   -31.6500  -68.3000 
  ECOHUMUS                                   SURFACE                                    
  FM-12 SYNOP       ECOHUMUS               600  F     F         1
 -888888.000 -888888.000 -888888.000 -888888.000     600.000       0.000     284.450       0.000      -0.139     129.000       0.990     129.000      77.000       0.000   94950.000       0.000 -888888.000 -888888.000
 20260516070000
   -31.5192  -68.8178 
  PUNTA_NEGRA                                SURFACE                                    
  FM-12 SYNOP       PUNTA_NEGRA            800  F     F         1
 -888888.000 -888888.000 -888888.000 -888888.000     800.000       0.000     284.950       0.000      -0.022     129.000       0.017     129.000      70.000       0.000   91700.000       0.000 -888888.000 -888888.000
 20260516070000
   -30.6335  -67.4682 
  VALLE_FERTIL                               SURFACE                                    
  FM-12 SYNOP       VALLE_FERTIL           900  F     F         1
 -888888.000 -888888.000 -888888.000 -888888.000     900.000       0.000     279.950       0.000       0.885     129.000      -0.717     129.000      91.000       0.000   91380.000       0.000 -888888.000 -888888.000
 20260516070000
   -30.1833  -69.0667 
  CUESTA_Viento                              SURFACE                                    
  FM-12 SYNOP       CUESTA_Viento         1530  F     F         1
 -888888.000 -888888.000 -888888.000 -888888.000    1530.000       0.000     282.150       0.000       1.655     129.000       4.806     129.000      69.000       0.000   84890.000       0.000 -888888.000 -888888.000
 20260516070000
   -31.5194  -68.9851 
  CARACOLES                                  SURFACE                                    
  FM-12 SYNOP       CARACOLES              942  F     F         1
 -888888.000 -888888.000 -888888.000 -888888.000     942.000       0.000     285.750       0.000      -0.191     129.000       0.037     129.000      66.000       0.000   90370.000       0.000 -888888.000 -888888.000
 20260516073000
   -31.6500  -68.5833 
  INTA_POCITO                                SURFACE                                    
  FM-12 SYNOP       INTA_POCITO            615  F     F         1
 -888888.000 -888888.000 -888888.000 -888888.000     615.000       0.000     286.650       0.000      -0.212     129.000       1.091     129.000      66.000       0.000   94180.000       0.000 -888888.000 -888888.000
 20260516073000
   -31.6500  -68.3000 
  ECOHUMUS                                   SURFACE                                    
  FM-12 SYNOP       ECOHUMUS               600  F     F         1
 -888888.000 -888888.000 -888888.000 -888888.000     600.000       0.000     284.450       0.000      -0.314     129.000       1.095     129.000      78.000       0.000   95010.000       0.000 -888888.000 -888888.000
 20260516073000
   -31.5192  -68.8178 
  PUNTA_NEGRA                                SURFACE                                    
  FM-12 SYNOP       PUNTA_NEGRA            800  F     F         1
 -888888.000 -888888.000 -888888.000 -888888.000     800.000       0.000     284.850       0.000      -0.292     129.000       0.335     129.000      72.000       0.000   91770.000       0.000 -888888.000 -888888.000
 20260516073000
   -30.6335  -67.4682 
  VALLE_FERTIL                               SURFACE                                    
  FM-12 SYNOP       VALLE_FERTIL           900  F     F         1
 -888888.000 -888888.000 -888888.000 -888888.000     900.000       0.000     280.750       0.000       0.139     129.000      -0.990     129.000      90.000       0.000   91410.000       0.000 -888888.000 -888888.000
 20260516073000
   -30.1833  -69.0667 
  CUESTA_Viento                              SURFACE                                    
  FM-12 SYNOP       CUESTA_Viento         1530  F     F         1
 -888888.000 -888888.000 -888888.000 -888888.000    1530.000       0.000     282.250       0.000      -0.360     129.000       5.154     129.000      71.000       0.000   84900.000       0.000 -888888.000 -888888.000
 20260516073000
   -31.5194  -68.9851 
  CARACOLES                                  SURFACE                                    
  FM-12 SYNOP       CARACOLES              942  F     F         1
 -888888.000 -888888.000 -888888.000 -888888.000     942.000       0.000     285.750       0.000      -0.244     129.000       0.227     129.000      67.000       0.000   90420.000       0.000 -888888.000 -888888.000
 20260516080000
   -31.6500  -68.5833 
  INTA_POCITO                                SURFACE                                    
  FM-12 SYNOP       INTA_POCITO            615  F     F         1
 -888888.000 -888888.000 -888888.000 -888888.000     615.000       0.000     285.850       0.000      -0.492     129.000       2.790     129.000      71.000       0.000   94290.000       0.000 -888888.000 -888888.000
 20260516080000
   -31.6500  -68.3000 
  ECOHUMUS                                   SURFACE                                    
  FM-12 SYNOP       ECOHUMUS               600  F     F         1
 -888888.000 -888888.000 -888888.000 -888888.000     600.000       0.000     284.550       0.000      -0.375     129.000       1.308     129.000      79.000       0.000   95080.000       0.000 -888888.000 -888888.000
 20260516080000
   -31.5192  -68.8178 
  PUNTA_NEGRA                                SURFACE                                    
  FM-12 SYNOP       PUNTA_NEGRA            800  F     F         1
 -888888.000 -888888.000 -888888.000 -888888.000     800.000       0.000     284.750       0.000      -0.888     129.000       0.047     129.000      72.000       0.000   91820.000       0.000 -888888.000 -888888.000
 20260516080000
   -30.6335  -67.4682 
  VALLE_FERTIL                               SURFACE                                    
  FM-12 SYNOP       VALLE_FERTIL           900  F     F         1
 -888888.000 -888888.000 -888888.000 -888888.000     900.000       0.000     281.350       0.000      -0.823     129.000      -1.221     129.000      88.000       0.000   91430.000       0.000 -888888.000 -888888.000
 20260516080000
   -30.1833  -69.0667 
  CUESTA_Viento                              SURFACE                                    
  FM-12 SYNOP       CUESTA_Viento         1530  F     F         1
 -888888.000 -888888.000 -888888.000 -888888.000    1530.000       0.000     282.350       0.000       0.249     129.000       4.743     129.000      70.000       0.000   84960.000       0.000 -888888.000 -888888.000
 20260516080000
   -31.5194  -68.9851 
  CARACOLES                                  SURFACE                                    
  FM-12 SYNOP       CARACOLES              942  F     F         1
 -888888.000 -888888.000 -888888.000 -888888.000     942.000       0.000     285.650       0.000      -0.526     129.000      -0.046     129.000      67.000       0.000   90460.000       0.000 -888888.000 -888888.000
 20260516083000
   -31.6500  -68.5833 
  INTA_POCITO                                SURFACE                                    
  FM-12 SYNOP       INTA_POCITO            615  F     F         1
 -888888.000 -888888.000 -888888.000 -888888.000     615.000       0.000     283.350       0.000       0.786     129.000       2.049     129.000      77.000       0.000   94410.000       0.000 -888888.000 -888888.000
 20260516083000
   -31.6500  -68.3000 
  ECOHUMUS                                   SURFACE                                    
  FM-12 SYNOP       ECOHUMUS               600  F     F         1
 -888888.000 -888888.000 -888888.000 -888888.000     600.000       0.000     284.150       0.000       0.824     129.000       2.536     129.000      85.000       0.000   95180.000       0.000 -888888.000 -888888.000
 20260516083000
   -31.5192  -68.8178 
  PUNTA_NEGRA                                SURFACE                                    
  FM-12 SYNOP       PUNTA_NEGRA            800  F     F         1
 -888888.000 -888888.000 -888888.000 -888888.000     800.000       0.000     285.150       0.000      -1.250     129.000       0.022     129.000      68.000       0.000   91880.000       0.000 -888888.000 -888888.000
 20260516083000
   -30.6335  -67.4682 
  VALLE_FERTIL                               SURFACE                                    
  FM-12 SYNOP       VALLE_FERTIL           900  F     F         1
 -888888.000 -888888.000 -888888.000 -888888.000     900.000       0.000     281.850       0.000      -0.129     129.000       0.396     129.000      83.000       0.000   91490.000       0.000 -888888.000 -888888.000
 20260516083000
   -30.1833  -69.0667 
  CUESTA_Viento                              SURFACE                                    
  FM-12 SYNOP       CUESTA_Viento         1530  F     F         1
 -888888.000 -888888.000 -888888.000 -888888.000    1530.000       0.000     282.450       0.000       2.203     129.000       4.948     129.000      69.000       0.000   85020.000       0.000 -888888.000 -888888.000
 20260516083000
   -31.5194  -68.9851 
  CARACOLES                                  SURFACE                                    
  FM-12 SYNOP       CARACOLES              942  F     F         1
 -888888.000 -888888.000 -888888.000 -888888.000     942.000       0.000     285.250       0.000      -1.368     129.000       0.241     129.000      69.000       0.000   90520.000       0.000 -888888.000 -888888.000
 20260516090000
   -31.6500  -68.5833 
  INTA_POCITO                                SURFACE                                    
  FM-12 SYNOP       INTA_POCITO            615  F     F         1
 -888888.000 -888888.000 -888888.000 -888888.000     615.000       0.000     283.050       0.000       0.263     129.000       1.871     129.000      75.000       0.000   94490.000       0.000 -888888.000 -888888.000
 20260516090000
   -31.6500  -68.3000 
  ECOHUMUS                                   SURFACE                                    
  FM-12 SYNOP       ECOHUMUS               600  F     F         1
 -888888.000 -888888.000 -888888.000 -888888.000     600.000       0.000     281.850       0.000       2.028     129.000       3.512     129.000      92.000       0.000   95280.000       0.000 -888888.000 -888888.000
 20260516090000
   -31.5192  -68.8178 
  PUNTA_NEGRA                                SURFACE                                    
  FM-12 SYNOP       PUNTA_NEGRA            800  F     F         1
 -888888.000 -888888.000 -888888.000 -888888.000     800.000       0.000     284.650       0.000       0.182     129.000       2.605     129.000      63.000       0.000   91970.000       0.000 -888888.000 -888888.000
 20260516090000
   -30.6335  -67.4682 
  VALLE_FERTIL                               SURFACE                                    
  FM-12 SYNOP       VALLE_FERTIL           900  F     F         1
 -888888.000 -888888.000 -888888.000 -888888.000     900.000       0.000     282.250       0.000      -0.077     129.000       0.438     129.000      83.000       0.000   91540.000       0.000 -888888.000 -888888.000
 20260516090000
   -30.1833  -69.0667 
  CUESTA_Viento                              SURFACE                                    
  FM-12 SYNOP       CUESTA_Viento         1530  F     F         1
 -888888.000 -888888.000 -888888.000 -888888.000    1530.000       0.000     282.550       0.000       3.200     129.000       4.744     129.000      68.000       0.000   85030.000       0.000 -888888.000 -888888.000
 20260516090000
   -31.5194  -68.9851 
  CARACOLES                                  SURFACE                                    
  FM-12 SYNOP       CARACOLES              942  F     F         1
 -888888.000 -888888.000 -888888.000 -888888.000     942.000       0.000     285.250       0.000      -1.494     129.000       0.318     129.000      65.000       0.000   90560.000       0.000 -888888.000 -888888.000
 20260516093000
   -31.6500  -68.5833 
  INTA_POCITO                                SURFACE                                    
  FM-12 SYNOP       INTA_POCITO            615  F     F         1
 -888888.000 -888888.000 -888888.000 -888888.000     615.000       0.000     283.750       0.000       0.278     129.000       1.756     129.000      70.000       0.000   94550.000       0.000 -888888.000 -888888.000
 20260516093000
   -31.6500  -68.3000 
  ECOHUMUS                                   SURFACE                                    
  FM-12 SYNOP       ECOHUMUS               600  F     F         1
 -888888.000 -888888.000 -888888.000 -888888.000     600.000       0.000     281.350       0.000       1.803     129.000       3.539     129.000      94.000       0.000   95370.000       0.000 -888888.000 -888888.000
 20260516093000
   -31.5192  -68.8178 
  PUNTA_NEGRA                                SURFACE                                    
  FM-12 SYNOP       PUNTA_NEGRA            800  F     F         1
 -888888.000 -888888.000 -888888.000 -888888.000     800.000       0.000     283.550       0.000      -0.898     129.000       0.292     129.000      64.000       0.000   92050.000       0.000 -888888.000 -888888.000
 20260516093000
   -30.6335  -67.4682 
  VALLE_FERTIL                               SURFACE                                    
  FM-12 SYNOP       VALLE_FERTIL           900  F     F         1
 -888888.000 -888888.000 -888888.000 -888888.000     900.000       0.000     282.750       0.000      -0.095     129.000       0.772     129.000      81.000       0.000   91600.000       0.000 -888888.000 -888888.000
 20260516093000
   -30.1833  -69.0667 
  CUESTA_Viento                              SURFACE                                    
  FM-12 SYNOP       CUESTA_Viento         1530  F     F         1
 -888888.000 -888888.000 -888888.000 -888888.000    1530.000       0.000     282.650       0.000       2.944     129.000       5.100     129.000      67.000       0.000   85060.000       0.000 -888888.000 -888888.000
 20260516093000
   -31.5194  -68.9851 
  CARACOLES                                  SURFACE                                    
  FM-12 SYNOP       CARACOLES              942  F     F         1
 -888888.000 -888888.000 -888888.000 -888888.000     942.000       0.000     284.850       0.000      -1.250     129.000       0.022     129.000      60.000       0.000   90640.000       0.000 -888888.000 -888888.000
 20260516100000
   -31.6500  -68.5833 
  INTA_POCITO                                SURFACE                                    
  FM-12 SYNOP       INTA_POCITO            615  F     F         1
 -888888.000 -888888.000 -888888.000 -888888.000     615.000       0.000     283.550       0.000      -0.068     129.000       1.943     129.000      71.000       0.000   94610.000       0.000 -888888.000 -888888.000
 20260516100000
   -31.6500  -68.3000 
  ECOHUMUS                                   SURFACE                                    
  FM-12 SYNOP       ECOHUMUS               600  F     F         1
 -888888.000 -888888.000 -888888.000 -888888.000     600.000       0.000     281.550       0.000       1.140     129.000       3.132     129.000      94.000       0.000   95430.000       0.000 -888888.000 -888888.000
 20260516100000
   -31.5192  -68.8178 
  PUNTA_NEGRA                                SURFACE                                    
  FM-12 SYNOP       PUNTA_NEGRA            800  F     F         1
 -888888.000 -888888.000 -888888.000 -888888.000     800.000       0.000     283.550       0.000      -0.547     129.000       0.629     129.000      61.000       0.000   92120.000       0.000 -888888.000 -888888.000
 20260516100000
   -30.6335  -67.4682 
  VALLE_FERTIL                               SURFACE                                    
  FM-12 SYNOP       VALLE_FERTIL           900  F     F         1
 -888888.000 -888888.000 -888888.000 -888888.000     900.000       0.000     283.050       0.000      -0.161     129.000       0.647     129.000      79.000       0.000   91630.000       0.000 -888888.000 -888888.000
 20260516100000
   -30.1833  -69.0667 
  CUESTA_Viento                              SURFACE                                    
  FM-12 SYNOP       CUESTA_Viento         1530  F     F         1
 -888888.000 -888888.000 -888888.000 -888888.000    1530.000       0.000     282.750       0.000       2.822     129.000       6.648     129.000      68.000       0.000   85110.000       0.000 -888888.000 -888888.000
 20260516100000
   -31.5194  -68.9851 
  CARACOLES                                  SURFACE                                    
  FM-12 SYNOP       CARACOLES              942  F     F         1
 -888888.000 -888888.000 -888888.000 -888888.000     942.000       0.000     284.150       0.000      -0.966     129.000      -0.352     129.000      59.000       0.000   90720.000       0.000 -888888.000 -888888.000
 20260516103000
   -31.6500  -68.5833 
  INTA_POCITO                                SURFACE                                    
  FM-12 SYNOP       INTA_POCITO            615  F     F         1
 -888888.000 -888888.000 -888888.000 -888888.000     615.000       0.000     283.350       0.000       0.278     129.000       2.261     129.000      72.000       0.000   94660.000       0.000 -888888.000 -888888.000
 20260516103000
   -31.6500  -68.3000 
  ECOHUMUS                                   SURFACE                                    
  FM-12 SYNOP       ECOHUMUS               600  F     F         1
 -888888.000 -888888.000 -888888.000 -888888.000     600.000       0.000     282.250       0.000       1.224     129.000       3.190     129.000      92.000       0.000   95470.000       0.000 -888888.000 -888888.000
 20260516103000
   -31.5192  -68.8178 
  PUNTA_NEGRA                                SURFACE                                    
  FM-12 SYNOP       PUNTA_NEGRA            800  F     F         1
 -888888.000 -888888.000 -888888.000 -888888.000     800.000       0.000     283.250       0.000      -1.131     129.000       0.653     129.000      62.000       0.000   92170.000       0.000 -888888.000 -888888.000
 20260516103000
   -30.6335  -67.4682 
  VALLE_FERTIL                               SURFACE                                    
  FM-12 SYNOP       VALLE_FERTIL           900  F     F         1
 -888888.000 -888888.000 -888888.000 -888888.000     900.000       0.000     283.650       0.000      -0.449     129.000       0.327     129.000      80.000       0.000   91690.000       0.000 -888888.000 -888888.000
 20260516103000
   -30.1833  -69.0667 
  CUESTA_Viento                              SURFACE                                    
  FM-12 SYNOP       CUESTA_Viento         1530  F     F         1
 -888888.000 -888888.000 -888888.000 -888888.000    1530.000       0.000     282.750       0.000       3.597     129.000       6.231     129.000      69.000       0.000   85150.000       0.000 -888888.000 -888888.000
 20260516103000
   -31.5194  -68.9851 
  CARACOLES                                  SURFACE                                    
  FM-12 SYNOP       CARACOLES              942  F     F         1
 -888888.000 -888888.000 -888888.000 -888888.000     942.000       0.000     283.550       0.000      -1.248     129.000      -0.975     129.000      60.000       0.000   90780.000       0.000 -888888.000 -888888.000
 20260516110000
   -31.6500  -68.5833 
  INTA_POCITO                                SURFACE                                    
  FM-12 SYNOP       INTA_POCITO            615  F     F         1
 -888888.000 -888888.000 -888888.000 -888888.000     615.000       0.000     283.050       0.000       0.150     129.000       1.716     129.000      72.000       0.000   94720.000       0.000 -888888.000 -888888.000
 20260516110000
   -31.6500  -68.3000 
  ECOHUMUS                                   SURFACE                                    
  FM-12 SYNOP       ECOHUMUS               600  F     F         1
 -888888.000 -888888.000 -888888.000 -888888.000     600.000       0.000     282.450       0.000       1.800     129.000       3.385     129.000      90.000       0.000   95510.000       0.000 -888888.000 -888888.000
 20260516110000
   -31.5192  -68.8178 
  PUNTA_NEGRA                                SURFACE                                    
  FM-12 SYNOP       PUNTA_NEGRA            800  F     F         1
 -888888.000 -888888.000 -888888.000 -888888.000     800.000       0.000     282.850       0.000      -1.551     129.000       1.127     129.000      63.000       0.000   92220.000       0.000 -888888.000 -888888.000
 20260516110000
   -30.1833  -69.0667 
  CUESTA_Viento                              SURFACE                                    
  FM-12 SYNOP       CUESTA_Viento         1530  F     F         1
 -888888.000 -888888.000 -888888.000 -888888.000    1530.000       0.000     282.750       0.000       3.757     129.000       6.778     129.000      66.000       0.000   85160.000       0.000 -888888.000 -888888.000
 20260516110000
   -31.5194  -68.9851 
  CARACOLES                                  SURFACE                                    
  FM-12 SYNOP       CARACOLES              942  F     F         1
 -888888.000 -888888.000 -888888.000 -888888.000     942.000       0.000     283.350       0.000      -1.089     129.000      -0.333     129.000      60.000       0.000   90820.000       0.000 -888888.000 -888888.000
 20260516113000
   -31.6500  -68.5833 
  INTA_POCITO                                SURFACE                                    
  FM-12 SYNOP       INTA_POCITO            615  F     F         1
 -888888.000 -888888.000 -888888.000 -888888.000     615.000       0.000     282.450       0.000       0.286     129.000       2.036     129.000      76.000       0.000   94760.000       0.000 -888888.000 -888888.000
 20260516113000
   -31.6500  -68.3000 
  ECOHUMUS                                   SURFACE                                    
  FM-12 SYNOP       ECOHUMUS               600  F     F         1
 -888888.000 -888888.000 -888888.000 -888888.000     600.000       0.000     281.750       0.000       1.872     129.000       3.377     129.000      91.000       0.000   95560.000       0.000 -888888.000 -888888.000
 20260516113000
   -31.5192  -68.8178 
  PUNTA_NEGRA                                SURFACE                                    
  FM-12 SYNOP       PUNTA_NEGRA            800  F     F         1
 -888888.000 -888888.000 -888888.000 -888888.000     800.000       0.000     282.650       0.000      -0.972     129.000       1.684     129.000      62.000       0.000   92290.000       0.000 -888888.000 -888888.000
 20260516113000
   -30.6335  -67.4682 
  VALLE_FERTIL                               SURFACE                                    
  FM-12 SYNOP       VALLE_FERTIL           900  F     F         1
 -888888.000 -888888.000 -888888.000 -888888.000     900.000       0.000     284.450       0.000      -0.458     129.000       0.794     129.000      78.000       0.000   91760.000       0.000 -888888.000 -888888.000
 20260516113000
   -30.1833  -69.0667 
  CUESTA_Viento                              SURFACE                                    
  FM-12 SYNOP       CUESTA_Viento         1530  F     F         1
 -888888.000 -888888.000 -888888.000 -888888.000    1530.000       0.000     282.550       0.000       1.490     129.000       7.010     129.000      66.000       0.000   85150.000       0.000 -888888.000 -888888.000
 20260516113000
   -31.5194  -68.9851 
  CARACOLES                                  SURFACE                                    
  FM-12 SYNOP       CARACOLES              942  F     F         1
 -888888.000 -888888.000 -888888.000 -888888.000     942.000       0.000     283.050       0.000      -1.213     129.000      -0.149     129.000      62.000       0.000   90870.000       0.000 -888888.000 -888888.000
 20260516120000
   -31.6500  -68.5833 
  INTA_POCITO                                SURFACE                                    
  FM-12 SYNOP       INTA_POCITO            615  F     F         1
 -888888.000 -888888.000 -888888.000 -888888.000     615.000       0.000     281.550       0.000      -0.544     129.000       2.183     129.000      83.000       0.000   94790.000       0.000 -888888.000 -888888.000
 20260516120000
   -31.6500  -68.3000 
  ECOHUMUS                                   SURFACE                                    
  FM-12 SYNOP       ECOHUMUS               600  F     F         1
 -888888.000 -888888.000 -888888.000 -888888.000     600.000       0.000     281.350       0.000       1.818     129.000       3.280     129.000      92.000       0.000   95570.000       0.000 -888888.000 -888888.000
 20260516120000
   -31.5192  -68.8178 
  PUNTA_NEGRA                                SURFACE                                    
  FM-12 SYNOP       PUNTA_NEGRA            800  F     F         1
 -888888.000 -888888.000 -888888.000 -888888.000     800.000       0.000     282.450       0.000      -1.129     129.000       1.445     129.000      64.000       0.000   92290.000       0.000 -888888.000 -888888.000
 20260516120000
   -30.6335  -67.4682 
  VALLE_FERTIL                               SURFACE                                    
  FM-12 SYNOP       VALLE_FERTIL           900  F     F         1
 -888888.000 -888888.000 -888888.000 -888888.000     900.000       0.000     283.550       0.000      -1.637     129.000       0.439     129.000      84.000       0.000   91780.000       0.000 -888888.000 -888888.000
 20260516120000
   -30.1833  -69.0667 
  CUESTA_Viento                              SURFACE                                    
  FM-12 SYNOP       CUESTA_Viento         1530  F     F         1
 -888888.000 -888888.000 -888888.000 -888888.000    1530.000       0.000     281.550       0.000       2.510     129.000       8.208     129.000      73.000       0.000   85190.000       0.000 -888888.000 -888888.000
 20260516120000
   -31.5194  -68.9851 
  CARACOLES                                  SURFACE                                    
  FM-12 SYNOP       CARACOLES              942  F     F         1
 -888888.000 -888888.000 -888888.000 -888888.000     942.000       0.000     282.250       0.000      -0.914     129.000      -0.852     129.000      67.000       0.000   90890.000       0.000 -888888.000 -888888.000
 20260516123000
   -31.6500  -68.5833 
  INTA_POCITO                                SURFACE                                    
  FM-12 SYNOP       INTA_POCITO            615  F     F         1
 -888888.000 -888888.000 -888888.000 -888888.000     615.000       0.000     280.950       0.000      -0.089     129.000       1.692     129.000      88.000       0.000   94820.000       0.000 -888888.000 -888888.000
 20260516123000
   -31.6500  -68.3000 
  ECOHUMUS                                   SURFACE                                    
  FM-12 SYNOP       ECOHUMUS               600  F     F         1
 -888888.000 -888888.000 -888888.000 -888888.000     600.000       0.000     281.250       0.000       1.791     129.000       3.231     129.000      93.000       0.000   95590.000       0.000 -888888.000 -888888.000
 20260516123000
   -31.5192  -68.8178 
  PUNTA_NEGRA                                SURFACE                                    
  FM-12 SYNOP       PUNTA_NEGRA            800  F     F         1
 -888888.000 -888888.000 -888888.000 -888888.000     800.000       0.000     282.250       0.000      -1.446     129.000       1.724     129.000      64.000       0.000   92290.000       0.000 -888888.000 -888888.000
 20260516123000
   -30.6335  -67.4682 
  VALLE_FERTIL                               SURFACE                                    
  FM-12 SYNOP       VALLE_FERTIL           900  F     F         1
 -888888.000 -888888.000 -888888.000 -888888.000     900.000       0.000     283.250       0.000      -0.440     129.000       0.425     129.000      84.000       0.000   91770.000       0.000 -888888.000 -888888.000
 20260516123000
   -30.1833  -69.0667 
  CUESTA_Viento                              SURFACE                                    
  FM-12 SYNOP       CUESTA_Viento         1530  F     F         1
 -888888.000 -888888.000 -888888.000 -888888.000    1530.000       0.000     280.850       0.000       3.017     129.000       6.470     129.000      74.000       0.000   85200.000       0.000 -888888.000 -888888.000
 20260516123000
   -31.5194  -68.9851 
  CARACOLES                                  SURFACE                                    
  FM-12 SYNOP       CARACOLES              942  F     F         1
 -888888.000 -888888.000 -888888.000 -888888.000     942.000       0.000     281.250       0.000      -0.668     129.000      -0.340     129.000      77.000       0.000   90900.000       0.000 -888888.000 -888888.000
 20260516130000
   -31.6500  -68.5833 
  INTA_POCITO                                SURFACE                                    
  FM-12 SYNOP       INTA_POCITO            615  F     F         1
 -888888.000 -888888.000 -888888.000 -888888.000     615.000       0.000     280.650       0.000      -0.541     129.000       1.664     129.000      89.000       0.000   94820.000       0.000 -888888.000 -888888.000
 20260516130000
   -31.6500  -68.3000 
  ECOHUMUS                                   SURFACE                                    
  FM-12 SYNOP       ECOHUMUS               600  F     F         1
 -888888.000 -888888.000 -888888.000 -888888.000     600.000       0.000     280.850       0.000       1.498     129.000       3.529     129.000      93.000       0.000   95590.000       0.000 -888888.000 -888888.000
 20260516130000
   -31.5192  -68.8178 
  PUNTA_NEGRA                                SURFACE                                    
  FM-12 SYNOP       PUNTA_NEGRA            800  F     F         1
 -888888.000 -888888.000 -888888.000 -888888.000     800.000       0.000     282.050       0.000      -1.751     129.000       0.780     129.000      63.000       0.000   92270.000       0.000 -888888.000 -888888.000
 20260516130000
   -30.6335  -67.4682 
  VALLE_FERTIL                               SURFACE                                    
  FM-12 SYNOP       VALLE_FERTIL           900  F     F         1
 -888888.000 -888888.000 -888888.000 -888888.000     900.000       0.000     283.350       0.000      -0.109     129.000       0.023     129.000      84.000       0.000   91770.000       0.000 -888888.000 -888888.000
 20260516130000
   -30.1833  -69.0667 
  CUESTA_Viento                              SURFACE                                    
  FM-12 SYNOP       CUESTA_Viento         1530  F     F         1
 -888888.000 -888888.000 -888888.000 -888888.000    1530.000       0.000     280.550       0.000       4.000     129.000       7.216     129.000      72.000       0.000   85180.000       0.000 -888888.000 -888888.000
 20260516130000
   -31.5194  -68.9851 
  CARACOLES                                  SURFACE                                    
  FM-12 SYNOP       CARACOLES              942  F     F         1
 -888888.000 -888888.000 -888888.000 -888888.000     942.000       0.000     280.650       0.000      -0.942     129.000      -0.066     129.000      82.000       0.000   90910.000       0.000 -888888.000 -888888.000
 20260516133000
   -31.6500  -68.5833 
  INTA_POCITO                                SURFACE                                    
  FM-12 SYNOP       INTA_POCITO            615  F     F         1
 -888888.000 -888888.000 -888888.000 -888888.000     615.000       0.000     280.850       0.000      -0.145     129.000       2.078     129.000      88.000       0.000   94790.000       0.000 -888888.000 -888888.000
 20260516133000
   -31.6500  -68.3000 
  ECOHUMUS                                   SURFACE                                    
  FM-12 SYNOP       ECOHUMUS               600  F     F         1
 -888888.000 -888888.000 -888888.000 -888888.000     600.000       0.000     280.650       0.000       1.826     129.000       3.434     129.000      94.000       0.000   95580.000       0.000 -888888.000 -888888.000
 20260516133000
   -31.5192  -68.8178 
  PUNTA_NEGRA                                SURFACE                                    
  FM-12 SYNOP       PUNTA_NEGRA            800  F     F         1
 -888888.000 -888888.000 -888888.000 -888888.000     800.000       0.000     282.150       0.000      -0.952     129.000       0.572     129.000      63.000       0.000   92250.000       0.000 -888888.000 -888888.000
 20260516133000
   -30.6335  -67.4682 
  VALLE_FERTIL                               SURFACE                                    
  FM-12 SYNOP       VALLE_FERTIL           900  F     F         1
 -888888.000 -888888.000 -888888.000 -888888.000     900.000       0.000     283.450       0.000      -0.234     129.000      -0.311     129.000      83.000       0.000   91760.000       0.000 -888888.000 -888888.000
 20260516133000
   -30.1833  -69.0667 
  CUESTA_Viento                              SURFACE                                    
  FM-12 SYNOP       CUESTA_Viento         1530  F     F         1
 -888888.000 -888888.000 -888888.000 -888888.000    1530.000       0.000     280.150       0.000       3.690     129.000       7.565     129.000      70.000       0.000   85170.000       0.000 -888888.000 -888888.000
 20260516133000
   -31.5194  -68.9851 
  CARACOLES                                  SURFACE                                    
  FM-12 SYNOP       CARACOLES              942  F     F         1
 -888888.000 -888888.000 -888888.000 -888888.000     942.000       0.000     280.850       0.000      -0.868     129.000      -0.899     129.000      78.000       0.000   90880.000       0.000 -888888.000 -888888.000
 20260516140000
   -31.6500  -68.5833 
  INTA_POCITO                                SURFACE                                    
  FM-12 SYNOP       INTA_POCITO            615  F     F         1
 -888888.000 -888888.000 -888888.000 -888888.000     615.000       0.000     280.550       0.000      -0.381     129.000       2.161     129.000      89.000       0.000   94780.000       0.000 -888888.000 -888888.000
 20260516140000
   -31.6500  -68.3000 
  ECOHUMUS                                   SURFACE                                    
  FM-12 SYNOP       ECOHUMUS               600  F     F         1
 -888888.000 -888888.000 -888888.000 -888888.000     600.000       0.000     280.250       0.000       1.813     129.000       4.270     129.000      94.000       0.000   95550.000       0.000 -888888.000 -888888.000
 20260516140000
   -31.5192  -68.8178 
  PUNTA_NEGRA                                SURFACE                                    
  FM-12 SYNOP       PUNTA_NEGRA            800  F     F         1
 -888888.000 -888888.000 -888888.000 -888888.000     800.000       0.000     282.350       0.000      -0.856     129.000       0.329     129.000      63.000       0.000   92240.000       0.000 -888888.000 -888888.000
 20260516140000
   -30.6335  -67.4682 
  VALLE_FERTIL                               SURFACE                                    
  FM-12 SYNOP       VALLE_FERTIL           900  F     F         1
 -888888.000 -888888.000 -888888.000 -888888.000     900.000       0.000     283.350       0.000      -1.522     129.000      -0.133     129.000      74.000       0.000   91770.000       0.000 -888888.000 -888888.000
 20260516140000
   -30.1833  -69.0667 
  CUESTA_Viento                              SURFACE                                    
  FM-12 SYNOP       CUESTA_Viento         1530  F     F         1
 -888888.000 -888888.000 -888888.000 -888888.000    1530.000       0.000     279.550       0.000       4.173     129.000       7.848     129.000      71.000       0.000   85160.000       0.000 -888888.000 -888888.000
 20260516140000
   -31.5194  -68.9851 
  CARACOLES                                  SURFACE                                    
  FM-12 SYNOP       CARACOLES              942  F     F         1
 -888888.000 -888888.000 -888888.000 -888888.000     942.000       0.000     281.650       0.000      -0.760     129.000      -0.404     129.000      69.000       0.000   90850.000       0.000 -888888.000 -888888.000
 20260516143000
   -31.6500  -68.5833 
  INTA_POCITO                                SURFACE                                    
  FM-12 SYNOP       INTA_POCITO            615  F     F         1
 -888888.000 -888888.000 -888888.000 -888888.000     615.000       0.000     280.350       0.000      -0.279     129.000       2.652     129.000      85.000       0.000   94750.000       0.000 -888888.000 -888888.000
 20260516143000
   -31.6500  -68.3000 
  ECOHUMUS                                   SURFACE                                    
  FM-12 SYNOP       ECOHUMUS               600  F     F         1
 -888888.000 -888888.000 -888888.000 -888888.000     600.000       0.000     279.950       0.000       2.178     129.000       4.096     129.000      92.000       0.000   95550.000       0.000 -888888.000 -888888.000
 20260516143000
   -31.5192  -68.8178 
  PUNTA_NEGRA                                SURFACE                                    
  FM-12 SYNOP       PUNTA_NEGRA            800  F     F         1
 -888888.000 -888888.000 -888888.000 -888888.000     800.000       0.000     282.250       0.000      -0.891     129.000       0.454     129.000      62.000       0.000   92210.000       0.000 -888888.000 -888888.000
 20260516143000
   -30.6335  -67.4682 
  VALLE_FERTIL                               SURFACE                                    
  FM-12 SYNOP       VALLE_FERTIL           900  F     F         1
 -888888.000 -888888.000 -888888.000 -888888.000     900.000       0.000     282.650       0.000      -2.047     129.000       0.999     129.000      74.000       0.000   91780.000       0.000 -888888.000 -888888.000
 20260516143000
   -30.1833  -69.0667 
  CUESTA_Viento                              SURFACE                                    
  FM-12 SYNOP       CUESTA_Viento         1530  F     F         1
 -888888.000 -888888.000 -888888.000 -888888.000    1530.000       0.000     279.150       0.000       4.748     129.000       6.300     129.000      70.000       0.000   85150.000       0.000 -888888.000 -888888.000
 20260516143000
   -31.5194  -68.9851 
  CARACOLES                                  SURFACE                                    
  FM-12 SYNOP       CARACOLES              942  F     F         1
 -888888.000 -888888.000 -888888.000 -888888.000     942.000       0.000     281.850       0.000      -1.100     129.000       0.295     129.000      67.000       0.000   90830.000       0.000 -888888.000 -888888.000
 20260516150000
   -31.6500  -68.5833 
  INTA_POCITO                                SURFACE                                    
  FM-12 SYNOP       INTA_POCITO            615  F     F         1
 -888888.000 -888888.000 -888888.000 -888888.000     615.000       0.000     280.450       0.000      -0.506     129.000       1.559     129.000      84.000       0.000   94740.000       0.000 -888888.000 -888888.000
 20260516150000
   -31.6500  -68.3000 
  ECOHUMUS                                   SURFACE                                    
  FM-12 SYNOP       ECOHUMUS               600  F     F         1
 -888888.000 -888888.000 -888888.000 -888888.000     600.000       0.000     279.750       0.000       1.672     129.000       3.756     129.000      91.000       0.000   95560.000       0.000 -888888.000 -888888.000
 20260516150000
   -31.5192  -68.8178 
  PUNTA_NEGRA                                SURFACE                                    
  FM-12 SYNOP       PUNTA_NEGRA            800  F     F         1
 -888888.000 -888888.000 -888888.000 -888888.000     800.000       0.000     282.250       0.000      -0.500     129.000       0.801     129.000      61.000       0.000   92200.000       0.000 -888888.000 -888888.000
 20260516150000
   -30.6335  -67.4682 
  VALLE_FERTIL                               SURFACE                                    
  FM-12 SYNOP       VALLE_FERTIL           900  F     F         1
 -888888.000 -888888.000 -888888.000 -888888.000     900.000       0.000     281.750       0.000      -2.153     129.000       1.097     129.000      79.000       0.000   91800.000       0.000 -888888.000 -888888.000
 20260516150000
   -30.1833  -69.0667 
  CUESTA_Viento                              SURFACE                                    
  FM-12 SYNOP       CUESTA_Viento         1530  F     F         1
 -888888.000 -888888.000 -888888.000 -888888.000    1530.000       0.000     279.150       0.000       3.322     129.000       7.461     129.000      68.000       0.000   85150.000       0.000 -888888.000 -888888.000
 20260516150000
   -31.5194  -68.9851 
  CARACOLES                                  SURFACE                                    
  FM-12 SYNOP       CARACOLES              942  F     F         1
 -888888.000 -888888.000 -888888.000 -888888.000     942.000       0.000     281.750       0.000      -0.836     129.000       0.208     129.000      67.000       0.000   90830.000       0.000 -888888.000 -888888.000
 20260516153000
   -31.6500  -68.5833 
  INTA_POCITO                                SURFACE                                    
  FM-12 SYNOP       INTA_POCITO            615  F     F         1
 -888888.000 -888888.000 -888888.000 -888888.000     615.000       0.000     280.450       0.000      -0.769     129.000       2.232     129.000      81.000       0.000   94750.000       0.000 -888888.000 -888888.000
 20260516153000
   -31.6500  -68.3000 
  ECOHUMUS                                   SURFACE                                    
  FM-12 SYNOP       ECOHUMUS               600  F     F         1
 -888888.000 -888888.000 -888888.000 -888888.000     600.000       0.000     279.550       0.000       1.394     129.000       3.631     129.000      91.000       0.000   95570.000       0.000 -888888.000 -888888.000
 20260516153000
   -31.5192  -68.8178 
  PUNTA_NEGRA                                SURFACE                                    
  FM-12 SYNOP       PUNTA_NEGRA            800  F     F         1
 -888888.000 -888888.000 -888888.000 -888888.000     800.000       0.000     281.750       0.000      -0.535     129.000       0.710     129.000      63.000       0.000   92220.000       0.000 -888888.000 -888888.000
 20260516153000
   -30.6335  -67.4682 
  VALLE_FERTIL                               SURFACE                                    
  FM-12 SYNOP       VALLE_FERTIL           900  F     F         1
 -888888.000 -888888.000 -888888.000 -888888.000     900.000       0.000     280.650       0.000      -1.947     129.000       0.950     129.000      83.000       0.000   91830.000       0.000 -888888.000 -888888.000
 20260516153000
   -30.1833  -69.0667 
  CUESTA_Viento                              SURFACE                                    
  FM-12 SYNOP       CUESTA_Viento         1530  F     F         1
 -888888.000 -888888.000 -888888.000 -888888.000    1530.000       0.000     278.850       0.000       3.518     129.000       5.630     129.000      68.000       0.000   85170.000       0.000 -888888.000 -888888.000
 20260516153000
   -31.5194  -68.9851 
  CARACOLES                                  SURFACE                                    
  FM-12 SYNOP       CARACOLES              942  F     F         1
 -888888.000 -888888.000 -888888.000 -888888.000     942.000       0.000     281.650       0.000      -0.982     129.000      -0.191     129.000      67.000       0.000   90840.000       0.000 -888888.000 -888888.000
 20260516160000
   -31.6500  -68.5833 
  INTA_POCITO                                SURFACE                                    
  FM-12 SYNOP       INTA_POCITO            615  F     F         1
 -888888.000 -888888.000 -888888.000 -888888.000     615.000       0.000     280.450       0.000      -0.742     129.000       2.154     129.000      80.000       0.000   94770.000       0.000 -888888.000 -888888.000
 20260516160000
   -31.6500  -68.3000 
  ECOHUMUS                                   SURFACE                                    
  FM-12 SYNOP       ECOHUMUS               600  F     F         1
 -888888.000 -888888.000 -888888.000 -888888.000     600.000       0.000     279.550       0.000       1.311     129.000       3.245     129.000      90.000       0.000   95600.000       0.000 -888888.000 -888888.000
 20260516160000
   -31.5192  -68.8178 
  PUNTA_NEGRA                                SURFACE                                    
  FM-12 SYNOP       PUNTA_NEGRA            800  F     F         1
 -888888.000 -888888.000 -888888.000 -888888.000     800.000       0.000     281.450       0.000      -0.764     129.000       0.688     129.000      63.000       0.000   92260.000       0.000 -888888.000 -888888.000
 20260516160000
   -30.6335  -67.4682 
  VALLE_FERTIL                               SURFACE                                    
  FM-12 SYNOP       VALLE_FERTIL           900  F     F         1
 -888888.000 -888888.000 -888888.000 -888888.000     900.000       0.000     280.350       0.000      -1.658     129.000       1.602     129.000      84.000       0.000   91860.000       0.000 -888888.000 -888888.000
 20260516160000
   -30.1833  -69.0667 
  CUESTA_Viento                              SURFACE                                    
  FM-12 SYNOP       CUESTA_Viento         1530  F     F         1
 -888888.000 -888888.000 -888888.000 -888888.000    1530.000       0.000     279.050       0.000       4.535     129.000       5.405     129.000      65.000       0.000   85210.000       0.000 -888888.000 -888888.000
 20260516160000
   -31.5194  -68.9851 
  CARACOLES                                  SURFACE                                    
  FM-12 SYNOP       CARACOLES              942  F     F         1
 -888888.000 -888888.000 -888888.000 -888888.000     942.000       0.000     281.450       0.000      -0.957     129.000      -0.169     129.000      67.000       0.000   90870.000       0.000 -888888.000 -888888.000
 20260516163000
   -31.6500  -68.5833 
  INTA_POCITO                                SURFACE                                    
  FM-12 SYNOP       INTA_POCITO            615  F     F         1
 -888888.000 -888888.000 -888888.000 -888888.000     615.000       0.000     280.550       0.000      -0.521     129.000       1.816     129.000      78.000       0.000   94800.000       0.000 -888888.000 -888888.000
 20260516163000
   -31.6500  -68.3000 
  ECOHUMUS                                   SURFACE                                    
  FM-12 SYNOP       ECOHUMUS               600  F     F         1
 -888888.000 -888888.000 -888888.000 -888888.000     600.000       0.000     279.650       0.000       1.133     129.000       3.487     129.000      89.000       0.000   95620.000       0.000 -888888.000 -888888.000
 20260516163000
   -31.5192  -68.8178 
  PUNTA_NEGRA                                SURFACE                                    
  FM-12 SYNOP       PUNTA_NEGRA            800  F     F         1
 -888888.000 -888888.000 -888888.000 -888888.000     800.000       0.000     281.150       0.000      -1.272     129.000       0.294     129.000      65.000       0.000   92300.000       0.000 -888888.000 -888888.000
 20260516163000
   -30.6335  -67.4682 
  VALLE_FERTIL                               SURFACE                                    
  FM-12 SYNOP       VALLE_FERTIL           900  F     F         1
 -888888.000 -888888.000 -888888.000 -888888.000     900.000       0.000     280.250       0.000      -1.138     129.000       0.889     129.000      85.000       0.000   91900.000       0.000 -888888.000 -888888.000
 20260516163000
   -30.1833  -69.0667 
  CUESTA_Viento                              SURFACE                                    
  FM-12 SYNOP       CUESTA_Viento         1530  F     F         1
 -888888.000 -888888.000 -888888.000 -888888.000    1530.000       0.000     278.850       0.000       3.459     129.000       5.536     129.000      66.000       0.000   85230.000       0.000 -888888.000 -888888.000
 20260516163000
   -31.5194  -68.9851 
  CARACOLES                                  SURFACE                                    
  FM-12 SYNOP       CARACOLES              942  F     F         1
 -888888.000 -888888.000 -888888.000 -888888.000     942.000       0.000     281.350       0.000      -1.182     129.000      -0.407     129.000      65.000       0.000   90900.000       0.000 -888888.000 -888888.000
 20260516170000
   -31.6500  -68.5833 
  INTA_POCITO                                SURFACE                                    
  FM-12 SYNOP       INTA_POCITO            615  F     F         1
 -888888.000 -888888.000 -888888.000 -888888.000     615.000       0.000     280.550       0.000      -0.498     129.000       1.736     129.000      78.000       0.000   94830.000       0.000 -888888.000 -888888.000
 20260516170000
   -31.6500  -68.3000 
  ECOHUMUS                                   SURFACE                                    
  FM-12 SYNOP       ECOHUMUS               600  F     F         1
 -888888.000 -888888.000 -888888.000 -888888.000     600.000       0.000     279.550       0.000       0.895     129.000       2.600     129.000      91.000       0.000   95630.000       0.000 -888888.000 -888888.000
 20260516170000
   -31.5192  -68.8178 
  PUNTA_NEGRA                                SURFACE                                    
  FM-12 SYNOP       PUNTA_NEGRA            800  F     F         1
 -888888.000 -888888.000 -888888.000 -888888.000     800.000       0.000     280.750       0.000      -0.863     129.000       0.384     129.000      67.000       0.000   92330.000       0.000 -888888.000 -888888.000
 20260516170000
   -30.6335  -67.4682 
  VALLE_FERTIL                               SURFACE                                    
  FM-12 SYNOP       VALLE_FERTIL           900  F     F         1
 -888888.000 -888888.000 -888888.000 -888888.000     900.000       0.000     280.050       0.000      -1.620     129.000       0.495     129.000      85.000       0.000   91930.000       0.000 -888888.000 -888888.000
 20260516170000
   -30.1833  -69.0667 
  CUESTA_Viento                              SURFACE                                    
  FM-12 SYNOP       CUESTA_Viento         1530  F     F         1
 -888888.000 -888888.000 -888888.000 -888888.000    1530.000       0.000     278.250       0.000       3.500     129.000       6.062     129.000      69.000       0.000   85260.000       0.000 -888888.000 -888888.000
 20260516170000
   -31.5194  -68.9851 
  CARACOLES                                  SURFACE                                    
  FM-12 SYNOP       CARACOLES              942  F     F         1
 -888888.000 -888888.000 -888888.000 -888888.000     942.000       0.000     280.950       0.000      -1.302     129.000       0.091     129.000      67.000       0.000   90940.000       0.000 -888888.000 -888888.000
 20260516173000
   -31.6500  -68.5833 
  INTA_POCITO                                SURFACE                                    
  FM-12 SYNOP       INTA_POCITO            615  F     F         1
 -888888.000 -888888.000 -888888.000 -888888.000     615.000       0.000     280.450       0.000      -0.292     129.000       0.898     129.000      79.000       0.000   94850.000       0.000 -888888.000 -888888.000
 20260516173000
   -31.6500  -68.3000 
  ECOHUMUS                                   SURFACE                                    
  FM-12 SYNOP       ECOHUMUS               600  F     F         1
 -888888.000 -888888.000 -888888.000 -888888.000     600.000       0.000     279.750       0.000       0.504     129.000       2.021     129.000      90.000       0.000   95660.000       0.000 -888888.000 -888888.000
 20260516173000
   -31.5192  -68.8178 
  PUNTA_NEGRA                                SURFACE                                    
  FM-12 SYNOP       PUNTA_NEGRA            800  F     F         1
 -888888.000 -888888.000 -888888.000 -888888.000     800.000       0.000     280.750       0.000      -1.036     129.000      -0.317     129.000      66.000       0.000   92350.000       0.000 -888888.000 -888888.000
 20260516173000
   -30.6335  -67.4682 
  VALLE_FERTIL                               SURFACE                                    
  FM-12 SYNOP       VALLE_FERTIL           900  F     F         1
 -888888.000 -888888.000 -888888.000 -888888.000     900.000       0.000     279.950       0.000      -1.202     129.000       0.345     129.000      84.000       0.000   91960.000       0.000 -888888.000 -888888.000
 20260516173000
   -30.1833  -69.0667 
  CUESTA_Viento                              SURFACE                                    
  FM-12 SYNOP       CUESTA_Viento         1530  F     F         1
 -888888.000 -888888.000 -888888.000 -888888.000    1530.000       0.000     277.750       0.000       3.052     129.000       6.546     129.000      71.000       0.000   85310.000       0.000 -888888.000 -888888.000
 20260516173000
   -31.5194  -68.9851 
  CARACOLES                                  SURFACE                                    
  FM-12 SYNOP       CARACOLES              942  F     F         1
 -888888.000 -888888.000 -888888.000 -888888.000     942.000       0.000     280.850       0.000      -1.194     129.000      -0.021     129.000      67.000       0.000   90970.000       0.000 -888888.000 -888888.000
 20260516180000
   -31.6500  -68.5833 
  INTA_POCITO                                SURFACE                                    
  FM-12 SYNOP       INTA_POCITO            615  F     F         1
 -888888.000 -888888.000 -888888.000 -888888.000     615.000       0.000     280.150       0.000      -0.252     129.000       0.939     129.000      82.000       0.000   94870.000       0.000 -888888.000 -888888.000
 20260516180000
   -31.6500  -68.3000 
  ECOHUMUS                                   SURFACE                                    
  FM-12 SYNOP       ECOHUMUS               600  F     F         1
 -888888.000 -888888.000 -888888.000 -888888.000     600.000       0.000     279.650       0.000       0.246     129.000       1.395     129.000      91.000       0.000   95700.000       0.000 -888888.000 -888888.000
 20260516180000
   -31.5192  -68.8178 
  PUNTA_NEGRA                                SURFACE                                    
  FM-12 SYNOP       PUNTA_NEGRA            800  F     F         1
 -888888.000 -888888.000 -888888.000 -888888.000     800.000       0.000     280.650       0.000      -0.713     129.000       0.113     129.000      66.000       0.000   92380.000       0.000 -888888.000 -888888.000
 20260516180000
   -30.6335  -67.4682 
  VALLE_FERTIL                               SURFACE                                    
  FM-12 SYNOP       VALLE_FERTIL           900  F     F         1
 -888888.000 -888888.000 -888888.000 -888888.000     900.000       0.000     279.950       0.000      -0.860     129.000       0.045     129.000      83.000       0.000   91990.000       0.000 -888888.000 -888888.000
 20260516180000
   -30.1833  -69.0667 
  CUESTA_Viento                              SURFACE                                    
  FM-12 SYNOP       CUESTA_Viento         1530  F     F         1
 -888888.000 -888888.000 -888888.000 -888888.000    1530.000       0.000     277.450       0.000       3.052     129.000       6.546     129.000      73.000       0.000   85350.000       0.000 -888888.000 -888888.000
 20260516180000
   -31.5194  -68.9851 
  CARACOLES                                  SURFACE                                    
  FM-12 SYNOP       CARACOLES              942  F     F         1
 -888888.000 -888888.000 -888888.000 -888888.000     942.000       0.000     280.650       0.000      -1.288     129.000       0.345     129.000      68.000       0.000   91000.000       0.000 -888888.000 -888888.000
 20260516183000
   -31.6500  -68.5833 
  INTA_POCITO                                SURFACE                                    
  FM-12 SYNOP       INTA_POCITO            615  F     F         1
 -888888.000 -888888.000 -888888.000 -888888.000     615.000       0.000     279.950       0.000      -0.324     129.000       1.207     129.000      82.000       0.000   94890.000       0.000 -888888.000 -888888.000
 20260516183000
   -31.6500  -68.3000 
  ECOHUMUS                                   SURFACE                                    
  FM-12 SYNOP       ECOHUMUS               600  F     F         1
 -888888.000 -888888.000 -888888.000 -888888.000     600.000       0.000     279.550       0.000       0.064     129.000       1.221     129.000      90.000       0.000   95730.000       0.000 -888888.000 -888888.000
 20260516183000
   -31.5192  -68.8178 
  PUNTA_NEGRA                                SURFACE                                    
  FM-12 SYNOP       PUNTA_NEGRA            800  F     F         1
 -888888.000 -888888.000 -888888.000 -888888.000     800.000       0.000     280.550       0.000      -0.443     129.000      -0.039     129.000      68.000       0.000   92410.000       0.000 -888888.000 -888888.000
 20260516183000
   -30.6335  -67.4682 
  VALLE_FERTIL                               SURFACE                                    
  FM-12 SYNOP       VALLE_FERTIL           900  F     F         1
 -888888.000 -888888.000 -888888.000 -888888.000     900.000       0.000     279.650       0.000      -1.087     129.000      -0.231     129.000      85.000       0.000   92030.000       0.000 -888888.000 -888888.000
 20260516183000
   -30.1833  -69.0667 
  CUESTA_Viento                              SURFACE                                    
  FM-12 SYNOP       CUESTA_Viento         1530  F     F         1
 -888888.000 -888888.000 -888888.000 -888888.000    1530.000       0.000     277.150       0.000       2.964     129.000       5.816     129.000      73.000       0.000   85400.000       0.000 -888888.000 -888888.000
 20260516183000
   -31.5194  -68.9851 
  CARACOLES                                  SURFACE                                    
  FM-12 SYNOP       CARACOLES              942  F     F         1
 -888888.000 -888888.000 -888888.000 -888888.000     942.000       0.000     280.150       0.000      -0.726     129.000       0.279     129.000      71.000       0.000   91040.000       0.000 -888888.000 -888888.000
 20260516190000
   -31.6500  -68.5833 
  INTA_POCITO                                SURFACE                                    
  FM-12 SYNOP       INTA_POCITO            615  F     F         1
 -888888.000 -888888.000 -888888.000 -888888.000     615.000       0.000     280.050       0.000      -0.111     129.000       0.629     129.000      80.000       0.000   94920.000       0.000 -888888.000 -888888.000
 20260516190000
   -31.6500  -68.3000 
  ECOHUMUS                                   SURFACE                                    
  FM-12 SYNOP       ECOHUMUS               600  F     F         1
 -888888.000 -888888.000 -888888.000 -888888.000     600.000       0.000     279.550       0.000      -0.084     129.000       0.801     129.000      90.000       0.000   95760.000       0.000 -888888.000 -888888.000
 20260516190000
   -31.5192  -68.8178 
  PUNTA_NEGRA                                SURFACE                                    
  FM-12 SYNOP       PUNTA_NEGRA            800  F     F         1
 -888888.000 -888888.000 -888888.000 -888888.000     800.000       0.000     280.150       0.000      -0.393     129.000       0.503     129.000      73.000       0.000   92440.000       0.000 -888888.000 -888888.000
 20260516190000
   -30.6335  -67.4682 
  VALLE_FERTIL                               SURFACE                                    
  FM-12 SYNOP       VALLE_FERTIL           900  F     F         1
 -888888.000 -888888.000 -888888.000 -888888.000     900.000       0.000     279.450       0.000      -0.636     129.000      -0.397     129.000      86.000       0.000   92080.000       0.000 -888888.000 -888888.000
 20260516190000
   -30.1833  -69.0667 
  CUESTA_Viento                              SURFACE                                    
  FM-12 SYNOP       CUESTA_Viento         1530  F     F         1
 -888888.000 -888888.000 -888888.000 -888888.000    1530.000       0.000     276.850       0.000       3.027     129.000       5.940     129.000      74.000       0.000   85460.000       0.000 -888888.000 -888888.000
 20260516190000
   -31.5194  -68.9851 
  CARACOLES                                  SURFACE                                    
  FM-12 SYNOP       CARACOLES              942  F     F         1
 -888888.000 -888888.000 -888888.000 -888888.000     942.000       0.000     280.050       0.000      -1.000     129.000       0.601     129.000      72.000       0.000   91080.000       0.000 -888888.000 -888888.000
 20260516193000
   -31.6500  -68.5833 
  INTA_POCITO                                SURFACE                                    
  FM-12 SYNOP       INTA_POCITO            615  F     F         1
 -888888.000 -888888.000 -888888.000 -888888.000     615.000       0.000     280.050       0.000      -0.043     129.000       0.303     129.000      79.000       0.000   94950.000       0.000 -888888.000 -888888.000
 20260516193000
   -31.6500  -68.3000 
  ECOHUMUS                                   SURFACE                                    
  FM-12 SYNOP       ECOHUMUS               600  F     F         1
 -888888.000 -888888.000 -888888.000 -888888.000     600.000       0.000     279.350       0.000      -0.122     129.000       0.627     129.000      91.000       0.000   95780.000       0.000 -888888.000 -888888.000
 20260516193000
   -31.5192  -68.8178 
  PUNTA_NEGRA                                SURFACE                                    
  FM-12 SYNOP       PUNTA_NEGRA            800  F     F         1
 -888888.000 -888888.000 -888888.000 -888888.000     800.000       0.000     279.750       0.000      -0.258     129.000       0.429     129.000      75.000       0.000   92470.000       0.000 -888888.000 -888888.000
 20260516193000
   -30.6335  -67.4682 
  VALLE_FERTIL                               SURFACE                                    
  FM-12 SYNOP       VALLE_FERTIL           900  F     F         1
 -888888.000 -888888.000 -888888.000 -888888.000     900.000       0.000     279.350       0.000      -0.315     129.000      -0.389     129.000      86.000       0.000   92120.000       0.000 -888888.000 -888888.000
 20260516193000
   -30.1833  -69.0667 
  CUESTA_Viento                              SURFACE                                    
  FM-12 SYNOP       CUESTA_Viento         1530  F     F         1
 -888888.000 -888888.000 -888888.000 -888888.000    1530.000       0.000     276.750       0.000       3.133     129.000       5.214     129.000      74.000       0.000   85520.000       0.000 -888888.000 -888888.000
 20260516193000
   -31.5194  -68.9851 
  CARACOLES                                  SURFACE                                    
  FM-12 SYNOP       CARACOLES              942  F     F         1
 -888888.000 -888888.000 -888888.000 -888888.000     942.000       0.000     280.250       0.000      -0.772     129.000       0.720     129.000      71.000       0.000   91110.000       0.000 -888888.000 -888888.000
 20260516200000
   -31.6500  -68.5833 
  INTA_POCITO                                SURFACE                                    
  FM-12 SYNOP       INTA_POCITO            615  F     F         1
 -888888.000 -888888.000 -888888.000 -888888.000     615.000       0.000     280.050       0.000      -0.020     129.000       0.052     129.000      80.000       0.000   94990.000       0.000 -888888.000 -888888.000
 20260516200000
   -31.6500  -68.3000 
  ECOHUMUS                                   SURFACE                                    
  FM-12 SYNOP       ECOHUMUS               600  F     F         1
 -888888.000 -888888.000 -888888.000 -888888.000     600.000       0.000     279.250       0.000      -0.244     129.000       0.709     129.000      91.000       0.000   95810.000       0.000 -888888.000 -888888.000
 20260516200000
   -31.5192  -68.8178 
  PUNTA_NEGRA                                SURFACE                                    
  FM-12 SYNOP       PUNTA_NEGRA            800  F     F         1
 -888888.000 -888888.000 -888888.000 -888888.000     800.000       0.000     279.450       0.000      -0.609     129.000       0.568     129.000      78.000       0.000   92500.000       0.000 -888888.000 -888888.000
 20260516200000
   -30.6335  -67.4682 
  VALLE_FERTIL                               SURFACE                                    
  FM-12 SYNOP       VALLE_FERTIL           900  F     F         1
 -888888.000 -888888.000 -888888.000 -888888.000     900.000       0.000     279.350       0.000      -0.189     129.000      -0.203     129.000      85.000       0.000   92140.000       0.000 -888888.000 -888888.000
 20260516200000
   -30.1833  -69.0667 
  CUESTA_Viento                              SURFACE                                    
  FM-12 SYNOP       CUESTA_Viento         1530  F     F         1
 -888888.000 -888888.000 -888888.000 -888888.000    1530.000       0.000     276.650       0.000       2.542     129.000       4.402     129.000      75.000       0.000   85580.000       0.000 -888888.000 -888888.000
 20260516200000
   -31.5194  -68.9851 
  CARACOLES                                  SURFACE                                    
  FM-12 SYNOP       CARACOLES              942  F     F         1
 -888888.000 -888888.000 -888888.000 -888888.000     942.000       0.000     280.250       0.000      -0.165     129.000       0.103     129.000      70.000       0.000   91120.000       0.000 -888888.000 -888888.000
 20260516203000
   -31.6500  -68.5833 
  INTA_POCITO                                SURFACE                                    
  FM-12 SYNOP       INTA_POCITO            615  F     F         1
 -888888.000 -888888.000 -888888.000 -888888.000     615.000       0.000     279.850       0.000      -0.000     129.000       0.000     129.000      82.000       0.000   95000.000       0.000 -888888.000 -888888.000
 20260516203000
   -31.6500  -68.3000 
  ECOHUMUS                                   SURFACE                                    
  FM-12 SYNOP       ECOHUMUS               600  F     F         1
 -888888.000 -888888.000 -888888.000 -888888.000     600.000       0.000     279.150       0.000      -0.329     129.000       0.856     129.000      90.000       0.000   95820.000       0.000 -888888.000 -888888.000
 20260516203000
   -31.5192  -68.8178 
  PUNTA_NEGRA                                SURFACE                                    
  FM-12 SYNOP       PUNTA_NEGRA            800  F     F         1
 -888888.000 -888888.000 -888888.000 -888888.000     800.000       0.000     279.150       0.000      -0.335     129.000       0.372     129.000      80.000       0.000   92520.000       0.000 -888888.000 -888888.000
 20260516203000
   -30.6335  -67.4682 
  VALLE_FERTIL                               SURFACE                                    
  FM-12 SYNOP       VALLE_FERTIL           900  F     F         1
 -888888.000 -888888.000 -888888.000 -888888.000     900.000       0.000     279.250       0.000       0.075     129.000      -0.325     129.000      85.000       0.000   92180.000       0.000 -888888.000 -888888.000
 20260516203000
   -30.1833  -69.0667 
  CUESTA_Viento                              SURFACE                                    
  FM-12 SYNOP       CUESTA_Viento         1530  F     F         1
 -888888.000 -888888.000 -888888.000 -888888.000    1530.000       0.000     276.450       0.000       2.181     129.000       4.898     129.000      75.000       0.000   85610.000       0.000 -888888.000 -888888.000
 20260516203000
   -31.5194  -68.9851 
  CARACOLES                                  SURFACE                                    
  FM-12 SYNOP       CARACOLES              942  F     F         1
 -888888.000 -888888.000 -888888.000 -888888.000     942.000       0.000     280.350       0.000      -0.481     129.000      -0.278     129.000      71.000       0.000   91150.000       0.000 -888888.000 -888888.000
 20260516210000
   -31.6500  -68.5833 
  INTA_POCITO                                SURFACE                                    
  FM-12 SYNOP       INTA_POCITO            615  F     F         1
 -888888.000 -888888.000 -888888.000 -888888.000     615.000       0.000     279.550       0.000      -0.000     129.000       0.000     129.000      84.000       0.000   95020.000       0.000 -888888.000 -888888.000
 20260516210000
   -31.6500  -68.3000 
  ECOHUMUS                                   SURFACE                                    
  FM-12 SYNOP       ECOHUMUS               600  F     F         1
 -888888.000 -888888.000 -888888.000 -888888.000     600.000       0.000     279.250       0.000      -0.257     129.000       0.705     129.000      89.000       0.000   95830.000       0.000 -888888.000 -888888.000
 20260516210000
   -31.5192  -68.8178 
  PUNTA_NEGRA                                SURFACE                                    
  FM-12 SYNOP       PUNTA_NEGRA            800  F     F         1
 -888888.000 -888888.000 -888888.000 -888888.000     800.000       0.000     279.050       0.000      -0.299     129.000       0.202     129.000      81.000       0.000   92540.000       0.000 -888888.000 -888888.000
 20260516210000
   -30.6335  -67.4682 
  VALLE_FERTIL                               SURFACE                                    
  FM-12 SYNOP       VALLE_FERTIL           900  F     F         1
 -888888.000 -888888.000 -888888.000 -888888.000     900.000       0.000     279.150       0.000      -0.074     129.000      -0.466     129.000      85.000       0.000   92210.000       0.000 -888888.000 -888888.000
 20260516210000
   -30.1833  -69.0667 
  CUESTA_Viento                              SURFACE                                    
  FM-12 SYNOP       CUESTA_Viento         1530  F     F         1
 -888888.000 -888888.000 -888888.000 -888888.000    1530.000       0.000     276.350       0.000       3.143     129.000       3.745     129.000      75.000       0.000   85650.000       0.000 -888888.000 -888888.000
 20260516210000
   -31.5194  -68.9851 
  CARACOLES                                  SURFACE                                    
  FM-12 SYNOP       CARACOLES              942  F     F         1
 -888888.000 -888888.000 -888888.000 -888888.000     942.000       0.000     280.150       0.000      -0.520     129.000      -0.265     129.000      71.000       0.000   91170.000       0.000 -888888.000 -888888.000
 20260516213000
   -31.6500  -68.5833 
  INTA_POCITO                                SURFACE                                    
  FM-12 SYNOP       INTA_POCITO            615  F     F         1
 -888888.000 -888888.000 -888888.000 -888888.000     615.000       0.000     279.450       0.000      -0.000     129.000       0.000     129.000      85.000       0.000   95040.000       0.000 -888888.000 -888888.000
 20260516213000
   -31.6500  -68.3000 
  ECOHUMUS                                   SURFACE                                    
  FM-12 SYNOP       ECOHUMUS               600  F     F         1
 -888888.000 -888888.000 -888888.000 -888888.000     600.000       0.000     279.250       0.000      -0.054     129.000       0.441     129.000      88.000       0.000   95850.000       0.000 -888888.000 -888888.000
 20260516213000
   -31.5192  -68.8178 
  PUNTA_NEGRA                                SURFACE                                    
  FM-12 SYNOP       PUNTA_NEGRA            800  F     F         1
 -888888.000 -888888.000 -888888.000 -888888.000     800.000       0.000     279.050       0.000      -0.118     129.000       0.188     129.000      81.000       0.000   92570.000       0.000 -888888.000 -888888.000
 20260516213000
   -30.6335  -67.4682 
  VALLE_FERTIL                               SURFACE                                    
  FM-12 SYNOP       VALLE_FERTIL           900  F     F         1
 -888888.000 -888888.000 -888888.000 -888888.000     900.000       0.000     278.950       0.000      -0.074     129.000      -0.607     129.000      85.000       0.000   92230.000       0.000 -888888.000 -888888.000
 20260516213000
   -30.1833  -69.0667 
  CUESTA_Viento                              SURFACE                                    
  FM-12 SYNOP       CUESTA_Viento         1530  F     F         1
 -888888.000 -888888.000 -888888.000 -888888.000    1530.000       0.000     276.350       0.000       2.516     129.000       3.731     129.000      75.000       0.000   85700.000       0.000 -888888.000 -888888.000
 20260516213000
   -31.5194  -68.9851 
  CARACOLES                                  SURFACE                                    
  FM-12 SYNOP       CARACOLES              942  F     F         1
 -888888.000 -888888.000 -888888.000 -888888.000     942.000       0.000     279.850       0.000      -0.571     129.000      -0.121     129.000      74.000       0.000   91190.000       0.000 -888888.000 -888888.000
 20260516220000
   -31.6500  -68.5833 
  INTA_POCITO                                SURFACE                                    
  FM-12 SYNOP       INTA_POCITO            615  F     F         1
 -888888.000 -888888.000 -888888.000 -888888.000     615.000       0.000     278.950       0.000      -0.000     129.000       0.000     129.000      85.000       0.000   95040.000       0.000 -888888.000 -888888.000
 20260516220000
   -31.6500  -68.3000 
  ECOHUMUS                                   SURFACE                                    
  FM-12 SYNOP       ECOHUMUS               600  F     F         1
 -888888.000 -888888.000 -888888.000 -888888.000     600.000       0.000     279.050       0.000       0.145     129.000       0.507     129.000      88.000       0.000   95850.000       0.000 -888888.000 -888888.000
 20260516220000
   -31.5192  -68.8178 
  PUNTA_NEGRA                                SURFACE                                    
  FM-12 SYNOP       PUNTA_NEGRA            800  F     F         1
 -888888.000 -888888.000 -888888.000 -888888.000     800.000       0.000     278.950       0.000      -0.020     129.000       0.081     129.000      81.000       0.000   92570.000       0.000 -888888.000 -888888.000
 20260516220000
   -30.6335  -67.4682 
  VALLE_FERTIL                               SURFACE                                    
  FM-12 SYNOP       VALLE_FERTIL           900  F     F         1
 -888888.000 -888888.000 -888888.000 -888888.000     900.000       0.000     278.750       0.000      -0.315     129.000      -0.229     129.000      86.000       0.000   92250.000       0.000 -888888.000 -888888.000
 20260516220000
   -30.1833  -69.0667 
  CUESTA_Viento                              SURFACE                                    
  FM-12 SYNOP       CUESTA_Viento         1530  F     F         1
 -888888.000 -888888.000 -888888.000 -888888.000    1530.000       0.000     276.350       0.000       2.843     129.000       4.214     129.000      75.000       0.000   85710.000       0.000 -888888.000 -888888.000
 20260516220000
   -31.5194  -68.9851 
  CARACOLES                                  SURFACE                                    
  FM-12 SYNOP       CARACOLES              942  F     F         1
 -888888.000 -888888.000 -888888.000 -888888.000     942.000       0.000     279.550       0.000      -0.700     129.000      -0.269     129.000      79.000       0.000   91200.000       0.000 -888888.000 -888888.000
 20260516223000
   -31.6500  -68.5833 
  INTA_POCITO                                SURFACE                                    
  FM-12 SYNOP       INTA_POCITO            615  F     F         1
 -888888.000 -888888.000 -888888.000 -888888.000     615.000       0.000     277.950       0.000      -0.000     129.000       0.000     129.000      87.000       0.000   95040.000       0.000 -888888.000 -888888.000
 20260516223000
   -31.6500  -68.3000 
  ECOHUMUS                                   SURFACE                                    
  FM-12 SYNOP       ECOHUMUS               600  F     F         1
 -888888.000 -888888.000 -888888.000 -888888.000     600.000       0.000     278.850       0.000       0.044     129.000       0.189     129.000      90.000       0.000   95850.000       0.000 -888888.000 -888888.000
 20260516223000
   -31.5192  -68.8178 
  PUNTA_NEGRA                                SURFACE                                    
  FM-12 SYNOP       PUNTA_NEGRA            800  F     F         1
 -888888.000 -888888.000 -888888.000 -888888.000     800.000       0.000     278.750       0.000       0.000     129.000       0.000     129.000      81.000       0.000   92570.000       0.000 -888888.000 -888888.000
 20260516223000
   -30.6335  -67.4682 
  VALLE_FERTIL                               SURFACE                                    
  FM-12 SYNOP       VALLE_FERTIL           900  F     F         1
 -888888.000 -888888.000 -888888.000 -888888.000     900.000       0.000     278.650       0.000      -0.080     129.000       0.024     129.000      86.000       0.000   92270.000       0.000 -888888.000 -888888.000
 20260516223000
   -30.1833  -69.0667 
  CUESTA_Viento                              SURFACE                                    
  FM-12 SYNOP       CUESTA_Viento         1530  F     F         1
 -888888.000 -888888.000 -888888.000 -888888.000    1530.000       0.000     276.450       0.000       1.876     129.000       4.212     129.000      74.000       0.000   85730.000       0.000 -888888.000 -888888.000
 20260516223000
   -31.5194  -68.9851 
  CARACOLES                                  SURFACE                                    
  FM-12 SYNOP       CARACOLES              942  F     F         1
 -888888.000 -888888.000 -888888.000 -888888.000     942.000       0.000     279.350       0.000      -0.644     129.000      -0.328     129.000      79.000       0.000   91200.000       0.000 -888888.000 -888888.000
 20260516230000
   -31.6500  -68.5833 
  INTA_POCITO                                SURFACE                                    
  FM-12 SYNOP       INTA_POCITO            615  F     F         1
 -888888.000 -888888.000 -888888.000 -888888.000     615.000       0.000     276.950       0.000      -0.000     129.000       0.000     129.000      89.000       0.000   95050.000       0.000 -888888.000 -888888.000
 20260516230000
   -31.6500  -68.3000 
  ECOHUMUS                                   SURFACE                                    
  FM-12 SYNOP       ECOHUMUS               600  F     F         1
 -888888.000 -888888.000 -888888.000 -888888.000     600.000       0.000     278.650       0.000       0.000     129.000       0.000     129.000      90.000       0.000   95850.000       0.000 -888888.000 -888888.000
 20260516230000
   -31.5192  -68.8178 
  PUNTA_NEGRA                                SURFACE                                    
  FM-12 SYNOP       PUNTA_NEGRA            800  F     F         1
 -888888.000 -888888.000 -888888.000 -888888.000     800.000       0.000     278.450       0.000       0.000     129.000       0.000     129.000      82.000       0.000   92560.000       0.000 -888888.000 -888888.000
 20260516230000
   -30.6335  -67.4682 
  VALLE_FERTIL                               SURFACE                                    
  FM-12 SYNOP       VALLE_FERTIL           900  F     F         1
 -888888.000 -888888.000 -888888.000 -888888.000     900.000       0.000     278.550       0.000      -0.109     129.000      -0.021     129.000      87.000       0.000   92290.000       0.000 -888888.000 -888888.000
 20260516230000
   -30.1833  -69.0667 
  CUESTA_Viento                              SURFACE                                    
  FM-12 SYNOP       CUESTA_Viento         1530  F     F         1
 -888888.000 -888888.000 -888888.000 -888888.000    1530.000       0.000     276.750       0.000       2.031     129.000       3.251     129.000      72.000       0.000   85730.000       0.000 -888888.000 -888888.000
 20260516230000
   -31.5194  -68.9851 
  CARACOLES                                  SURFACE                                    
  FM-12 SYNOP       CARACOLES              942  F     F         1
 -888888.000 -888888.000 -888888.000 -888888.000     942.000       0.000     279.250       0.000      -0.402     129.000      -0.108     129.000      80.000       0.000   91200.000       0.000 -888888.000 -888888.000
 20260516233000
   -31.6500  -68.5833 
  INTA_POCITO                                SURFACE                                    
  FM-12 SYNOP       INTA_POCITO            615  F     F         1
 -888888.000 -888888.000 -888888.000 -888888.000     615.000       0.000     276.850       0.000      -0.000     129.000       0.000     129.000      90.000       0.000   95040.000       0.000 -888888.000 -888888.000
 20260516233000
   -31.6500  -68.3000 
  ECOHUMUS                                   SURFACE                                    
  FM-12 SYNOP       ECOHUMUS               600  F     F         1
 -888888.000 -888888.000 -888888.000 -888888.000     600.000       0.000     278.150       0.000       0.000     129.000       0.000     129.000      91.000       0.000   95840.000       0.000 -888888.000 -888888.000
 20260516233000
   -31.5192  -68.8178 
  PUNTA_NEGRA                                SURFACE                                    
  FM-12 SYNOP       PUNTA_NEGRA            800  F     F         1
 -888888.000 -888888.000 -888888.000 -888888.000     800.000       0.000     278.450       0.000       0.010     129.000       0.111     129.000      81.000       0.000   92560.000       0.000 -888888.000 -888888.000
 20260516233000
   -30.6335  -67.4682 
  VALLE_FERTIL                               SURFACE                                    
  FM-12 SYNOP       VALLE_FERTIL           900  F     F         1
 -888888.000 -888888.000 -888888.000 -888888.000     900.000       0.000     278.550       0.000       0.207     129.000      -0.424     129.000      87.000       0.000   92300.000       0.000 -888888.000 -888888.000
 20260516233000
   -30.1833  -69.0667 
  CUESTA_Viento                              SURFACE                                    
  FM-12 SYNOP       CUESTA_Viento         1530  F     F         1
 -888888.000 -888888.000 -888888.000 -888888.000    1530.000       0.000     276.850       0.000       1.302     129.000       3.068     129.000      72.000       0.000   85730.000       0.000 -888888.000 -888888.000
 20260516233000
   -31.5194  -68.9851 
  CARACOLES                                  SURFACE                                    
  FM-12 SYNOP       CARACOLES              942  F     F         1
 -888888.000 -888888.000 -888888.000 -888888.000     942.000       0.000     279.050       0.000      -0.429     129.000      -0.258     129.000      81.000       0.000   91210.000       0.000 -888888.000 -888888.000
