 20260806000000
   -31.6500  -68.3000 
  ECOHUMUS                                   SURFACE                                    
  FM-12 SYNOP       ECOHUMUS               600  F     F         1
 -888888.000 -888888.000 -888888.000 -888888.000     600.000       0.000     285.850       0.000       0.128     129.000      -1.829     129.000      71.000       0.000   93510.000       0.000 -888888.000 -888888.000
 20260806000500
   -31.6500  -68.3000 
  ECOHUMUS                                   SURFACE                                    
  FM-12 SYNOP       ECOHUMUS               600  F     F         1
 -888888.000 -888888.000 -888888.000 -888888.000     600.000       0.000     286.550       0.000       0.345     129.000      -1.288     129.000      69.000       0.000   93520.000       0.000 -888888.000 -888888.000
 20260806001000
   -31.6500  -68.3000 
  ECOHUMUS                                   SURFACE                                    
  FM-12 SYNOP       ECOHUMUS               600  F     F         1
 -888888.000 -888888.000 -888888.000 -888888.000     600.000       0.000     286.650       0.000       1.036     129.000      -0.839     129.000      69.000       0.000   93520.000       0.000 -888888.000 -888888.000
 20260806001500
   -31.6500  -68.3000 
  ECOHUMUS                                   SURFACE                                    
  FM-12 SYNOP       ECOHUMUS               600  F     F         1
 -888888.000 -888888.000 -888888.000 -888888.000     600.000       0.000     286.350       0.000       0.786     129.000      -0.786     129.000      70.000       0.000   93510.000       0.000 -888888.000 -888888.000
 20260806002000
   -31.6500  -68.3000 
  ECOHUMUS                                   SURFACE                                    
  FM-12 SYNOP       ECOHUMUS               600  F     F         1
 -888888.000 -888888.000 -888888.000 -888888.000     600.000       0.000     286.350       0.000       0.208     129.000      -0.978     129.000      70.000       0.000   93500.000       0.000 -888888.000 -888888.000
 20260806002500
   -31.6500  -68.3000 
  ECOHUMUS                                   SURFACE                                    
  FM-12 SYNOP       ECOHUMUS               600  F     F         1
 -888888.000 -888888.000 -888888.000 -888888.000     600.000       0.000     286.850       0.000      -0.787     129.000      -1.310     129.000      68.000       0.000   93470.000       0.000 -888888.000 -888888.000
 20260806003000
   -31.6500  -68.3000 
  ECOHUMUS                                   SURFACE                                    
  FM-12 SYNOP       ECOHUMUS               600  F     F         1
 -888888.000 -888888.000 -888888.000 -888888.000     600.000       0.000     286.850       0.000      -0.243     129.000      -1.141     129.000      68.000       0.000   93470.000       0.000 -888888.000 -888888.000
 20260806003500
   -31.6500  -68.3000 
  ECOHUMUS                                   SURFACE                                    
  FM-12 SYNOP       ECOHUMUS               600  F     F         1
 -888888.000 -888888.000 -888888.000 -888888.000     600.000       0.000     286.850       0.000      -0.000     129.000      -0.972     129.000      67.000       0.000   93460.000       0.000 -888888.000 -888888.000
 20260806004000
   -31.6500  -68.3000 
  ECOHUMUS                                   SURFACE                                    
  FM-12 SYNOP       ECOHUMUS               600  F     F         1
 -888888.000 -888888.000 -888888.000 -888888.000     600.000       0.000     286.650       0.000      -0.282     129.000      -0.604     129.000      67.000       0.000   93460.000       0.000 -888888.000 -888888.000
 20260806004500
   -31.6500  -68.3000 
  ECOHUMUS                                   SURFACE                                    
  FM-12 SYNOP       ECOHUMUS               600  F     F         1
 -888888.000 -888888.000 -888888.000 -888888.000     600.000       0.000     287.150       0.000       0.169     129.000      -0.731     129.000      65.000       0.000   93480.000       0.000 -888888.000 -888888.000
 20260806005000
   -31.6500  -68.3000 
  ECOHUMUS                                   SURFACE                                    
  FM-12 SYNOP       ECOHUMUS               600  F     F         1
 -888888.000 -888888.000 -888888.000 -888888.000     600.000       0.000     286.650       0.000      -0.767     129.000       1.056     129.000      67.000       0.000   93470.000       0.000 -888888.000 -888888.000
 20260806005500
   -31.6500  -68.3000 
  ECOHUMUS                                   SURFACE                                    
  FM-12 SYNOP       ECOHUMUS               600  F     F         1
 -888888.000 -888888.000 -888888.000 -888888.000     600.000       0.000     285.350       0.000      -0.249     129.000       0.648     129.000      70.000       0.000   93470.000       0.000 -888888.000 -888888.000
 20260806010000
   -31.6500  -68.3000 
  ECOHUMUS                                   SURFACE                                    
  FM-12 SYNOP       ECOHUMUS               600  F     F         1
 -888888.000 -888888.000 -888888.000 -888888.000     600.000       0.000     285.250       0.000      -0.100     129.000       0.259     129.000      70.000       0.000   93480.000       0.000 -888888.000 -888888.000
 20260806010500
   -31.6500  -68.3000 
  ECOHUMUS                                   SURFACE                                    
  FM-12 SYNOP       ECOHUMUS               600  F     F         1
 -888888.000 -888888.000 -888888.000 -888888.000     600.000       0.000     284.850       0.000       0.163     129.000       0.502     129.000      71.000       0.000   93480.000       0.000 -888888.000 -888888.000
 20260806011000
   -31.6500  -68.3000 
  ECOHUMUS                                   SURFACE                                    
  FM-12 SYNOP       ECOHUMUS               600  F     F         1
 -888888.000 -888888.000 -888888.000 -888888.000     600.000       0.000     284.350       0.000       0.184     129.000       0.641     129.000      73.000       0.000   93460.000       0.000 -888888.000 -888888.000
 20260806011500
   -31.6500  -68.3000 
  ECOHUMUS                                   SURFACE                                    
  FM-12 SYNOP       ECOHUMUS               600  F     F         1
 -888888.000 -888888.000 -888888.000 -888888.000     600.000       0.000     284.850       0.000      -0.138     129.000       0.452     129.000      72.000       0.000   93470.000       0.000 -888888.000 -888888.000
 20260806012000
   -31.6500  -68.3000 
  ECOHUMUS                                   SURFACE                                    
  FM-12 SYNOP       ECOHUMUS               600  F     F         1
 -888888.000 -888888.000 -888888.000 -888888.000     600.000       0.000     285.050       0.000      -0.310     129.000       0.186     129.000      71.000       0.000   93450.000       0.000 -888888.000 -888888.000
 20260806012500
   -31.6500  -68.3000 
  ECOHUMUS                                   SURFACE                                    
  FM-12 SYNOP       ECOHUMUS               600  F     F         1
 -888888.000 -888888.000 -888888.000 -888888.000     600.000       0.000     285.050       0.000       0.146     129.000       0.361     129.000      70.000       0.000   93450.000       0.000 -888888.000 -888888.000
 20260806013000
   -31.6500  -68.3000 
  ECOHUMUS                                   SURFACE                                    
  FM-12 SYNOP       ECOHUMUS               600  F     F         1
 -888888.000 -888888.000 -888888.000 -888888.000     600.000       0.000     285.150       0.000       0.029     129.000       0.276     129.000      70.000       0.000   93440.000       0.000 -888888.000 -888888.000
 20260806013500
   -31.6500  -68.3000 
  ECOHUMUS                                   SURFACE                                    
  FM-12 SYNOP       ECOHUMUS               600  F     F         1
 -888888.000 -888888.000 -888888.000 -888888.000     600.000       0.000     285.950       0.000       0.579     129.000       0.270     129.000      66.000       0.000   93420.000       0.000 -888888.000 -888888.000
 20260806014000
   -31.6500  -68.3000 
  ECOHUMUS                                   SURFACE                                    
  FM-12 SYNOP       ECOHUMUS               600  F     F         1
 -888888.000 -888888.000 -888888.000 -888888.000     600.000       0.000     287.450       0.000       0.270     129.000       0.280     129.000      60.000       0.000   93420.000       0.000 -888888.000 -888888.000
 20260806014500
   -31.6500  -68.3000 
  ECOHUMUS                                   SURFACE                                    
  FM-12 SYNOP       ECOHUMUS               600  F     F         1
 -888888.000 -888888.000 -888888.000 -888888.000     600.000       0.000     286.950       0.000       0.462     129.000       0.098     129.000      61.000       0.000   93410.000       0.000 -888888.000 -888888.000
 20260806015000
   -31.6500  -68.3000 
  ECOHUMUS                                   SURFACE                                    
  FM-12 SYNOP       ECOHUMUS               600  F     F         1
 -888888.000 -888888.000 -888888.000 -888888.000     600.000       0.000     287.450       0.000       0.444     129.000      -0.162     129.000      58.000       0.000   93390.000       0.000 -888888.000 -888888.000
 20260806015500
   -31.6500  -68.3000 
  ECOHUMUS                                   SURFACE                                    
  FM-12 SYNOP       ECOHUMUS               600  F     F         1
 -888888.000 -888888.000 -888888.000 -888888.000     600.000       0.000     287.850       0.000       0.752     129.000      -0.289     129.000      55.000       0.000   93390.000       0.000 -888888.000 -888888.000
 20260806020000
   -31.6500  -68.3000 
  ECOHUMUS                                   SURFACE                                    
  FM-12 SYNOP       ECOHUMUS               600  F     F         1
 -888888.000 -888888.000 -888888.000 -888888.000     600.000       0.000     288.750       0.000       0.629     129.000      -0.629     129.000      49.000       0.000   93380.000       0.000 -888888.000 -888888.000
 20260806020500
   -31.6500  -68.3000 
  ECOHUMUS                                   SURFACE                                    
  FM-12 SYNOP       ECOHUMUS               600  F     F         1
 -888888.000 -888888.000 -888888.000 -888888.000     600.000       0.000     288.850       0.000       0.040     129.000      -0.073     129.000      51.000       0.000   93390.000       0.000 -888888.000 -888888.000
 20260806021000
   -31.6500  -68.3000 
  ECOHUMUS                                   SURFACE                                    
  FM-12 SYNOP       ECOHUMUS               600  F     F         1
 -888888.000 -888888.000 -888888.000 -888888.000     600.000       0.000     287.950       0.000       0.013     129.000      -0.024     129.000      52.000       0.000   93390.000       0.000 -888888.000 -888888.000
 20260806021500
   -31.6500  -68.3000 
  ECOHUMUS                                   SURFACE                                    
  FM-12 SYNOP       ECOHUMUS               600  F     F         1
 -888888.000 -888888.000 -888888.000 -888888.000     600.000       0.000     287.850       0.000       0.736     129.000       0.143     129.000      47.000       0.000   93410.000       0.000 -888888.000 -888888.000
 20260806022000
   -31.6500  -68.3000 
  ECOHUMUS                                   SURFACE                                    
  FM-12 SYNOP       ECOHUMUS               600  F     F         1
 -888888.000 -888888.000 -888888.000 -888888.000     600.000       0.000     289.450       0.000       0.647     129.000       0.161     129.000      37.000       0.000   93400.000       0.000 -888888.000 -888888.000
 20260806022500
   -31.6500  -68.3000 
  ECOHUMUS                                   SURFACE                                    
  FM-12 SYNOP       ECOHUMUS               600  F     F         1
 -888888.000 -888888.000 -888888.000 -888888.000     600.000       0.000     289.050       0.000       0.227     129.000       0.349     129.000      45.000       0.000   93390.000       0.000 -888888.000 -888888.000
 20260806023000
   -31.6500  -68.3000 
  ECOHUMUS                                   SURFACE                                    
  FM-12 SYNOP       ECOHUMUS               600  F     F         1
 -888888.000 -888888.000 -888888.000 -888888.000     600.000       0.000     286.950       0.000       0.886     129.000       1.176     129.000      49.000       0.000   93360.000       0.000 -888888.000 -888888.000
 20260806023500
   -31.6500  -68.3000 
  ECOHUMUS                                   SURFACE                                    
  FM-12 SYNOP       ECOHUMUS               600  F     F         1
 -888888.000 -888888.000 -888888.000 -888888.000     600.000       0.000     288.150       0.000       0.083     129.000      -0.521     129.000      43.000       0.000   93380.000       0.000 -888888.000 -888888.000
 20260806024000
   -31.6500  -68.3000 
  ECOHUMUS                                   SURFACE                                    
  FM-12 SYNOP       ECOHUMUS               600  F     F         1
 -888888.000 -888888.000 -888888.000 -888888.000     600.000       0.000     287.850       0.000       0.175     129.000       0.250     129.000      44.000       0.000   93360.000       0.000 -888888.000 -888888.000
 20260806024500
   -31.6500  -68.3000 
  ECOHUMUS                                   SURFACE                                    
  FM-12 SYNOP       ECOHUMUS               600  F     F         1
 -888888.000 -888888.000 -888888.000 -888888.000     600.000       0.000     287.950       0.000      -1.013     129.000       0.683     129.000      33.000       0.000   93350.000       0.000 -888888.000 -888888.000
 20260806025000
   -31.6500  -68.3000 
  ECOHUMUS                                   SURFACE                                    
  FM-12 SYNOP       ECOHUMUS               600  F     F         1
 -888888.000 -888888.000 -888888.000 -888888.000     600.000       0.000     294.950       0.000       2.163     129.000      -3.331     129.000      15.000       0.000   93350.000       0.000 -888888.000 -888888.000
 20260806025500
   -31.6500  -68.3000 
  ECOHUMUS                                   SURFACE                                    
  FM-12 SYNOP       ECOHUMUS               600  F     F         1
 -888888.000 -888888.000 -888888.000 -888888.000     600.000       0.000     296.650       0.000       3.680     129.000      -1.340     129.000      14.000       0.000   93340.000       0.000 -888888.000 -888888.000
 20260806030000
   -31.6500  -68.3000 
  ECOHUMUS                                   SURFACE                                    
  FM-12 SYNOP       ECOHUMUS               600  F     F         1
 -888888.000 -888888.000 -888888.000 -888888.000     600.000       0.000     297.350       0.000       3.960     129.000      -2.195     129.000      13.000       0.000   93340.000       0.000 -888888.000 -888888.000
 20260806030500
   -31.6500  -68.3000 
  ECOHUMUS                                   SURFACE                                    
  FM-12 SYNOP       ECOHUMUS               600  F     F         1
 -888888.000 -888888.000 -888888.000 -888888.000     600.000       0.000     297.450       0.000       4.096     129.000      -3.956     129.000      12.000       0.000   93350.000       0.000 -888888.000 -888888.000
 20260806031000
   -31.6500  -68.3000 
  ECOHUMUS                                   SURFACE                                    
  FM-12 SYNOP       ECOHUMUS               600  F     F         1
 -888888.000 -888888.000 -888888.000 -888888.000     600.000       0.000     297.850       0.000       3.109     129.000      -4.126     129.000      12.000       0.000   93350.000       0.000 -888888.000 -888888.000
 20260806031500
   -31.6500  -68.3000 
  ECOHUMUS                                   SURFACE                                    
  FM-12 SYNOP       ECOHUMUS               600  F     F         1
 -888888.000 -888888.000 -888888.000 -888888.000     600.000       0.000     297.850       0.000       3.461     129.000      -4.764     129.000      12.000       0.000   93350.000       0.000 -888888.000 -888888.000
 20260806032000
   -31.6500  -68.3000 
  ECOHUMUS                                   SURFACE                                    
  FM-12 SYNOP       ECOHUMUS               600  F     F         1
 -888888.000 -888888.000 -888888.000 -888888.000     600.000       0.000     297.550       0.000       1.914     129.000      -4.104     129.000      12.000       0.000   93350.000       0.000 -888888.000 -888888.000
 20260806032500
   -31.6500  -68.3000 
  ECOHUMUS                                   SURFACE                                    
  FM-12 SYNOP       ECOHUMUS               600  F     F         1
 -888888.000 -888888.000 -888888.000 -888888.000     600.000       0.000     297.350       0.000       2.788     129.000      -3.208     129.000      12.000       0.000   93350.000       0.000 -888888.000 -888888.000
 20260806033000
   -31.6500  -68.3000 
  ECOHUMUS                                   SURFACE                                    
  FM-12 SYNOP       ECOHUMUS               600  F     F         1
 -888888.000 -888888.000 -888888.000 -888888.000     600.000       0.000     296.950       0.000       2.480     129.000      -1.737     129.000      13.000       0.000   93360.000       0.000 -888888.000 -888888.000
 20260806033500
   -31.6500  -68.3000 
  ECOHUMUS                                   SURFACE                                    
  FM-12 SYNOP       ECOHUMUS               600  F     F         1
 -888888.000 -888888.000 -888888.000 -888888.000     600.000       0.000     296.950       0.000       3.646     129.000      -1.185     129.000      12.000       0.000   93360.000       0.000 -888888.000 -888888.000
 20260806034000
   -31.6500  -68.3000 
  ECOHUMUS                                   SURFACE                                    
  FM-12 SYNOP       ECOHUMUS               600  F     F         1
 -888888.000 -888888.000 -888888.000 -888888.000     600.000       0.000     296.950       0.000       1.729     129.000      -3.545     129.000      12.000       0.000   93360.000       0.000 -888888.000 -888888.000
 20260806034500
   -31.6500  -68.3000 
  ECOHUMUS                                   SURFACE                                    
  FM-12 SYNOP       ECOHUMUS               600  F     F         1
 -888888.000 -888888.000 -888888.000 -888888.000     600.000       0.000     296.950       0.000       0.404     129.000      -3.840     129.000      12.000       0.000   93350.000       0.000 -888888.000 -888888.000
 20260806035000
   -31.6500  -68.3000 
  ECOHUMUS                                   SURFACE                                    
  FM-12 SYNOP       ECOHUMUS               600  F     F         1
 -888888.000 -888888.000 -888888.000 -888888.000     600.000       0.000     297.150       0.000       2.119     129.000      -3.026     129.000      12.000       0.000   93350.000       0.000 -888888.000 -888888.000
 20260806035500
   -31.6500  -68.3000 
  ECOHUMUS                                   SURFACE                                    
  FM-12 SYNOP       ECOHUMUS               600  F     F         1
 -888888.000 -888888.000 -888888.000 -888888.000     600.000       0.000     296.650       0.000       1.659     129.000      -1.718     129.000      13.000       0.000   93360.000       0.000 -888888.000 -888888.000
 20260806040000
   -31.6500  -68.3000 
  ECOHUMUS                                   SURFACE                                    
  FM-12 SYNOP       ECOHUMUS               600  F     F         1
 -888888.000 -888888.000 -888888.000 -888888.000     600.000       0.000     296.350       0.000       1.837     129.000      -1.654     129.000      13.000       0.000   93380.000       0.000 -888888.000 -888888.000
 20260806040500
   -31.6500  -68.3000 
  ECOHUMUS                                   SURFACE                                    
  FM-12 SYNOP       ECOHUMUS               600  F     F         1
 -888888.000 -888888.000 -888888.000 -888888.000     600.000       0.000     295.950       0.000       1.614     129.000      -0.285     129.000      13.000       0.000   93380.000       0.000 -888888.000 -888888.000
 20260806041000
   -31.6500  -68.3000 
  ECOHUMUS                                   SURFACE                                    
  FM-12 SYNOP       ECOHUMUS               600  F     F         1
 -888888.000 -888888.000 -888888.000 -888888.000     600.000       0.000     295.450       0.000       1.079     129.000      -0.094     129.000      14.000       0.000   93370.000       0.000 -888888.000 -888888.000
 20260806041500
   -31.6500  -68.3000 
  ECOHUMUS                                   SURFACE                                    
  FM-12 SYNOP       ECOHUMUS               600  F     F         1
 -888888.000 -888888.000 -888888.000 -888888.000     600.000       0.000     294.850       0.000       1.306     129.000       0.000     129.000      14.000       0.000   93370.000       0.000 -888888.000 -888888.000
 20260806042000
   -31.6500  -68.3000 
  ECOHUMUS                                   SURFACE                                    
  FM-12 SYNOP       ECOHUMUS               600  F     F         1
 -888888.000 -888888.000 -888888.000 -888888.000     600.000       0.000     294.850       0.000       0.882     129.000      -0.108     129.000      14.000       0.000   93390.000       0.000 -888888.000 -888888.000
 20260806042500
   -31.6500  -68.3000 
  ECOHUMUS                                   SURFACE                                    
  FM-12 SYNOP       ECOHUMUS               600  F     F         1
 -888888.000 -888888.000 -888888.000 -888888.000     600.000       0.000     294.550       0.000       0.406     129.000      -1.415     129.000      14.000       0.000   93390.000       0.000 -888888.000 -888888.000
 20260806050000
   -31.6500  -68.3000 
  ECOHUMUS                                   SURFACE                                    
  FM-12 SYNOP       ECOHUMUS               600  F     F         1
 -888888.000 -888888.000 -888888.000 -888888.000     600.000       0.000     283.850       0.000      -0.728     129.000       1.803     129.000      72.000       0.000   93490.000       0.000 -888888.000 -888888.000
 20260806050500
   -31.6500  -68.3000 
  ECOHUMUS                                   SURFACE                                    
  FM-12 SYNOP       ECOHUMUS               600  F     F         1
 -888888.000 -888888.000 -888888.000 -888888.000     600.000       0.000     283.050       0.000      -0.786     129.000       0.786     129.000      77.000       0.000   93530.000       0.000 -888888.000 -888888.000
 20260806051000
   -31.6500  -68.3000 
  ECOHUMUS                                   SURFACE                                    
  FM-12 SYNOP       ECOHUMUS               600  F     F         1
 -888888.000 -888888.000 -888888.000 -888888.000     600.000       0.000     282.750       0.000      -0.970     129.000       1.287     129.000      80.000       0.000   93550.000       0.000 -888888.000 -888888.000
 20260806051500
   -31.6500  -68.3000 
  ECOHUMUS                                   SURFACE                                    
  FM-12 SYNOP       ECOHUMUS               600  F     F         1
 -888888.000 -888888.000 -888888.000 -888888.000     600.000       0.000     282.550       0.000      -0.821     129.000       0.979     129.000      81.000       0.000   93550.000       0.000 -888888.000 -888888.000
 20260806052000
   -31.6500  -68.3000 
  ECOHUMUS                                   SURFACE                                    
  FM-12 SYNOP       ECOHUMUS               600  F     F         1
 -888888.000 -888888.000 -888888.000 -888888.000     600.000       0.000     282.450       0.000      -0.548     129.000       1.426     129.000      83.000       0.000   93600.000       0.000 -888888.000 -888888.000
 20260806052500
   -31.6500  -68.3000 
  ECOHUMUS                                   SURFACE                                    
  FM-12 SYNOP       ECOHUMUS               600  F     F         1
 -888888.000 -888888.000 -888888.000 -888888.000     600.000       0.000     283.050       0.000      -0.101     129.000       2.887     129.000      84.000       0.000   93620.000       0.000 -888888.000 -888888.000
 20260806053000
   -31.6500  -68.3000 
  ECOHUMUS                                   SURFACE                                    
  FM-12 SYNOP       ECOHUMUS               600  F     F         1
 -888888.000 -888888.000 -888888.000 -888888.000     600.000       0.000     284.250       0.000      -1.042     129.000       3.891     129.000      87.000       0.000   93650.000       0.000 -888888.000 -888888.000
 20260806053500
   -31.6500  -68.3000 
  ECOHUMUS                                   SURFACE                                    
  FM-12 SYNOP       ECOHUMUS               600  F     F         1
 -888888.000 -888888.000 -888888.000 -888888.000     600.000       0.000     284.350       0.000      -2.395     129.000       2.957     129.000      91.000       0.000   93670.000       0.000 -888888.000 -888888.000
 20260806054000
   -31.6500  -68.3000 
  ECOHUMUS                                   SURFACE                                    
  FM-12 SYNOP       ECOHUMUS               600  F     F         1
 -888888.000 -888888.000 -888888.000 -888888.000     600.000       0.000     284.250       0.000      -2.361     129.000       2.622     129.000      92.000       0.000   93710.000       0.000 -888888.000 -888888.000
 20260806054500
   -31.6500  -68.3000 
  ECOHUMUS                                   SURFACE                                    
  FM-12 SYNOP       ECOHUMUS               600  F     F         1
 -888888.000 -888888.000 -888888.000 -888888.000     600.000       0.000     284.350       0.000      -3.034     129.000       2.204     129.000      93.000       0.000   93740.000       0.000 -888888.000 -888888.000
 20260806055000
   -31.6500  -68.3000 
  ECOHUMUS                                   SURFACE                                    
  FM-12 SYNOP       ECOHUMUS               600  F     F         1
 -888888.000 -888888.000 -888888.000 -888888.000     600.000       0.000     284.450       0.000      -2.531     129.000       3.240     129.000      94.000       0.000   93740.000       0.000 -888888.000 -888888.000
 20260806055500
   -31.6500  -68.3000 
  ECOHUMUS                                   SURFACE                                    
  FM-12 SYNOP       ECOHUMUS               600  F     F         1
 -888888.000 -888888.000 -888888.000 -888888.000     600.000       0.000     284.350       0.000      -2.098     129.000       2.026     129.000      94.000       0.000   93750.000       0.000 -888888.000 -888888.000
 20260806060000
   -31.6500  -68.3000 
  ECOHUMUS                                   SURFACE                                    
  FM-12 SYNOP       ECOHUMUS               600  F     F         1
 -888888.000 -888888.000 -888888.000 -888888.000     600.000       0.000     283.450       0.000      -2.144     129.000       1.340     129.000      95.000       0.000   93770.000       0.000 -888888.000 -888888.000
 20260806060500
   -31.6500  -68.3000 
  ECOHUMUS                                   SURFACE                                    
  FM-12 SYNOP       ECOHUMUS               600  F     F         1
 -888888.000 -888888.000 -888888.000 -888888.000     600.000       0.000     283.750       0.000      -2.102     129.000       2.102     129.000      95.000       0.000   93790.000       0.000 -888888.000 -888888.000
 20260806061000
   -31.6500  -68.3000 
  ECOHUMUS                                   SURFACE                                    
  FM-12 SYNOP       ECOHUMUS               600  F     F         1
 -888888.000 -888888.000 -888888.000 -888888.000     600.000       0.000     283.950       0.000      -1.135     129.000       2.134     129.000      95.000       0.000   93810.000       0.000 -888888.000 -888888.000
 20260806061500
   -31.6500  -68.3000 
  ECOHUMUS                                   SURFACE                                    
  FM-12 SYNOP       ECOHUMUS               600  F     F         1
 -888888.000 -888888.000 -888888.000 -888888.000     600.000       0.000     284.250       0.000      -1.674     129.000       2.786     129.000      96.000       0.000   93820.000       0.000 -888888.000 -888888.000
 20260806062000
   -31.6500  -68.3000 
  ECOHUMUS                                   SURFACE                                    
  FM-12 SYNOP       ECOHUMUS               600  F     F         1
 -888888.000 -888888.000 -888888.000 -888888.000     600.000       0.000     284.350       0.000      -1.856     129.000       2.462     129.000      95.000       0.000   93840.000       0.000 -888888.000 -888888.000
 20260806062500
   -31.6500  -68.3000 
  ECOHUMUS                                   SURFACE                                    
  FM-12 SYNOP       ECOHUMUS               600  F     F         1
 -888888.000 -888888.000 -888888.000 -888888.000     600.000       0.000     284.650       0.000      -1.039     129.000       3.197     129.000      94.000       0.000   93860.000       0.000 -888888.000 -888888.000
 20260806063000
   -31.6500  -68.3000 
  ECOHUMUS                                   SURFACE                                    
  FM-12 SYNOP       ECOHUMUS               600  F     F         1
 -888888.000 -888888.000 -888888.000 -888888.000     600.000       0.000     285.250       0.000      -2.086     129.000       2.670     129.000      93.000       0.000   93880.000       0.000 -888888.000 -888888.000
 20260806063500
   -31.6500  -68.3000 
  ECOHUMUS                                   SURFACE                                    
  FM-12 SYNOP       ECOHUMUS               600  F     F         1
 -888888.000 -888888.000 -888888.000 -888888.000     600.000       0.000     285.550       0.000      -2.098     129.000       2.590     129.000      92.000       0.000   93910.000       0.000 -888888.000 -888888.000
 20260806064000
   -31.6500  -68.3000 
  ECOHUMUS                                   SURFACE                                    
  FM-12 SYNOP       ECOHUMUS               600  F     F         1
 -888888.000 -888888.000 -888888.000 -888888.000     600.000       0.000     285.850       0.000      -2.119     129.000       3.026     129.000      91.000       0.000   93940.000       0.000 -888888.000 -888888.000
 20260806064500
   -31.6500  -68.3000 
  ECOHUMUS                                   SURFACE                                    
  FM-12 SYNOP       ECOHUMUS               600  F     F         1
 -888888.000 -888888.000 -888888.000 -888888.000     600.000       0.000     286.050       0.000      -1.629     129.000       2.940     129.000      91.000       0.000   93970.000       0.000 -888888.000 -888888.000
 20260806065000
   -31.6500  -68.3000 
  ECOHUMUS                                   SURFACE                                    
  FM-12 SYNOP       ECOHUMUS               600  F     F         1
 -888888.000 -888888.000 -888888.000 -888888.000     600.000       0.000     286.150       0.000      -0.610     129.000       3.136     129.000      91.000       0.000   93980.000       0.000 -888888.000 -888888.000
 20260806065500
   -31.6500  -68.3000 
  ECOHUMUS                                   SURFACE                                    
  FM-12 SYNOP       ECOHUMUS               600  F     F         1
 -888888.000 -888888.000 -888888.000 -888888.000     600.000       0.000     286.150       0.000      -2.041     129.000       2.809     129.000      91.000       0.000   94010.000       0.000 -888888.000 -888888.000
 20260806070000
   -31.6500  -68.3000 
  ECOHUMUS                                   SURFACE                                    
  FM-12 SYNOP       ECOHUMUS               600  F     F         1
 -888888.000 -888888.000 -888888.000 -888888.000     600.000       0.000     286.250       0.000      -1.039     129.000       2.335     129.000      91.000       0.000   94050.000       0.000 -888888.000 -888888.000
 20260806070500
   -31.6500  -68.3000 
  ECOHUMUS                                   SURFACE                                    
  FM-12 SYNOP       ECOHUMUS               600  F     F         1
 -888888.000 -888888.000 -888888.000 -888888.000     600.000       0.000     286.350       0.000      -0.466     129.000       2.400     129.000      91.000       0.000   94080.000       0.000 -888888.000 -888888.000
 20260806071000
   -31.6500  -68.3000 
  ECOHUMUS                                   SURFACE                                    
  FM-12 SYNOP       ECOHUMUS               600  F     F         1
 -888888.000 -888888.000 -888888.000 -888888.000     600.000       0.000     286.350       0.000      -0.986     129.000       2.022     129.000      91.000       0.000   94110.000       0.000 -888888.000 -888888.000
 20260806071500
   -31.6500  -68.3000 
  ECOHUMUS                                   SURFACE                                    
  FM-12 SYNOP       ECOHUMUS               600  F     F         1
 -888888.000 -888888.000 -888888.000 -888888.000     600.000       0.000     286.350       0.000      -1.352     129.000       2.771     129.000      91.000       0.000   94130.000       0.000 -888888.000 -888888.000
 20260806072000
   -31.6500  -68.3000 
  ECOHUMUS                                   SURFACE                                    
  FM-12 SYNOP       ECOHUMUS               600  F     F         1
 -888888.000 -888888.000 -888888.000 -888888.000     600.000       0.000     286.350       0.000      -0.808     129.000       2.219     129.000      91.000       0.000   94150.000       0.000 -888888.000 -888888.000
 20260806072500
   -31.6500  -68.3000 
  ECOHUMUS                                   SURFACE                                    
  FM-12 SYNOP       ECOHUMUS               600  F     F         1
 -888888.000 -888888.000 -888888.000 -888888.000     600.000       0.000     286.450       0.000      -0.595     129.000       2.799     129.000      90.000       0.000   94150.000       0.000 -888888.000 -888888.000
 20260806073000
   -31.6500  -68.3000 
  ECOHUMUS                                   SURFACE                                    
  FM-12 SYNOP       ECOHUMUS               600  F     F         1
 -888888.000 -888888.000 -888888.000 -888888.000     600.000       0.000     286.550       0.000      -1.619     129.000       2.591     129.000      90.000       0.000   94170.000       0.000 -888888.000 -888888.000
 20260806073500
   -31.6500  -68.3000 
  ECOHUMUS                                   SURFACE                                    
  FM-12 SYNOP       ECOHUMUS               600  F     F         1
 -888888.000 -888888.000 -888888.000 -888888.000     600.000       0.000     286.650       0.000      -0.886     129.000       2.308     129.000      90.000       0.000   94190.000       0.000 -888888.000 -888888.000
 20260806074000
   -31.6500  -68.3000 
  ECOHUMUS                                   SURFACE                                    
  FM-12 SYNOP       ECOHUMUS               600  F     F         1
 -888888.000 -888888.000 -888888.000 -888888.000     600.000       0.000     286.650       0.000      -0.271     129.000       3.099     129.000      90.000       0.000   94230.000       0.000 -888888.000 -888888.000
 20260806074500
   -31.6500  -68.3000 
  ECOHUMUS                                   SURFACE                                    
  FM-12 SYNOP       ECOHUMUS               600  F     F         1
 -888888.000 -888888.000 -888888.000 -888888.000     600.000       0.000     286.650       0.000      -0.114     129.000       3.276     129.000      90.000       0.000   94250.000       0.000 -888888.000 -888888.000
 20260806075000
   -31.6500  -68.3000 
  ECOHUMUS                                   SURFACE                                    
  FM-12 SYNOP       ECOHUMUS               600  F     F         1
 -888888.000 -888888.000 -888888.000 -888888.000     600.000       0.000     286.650       0.000       0.126     129.000       3.609     129.000      91.000       0.000   94270.000       0.000 -888888.000 -888888.000
 20260806075500
   -31.6500  -68.3000 
  ECOHUMUS                                   SURFACE                                    
  FM-12 SYNOP       ECOHUMUS               600  F     F         1
 -888888.000 -888888.000 -888888.000 -888888.000     600.000       0.000     286.550       0.000       0.307     129.000       3.514     129.000      91.000       0.000   94290.000       0.000 -888888.000 -888888.000
 20260806080000
   -31.6500  -68.3000 
  ECOHUMUS                                   SURFACE                                    
  FM-12 SYNOP       ECOHUMUS               600  F     F         1
 -888888.000 -888888.000 -888888.000 -888888.000     600.000       0.000     286.450       0.000       0.108     129.000       3.081     129.000      91.000       0.000   94300.000       0.000 -888888.000 -888888.000
 20260806080500
   -31.6500  -68.3000 
  ECOHUMUS                                   SURFACE                                    
  FM-12 SYNOP       ECOHUMUS               600  F     F         1
 -888888.000 -888888.000 -888888.000 -888888.000     600.000       0.000     286.350       0.000       0.125     129.000       3.581     129.000      91.000       0.000   94320.000       0.000 -888888.000 -888888.000
 20260806081000
   -31.6500  -68.3000 
  ECOHUMUS                                   SURFACE                                    
  FM-12 SYNOP       ECOHUMUS               600  F     F         1
 -888888.000 -888888.000 -888888.000 -888888.000     600.000       0.000     286.350       0.000      -1.072     129.000       3.506     129.000      91.000       0.000   94330.000       0.000 -888888.000 -888888.000
 20260806081500
   -31.6500  -68.3000 
  ECOHUMUS                                   SURFACE                                    
  FM-12 SYNOP       ECOHUMUS               600  F     F         1
 -888888.000 -888888.000 -888888.000 -888888.000     600.000       0.000     286.250       0.000       0.107     129.000       3.054     129.000      90.000       0.000   94350.000       0.000 -888888.000 -888888.000
 20260806082000
   -31.6500  -68.3000 
  ECOHUMUS                                   SURFACE                                    
  FM-12 SYNOP       ECOHUMUS               600  F     F         1
 -888888.000 -888888.000 -888888.000 -888888.000     600.000       0.000     286.250       0.000      -0.000     129.000       2.833     129.000      90.000       0.000   94380.000       0.000 -888888.000 -888888.000
 20260806082500
   -31.6500  -68.3000 
  ECOHUMUS                                   SURFACE                                    
  FM-12 SYNOP       ECOHUMUS               600  F     F         1
 -888888.000 -888888.000 -888888.000 -888888.000     600.000       0.000     286.150       0.000       0.193     129.000       3.689     129.000      90.000       0.000   94380.000       0.000 -888888.000 -888888.000
 20260806083000
   -31.6500  -68.3000 
  ECOHUMUS                                   SURFACE                                    
  FM-12 SYNOP       ECOHUMUS               600  F     F         1
 -888888.000 -888888.000 -888888.000 -888888.000     600.000       0.000     286.150       0.000      -0.138     129.000       3.942     129.000      90.000       0.000   94410.000       0.000 -888888.000 -888888.000
 20260806083500
   -31.6500  -68.3000 
  ECOHUMUS                                   SURFACE                                    
  FM-12 SYNOP       ECOHUMUS               600  F     F         1
 -888888.000 -888888.000 -888888.000 -888888.000     600.000       0.000     286.150       0.000       0.714     129.000       4.049     129.000      90.000       0.000   94430.000       0.000 -888888.000 -888888.000
 20260806084000
   -31.6500  -68.3000 
  ECOHUMUS                                   SURFACE                                    
  FM-12 SYNOP       ECOHUMUS               600  F     F         1
 -888888.000 -888888.000 -888888.000 -888888.000     600.000       0.000     286.250       0.000      -0.392     129.000       4.483     129.000      89.000       0.000   94450.000       0.000 -888888.000 -888888.000
 20260806084500
   -31.6500  -68.3000 
  ECOHUMUS                                   SURFACE                                    
  FM-12 SYNOP       ECOHUMUS               600  F     F         1
 -888888.000 -888888.000 -888888.000 -888888.000     600.000       0.000     286.150       0.000       0.241     129.000       4.605     129.000      88.000       0.000   94450.000       0.000 -888888.000 -888888.000
 20260806085000
   -31.6500  -68.3000 
  ECOHUMUS                                   SURFACE                                    
  FM-12 SYNOP       ECOHUMUS               600  F     F         1
 -888888.000 -888888.000 -888888.000 -888888.000     600.000       0.000     286.050       0.000      -1.811     129.000       5.574     129.000      85.000       0.000   94480.000       0.000 -888888.000 -888888.000
 20260806085500
   -31.6500  -68.3000 
  ECOHUMUS                                   SURFACE                                    
  FM-12 SYNOP       ECOHUMUS               600  F     F         1
 -888888.000 -888888.000 -888888.000 -888888.000     600.000       0.000     286.050       0.000      -2.531     129.000       5.684     129.000      79.000       0.000   94500.000       0.000 -888888.000 -888888.000
 20260806090000
   -31.6500  -68.3000 
  ECOHUMUS                                   SURFACE                                    
  FM-12 SYNOP       ECOHUMUS               600  F     F         1
 -888888.000 -888888.000 -888888.000 -888888.000     600.000       0.000     286.050       0.000      -0.730     129.000       4.609     129.000      75.000       0.000   94540.000       0.000 -888888.000 -888888.000
 20260806090500
   -31.6500  -68.3000 
  ECOHUMUS                                   SURFACE                                    
  FM-12 SYNOP       ECOHUMUS               600  F     F         1
 -888888.000 -888888.000 -888888.000 -888888.000     600.000       0.000     286.050       0.000      -0.497     129.000       4.724     129.000      74.000       0.000   94560.000       0.000 -888888.000 -888888.000
 20260806091000
   -31.6500  -68.3000 
  ECOHUMUS                                   SURFACE                                    
  FM-12 SYNOP       ECOHUMUS               600  F     F         1
 -888888.000 -888888.000 -888888.000 -888888.000     600.000       0.000     285.950       0.000      -0.947     129.000       4.456     129.000      73.000       0.000   94580.000       0.000 -888888.000 -888888.000
 20260806091500
   -31.6500  -68.3000 
  ECOHUMUS                                   SURFACE                                    
  FM-12 SYNOP       ECOHUMUS               600  F     F         1
 -888888.000 -888888.000 -888888.000 -888888.000     600.000       0.000     285.950       0.000      -1.831     129.000       4.533     129.000      72.000       0.000   94580.000       0.000 -888888.000 -888888.000
 20260806092000
   -31.6500  -68.3000 
  ECOHUMUS                                   SURFACE                                    
  FM-12 SYNOP       ECOHUMUS               600  F     F         1
 -888888.000 -888888.000 -888888.000 -888888.000     600.000       0.000     286.050       0.000      -2.694     129.000       4.311     129.000      71.000       0.000   94600.000       0.000 -888888.000 -888888.000
 20260806092500
   -31.6500  -68.3000 
  ECOHUMUS                                   SURFACE                                    
  FM-12 SYNOP       ECOHUMUS               600  F     F         1
 -888888.000 -888888.000 -888888.000 -888888.000     600.000       0.000     286.050       0.000      -2.209     129.000       3.984     129.000      71.000       0.000   94610.000       0.000 -888888.000 -888888.000
 20260806093000
   -31.6500  -68.3000 
  ECOHUMUS                                   SURFACE                                    
  FM-12 SYNOP       ECOHUMUS               600  F     F         1
 -888888.000 -888888.000 -888888.000 -888888.000     600.000       0.000     286.050       0.000      -1.465     129.000       4.255     129.000      71.000       0.000   94610.000       0.000 -888888.000 -888888.000
 20260806093500
   -31.6500  -68.3000 
  ECOHUMUS                                   SURFACE                                    
  FM-12 SYNOP       ECOHUMUS               600  F     F         1
 -888888.000 -888888.000 -888888.000 -888888.000     600.000       0.000     286.050       0.000      -0.971     129.000       3.622     129.000      72.000       0.000   94660.000       0.000 -888888.000 -888888.000
 20260806094000
   -31.6500  -68.3000 
  ECOHUMUS                                   SURFACE                                    
  FM-12 SYNOP       ECOHUMUS               600  F     F         1
 -888888.000 -888888.000 -888888.000 -888888.000     600.000       0.000     286.050       0.000      -1.652     129.000       4.305     129.000      72.000       0.000   94670.000       0.000 -888888.000 -888888.000
 20260806094500
   -31.6500  -68.3000 
  ECOHUMUS                                   SURFACE                                    
  FM-12 SYNOP       ECOHUMUS               600  F     F         1
 -888888.000 -888888.000 -888888.000 -888888.000     600.000       0.000     286.250       0.000      -1.456     129.000       4.229     129.000      71.000       0.000   94690.000       0.000 -888888.000 -888888.000
 20260806095000
   -31.6500  -68.3000 
  ECOHUMUS                                   SURFACE                                    
  FM-12 SYNOP       ECOHUMUS               600  F     F         1
 -888888.000 -888888.000 -888888.000 -888888.000     600.000       0.000     286.550       0.000      -2.691     129.000       3.572     129.000      68.000       0.000   94700.000       0.000 -888888.000 -888888.000
 20260806095500
   -31.6500  -68.3000 
  ECOHUMUS                                   SURFACE                                    
  FM-12 SYNOP       ECOHUMUS               600  F     F         1
 -888888.000 -888888.000 -888888.000 -888888.000     600.000       0.000     286.350       0.000      -3.086     129.000       4.752     129.000      67.000       0.000   94710.000       0.000 -888888.000 -888888.000
 20260806100000
   -31.6500  -68.3000 
  ECOHUMUS                                   SURFACE                                    
  FM-12 SYNOP       ECOHUMUS               600  F     F         1
 -888888.000 -888888.000 -888888.000 -888888.000     600.000       0.000     286.350       0.000      -3.145     129.000       3.372     129.000      66.000       0.000   94750.000       0.000 -888888.000 -888888.000
 20260806100500
   -31.6500  -68.3000 
  ECOHUMUS                                   SURFACE                                    
  FM-12 SYNOP       ECOHUMUS               600  F     F         1
 -888888.000 -888888.000 -888888.000 -888888.000     600.000       0.000     286.250       0.000      -0.726     129.000       3.736     129.000      65.000       0.000   94770.000       0.000 -888888.000 -888888.000
 20260806101000
   -31.6500  -68.3000 
  ECOHUMUS                                   SURFACE                                    
  FM-12 SYNOP       ECOHUMUS               600  F     F         1
 -888888.000 -888888.000 -888888.000 -888888.000     600.000       0.000     286.150       0.000      -1.284     129.000       5.148     129.000      63.000       0.000   94780.000       0.000 -888888.000 -888888.000
 20260806101500
   -31.6500  -68.3000 
  ECOHUMUS                                   SURFACE                                    
  FM-12 SYNOP       ECOHUMUS               600  F     F         1
 -888888.000 -888888.000 -888888.000 -888888.000     600.000       0.000     286.350       0.000      -0.916     129.000       5.198     129.000      61.000       0.000   94800.000       0.000 -888888.000 -888888.000
 20260806102000
   -31.6500  -68.3000 
  ECOHUMUS                                   SURFACE                                    
  FM-12 SYNOP       ECOHUMUS               600  F     F         1
 -888888.000 -888888.000 -888888.000 -888888.000     600.000       0.000     286.550       0.000      -0.234     129.000       4.466     129.000      59.000       0.000   94810.000       0.000 -888888.000 -888888.000
 20260806102500
   -31.6500  -68.3000 
  ECOHUMUS                                   SURFACE                                    
  FM-12 SYNOP       ECOHUMUS               600  F     F         1
 -888888.000 -888888.000 -888888.000 -888888.000     600.000       0.000     286.550       0.000       0.297     129.000       5.659     129.000      59.000       0.000   94830.000       0.000 -888888.000 -888888.000
 20260806103000
   -31.6500  -68.3000 
  ECOHUMUS                                   SURFACE                                    
  FM-12 SYNOP       ECOHUMUS               600  F     F         1
 -888888.000 -888888.000 -888888.000 -888888.000     600.000       0.000     286.250       0.000      -0.540     129.000       6.171     129.000      58.000       0.000   94860.000       0.000 -888888.000 -888888.000
 20260806103500
   -31.6500  -68.3000 
  ECOHUMUS                                   SURFACE                                    
  FM-12 SYNOP       ECOHUMUS               600  F     F         1
 -888888.000 -888888.000 -888888.000 -888888.000     600.000       0.000     285.950       0.000      -0.975     129.000       5.017     129.000      59.000       0.000   94880.000       0.000 -888888.000 -888888.000
 20260806104000
   -31.6500  -68.3000 
  ECOHUMUS                                   SURFACE                                    
  FM-12 SYNOP       ECOHUMUS               600  F     F         1
 -888888.000 -888888.000 -888888.000 -888888.000     600.000       0.000     286.050       0.000      -0.520     129.000       4.945     129.000      58.000       0.000   94890.000       0.000 -888888.000 -888888.000
 20260806104500
   -31.6500  -68.3000 
  ECOHUMUS                                   SURFACE                                    
  FM-12 SYNOP       ECOHUMUS               600  F     F         1
 -888888.000 -888888.000 -888888.000 -888888.000     600.000       0.000     286.450       0.000       0.626     129.000       5.101     129.000      58.000       0.000   94890.000       0.000 -888888.000 -888888.000
 20260806105000
   -31.6500  -68.3000 
  ECOHUMUS                                   SURFACE                                    
  FM-12 SYNOP       ECOHUMUS               600  F     F         1
 -888888.000 -888888.000 -888888.000 -888888.000     600.000       0.000     286.450       0.000       0.473     129.000       4.503     129.000      58.000       0.000   94910.000       0.000 -888888.000 -888888.000
 20260806105500
   -31.6500  -68.3000 
  ECOHUMUS                                   SURFACE                                    
  FM-12 SYNOP       ECOHUMUS               600  F     F         1
 -888888.000 -888888.000 -888888.000 -888888.000     600.000       0.000     286.550       0.000       0.518     129.000       4.218     129.000      58.000       0.000   94910.000       0.000 -888888.000 -888888.000
 20260806110000
   -31.6500  -68.3000 
  ECOHUMUS                                   SURFACE                                    
  FM-12 SYNOP       ECOHUMUS               600  F     F         1
 -888888.000 -888888.000 -888888.000 -888888.000     600.000       0.000     286.750       0.000      -0.187     129.000       5.358     129.000      57.000       0.000   94940.000       0.000 -888888.000 -888888.000
 20260806110500
   -31.6500  -68.3000 
  ECOHUMUS                                   SURFACE                                    
  FM-12 SYNOP       ECOHUMUS               600  F     F         1
 -888888.000 -888888.000 -888888.000 -888888.000     600.000       0.000     286.550       0.000      -0.580     129.000       4.126     129.000      57.000       0.000   94940.000       0.000 -888888.000 -888888.000
 20260806111000
   -31.6500  -68.3000 
  ECOHUMUS                                   SURFACE                                    
  FM-12 SYNOP       ECOHUMUS               600  F     F         1
 -888888.000 -888888.000 -888888.000 -888888.000     600.000       0.000     286.650       0.000       1.022     129.000       4.809     129.000      57.000       0.000   94950.000       0.000 -888888.000 -888888.000
 20260806111500
   -31.6500  -68.3000 
  ECOHUMUS                                   SURFACE                                    
  FM-12 SYNOP       ECOHUMUS               600  F     F         1
 -888888.000 -888888.000 -888888.000 -888888.000     600.000       0.000     286.550       0.000       0.555     129.000       5.276     129.000      57.000       0.000   94970.000       0.000 -888888.000 -888888.000
 20260806112000
   -31.6500  -68.3000 
  ECOHUMUS                                   SURFACE                                    
  FM-12 SYNOP       ECOHUMUS               600  F     F         1
 -888888.000 -888888.000 -888888.000 -888888.000     600.000       0.000     286.750       0.000       0.626     129.000       5.101     129.000      57.000       0.000   94990.000       0.000 -888888.000 -888888.000
 20260806112500
   -31.6500  -68.3000 
  ECOHUMUS                                   SURFACE                                    
  FM-12 SYNOP       ECOHUMUS               600  F     F         1
 -888888.000 -888888.000 -888888.000 -888888.000     600.000       0.000     286.250       0.000       2.260     129.000       5.075     129.000      59.000       0.000   94990.000       0.000 -888888.000 -888888.000
 20260806113000
   -31.6500  -68.3000 
  ECOHUMUS                                   SURFACE                                    
  FM-12 SYNOP       ECOHUMUS               600  F     F         1
 -888888.000 -888888.000 -888888.000 -888888.000     600.000       0.000     285.950       0.000      -2.021     129.000       3.802     129.000      59.000       0.000   95000.000       0.000 -888888.000 -888888.000
 20260806113500
   -31.6500  -68.3000 
  ECOHUMUS                                   SURFACE                                    
  FM-12 SYNOP       ECOHUMUS               600  F     F         1
 -888888.000 -888888.000 -888888.000 -888888.000     600.000       0.000     286.150       0.000      -1.549     129.000       4.255     129.000      59.000       0.000   95010.000       0.000 -888888.000 -888888.000
 20260806114000
   -31.6500  -68.3000 
  ECOHUMUS                                   SURFACE                                    
  FM-12 SYNOP       ECOHUMUS               600  F     F         1
 -888888.000 -888888.000 -888888.000 -888888.000     600.000       0.000     285.950       0.000      -0.253     129.000       4.827     129.000      59.000       0.000   95010.000       0.000 -888888.000 -888888.000
 20260806114500
   -31.6500  -68.3000 
  ECOHUMUS                                   SURFACE                                    
  FM-12 SYNOP       ECOHUMUS               600  F     F         1
 -888888.000 -888888.000 -888888.000 -888888.000     600.000       0.000     286.050       0.000       0.808     129.000       5.749     129.000      60.000       0.000   95010.000       0.000 -888888.000 -888888.000
 20260806115000
   -31.6500  -68.3000 
  ECOHUMUS                                   SURFACE                                    
  FM-12 SYNOP       ECOHUMUS               600  F     F         1
 -888888.000 -888888.000 -888888.000 -888888.000     600.000       0.000     285.650       0.000      -1.637     129.000       4.754     129.000      60.000       0.000   95000.000       0.000 -888888.000 -888888.000
 20260806115500
   -31.6500  -68.3000 
  ECOHUMUS                                   SURFACE                                    
  FM-12 SYNOP       ECOHUMUS               600  F     F         1
 -888888.000 -888888.000 -888888.000 -888888.000     600.000       0.000     285.950       0.000      -1.405     129.000       4.596     129.000      59.000       0.000   95000.000       0.000 -888888.000 -888888.000
 20260806120000
   -31.6500  -68.3000 
  ECOHUMUS                                   SURFACE                                    
  FM-12 SYNOP       ECOHUMUS               600  F     F         1
 -888888.000 -888888.000 -888888.000 -888888.000     600.000       0.000     286.150       0.000      -1.454     129.000       3.994     129.000      57.000       0.000   94990.000       0.000 -888888.000 -888888.000
 20260806120500
   -31.6500  -68.3000 
  ECOHUMUS                                   SURFACE                                    
  FM-12 SYNOP       ECOHUMUS               600  F     F         1
 -888888.000 -888888.000 -888888.000 -888888.000     600.000       0.000     285.950       0.000      -0.711     129.000       5.061     129.000      58.000       0.000   95000.000       0.000 -888888.000 -888888.000
 20260806121000
   -31.6500  -68.3000 
  ECOHUMUS                                   SURFACE                                    
  FM-12 SYNOP       ECOHUMUS               600  F     F         1
 -888888.000 -888888.000 -888888.000 -888888.000     600.000       0.000     286.150       0.000      -2.375     129.000       4.868     129.000      54.000       0.000   95010.000       0.000 -888888.000 -888888.000
 20260806121500
   -31.6500  -68.3000 
  ECOHUMUS                                   SURFACE                                    
  FM-12 SYNOP       ECOHUMUS               600  F     F         1
 -888888.000 -888888.000 -888888.000 -888888.000     600.000       0.000     286.450       0.000      -1.822     129.000       4.746     129.000      54.000       0.000   95000.000       0.000 -888888.000 -888888.000
 20260806122000
   -31.6500  -68.3000 
  ECOHUMUS                                   SURFACE                                    
  FM-12 SYNOP       ECOHUMUS               600  F     F         1
 -888888.000 -888888.000 -888888.000 -888888.000     600.000       0.000     286.350       0.000      -0.436     129.000       4.981     129.000      55.000       0.000   95000.000       0.000 -888888.000 -888888.000
 20260806122500
   -31.6500  -68.3000 
  ECOHUMUS                                   SURFACE                                    
  FM-12 SYNOP       ECOHUMUS               600  F     F         1
 -888888.000 -888888.000 -888888.000 -888888.000     600.000       0.000     286.550       0.000      -0.499     129.000       4.752     129.000      54.000       0.000   95000.000       0.000 -888888.000 -888888.000
 20260806123000
   -31.6500  -68.3000 
  ECOHUMUS                                   SURFACE                                    
  FM-12 SYNOP       ECOHUMUS               600  F     F         1
 -888888.000 -888888.000 -888888.000 -888888.000     600.000       0.000     286.350       0.000      -1.115     129.000       5.244     129.000      55.000       0.000   95000.000       0.000 -888888.000 -888888.000
 20260806123500
   -31.6500  -68.3000 
  ECOHUMUS                                   SURFACE                                    
  FM-12 SYNOP       ECOHUMUS               600  F     F         1
 -888888.000 -888888.000 -888888.000 -888888.000     600.000       0.000     286.250       0.000      -1.313     129.000       4.042     129.000      54.000       0.000   95000.000       0.000 -888888.000 -888888.000
 20260806124000
   -31.6500  -68.3000 
  ECOHUMUS                                   SURFACE                                    
  FM-12 SYNOP       ECOHUMUS               600  F     F         1
 -888888.000 -888888.000 -888888.000 -888888.000     600.000       0.000     286.250       0.000      -0.000     129.000       5.167     129.000      53.000       0.000   95000.000       0.000 -888888.000 -888888.000
 20260806124500
   -31.6500  -68.3000 
  ECOHUMUS                                   SURFACE                                    
  FM-12 SYNOP       ECOHUMUS               600  F     F         1
 -888888.000 -888888.000 -888888.000 -888888.000     600.000       0.000     286.150       0.000      -0.562     129.000       4.577     129.000      53.000       0.000   95010.000       0.000 -888888.000 -888888.000
 20260806125000
   -31.6500  -68.3000 
  ECOHUMUS                                   SURFACE                                    
  FM-12 SYNOP       ECOHUMUS               600  F     F         1
 -888888.000 -888888.000 -888888.000 -888888.000     600.000       0.000     286.350       0.000      -1.845     129.000       4.347     129.000      51.000       0.000   94990.000       0.000 -888888.000 -888888.000
 20260806125500
   -31.6500  -68.3000 
  ECOHUMUS                                   SURFACE                                    
  FM-12 SYNOP       ECOHUMUS               600  F     F         1
 -888888.000 -888888.000 -888888.000 -888888.000     600.000       0.000     286.350       0.000      -1.491     129.000       3.350     129.000      51.000       0.000   94990.000       0.000 -888888.000 -888888.000
 20260806130000
   -31.6500  -68.3000 
  ECOHUMUS                                   SURFACE                                    
  FM-12 SYNOP       ECOHUMUS               600  F     F         1
 -888888.000 -888888.000 -888888.000 -888888.000     600.000       0.000     286.650       0.000      -1.157     129.000       4.320     129.000      51.000       0.000   94980.000       0.000 -888888.000 -888888.000
 20260806130500
   -31.6500  -68.3000 
  ECOHUMUS                                   SURFACE                                    
  FM-12 SYNOP       ECOHUMUS               600  F     F         1
 -888888.000 -888888.000 -888888.000 -888888.000     600.000       0.000     286.650       0.000      -0.565     129.000       4.604     129.000      48.000       0.000   94980.000       0.000 -888888.000 -888888.000
 20260806131000
   -31.6500  -68.3000 
  ECOHUMUS                                   SURFACE                                    
  FM-12 SYNOP       ECOHUMUS               600  F     F         1
 -888888.000 -888888.000 -888888.000 -888888.000     600.000       0.000     286.450       0.000      -0.719     129.000       5.116     129.000      48.000       0.000   95000.000       0.000 -888888.000 -888888.000
 20260806131500
   -31.6500  -68.3000 
  ECOHUMUS                                   SURFACE                                    
  FM-12 SYNOP       ECOHUMUS               600  F     F         1
 -888888.000 -888888.000 -888888.000 -888888.000     600.000       0.000     286.450       0.000      -1.237     129.000       4.615     129.000      48.000       0.000   94990.000       0.000 -888888.000 -888888.000
 20260806132000
   -31.6500  -68.3000 
  ECOHUMUS                                   SURFACE                                    
  FM-12 SYNOP       ECOHUMUS               600  F     F         1
 -888888.000 -888888.000 -888888.000 -888888.000     600.000       0.000     286.250       0.000      -1.375     129.000       3.992     129.000      48.000       0.000   94990.000       0.000 -888888.000 -888888.000
 20260806132500
   -31.6500  -68.3000 
  ECOHUMUS                                   SURFACE                                    
  FM-12 SYNOP       ECOHUMUS               600  F     F         1
 -888888.000 -888888.000 -888888.000 -888888.000     600.000       0.000     286.550       0.000      -0.937     129.000       4.060     129.000      47.000       0.000   94970.000       0.000 -888888.000 -888888.000
 20260806133000
   -31.6500  -68.3000 
  ECOHUMUS                                   SURFACE                                    
  FM-12 SYNOP       ECOHUMUS               600  F     F         1
 -888888.000 -888888.000 -888888.000 -888888.000     600.000       0.000     286.850       0.000      -0.508     129.000       4.136     129.000      46.000       0.000   94960.000       0.000 -888888.000 -888888.000
 20260806133500
   -31.6500  -68.3000 
  ECOHUMUS                                   SURFACE                                    
  FM-12 SYNOP       ECOHUMUS               600  F     F         1
 -888888.000 -888888.000 -888888.000 -888888.000     600.000       0.000     286.750       0.000      -0.589     129.000       4.797     129.000      46.000       0.000   94960.000       0.000 -888888.000 -888888.000
 20260806134000
   -31.6500  -68.3000 
  ECOHUMUS                                   SURFACE                                    
  FM-12 SYNOP       ECOHUMUS               600  F     F         1
 -888888.000 -888888.000 -888888.000 -888888.000     600.000       0.000     286.750       0.000      -2.334     129.000       4.390     129.000      46.000       0.000   94980.000       0.000 -888888.000 -888888.000
 20260806134500
   -31.6500  -68.3000 
  ECOHUMUS                                   SURFACE                                    
  FM-12 SYNOP       ECOHUMUS               600  F     F         1
 -888888.000 -888888.000 -888888.000 -888888.000     600.000       0.000     286.950       0.000      -0.769     129.000       3.954     129.000      46.000       0.000   94970.000       0.000 -888888.000 -888888.000
 20260806135000
   -31.6500  -68.3000 
  ECOHUMUS                                   SURFACE                                    
  FM-12 SYNOP       ECOHUMUS               600  F     F         1
 -888888.000 -888888.000 -888888.000 -888888.000     600.000       0.000     287.050       0.000      -1.929     129.000       3.787     129.000      45.000       0.000   94980.000       0.000 -888888.000 -888888.000
 20260806135500
   -31.6500  -68.3000 
  ECOHUMUS                                   SURFACE                                    
  FM-12 SYNOP       ECOHUMUS               600  F     F         1
 -888888.000 -888888.000 -888888.000 -888888.000     600.000       0.000     287.250       0.000      -1.095     129.000       3.818     129.000      45.000       0.000   94970.000       0.000 -888888.000 -888888.000
 20260806140000
   -31.6500  -68.3000 
  ECOHUMUS                                   SURFACE                                    
  FM-12 SYNOP       ECOHUMUS               600  F     F         1
 -888888.000 -888888.000 -888888.000 -888888.000     600.000       0.000     287.250       0.000      -1.574     129.000       3.708     129.000      45.000       0.000   94970.000       0.000 -888888.000 -888888.000
 20260806140500
   -31.6500  -68.3000 
  ECOHUMUS                                   SURFACE                                    
  FM-12 SYNOP       ECOHUMUS               600  F     F         1
 -888888.000 -888888.000 -888888.000 -888888.000     600.000       0.000     287.450       0.000      -0.152     129.000       4.358     129.000      44.000       0.000   94970.000       0.000 -888888.000 -888888.000
 20260806141000
   -31.6500  -68.3000 
  ECOHUMUS                                   SURFACE                                    
  FM-12 SYNOP       ECOHUMUS               600  F     F         1
 -888888.000 -888888.000 -888888.000 -888888.000     600.000       0.000     287.250       0.000      -0.464     129.000       3.777     129.000      44.000       0.000   94960.000       0.000 -888888.000 -888888.000
 20260806141500
   -31.6500  -68.3000 
  ECOHUMUS                                   SURFACE                                    
  FM-12 SYNOP       ECOHUMUS               600  F     F         1
 -888888.000 -888888.000 -888888.000 -888888.000     600.000       0.000     287.650       0.000      -1.299     129.000       4.250     129.000      43.000       0.000   94950.000       0.000 -888888.000 -888888.000
 20260806142000
   -31.6500  -68.3000 
  ECOHUMUS                                   SURFACE                                    
  FM-12 SYNOP       ECOHUMUS               600  F     F         1
 -888888.000 -888888.000 -888888.000 -888888.000     600.000       0.000     287.550       0.000      -1.301     129.000       3.219     129.000      43.000       0.000   94960.000       0.000 -888888.000 -888888.000
 20260806142500
   -31.6500  -68.3000 
  ECOHUMUS                                   SURFACE                                    
  FM-12 SYNOP       ECOHUMUS               600  F     F         1
 -888888.000 -888888.000 -888888.000 -888888.000     600.000       0.000     287.850       0.000       1.294     129.000       4.513     129.000      42.000       0.000   94940.000       0.000 -888888.000 -888888.000
 20260806143000
   -31.6500  -68.3000 
  ECOHUMUS                                   SURFACE                                    
  FM-12 SYNOP       ECOHUMUS               600  F     F         1
 -888888.000 -888888.000 -888888.000 -888888.000     600.000       0.000     287.950       0.000      -0.884     129.000       3.300     129.000      42.000       0.000   94940.000       0.000 -888888.000 -888888.000
 20260806143500
   -31.6500  -68.3000 
  ECOHUMUS                                   SURFACE                                    
  FM-12 SYNOP       ECOHUMUS               600  F     F         1
 -888888.000 -888888.000 -888888.000 -888888.000     600.000       0.000     288.250       0.000       0.339     129.000       4.849     129.000      41.000       0.000   94930.000       0.000 -888888.000 -888888.000
 20260806144000
   -31.6500  -68.3000 
  ECOHUMUS                                   SURFACE                                    
  FM-12 SYNOP       ECOHUMUS               600  F     F         1
 -888888.000 -888888.000 -888888.000 -888888.000     600.000       0.000     287.850       0.000       0.501     129.000       4.080     129.000      42.000       0.000   94930.000       0.000 -888888.000 -888888.000
 20260806144500
   -31.6500  -68.3000 
  ECOHUMUS                                   SURFACE                                    
  FM-12 SYNOP       ECOHUMUS               600  F     F         1
 -888888.000 -888888.000 -888888.000 -888888.000     600.000       0.000     288.050       0.000      -0.000     129.000       3.389     129.000      41.000       0.000   94910.000       0.000 -888888.000 -888888.000
 20260806145000
   -31.6500  -68.3000 
  ECOHUMUS                                   SURFACE                                    
  FM-12 SYNOP       ECOHUMUS               600  F     F         1
 -888888.000 -888888.000 -888888.000 -888888.000     600.000       0.000     288.450       0.000      -0.797     129.000       3.750     129.000      41.000       0.000   94920.000       0.000 -888888.000 -888888.000
 20260806145500
   -31.6500  -68.3000 
  ECOHUMUS                                   SURFACE                                    
  FM-12 SYNOP       ECOHUMUS               600  F     F         1
 -888888.000 -888888.000 -888888.000 -888888.000     600.000       0.000     288.250       0.000       0.515     129.000       4.191     129.000      41.000       0.000   94930.000       0.000 -888888.000 -888888.000
 20260806150000
   -31.6500  -68.3000 
  ECOHUMUS                                   SURFACE                                    
  FM-12 SYNOP       ECOHUMUS               600  F     F         1
 -888888.000 -888888.000 -888888.000 -888888.000     600.000       0.000     288.150       0.000      -0.322     129.000       4.600     129.000      41.000       0.000   94920.000       0.000 -888888.000 -888888.000
 20260806150500
   -31.6500  -68.3000 
  ECOHUMUS                                   SURFACE                                    
  FM-12 SYNOP       ECOHUMUS               600  F     F         1
 -888888.000 -888888.000 -888888.000 -888888.000     600.000       0.000     288.050       0.000      -1.344     129.000       3.501     129.000      40.000       0.000   94920.000       0.000 -888888.000 -888888.000
 20260806151000
   -31.6500  -68.3000 
  ECOHUMUS                                   SURFACE                                    
  FM-12 SYNOP       ECOHUMUS               600  F     F         1
 -888888.000 -888888.000 -888888.000 -888888.000     600.000       0.000     288.250       0.000      -0.202     129.000       3.856     129.000      40.000       0.000   94920.000       0.000 -888888.000 -888888.000
 20260806151500
   -31.6500  -68.3000 
  ECOHUMUS                                   SURFACE                                    
  FM-12 SYNOP       ECOHUMUS               600  F     F         1
 -888888.000 -888888.000 -888888.000 -888888.000     600.000       0.000     288.350       0.000      -0.652     129.000       3.354     129.000      40.000       0.000   94930.000       0.000 -888888.000 -888888.000
 20260806152000
   -31.6500  -68.3000 
  ECOHUMUS                                   SURFACE                                    
  FM-12 SYNOP       ECOHUMUS               600  F     F         1
 -888888.000 -888888.000 -888888.000 -888888.000     600.000       0.000     288.450       0.000      -0.959     129.000       2.784     129.000      40.000       0.000   94930.000       0.000 -888888.000 -888888.000
 20260806152500
   -31.6500  -68.3000 
  ECOHUMUS                                   SURFACE                                    
  FM-12 SYNOP       ECOHUMUS               600  F     F         1
 -888888.000 -888888.000 -888888.000 -888888.000     600.000       0.000     288.550       0.000       0.988     129.000       3.445     129.000      40.000       0.000   94900.000       0.000 -888888.000 -888888.000
 20260806153000
   -31.6500  -68.3000 
  ECOHUMUS                                   SURFACE                                    
  FM-12 SYNOP       ECOHUMUS               600  F     F         1
 -888888.000 -888888.000 -888888.000 -888888.000     600.000       0.000     288.350       0.000      -0.320     129.000       3.653     129.000      39.000       0.000   94920.000       0.000 -888888.000 -888888.000
 20260806153500
   -31.6500  -68.3000 
  ECOHUMUS                                   SURFACE                                    
  FM-12 SYNOP       ECOHUMUS               600  F     F         1
 -888888.000 -888888.000 -888888.000 -888888.000     600.000       0.000     288.450       0.000       1.364     129.000       3.553     129.000      39.000       0.000   94920.000       0.000 -888888.000 -888888.000
 20260806154000
   -31.6500  -68.3000 
  ECOHUMUS                                   SURFACE                                    
  FM-12 SYNOP       ECOHUMUS               600  F     F         1
 -888888.000 -888888.000 -888888.000 -888888.000     600.000       0.000     288.350       0.000       0.552     129.000       3.484     129.000      39.000       0.000   94920.000       0.000 -888888.000 -888888.000
 20260806154500
   -31.6500  -68.3000 
  ECOHUMUS                                   SURFACE                                    
  FM-12 SYNOP       ECOHUMUS               600  F     F         1
 -888888.000 -888888.000 -888888.000 -888888.000     600.000       0.000     288.450       0.000      -0.522     129.000       3.714     129.000      39.000       0.000   94910.000       0.000 -888888.000 -888888.000
 20260806155000
   -31.6500  -68.3000 
  ECOHUMUS                                   SURFACE                                    
  FM-12 SYNOP       ECOHUMUS               600  F     F         1
 -888888.000 -888888.000 -888888.000 -888888.000     600.000       0.000     288.550       0.000      -0.957     129.000       3.338     129.000      39.000       0.000   94920.000       0.000 -888888.000 -888888.000
 20260806155500
   -31.6500  -68.3000 
  ECOHUMUS                                   SURFACE                                    
  FM-12 SYNOP       ECOHUMUS               600  F     F         1
 -888888.000 -888888.000 -888888.000 -888888.000     600.000       0.000     288.650       0.000       0.342     129.000       2.785     129.000      38.000       0.000   94910.000       0.000 -888888.000 -888888.000
 20260806160000
   -31.6500  -68.3000 
  ECOHUMUS                                   SURFACE                                    
  FM-12 SYNOP       ECOHUMUS               600  F     F         1
 -888888.000 -888888.000 -888888.000 -888888.000     600.000       0.000     288.750       0.000       0.151     129.000       2.885     129.000      38.000       0.000   94910.000       0.000 -888888.000 -888888.000
 20260806160500
   -31.6500  -68.3000 
  ECOHUMUS                                   SURFACE                                    
  FM-12 SYNOP       ECOHUMUS               600  F     F         1
 -888888.000 -888888.000 -888888.000 -888888.000     600.000       0.000     288.750       0.000      -0.363     129.000       3.453     129.000      38.000       0.000   94910.000       0.000 -888888.000 -888888.000
 20260806161000
   -31.6500  -68.3000 
  ECOHUMUS                                   SURFACE                                    
  FM-12 SYNOP       ECOHUMUS               600  F     F         1
 -888888.000 -888888.000 -888888.000 -888888.000     600.000       0.000     288.850       0.000      -0.751     129.000       3.532     129.000      38.000       0.000   94900.000       0.000 -888888.000 -888888.000
 20260806161500
   -31.6500  -68.3000 
  ECOHUMUS                                   SURFACE                                    
  FM-12 SYNOP       ECOHUMUS               600  F     F         1
 -888888.000 -888888.000 -888888.000 -888888.000     600.000       0.000     288.650       0.000       0.578     129.000       2.972     129.000      38.000       0.000   94900.000       0.000 -888888.000 -888888.000
 20260806162000
   -31.6500  -68.3000 
  ECOHUMUS                                   SURFACE                                    
  FM-12 SYNOP       ECOHUMUS               600  F     F         1
 -888888.000 -888888.000 -888888.000 -888888.000     600.000       0.000     289.150       0.000      -0.232     129.000       2.657     129.000      37.000       0.000   94890.000       0.000 -888888.000 -888888.000
 20260806162500
   -31.6500  -68.3000 
  ECOHUMUS                                   SURFACE                                    
  FM-12 SYNOP       ECOHUMUS               600  F     F         1
 -888888.000 -888888.000 -888888.000 -888888.000     600.000       0.000     289.150       0.000       0.057     129.000       3.277     129.000      37.000       0.000   94890.000       0.000 -888888.000 -888888.000
 20260806163000
   -31.6500  -68.3000 
  ECOHUMUS                                   SURFACE                                    
  FM-12 SYNOP       ECOHUMUS               600  F     F         1
 -888888.000 -888888.000 -888888.000 -888888.000     600.000       0.000     289.050       0.000       0.891     129.000       3.327     129.000      37.000       0.000   94890.000       0.000 -888888.000 -888888.000
 20260806163500
   -31.6500  -68.3000 
  ECOHUMUS                                   SURFACE                                    
  FM-12 SYNOP       ECOHUMUS               600  F     F         1
 -888888.000 -888888.000 -888888.000 -888888.000     600.000       0.000     289.050       0.000       0.440     129.000       3.584     129.000      36.000       0.000   94890.000       0.000 -888888.000 -888888.000
 20260806164000
   -31.6500  -68.3000 
  ECOHUMUS                                   SURFACE                                    
  FM-12 SYNOP       ECOHUMUS               600  F     F         1
 -888888.000 -888888.000 -888888.000 -888888.000     600.000       0.000     288.950       0.000       1.107     129.000       3.408     129.000      36.000       0.000   94870.000       0.000 -888888.000 -888888.000
 20260806164500
   -31.6500  -68.3000 
  ECOHUMUS                                   SURFACE                                    
  FM-12 SYNOP       ECOHUMUS               600  F     F         1
 -888888.000 -888888.000 -888888.000 -888888.000     600.000       0.000     289.150       0.000       1.028     129.000       3.837     129.000      36.000       0.000   94890.000       0.000 -888888.000 -888888.000
 20260806165000
   -31.6500  -68.3000 
  ECOHUMUS                                   SURFACE                                    
  FM-12 SYNOP       ECOHUMUS               600  F     F         1
 -888888.000 -888888.000 -888888.000 -888888.000     600.000       0.000     288.950       0.000       1.121     129.000       3.666     129.000      36.000       0.000   94870.000       0.000 -888888.000 -888888.000
 20260806165500
   -31.6500  -68.3000 
  ECOHUMUS                                   SURFACE                                    
  FM-12 SYNOP       ECOHUMUS               600  F     F         1
 -888888.000 -888888.000 -888888.000 -888888.000     600.000       0.000     288.950       0.000       0.256     129.000       3.658     129.000      36.000       0.000   94880.000       0.000 -888888.000 -888888.000
 20260806170000
   -31.6500  -68.3000 
  ECOHUMUS                                   SURFACE                                    
  FM-12 SYNOP       ECOHUMUS               600  F     F         1
 -888888.000 -888888.000 -888888.000 -888888.000     600.000       0.000     288.950       0.000      -0.625     129.000       3.218     129.000      36.000       0.000   94880.000       0.000 -888888.000 -888888.000
 20260806170500
   -31.6500  -68.3000 
  ECOHUMUS                                   SURFACE                                    
  FM-12 SYNOP       ECOHUMUS               600  F     F         1
 -888888.000 -888888.000 -888888.000 -888888.000     600.000       0.000     289.050       0.000      -0.911     129.000       3.178     129.000      36.000       0.000   94900.000       0.000 -888888.000 -888888.000
 20260806171000
   -31.6500  -68.3000 
  ECOHUMUS                                   SURFACE                                    
  FM-12 SYNOP       ECOHUMUS               600  F     F         1
 -888888.000 -888888.000 -888888.000 -888888.000     600.000       0.000     289.150       0.000       0.055     129.000       3.138     129.000      36.000       0.000   94890.000       0.000 -888888.000 -888888.000
 20260806171500
   -31.6500  -68.3000 
  ECOHUMUS                                   SURFACE                                    
  FM-12 SYNOP       ECOHUMUS               600  F     F         1
 -888888.000 -888888.000 -888888.000 -888888.000     600.000       0.000     289.150       0.000       0.124     129.000       3.553     129.000      33.000       0.000   94880.000       0.000 -888888.000 -888888.000
 20260806172000
   -31.6500  -68.3000 
  ECOHUMUS                                   SURFACE                                    
  FM-12 SYNOP       ECOHUMUS               600  F     F         1
 -888888.000 -888888.000 -888888.000 -888888.000     600.000       0.000     288.950       0.000      -0.437     129.000       3.557     129.000      34.000       0.000   94900.000       0.000 -888888.000 -888888.000
 20260806172500
   -31.6500  -68.3000 
  ECOHUMUS                                   SURFACE                                    
  FM-12 SYNOP       ECOHUMUS               600  F     F         1
 -888888.000 -888888.000 -888888.000 -888888.000     600.000       0.000     288.950       0.000       0.603     129.000       3.419     129.000      34.000       0.000   94890.000       0.000 -888888.000 -888888.000
 20260806173000
   -31.6500  -68.3000 
  ECOHUMUS                                   SURFACE                                    
  FM-12 SYNOP       ECOHUMUS               600  F     F         1
 -888888.000 -888888.000 -888888.000 -888888.000     600.000       0.000     288.950       0.000      -0.318     129.000       2.592     129.000      34.000       0.000   94900.000       0.000 -888888.000 -888888.000
 20260806173500
   -31.6500  -68.3000 
  ECOHUMUS                                   SURFACE                                    
  FM-12 SYNOP       ECOHUMUS               600  F     F         1
 -888888.000 -888888.000 -888888.000 -888888.000     600.000       0.000     288.950       0.000      -0.058     129.000       3.333     129.000      34.000       0.000   94910.000       0.000 -888888.000 -888888.000
 20260806174000
   -31.6500  -68.3000 
  ECOHUMUS                                   SURFACE                                    
  FM-12 SYNOP       ECOHUMUS               600  F     F         1
 -888888.000 -888888.000 -888888.000 -888888.000     600.000       0.000     288.850       0.000      -0.610     129.000       3.136     129.000      34.000       0.000   94910.000       0.000 -888888.000 -888888.000
 20260806174500
   -31.6500  -68.3000 
  ECOHUMUS                                   SURFACE                                    
  FM-12 SYNOP       ECOHUMUS               600  F     F         1
 -888888.000 -888888.000 -888888.000 -888888.000     600.000       0.000     288.850       0.000      -0.211     129.000       3.020     129.000      34.000       0.000   94910.000       0.000 -888888.000 -888888.000
 20260806175000
   -31.6500  -68.3000 
  ECOHUMUS                                   SURFACE                                    
  FM-12 SYNOP       ECOHUMUS               600  F     F         1
 -888888.000 -888888.000 -888888.000 -888888.000     600.000       0.000     288.750       0.000      -0.000     129.000       3.333     129.000      34.000       0.000   94910.000       0.000 -888888.000 -888888.000
 20260806175500
   -31.6500  -68.3000 
  ECOHUMUS                                   SURFACE                                    
  FM-12 SYNOP       ECOHUMUS               600  F     F         1
 -888888.000 -888888.000 -888888.000 -888888.000     600.000       0.000     288.550       0.000       0.622     129.000       3.529     129.000      35.000       0.000   94900.000       0.000 -888888.000 -888888.000
 20260806180000
   -31.6500  -68.3000 
  ECOHUMUS                                   SURFACE                                    
  FM-12 SYNOP       ECOHUMUS               600  F     F         1
 -888888.000 -888888.000 -888888.000 -888888.000     600.000       0.000     288.350       0.000       0.469     129.000       2.963     129.000      35.000       0.000   94900.000       0.000 -888888.000 -888888.000
 20260806180500
   -31.6500  -68.3000 
  ECOHUMUS                                   SURFACE                                    
  FM-12 SYNOP       ECOHUMUS               600  F     F         1
 -888888.000 -888888.000 -888888.000 -888888.000     600.000       0.000     288.450       0.000      -0.186     129.000       2.660     129.000      34.000       0.000   94900.000       0.000 -888888.000 -888888.000
 20260806181000
   -31.6500  -68.3000 
  ECOHUMUS                                   SURFACE                                    
  FM-12 SYNOP       ECOHUMUS               600  F     F         1
 -888888.000 -888888.000 -888888.000 -888888.000     600.000       0.000     288.350       0.000       0.625     129.000       2.707     129.000      34.000       0.000   94900.000       0.000 -888888.000 -888888.000
 20260806181500
   -31.6500  -68.3000 
  ECOHUMUS                                   SURFACE                                    
  FM-12 SYNOP       ECOHUMUS               600  F     F         1
 -888888.000 -888888.000 -888888.000 -888888.000     600.000       0.000     288.150       0.000      -0.254     129.000       2.906     129.000      34.000       0.000   94910.000       0.000 -888888.000 -888888.000
 20260806182000
   -31.6500  -68.3000 
  ECOHUMUS                                   SURFACE                                    
  FM-12 SYNOP       ECOHUMUS               600  F     F         1
 -888888.000 -888888.000 -888888.000 -888888.000     600.000       0.000     288.150       0.000       0.245     129.000       2.795     129.000      34.000       0.000   94920.000       0.000 -888888.000 -888888.000
 20260806182500
   -31.6500  -68.3000 
  ECOHUMUS                                   SURFACE                                    
  FM-12 SYNOP       ECOHUMUS               600  F     F         1
 -888888.000 -888888.000 -888888.000 -888888.000     600.000       0.000     287.950       0.000      -0.057     129.000       3.277     129.000      35.000       0.000   94930.000       0.000 -888888.000 -888888.000
 20260806183000
   -31.6500  -68.3000 
  ECOHUMUS                                   SURFACE                                    
  FM-12 SYNOP       ECOHUMUS               600  F     F         1
 -888888.000 -888888.000 -888888.000 -888888.000     600.000       0.000     287.850       0.000       0.174     129.000       2.494     129.000      35.000       0.000   94930.000       0.000 -888888.000 -888888.000
 20260806183500
   -31.6500  -68.3000 
  ECOHUMUS                                   SURFACE                                    
  FM-12 SYNOP       ECOHUMUS               600  F     F         1
 -888888.000 -888888.000 -888888.000 -888888.000     600.000       0.000     287.650       0.000       0.361     129.000       2.277     129.000      35.000       0.000   94940.000       0.000 -888888.000 -888888.000
 20260806184000
   -31.6500  -68.3000 
  ECOHUMUS                                   SURFACE                                    
  FM-12 SYNOP       ECOHUMUS               600  F     F         1
 -888888.000 -888888.000 -888888.000 -888888.000     600.000       0.000     287.450       0.000       0.348     129.000       2.476     129.000      36.000       0.000   94950.000       0.000 -888888.000 -888888.000
 20260806184500
   -31.6500  -68.3000 
  ECOHUMUS                                   SURFACE                                    
  FM-12 SYNOP       ECOHUMUS               600  F     F         1
 -888888.000 -888888.000 -888888.000 -888888.000     600.000       0.000     287.250       0.000       0.356     129.000       2.250     129.000      36.000       0.000   94950.000       0.000 -888888.000 -888888.000
 20260806185000
   -31.6500  -68.3000 
  ECOHUMUS                                   SURFACE                                    
  FM-12 SYNOP       ECOHUMUS               600  F     F         1
 -888888.000 -888888.000 -888888.000 -888888.000     600.000       0.000     286.950       0.000       0.403     129.000       2.072     129.000      36.000       0.000   94940.000       0.000 -888888.000 -888888.000
 20260806185500
   -31.6500  -68.3000 
  ECOHUMUS                                   SURFACE                                    
  FM-12 SYNOP       ECOHUMUS               600  F     F         1
 -888888.000 -888888.000 -888888.000 -888888.000     600.000       0.000     286.650       0.000       0.341     129.000       1.603     129.000      37.000       0.000   94940.000       0.000 -888888.000 -888888.000
 20260806190000
   -31.6500  -68.3000 
  ECOHUMUS                                   SURFACE                                    
  FM-12 SYNOP       ECOHUMUS               600  F     F         1
 -888888.000 -888888.000 -888888.000 -888888.000     600.000       0.000     286.250       0.000       0.390     129.000       1.070     129.000      38.000       0.000   94950.000       0.000 -888888.000 -888888.000
 20260806190500
   -31.6500  -68.3000 
  ECOHUMUS                                   SURFACE                                    
  FM-12 SYNOP       ECOHUMUS               600  F     F         1
 -888888.000 -888888.000 -888888.000 -888888.000     600.000       0.000     285.850       0.000       0.174     129.000       0.985     129.000      39.000       0.000   94970.000       0.000 -888888.000 -888888.000
 20260806191000
   -31.6500  -68.3000 
  ECOHUMUS                                   SURFACE                                    
  FM-12 SYNOP       ECOHUMUS               600  F     F         1
 -888888.000 -888888.000 -888888.000 -888888.000     600.000       0.000     285.450       0.000       0.235     129.000       0.943     129.000      40.000       0.000   94970.000       0.000 -888888.000 -888888.000
 20260806191500
   -31.6500  -68.3000 
  ECOHUMUS                                   SURFACE                                    
  FM-12 SYNOP       ECOHUMUS               600  F     F         1
 -888888.000 -888888.000 -888888.000 -888888.000     600.000       0.000     285.250       0.000       0.326     129.000       0.946     129.000      40.000       0.000   94970.000       0.000 -888888.000 -888888.000
 20260806192000
   -31.6500  -68.3000 
  ECOHUMUS                                   SURFACE                                    
  FM-12 SYNOP       ECOHUMUS               600  F     F         1
 -888888.000 -888888.000 -888888.000 -888888.000     600.000       0.000     284.950       0.000       0.364     129.000       0.901     129.000      41.000       0.000   94980.000       0.000 -888888.000 -888888.000
 20260806192500
   -31.6500  -68.3000 
  ECOHUMUS                                   SURFACE                                    
  FM-12 SYNOP       ECOHUMUS               600  F     F         1
 -888888.000 -888888.000 -888888.000 -888888.000     600.000       0.000     284.750       0.000       0.335     129.000       0.972     129.000      41.000       0.000   94980.000       0.000 -888888.000 -888888.000
 20260806193000
   -31.6500  -68.3000 
  ECOHUMUS                                   SURFACE                                    
  FM-12 SYNOP       ECOHUMUS               600  F     F         1
 -888888.000 -888888.000 -888888.000 -888888.000     600.000       0.000     284.650       0.000       0.300     129.000       0.925     129.000      41.000       0.000   94980.000       0.000 -888888.000 -888888.000
 20260806193500
   -31.6500  -68.3000 
  ECOHUMUS                                   SURFACE                                    
  FM-12 SYNOP       ECOHUMUS               600  F     F         1
 -888888.000 -888888.000 -888888.000 -888888.000     600.000       0.000     284.450       0.000       0.260     129.000       0.850     129.000      42.000       0.000   94990.000       0.000 -888888.000 -888888.000
 20260806194000
   -31.6500  -68.3000 
  ECOHUMUS                                   SURFACE                                    
  FM-12 SYNOP       ECOHUMUS               600  F     F         1
 -888888.000 -888888.000 -888888.000 -888888.000     600.000       0.000     284.050       0.000       0.244     129.000       0.797     129.000      43.000       0.000   94990.000       0.000 -888888.000 -888888.000
 20260806194500
   -31.6500  -68.3000 
  ECOHUMUS                                   SURFACE                                    
  FM-12 SYNOP       ECOHUMUS               600  F     F         1
 -888888.000 -888888.000 -888888.000 -888888.000     600.000       0.000     283.950       0.000       0.055     129.000       0.525     129.000      43.000       0.000   95000.000       0.000 -888888.000 -888888.000
 20260806195000
   -31.6500  -68.3000 
  ECOHUMUS                                   SURFACE                                    
  FM-12 SYNOP       ECOHUMUS               600  F     F         1
 -888888.000 -888888.000 -888888.000 -888888.000     600.000       0.000     283.750       0.000       0.202     129.000       0.951     129.000      44.000       0.000   94990.000       0.000 -888888.000 -888888.000
 20260806195500
   -31.6500  -68.3000 
  ECOHUMUS                                   SURFACE                                    
  FM-12 SYNOP       ECOHUMUS               600  F     F         1
 -888888.000 -888888.000 -888888.000 -888888.000     600.000       0.000     283.750       0.000       0.133     129.000       0.682     129.000      43.000       0.000   94990.000       0.000 -888888.000 -888888.000
 20260806200000
   -31.6500  -68.3000 
  ECOHUMUS                                   SURFACE                                    
  FM-12 SYNOP       ECOHUMUS               600  F     F         1
 -888888.000 -888888.000 -888888.000 -888888.000     600.000       0.000     283.450       0.000       0.051     129.000       0.581     129.000      44.000       0.000   95000.000       0.000 -888888.000 -888888.000
 20260806200500
   -31.6500  -68.3000 
  ECOHUMUS                                   SURFACE                                    
  FM-12 SYNOP       ECOHUMUS               600  F     F         1
 -888888.000 -888888.000 -888888.000 -888888.000     600.000       0.000     283.450       0.000       0.295     129.000       0.809     129.000      44.000       0.000   94990.000       0.000 -888888.000 -888888.000
 20260806201000
   -31.6500  -68.3000 
  ECOHUMUS                                   SURFACE                                    
  FM-12 SYNOP       ECOHUMUS               600  F     F         1
 -888888.000 -888888.000 -888888.000 -888888.000     600.000       0.000     283.350       0.000       0.434     129.000       0.931     129.000      44.000       0.000   95000.000       0.000 -888888.000 -888888.000
 20260806201500
   -31.6500  -68.3000 
  ECOHUMUS                                   SURFACE                                    
  FM-12 SYNOP       ECOHUMUS               600  F     F         1
 -888888.000 -888888.000 -888888.000 -888888.000     600.000       0.000     283.250       0.000       0.497     129.000       1.117     129.000      44.000       0.000   94990.000       0.000 -888888.000 -888888.000
 20260806202000
   -31.6500  -68.3000 
  ECOHUMUS                                   SURFACE                                    
  FM-12 SYNOP       ECOHUMUS               600  F     F         1
 -888888.000 -888888.000 -888888.000 -888888.000     600.000       0.000     283.050       0.000       0.565     129.000       1.269     129.000      45.000       0.000   94990.000       0.000 -888888.000 -888888.000
 20260806202500
   -31.6500  -68.3000 
  ECOHUMUS                                   SURFACE                                    
  FM-12 SYNOP       ECOHUMUS               600  F     F         1
 -888888.000 -888888.000 -888888.000 -888888.000     600.000       0.000     282.950       0.000       0.682     129.000       1.398     129.000      45.000       0.000   95000.000       0.000 -888888.000 -888888.000
 20260806203000
   -31.6500  -68.3000 
  ECOHUMUS                                   SURFACE                                    
  FM-12 SYNOP       ECOHUMUS               600  F     F         1
 -888888.000 -888888.000 -888888.000 -888888.000     600.000       0.000     282.850       0.000       0.513     129.000       1.410     129.000      45.000       0.000   95000.000       0.000 -888888.000 -888888.000
 20260806203500
   -31.6500  -68.3000 
  ECOHUMUS                                   SURFACE                                    
  FM-12 SYNOP       ECOHUMUS               600  F     F         1
 -888888.000 -888888.000 -888888.000 -888888.000     600.000       0.000     282.550       0.000       0.468     129.000       1.219     129.000      46.000       0.000   95000.000       0.000 -888888.000 -888888.000
 20260806204000
   -31.6500  -68.3000 
  ECOHUMUS                                   SURFACE                                    
  FM-12 SYNOP       ECOHUMUS               600  F     F         1
 -888888.000 -888888.000 -888888.000 -888888.000     600.000       0.000     282.350       0.000      -0.006     129.000       0.111     129.000      47.000       0.000   95000.000       0.000 -888888.000 -888888.000
 20260806204500
   -31.6500  -68.3000 
  ECOHUMUS                                   SURFACE                                    
  FM-12 SYNOP       ECOHUMUS               600  F     F         1
 -888888.000 -888888.000 -888888.000 -888888.000     600.000       0.000     281.850       0.000      -0.195     129.000       0.460     129.000      49.000       0.000   95010.000       0.000 -888888.000 -888888.000
 20260806205000
   -31.6500  -68.3000 
  ECOHUMUS                                   SURFACE                                    
  FM-12 SYNOP       ECOHUMUS               600  F     F         1
 -888888.000 -888888.000 -888888.000 -888888.000     600.000       0.000     282.550       0.000      -0.217     129.000      -0.046     129.000      45.000       0.000   95000.000       0.000 -888888.000 -888888.000
 20260806205500
   -31.6500  -68.3000 
  ECOHUMUS                                   SURFACE                                    
  FM-12 SYNOP       ECOHUMUS               600  F     F         1
 -888888.000 -888888.000 -888888.000 -888888.000     600.000       0.000     282.650       0.000      -0.380     129.000      -0.081     129.000      45.000       0.000   95020.000       0.000 -888888.000 -888888.000
 20260806210000
   -31.6500  -68.3000 
  ECOHUMUS                                   SURFACE                                    
  FM-12 SYNOP       ECOHUMUS               600  F     F         1
 -888888.000 -888888.000 -888888.000 -888888.000     600.000       0.000     282.250       0.000      -0.164     129.000      -0.032     129.000      46.000       0.000   95010.000       0.000 -888888.000 -888888.000
 20260806210500
   -31.6500  -68.3000 
  ECOHUMUS                                   SURFACE                                    
  FM-12 SYNOP       ECOHUMUS               600  F     F         1
 -888888.000 -888888.000 -888888.000 -888888.000     600.000       0.000     281.950       0.000      -0.000     129.000      -0.000     129.000      47.000       0.000   95020.000       0.000 -888888.000 -888888.000
 20260806211000
   -31.6500  -68.3000 
  ECOHUMUS                                   SURFACE                                    
  FM-12 SYNOP       ECOHUMUS               600  F     F         1
 -888888.000 -888888.000 -888888.000 -888888.000     600.000       0.000     281.550       0.000      -0.000     129.000      -0.000     129.000      49.000       0.000   95020.000       0.000 -888888.000 -888888.000
 20260806211500
   -31.6500  -68.3000 
  ECOHUMUS                                   SURFACE                                    
  FM-12 SYNOP       ECOHUMUS               600  F     F         1
 -888888.000 -888888.000 -888888.000 -888888.000     600.000       0.000     280.950       0.000      -0.000     129.000      -0.000     129.000      51.000       0.000   95010.000       0.000 -888888.000 -888888.000
 20260806212000
   -31.6500  -68.3000 
  ECOHUMUS                                   SURFACE                                    
  FM-12 SYNOP       ECOHUMUS               600  F     F         1
 -888888.000 -888888.000 -888888.000 -888888.000     600.000       0.000     280.550       0.000      -0.130     129.000       0.105     129.000      51.000       0.000   95010.000       0.000 -888888.000 -888888.000
 20260806212500
   -31.6500  -68.3000 
  ECOHUMUS                                   SURFACE                                    
  FM-12 SYNOP       ECOHUMUS               600  F     F         1
 -888888.000 -888888.000 -888888.000 -888888.000     600.000       0.000     280.150       0.000      -0.097     129.000       0.319     129.000      50.000       0.000   95010.000       0.000 -888888.000 -888888.000
 20260806213000
   -31.6500  -68.3000 
  ECOHUMUS                                   SURFACE                                    
  FM-12 SYNOP       ECOHUMUS               600  F     F         1
 -888888.000 -888888.000 -888888.000 -888888.000     600.000       0.000     279.550       0.000      -0.021     129.000       0.018     129.000      51.000       0.000   95010.000       0.000 -888888.000 -888888.000
 20260806213500
   -31.6500  -68.3000 
  ECOHUMUS                                   SURFACE                                    
  FM-12 SYNOP       ECOHUMUS               600  F     F         1
 -888888.000 -888888.000 -888888.000 -888888.000     600.000       0.000     279.050       0.000      -0.000     129.000       0.000     129.000      53.000       0.000   95010.000       0.000 -888888.000 -888888.000
 20260806214000
   -31.6500  -68.3000 
  ECOHUMUS                                   SURFACE                                    
  FM-12 SYNOP       ECOHUMUS               600  F     F         1
 -888888.000 -888888.000 -888888.000 -888888.000     600.000       0.000     279.250       0.000      -0.000     129.000       0.000     129.000      54.000       0.000   95010.000       0.000 -888888.000 -888888.000
 20260806214500
   -31.6500  -68.3000 
  ECOHUMUS                                   SURFACE                                    
  FM-12 SYNOP       ECOHUMUS               600  F     F         1
 -888888.000 -888888.000 -888888.000 -888888.000     600.000       0.000     279.950       0.000      -0.026     129.000       0.499     129.000      51.000       0.000   95010.000       0.000 -888888.000 -888888.000
 20260806215000
   -31.6500  -68.3000 
  ECOHUMUS                                   SURFACE                                    
  FM-12 SYNOP       ECOHUMUS               600  F     F         1
 -888888.000 -888888.000 -888888.000 -888888.000     600.000       0.000     281.250       0.000       0.017     129.000       0.138     129.000      48.000       0.000   95020.000       0.000 -888888.000 -888888.000
 20260806215500
   -31.6500  -68.3000 
  ECOHUMUS                                   SURFACE                                    
  FM-12 SYNOP       ECOHUMUS               600  F     F         1
 -888888.000 -888888.000 -888888.000 -888888.000     600.000       0.000     280.350       0.000       0.061     129.000       0.093     129.000      51.000       0.000   95010.000       0.000 -888888.000 -888888.000
 20260806220000
   -31.6500  -68.3000 
  ECOHUMUS                                   SURFACE                                    
  FM-12 SYNOP       ECOHUMUS               600  F     F         1
 -888888.000 -888888.000 -888888.000 -888888.000     600.000       0.000     280.550       0.000       0.098     129.000       0.098     129.000      51.000       0.000   95000.000       0.000 -888888.000 -888888.000
 20260806220500
   -31.6500  -68.3000 
  ECOHUMUS                                   SURFACE                                    
  FM-12 SYNOP       ECOHUMUS               600  F     F         1
 -888888.000 -888888.000 -888888.000 -888888.000     600.000       0.000     279.550       0.000       0.019     129.000       0.109     129.000      53.000       0.000   95000.000       0.000 -888888.000 -888888.000
 20260806221000
   -31.6500  -68.3000 
  ECOHUMUS                                   SURFACE                                    
  FM-12 SYNOP       ECOHUMUS               600  F     F         1
 -888888.000 -888888.000 -888888.000 -888888.000     600.000       0.000     279.750       0.000       0.007     129.000       0.055     129.000      54.000       0.000   95000.000       0.000 -888888.000 -888888.000
 20260806221500
   -31.6500  -68.3000 
  ECOHUMUS                                   SURFACE                                    
  FM-12 SYNOP       ECOHUMUS               600  F     F         1
 -888888.000 -888888.000 -888888.000 -888888.000     600.000       0.000     279.850       0.000       0.010     129.000       0.083     129.000      54.000       0.000   95000.000       0.000 -888888.000 -888888.000
 20260806222000
   -31.6500  -68.3000 
  ECOHUMUS                                   SURFACE                                    
  FM-12 SYNOP       ECOHUMUS               600  F     F         1
 -888888.000 -888888.000 -888888.000 -888888.000     600.000       0.000     279.150       0.000       0.014     129.000       0.110     129.000      56.000       0.000   95010.000       0.000 -888888.000 -888888.000
 20260806222500
   -31.6500  -68.3000 
  ECOHUMUS                                   SURFACE                                    
  FM-12 SYNOP       ECOHUMUS               600  F     F         1
 -888888.000 -888888.000 -888888.000 -888888.000     600.000       0.000     278.250       0.000       0.000     129.000       0.000     129.000      58.000       0.000   95020.000       0.000 -888888.000 -888888.000
 20260806223000
   -31.6500  -68.3000 
  ECOHUMUS                                   SURFACE                                    
  FM-12 SYNOP       ECOHUMUS               600  F     F         1
 -888888.000 -888888.000 -888888.000 -888888.000     600.000       0.000     277.750       0.000       0.000     129.000       0.000     129.000      59.000       0.000   95020.000       0.000 -888888.000 -888888.000
 20260806223500
   -31.6500  -68.3000 
  ECOHUMUS                                   SURFACE                                    
  FM-12 SYNOP       ECOHUMUS               600  F     F         1
 -888888.000 -888888.000 -888888.000 -888888.000     600.000       0.000     277.450       0.000       0.000     129.000       0.000     129.000      59.000       0.000   95010.000       0.000 -888888.000 -888888.000
 20260806224000
   -31.6500  -68.3000 
  ECOHUMUS                                   SURFACE                                    
  FM-12 SYNOP       ECOHUMUS               600  F     F         1
 -888888.000 -888888.000 -888888.000 -888888.000     600.000       0.000     277.450       0.000       0.003     129.000       0.028     129.000      59.000       0.000   94990.000       0.000 -888888.000 -888888.000
 20260806224500
   -31.6500  -68.3000 
  ECOHUMUS                                   SURFACE                                    
  FM-12 SYNOP       ECOHUMUS               600  F     F         1
 -888888.000 -888888.000 -888888.000 -888888.000     600.000       0.000     276.950       0.000       0.003     129.000       0.028     129.000      59.000       0.000   95000.000       0.000 -888888.000 -888888.000
 20260806225000
   -31.6500  -68.3000 
  ECOHUMUS                                   SURFACE                                    
  FM-12 SYNOP       ECOHUMUS               600  F     F         1
 -888888.000 -888888.000 -888888.000 -888888.000     600.000       0.000     277.050       0.000       0.020     129.000       0.165     129.000      61.000       0.000   95000.000       0.000 -888888.000 -888888.000
 20260806225500
   -31.6500  -68.3000 
  ECOHUMUS                                   SURFACE                                    
  FM-12 SYNOP       ECOHUMUS               600  F     F         1
 -888888.000 -888888.000 -888888.000 -888888.000     600.000       0.000     276.850       0.000       0.000     129.000       0.000     129.000      60.000       0.000   95000.000       0.000 -888888.000 -888888.000
 20260806230000
   -31.6500  -68.3000 
  ECOHUMUS                                   SURFACE                                    
  FM-12 SYNOP       ECOHUMUS               600  F     F         1
 -888888.000 -888888.000 -888888.000 -888888.000     600.000       0.000     276.150       0.000       0.014     129.000       0.110     129.000      59.000       0.000   94990.000       0.000 -888888.000 -888888.000
 20260806230500
   -31.6500  -68.3000 
  ECOHUMUS                                   SURFACE                                    
  FM-12 SYNOP       ECOHUMUS               600  F     F         1
 -888888.000 -888888.000 -888888.000 -888888.000     600.000       0.000     276.150       0.000       0.041     129.000       0.331     129.000      61.000       0.000   94990.000       0.000 -888888.000 -888888.000
 20260806231000
   -31.6500  -68.3000 
  ECOHUMUS                                   SURFACE                                    
  FM-12 SYNOP       ECOHUMUS               600  F     F         1
 -888888.000 -888888.000 -888888.000 -888888.000     600.000       0.000     276.850       0.000       0.058     129.000       0.469     129.000      61.000       0.000   94990.000       0.000 -888888.000 -888888.000
 20260806231500
   -31.6500  -68.3000 
  ECOHUMUS                                   SURFACE                                    
  FM-12 SYNOP       ECOHUMUS               600  F     F         1
 -888888.000 -888888.000 -888888.000 -888888.000     600.000       0.000     277.050       0.000       0.000     129.000       0.000     129.000      61.000       0.000   95000.000       0.000 -888888.000 -888888.000
 20260806232000
   -31.6500  -68.3000 
  ECOHUMUS                                   SURFACE                                    
  FM-12 SYNOP       ECOHUMUS               600  F     F         1
 -888888.000 -888888.000 -888888.000 -888888.000     600.000       0.000     276.150       0.000      -0.037     129.000       0.303     129.000      61.000       0.000   95000.000       0.000 -888888.000 -888888.000
 20260806232500
   -31.6500  -68.3000 
  ECOHUMUS                                   SURFACE                                    
  FM-12 SYNOP       ECOHUMUS               600  F     F         1
 -888888.000 -888888.000 -888888.000 -888888.000     600.000       0.000     275.850       0.000      -0.026     129.000       0.049     129.000      65.000       0.000   95010.000       0.000 -888888.000 -888888.000
 20260806233000
   -31.6500  -68.3000 
  ECOHUMUS                                   SURFACE                                    
  FM-12 SYNOP       ECOHUMUS               600  F     F         1
 -888888.000 -888888.000 -888888.000 -888888.000     600.000       0.000     275.850       0.000      -0.000     129.000       0.000     129.000      66.000       0.000   95010.000       0.000 -888888.000 -888888.000
 20260806233500
   -31.6500  -68.3000 
  ECOHUMUS                                   SURFACE                                    
  FM-12 SYNOP       ECOHUMUS               600  F     F         1
 -888888.000 -888888.000 -888888.000 -888888.000     600.000       0.000     276.150       0.000      -0.000     129.000       0.000     129.000      67.000       0.000   94990.000       0.000 -888888.000 -888888.000
 20260806234000
   -31.6500  -68.3000 
  ECOHUMUS                                   SURFACE                                    
  FM-12 SYNOP       ECOHUMUS               600  F     F         1
 -888888.000 -888888.000 -888888.000 -888888.000     600.000       0.000     276.450       0.000      -0.000     129.000       0.000     129.000      66.000       0.000   95000.000       0.000 -888888.000 -888888.000
 20260806234500
   -31.6500  -68.3000 
  ECOHUMUS                                   SURFACE                                    
  FM-12 SYNOP       ECOHUMUS               600  F     F         1
 -888888.000 -888888.000 -888888.000 -888888.000     600.000       0.000     276.350       0.000      -0.000     129.000       0.000     129.000      66.000       0.000   94990.000       0.000 -888888.000 -888888.000
 20260806235000
   -31.6500  -68.3000 
  ECOHUMUS                                   SURFACE                                    
  FM-12 SYNOP       ECOHUMUS               600  F     F         1
 -888888.000 -888888.000 -888888.000 -888888.000     600.000       0.000     275.950       0.000      -0.000     129.000       0.000     129.000      66.000       0.000   94990.000       0.000 -888888.000 -888888.000
 20260806235500
   -31.6500  -68.3000 
  ECOHUMUS                                   SURFACE                                    
  FM-12 SYNOP       ECOHUMUS               600  F     F         1
 -888888.000 -888888.000 -888888.000 -888888.000     600.000       0.000     275.750       0.000      -0.000     129.000       0.000     129.000      66.000       0.000   94980.000       0.000 -888888.000 -888888.000
 20260806073000
   -31.6500  -68.5833 
  INTA_POCITO                                SURFACE                                    
  FM-12 SYNOP       INTA_POCITO            615  F     F         1
 -888888.000 -888888.000 -888888.000 -888888.000     615.000       0.000     287.250       0.000      -0.066     129.000       1.888     129.000      80.000       0.000   93340.000       0.000 -888888.000 -888888.000
 20260806000000
   -31.5192  -68.8178 
  PUNTA_NEGRA                                SURFACE                                    
  FM-12 SYNOP       PUNTA_NEGRA            800  F     F         1
 -888888.000 -888888.000 -888888.000 -888888.000     800.000       0.000     297.050       0.000      -1.203     129.000      -1.384     129.000      11.000       0.000   90510.000       0.000 -888888.000 -888888.000
 20260806000500
   -31.5192  -68.8178 
  PUNTA_NEGRA                                SURFACE                                    
  FM-12 SYNOP       PUNTA_NEGRA            800  F     F         1
 -888888.000 -888888.000 -888888.000 -888888.000     800.000       0.000     297.150       0.000       0.525     129.000       0.410     129.000      11.000       0.000   90510.000       0.000 -888888.000 -888888.000
 20260806001000
   -31.5192  -68.8178 
  PUNTA_NEGRA                                SURFACE                                    
  FM-12 SYNOP       PUNTA_NEGRA            800  F     F         1
 -888888.000 -888888.000 -888888.000 -888888.000     800.000       0.000     296.950       0.000       0.842     129.000      -0.429     129.000      11.000       0.000   90510.000       0.000 -888888.000 -888888.000
 20260806001500
   -31.5192  -68.8178 
  PUNTA_NEGRA                                SURFACE                                    
  FM-12 SYNOP       PUNTA_NEGRA            800  F     F         1
 -888888.000 -888888.000 -888888.000 -888888.000     800.000       0.000     296.550       0.000       0.377     129.000       0.284     129.000      11.000       0.000   90500.000       0.000 -888888.000 -888888.000
 20260806002000
   -31.5192  -68.8178 
  PUNTA_NEGRA                                SURFACE                                    
  FM-12 SYNOP       PUNTA_NEGRA            800  F     F         1
 -888888.000 -888888.000 -888888.000 -888888.000     800.000       0.000     296.450       0.000       0.961     129.000      -0.276     129.000      12.000       0.000   90480.000       0.000 -888888.000 -888888.000
 20260806002500
   -31.5192  -68.8178 
  PUNTA_NEGRA                                SURFACE                                    
  FM-12 SYNOP       PUNTA_NEGRA            800  F     F         1
 -888888.000 -888888.000 -888888.000 -888888.000     800.000       0.000     296.850       0.000       1.165     129.000       0.061     129.000      11.000       0.000   90490.000       0.000 -888888.000 -888888.000
 20260806003000
   -31.5192  -68.8178 
  PUNTA_NEGRA                                SURFACE                                    
  FM-12 SYNOP       PUNTA_NEGRA            800  F     F         1
 -888888.000 -888888.000 -888888.000 -888888.000     800.000       0.000     296.750       0.000       1.094     129.000       0.193     129.000      11.000       0.000   90480.000       0.000 -888888.000 -888888.000
 20260806003500
   -31.5192  -68.8178 
  PUNTA_NEGRA                                SURFACE                                    
  FM-12 SYNOP       PUNTA_NEGRA            800  F     F         1
 -888888.000 -888888.000 -888888.000 -888888.000     800.000       0.000     296.750       0.000       0.385     129.000       0.953     129.000      11.000       0.000   90500.000       0.000 -888888.000 -888888.000
 20260806004000
   -31.5192  -68.8178 
  PUNTA_NEGRA                                SURFACE                                    
  FM-12 SYNOP       PUNTA_NEGRA            800  F     F         1
 -888888.000 -888888.000 -888888.000 -888888.000     800.000       0.000     296.750       0.000       0.594     129.000       0.303     129.000      11.000       0.000   90480.000       0.000 -888888.000 -888888.000
 20260806004500
   -31.5192  -68.8178 
  PUNTA_NEGRA                                SURFACE                                    
  FM-12 SYNOP       PUNTA_NEGRA            800  F     F         1
 -888888.000 -888888.000 -888888.000 -888888.000     800.000       0.000     296.250       0.000      -0.114     129.000       0.458     129.000      12.000       0.000   90490.000       0.000 -888888.000 -888888.000
 20260806005000
   -31.5192  -68.8178 
  PUNTA_NEGRA                                SURFACE                                    
  FM-12 SYNOP       PUNTA_NEGRA            800  F     F         1
 -888888.000 -888888.000 -888888.000 -888888.000     800.000       0.000     296.250       0.000       1.384     129.000      -0.121     129.000      12.000       0.000   90490.000       0.000 -888888.000 -888888.000
 20260806005500
   -31.5192  -68.8178 
  PUNTA_NEGRA                                SURFACE                                    
  FM-12 SYNOP       PUNTA_NEGRA            800  F     F         1
 -888888.000 -888888.000 -888888.000 -888888.000     800.000       0.000     296.550       0.000       0.809     129.000      -0.588     129.000      12.000       0.000   90470.000       0.000 -888888.000 -888888.000
 20260806010000
   -31.5192  -68.8178 
  PUNTA_NEGRA                                SURFACE                                    
  FM-12 SYNOP       PUNTA_NEGRA            800  F     F         1
 -888888.000 -888888.000 -888888.000 -888888.000     800.000       0.000     296.350       0.000       0.830     129.000       0.859     129.000      12.000       0.000   90470.000       0.000 -888888.000 -888888.000
 20260806010500
   -31.5192  -68.8178 
  PUNTA_NEGRA                                SURFACE                                    
  FM-12 SYNOP       PUNTA_NEGRA            800  F     F         1
 -888888.000 -888888.000 -888888.000 -888888.000     800.000       0.000     296.350       0.000       0.271     129.000       0.387     129.000      12.000       0.000   90450.000       0.000 -888888.000 -888888.000
 20260806011000
   -31.5192  -68.8178 
  PUNTA_NEGRA                                SURFACE                                    
  FM-12 SYNOP       PUNTA_NEGRA            800  F     F         1
 -888888.000 -888888.000 -888888.000 -888888.000     800.000       0.000     295.950       0.000       0.110     129.000       0.285     129.000      12.000       0.000   90440.000       0.000 -888888.000 -888888.000
 20260806011500
   -31.5192  -68.8178 
  PUNTA_NEGRA                                SURFACE                                    
  FM-12 SYNOP       PUNTA_NEGRA            800  F     F         1
 -888888.000 -888888.000 -888888.000 -888888.000     800.000       0.000     296.150       0.000       1.009     129.000      -0.196     129.000      12.000       0.000   90430.000       0.000 -888888.000 -888888.000
 20260806012000
   -31.5192  -68.8178 
  PUNTA_NEGRA                                SURFACE                                    
  FM-12 SYNOP       PUNTA_NEGRA            800  F     F         1
 -888888.000 -888888.000 -888888.000 -888888.000     800.000       0.000     296.350       0.000       0.198     129.000      -0.489     129.000      12.000       0.000   90420.000       0.000 -888888.000 -888888.000
 20260806012500
   -31.5192  -68.8178 
  PUNTA_NEGRA                                SURFACE                                    
  FM-12 SYNOP       PUNTA_NEGRA            800  F     F         1
 -888888.000 -888888.000 -888888.000 -888888.000     800.000       0.000     295.850       0.000       0.748     129.000       0.214     129.000      12.000       0.000   90440.000       0.000 -888888.000 -888888.000
 20260806013000
   -31.5192  -68.8178 
  PUNTA_NEGRA                                SURFACE                                    
  FM-12 SYNOP       PUNTA_NEGRA            800  F     F         1
 -888888.000 -888888.000 -888888.000 -888888.000     800.000       0.000     295.650       0.000      -0.406     129.000      -0.379     129.000      13.000       0.000   90420.000       0.000 -888888.000 -888888.000
 20260806013500
   -31.5192  -68.8178 
  PUNTA_NEGRA                                SURFACE                                    
  FM-12 SYNOP       PUNTA_NEGRA            800  F     F         1
 -888888.000 -888888.000 -888888.000 -888888.000     800.000       0.000     295.950       0.000       0.667     129.000       0.854     129.000      12.000       0.000   90410.000       0.000 -888888.000 -888888.000
 20260806014000
   -31.5192  -68.8178 
  PUNTA_NEGRA                                SURFACE                                    
  FM-12 SYNOP       PUNTA_NEGRA            800  F     F         1
 -888888.000 -888888.000 -888888.000 -888888.000     800.000       0.000     295.950       0.000      -0.011     129.000       0.639     129.000      12.000       0.000   90380.000       0.000 -888888.000 -888888.000
 20260806014500
   -31.5192  -68.8178 
  PUNTA_NEGRA                                SURFACE                                    
  FM-12 SYNOP       PUNTA_NEGRA            800  F     F         1
 -888888.000 -888888.000 -888888.000 -888888.000     800.000       0.000     295.850       0.000       0.481     129.000      -0.278     129.000      12.000       0.000   90380.000       0.000 -888888.000 -888888.000
 20260806015000
   -31.5192  -68.8178 
  PUNTA_NEGRA                                SURFACE                                    
  FM-12 SYNOP       PUNTA_NEGRA            800  F     F         1
 -888888.000 -888888.000 -888888.000 -888888.000     800.000       0.000     295.550       0.000       0.111     129.000       0.012     129.000      13.000       0.000   90370.000       0.000 -888888.000 -888888.000
 20260806015500
   -31.5192  -68.8178 
  PUNTA_NEGRA                                SURFACE                                    
  FM-12 SYNOP       PUNTA_NEGRA            800  F     F         1
 -888888.000 -888888.000 -888888.000 -888888.000     800.000       0.000     295.150       0.000       0.241     129.000       0.139     129.000      13.000       0.000   90360.000       0.000 -888888.000 -888888.000
 20260806020000
   -31.5192  -68.8178 
  PUNTA_NEGRA                                SURFACE                                    
  FM-12 SYNOP       PUNTA_NEGRA            800  F     F         1
 -888888.000 -888888.000 -888888.000 -888888.000     800.000       0.000     295.450       0.000      -0.328     129.000      -0.058     129.000      13.000       0.000   90370.000       0.000 -888888.000 -888888.000
 20260806020500
   -31.5192  -68.8178 
  PUNTA_NEGRA                                SURFACE                                    
  FM-12 SYNOP       PUNTA_NEGRA            800  F     F         1
 -888888.000 -888888.000 -888888.000 -888888.000     800.000       0.000     295.450       0.000       0.774     129.000       0.081     129.000      13.000       0.000   90400.000       0.000 -888888.000 -888888.000
 20260806021000
   -31.5192  -68.8178 
  PUNTA_NEGRA                                SURFACE                                    
  FM-12 SYNOP       PUNTA_NEGRA            800  F     F         1
 -888888.000 -888888.000 -888888.000 -888888.000     800.000       0.000     295.450       0.000       0.828     129.000       0.237     129.000      13.000       0.000   90390.000       0.000 -888888.000 -888888.000
 20260806021500
   -31.5192  -68.8178 
  PUNTA_NEGRA                                SURFACE                                    
  FM-12 SYNOP       PUNTA_NEGRA            800  F     F         1
 -888888.000 -888888.000 -888888.000 -888888.000     800.000       0.000     295.650       0.000       1.162     129.000       0.378     129.000      12.000       0.000   90400.000       0.000 -888888.000 -888888.000
 20260806022000
   -31.5192  -68.8178 
  PUNTA_NEGRA                                SURFACE                                    
  FM-12 SYNOP       PUNTA_NEGRA            800  F     F         1
 -888888.000 -888888.000 -888888.000 -888888.000     800.000       0.000     295.750       0.000      -0.517     129.000      -0.376     129.000      13.000       0.000   90380.000       0.000 -888888.000 -888888.000
 20260806022500
   -31.5192  -68.8178 
  PUNTA_NEGRA                                SURFACE                                    
  FM-12 SYNOP       PUNTA_NEGRA            800  F     F         1
 -888888.000 -888888.000 -888888.000 -888888.000     800.000       0.000     295.550       0.000       0.031     129.000      -1.750     129.000      12.000       0.000   90380.000       0.000 -888888.000 -888888.000
 20260806023000
   -31.5192  -68.8178 
  PUNTA_NEGRA                                SURFACE                                    
  FM-12 SYNOP       PUNTA_NEGRA            800  F     F         1
 -888888.000 -888888.000 -888888.000 -888888.000     800.000       0.000     296.450       0.000       2.712     129.000      -0.237     129.000      12.000       0.000   90380.000       0.000 -888888.000 -888888.000
 20260806023500
   -31.5192  -68.8178 
  PUNTA_NEGRA                                SURFACE                                    
  FM-12 SYNOP       PUNTA_NEGRA            800  F     F         1
 -888888.000 -888888.000 -888888.000 -888888.000     800.000       0.000     296.450       0.000       1.876     129.000      -0.609     129.000      12.000       0.000   90380.000       0.000 -888888.000 -888888.000
 20260806024000
   -31.5192  -68.8178 
  PUNTA_NEGRA                                SURFACE                                    
  FM-12 SYNOP       PUNTA_NEGRA            800  F     F         1
 -888888.000 -888888.000 -888888.000 -888888.000     800.000       0.000     296.150       0.000      -0.639     129.000      -0.617     129.000      12.000       0.000   90390.000       0.000 -888888.000 -888888.000
 20260806024500
   -31.5192  -68.8178 
  PUNTA_NEGRA                                SURFACE                                    
  FM-12 SYNOP       PUNTA_NEGRA            800  F     F         1
 -888888.000 -888888.000 -888888.000 -888888.000     800.000       0.000     295.850       0.000       0.214     129.000       0.748     129.000      13.000       0.000   90400.000       0.000 -888888.000 -888888.000
 20260806025000
   -31.5192  -68.8178 
  PUNTA_NEGRA                                SURFACE                                    
  FM-12 SYNOP       PUNTA_NEGRA            800  F     F         1
 -888888.000 -888888.000 -888888.000 -888888.000     800.000       0.000     295.850       0.000       1.037     129.000       0.398     129.000      12.000       0.000   90390.000       0.000 -888888.000 -888888.000
 20260806025500
   -31.5192  -68.8178 
  PUNTA_NEGRA                                SURFACE                                    
  FM-12 SYNOP       PUNTA_NEGRA            800  F     F         1
 -888888.000 -888888.000 -888888.000 -888888.000     800.000       0.000     295.950       0.000       0.819     129.000      -0.266     129.000      13.000       0.000   90380.000       0.000 -888888.000 -888888.000
 20260806030000
   -31.5192  -68.8178 
  PUNTA_NEGRA                                SURFACE                                    
  FM-12 SYNOP       PUNTA_NEGRA            800  F     F         1
 -888888.000 -888888.000 -888888.000 -888888.000     800.000       0.000     295.850       0.000       1.393     129.000      -1.012     129.000      13.000       0.000   90390.000       0.000 -888888.000 -888888.000
 20260806030500
   -31.5192  -68.8178 
  PUNTA_NEGRA                                SURFACE                                    
  FM-12 SYNOP       PUNTA_NEGRA            800  F     F         1
 -888888.000 -888888.000 -888888.000 -888888.000     800.000       0.000     296.250       0.000       1.320     129.000       0.186     129.000      12.000       0.000   90390.000       0.000 -888888.000 -888888.000
 20260806031000
   -31.5192  -68.8178 
  PUNTA_NEGRA                                SURFACE                                    
  FM-12 SYNOP       PUNTA_NEGRA            800  F     F         1
 -888888.000 -888888.000 -888888.000 -888888.000     800.000       0.000     295.950       0.000       1.023     129.000       1.059     129.000      12.000       0.000   90380.000       0.000 -888888.000 -888888.000
 20260806031500
   -31.5192  -68.8178 
  PUNTA_NEGRA                                SURFACE                                    
  FM-12 SYNOP       PUNTA_NEGRA            800  F     F         1
 -888888.000 -888888.000 -888888.000 -888888.000     800.000       0.000     295.750       0.000       0.698     129.000       0.403     129.000      13.000       0.000   90370.000       0.000 -888888.000 -888888.000
 20260806032000
   -31.5192  -68.8178 
  PUNTA_NEGRA                                SURFACE                                    
  FM-12 SYNOP       PUNTA_NEGRA            800  F     F         1
 -888888.000 -888888.000 -888888.000 -888888.000     800.000       0.000     295.550       0.000       0.576     129.000      -0.091     129.000      13.000       0.000   90380.000       0.000 -888888.000 -888888.000
 20260806032500
   -31.5192  -68.8178 
  PUNTA_NEGRA                                SURFACE                                    
  FM-12 SYNOP       PUNTA_NEGRA            800  F     F         1
 -888888.000 -888888.000 -888888.000 -888888.000     800.000       0.000     295.550       0.000       1.154     129.000       0.309     129.000      13.000       0.000   90380.000       0.000 -888888.000 -888888.000
 20260806033000
   -31.5192  -68.8178 
  PUNTA_NEGRA                                SURFACE                                    
  FM-12 SYNOP       PUNTA_NEGRA            800  F     F         1
 -888888.000 -888888.000 -888888.000 -888888.000     800.000       0.000     295.850       0.000      -0.742     129.000      -2.154     129.000      13.000       0.000   90350.000       0.000 -888888.000 -888888.000
 20260806033500
   -31.5192  -68.8178 
  PUNTA_NEGRA                                SURFACE                                    
  FM-12 SYNOP       PUNTA_NEGRA            800  F     F         1
 -888888.000 -888888.000 -888888.000 -888888.000     800.000       0.000     296.050       0.000       0.943     129.000      -0.235     129.000      13.000       0.000   90360.000       0.000 -888888.000 -888888.000
 20260806034000
   -31.5192  -68.8178 
  PUNTA_NEGRA                                SURFACE                                    
  FM-12 SYNOP       PUNTA_NEGRA            800  F     F         1
 -888888.000 -888888.000 -888888.000 -888888.000     800.000       0.000     295.850       0.000       1.351     129.000       0.166     129.000      13.000       0.000   90380.000       0.000 -888888.000 -888888.000
 20260806034500
   -31.5192  -68.8178 
  PUNTA_NEGRA                                SURFACE                                    
  FM-12 SYNOP       PUNTA_NEGRA            800  F     F         1
 -888888.000 -888888.000 -888888.000 -888888.000     800.000       0.000     295.650       0.000       0.458     129.000       0.794     129.000      14.000       0.000   90380.000       0.000 -888888.000 -888888.000
 20260806035000
   -31.5192  -68.8178 
  PUNTA_NEGRA                                SURFACE                                    
  FM-12 SYNOP       PUNTA_NEGRA            800  F     F         1
 -888888.000 -888888.000 -888888.000 -888888.000     800.000       0.000     295.550       0.000       0.746     129.000       0.078     129.000      13.000       0.000   90360.000       0.000 -888888.000 -888888.000
 20260806035500
   -31.5192  -68.8178 
  PUNTA_NEGRA                                SURFACE                                    
  FM-12 SYNOP       PUNTA_NEGRA            800  F     F         1
 -888888.000 -888888.000 -888888.000 -888888.000     800.000       0.000     295.450       0.000       0.118     129.000       0.188     129.000      14.000       0.000   90370.000       0.000 -888888.000 -888888.000
 20260806040000
   -31.5192  -68.8178 
  PUNTA_NEGRA                                SURFACE                                    
  FM-12 SYNOP       PUNTA_NEGRA            800  F     F         1
 -888888.000 -888888.000 -888888.000 -888888.000     800.000       0.000     295.050       0.000      -0.755     129.000      -0.188     129.000      14.000       0.000   90380.000       0.000 -888888.000 -888888.000
 20260806040500
   -31.5192  -68.8178 
  PUNTA_NEGRA                                SURFACE                                    
  FM-12 SYNOP       PUNTA_NEGRA            800  F     F         1
 -888888.000 -888888.000 -888888.000 -888888.000     800.000       0.000     295.250       0.000       1.581     129.000      -0.083     129.000      14.000       0.000   90370.000       0.000 -888888.000 -888888.000
 20260806041000
   -31.5192  -68.8178 
  PUNTA_NEGRA                                SURFACE                                    
  FM-12 SYNOP       PUNTA_NEGRA            800  F     F         1
 -888888.000 -888888.000 -888888.000 -888888.000     800.000       0.000     295.450       0.000       1.786     129.000      -0.412     129.000      14.000       0.000   90350.000       0.000 -888888.000 -888888.000
 20260806041500
   -31.5192  -68.8178 
  PUNTA_NEGRA                                SURFACE                                    
  FM-12 SYNOP       PUNTA_NEGRA            800  F     F         1
 -888888.000 -888888.000 -888888.000 -888888.000     800.000       0.000     295.250       0.000       0.441     129.000      -0.866     129.000      14.000       0.000   90360.000       0.000 -888888.000 -888888.000
 20260806042000
   -31.5192  -68.8178 
  PUNTA_NEGRA                                SURFACE                                    
  FM-12 SYNOP       PUNTA_NEGRA            800  F     F         1
 -888888.000 -888888.000 -888888.000 -888888.000     800.000       0.000     295.150       0.000       0.259     129.000       0.674     129.000      14.000       0.000   90370.000       0.000 -888888.000 -888888.000
 20260806042500
   -31.5192  -68.8178 
  PUNTA_NEGRA                                SURFACE                                    
  FM-12 SYNOP       PUNTA_NEGRA            800  F     F         1
 -888888.000 -888888.000 -888888.000 -888888.000     800.000       0.000     294.950       0.000       0.409     129.000       0.174     129.000      14.000       0.000   90380.000       0.000 -888888.000 -888888.000
 20260806045500
   -31.5192  -68.8178 
  PUNTA_NEGRA                                SURFACE                                    
  FM-12 SYNOP       PUNTA_NEGRA            800  F     F         1
 -888888.000 -888888.000 -888888.000 -888888.000     800.000       0.000     295.050       0.000       0.410     129.000      -0.287     129.000      16.000       0.000   90390.000       0.000 -888888.000 -888888.000
 20260806050000
   -31.5192  -68.8178 
  PUNTA_NEGRA                                SURFACE                                    
  FM-12 SYNOP       PUNTA_NEGRA            800  F     F         1
 -888888.000 -888888.000 -888888.000 -888888.000     800.000       0.000     295.050       0.000       0.719     129.000       0.695     129.000      16.000       0.000   90390.000       0.000 -888888.000 -888888.000
 20260806050500
   -31.5192  -68.8178 
  PUNTA_NEGRA                                SURFACE                                    
  FM-12 SYNOP       PUNTA_NEGRA            800  F     F         1
 -888888.000 -888888.000 -888888.000 -888888.000     800.000       0.000     295.050       0.000       0.482     129.000       0.500     129.000      16.000       0.000   90430.000       0.000 -888888.000 -888888.000
 20260806051000
   -31.5192  -68.8178 
  PUNTA_NEGRA                                SURFACE                                    
  FM-12 SYNOP       PUNTA_NEGRA            800  F     F         1
 -888888.000 -888888.000 -888888.000 -888888.000     800.000       0.000     294.650       0.000       0.935     129.000       0.871     129.000      16.000       0.000   90420.000       0.000 -888888.000 -888888.000
 20260806051500
   -31.5192  -68.8178 
  PUNTA_NEGRA                                SURFACE                                    
  FM-12 SYNOP       PUNTA_NEGRA            800  F     F         1
 -888888.000 -888888.000 -888888.000 -888888.000     800.000       0.000     294.850       0.000       1.694     129.000      -0.030     129.000      16.000       0.000   90440.000       0.000 -888888.000 -888888.000
 20260806052000
   -31.5192  -68.8178 
  PUNTA_NEGRA                                SURFACE                                    
  FM-12 SYNOP       PUNTA_NEGRA            800  F     F         1
 -888888.000 -888888.000 -888888.000 -888888.000     800.000       0.000     295.150       0.000       1.321     129.000      -0.429     129.000      16.000       0.000   90440.000       0.000 -888888.000 -888888.000
 20260806052500
   -31.5192  -68.8178 
  PUNTA_NEGRA                                SURFACE                                    
  FM-12 SYNOP       PUNTA_NEGRA            800  F     F         1
 -888888.000 -888888.000 -888888.000 -888888.000     800.000       0.000     294.950       0.000       1.220     129.000      -0.919     129.000      16.000       0.000   90470.000       0.000 -888888.000 -888888.000
 20260806053000
   -31.5192  -68.8178 
  PUNTA_NEGRA                                SURFACE                                    
  FM-12 SYNOP       PUNTA_NEGRA            800  F     F         1
 -888888.000 -888888.000 -888888.000 -888888.000     800.000       0.000     294.950       0.000       0.379     129.000       0.406     129.000      17.000       0.000   90480.000       0.000 -888888.000 -888888.000
 20260806053500
   -31.5192  -68.8178 
  PUNTA_NEGRA                                SURFACE                                    
  FM-12 SYNOP       PUNTA_NEGRA            800  F     F         1
 -888888.000 -888888.000 -888888.000 -888888.000     800.000       0.000     294.450       0.000      -0.014     129.000       0.389     129.000      18.000       0.000   90490.000       0.000 -888888.000 -888888.000
 20260806054000
   -31.5192  -68.8178 
  PUNTA_NEGRA                                SURFACE                                    
  FM-12 SYNOP       PUNTA_NEGRA            800  F     F         1
 -888888.000 -888888.000 -888888.000 -888888.000     800.000       0.000     294.250       0.000       0.611     129.000       0.021     129.000      18.000       0.000   90490.000       0.000 -888888.000 -888888.000
 20260806054500
   -31.5192  -68.8178 
  PUNTA_NEGRA                                SURFACE                                    
  FM-12 SYNOP       PUNTA_NEGRA            800  F     F         1
 -888888.000 -888888.000 -888888.000 -888888.000     800.000       0.000     294.150       0.000       0.143     129.000       0.205     129.000      18.000       0.000   90510.000       0.000 -888888.000 -888888.000
 20260806055000
   -31.5192  -68.8178 
  PUNTA_NEGRA                                SURFACE                                    
  FM-12 SYNOP       PUNTA_NEGRA            800  F     F         1
 -888888.000 -888888.000 -888888.000 -888888.000     800.000       0.000     294.050       0.000      -0.676     129.000       0.439     129.000      19.000       0.000   90520.000       0.000 -888888.000 -888888.000
 20260806055500
   -31.5192  -68.8178 
  PUNTA_NEGRA                                SURFACE                                    
  FM-12 SYNOP       PUNTA_NEGRA            800  F     F         1
 -888888.000 -888888.000 -888888.000 -888888.000     800.000       0.000     294.050       0.000       1.895     129.000      -0.437     129.000      19.000       0.000   90550.000       0.000 -888888.000 -888888.000
 20260806060000
   -31.5192  -68.8178 
  PUNTA_NEGRA                                SURFACE                                    
  FM-12 SYNOP       PUNTA_NEGRA            800  F     F         1
 -888888.000 -888888.000 -888888.000 -888888.000     800.000       0.000     294.550       0.000       1.681     129.000      -0.579     129.000      19.000       0.000   90550.000       0.000 -888888.000 -888888.000
 20260806060500
   -31.5192  -68.8178 
  PUNTA_NEGRA                                SURFACE                                    
  FM-12 SYNOP       PUNTA_NEGRA            800  F     F         1
 -888888.000 -888888.000 -888888.000 -888888.000     800.000       0.000     294.550       0.000       2.442     129.000       0.387     129.000      20.000       0.000   90580.000       0.000 -888888.000 -888888.000
 20260806061000
   -31.5192  -68.8178 
  PUNTA_NEGRA                                SURFACE                                    
  FM-12 SYNOP       PUNTA_NEGRA            800  F     F         1
 -888888.000 -888888.000 -888888.000 -888888.000     800.000       0.000     294.250       0.000       1.605     129.000       2.130     129.000      20.000       0.000   90600.000       0.000 -888888.000 -888888.000
 20260806061500
   -31.5192  -68.8178 
  PUNTA_NEGRA                                SURFACE                                    
  FM-12 SYNOP       PUNTA_NEGRA            800  F     F         1
 -888888.000 -888888.000 -888888.000 -888888.000     800.000       0.000     293.850       0.000      -0.167     129.000       1.909     129.000      21.000       0.000   90610.000       0.000 -888888.000 -888888.000
 20260806062000
   -31.5192  -68.8178 
  PUNTA_NEGRA                                SURFACE                                    
  FM-12 SYNOP       PUNTA_NEGRA            800  F     F         1
 -888888.000 -888888.000 -888888.000 -888888.000     800.000       0.000     293.750       0.000       0.224     129.000       1.595     129.000      21.000       0.000   90610.000       0.000 -888888.000 -888888.000
 20260806062500
   -31.5192  -68.8178 
  PUNTA_NEGRA                                SURFACE                                    
  FM-12 SYNOP       PUNTA_NEGRA            800  F     F         1
 -888888.000 -888888.000 -888888.000 -888888.000     800.000       0.000     293.850       0.000       0.661     129.000       0.595     129.000      22.000       0.000   90640.000       0.000 -888888.000 -888888.000
 20260806063000
   -31.5192  -68.8178 
  PUNTA_NEGRA                                SURFACE                                    
  FM-12 SYNOP       PUNTA_NEGRA            800  F     F         1
 -888888.000 -888888.000 -888888.000 -888888.000     800.000       0.000     293.750       0.000       0.126     129.000       1.439     129.000      21.000       0.000   90650.000       0.000 -888888.000 -888888.000
 20260806063500
   -31.5192  -68.8178 
  PUNTA_NEGRA                                SURFACE                                    
  FM-12 SYNOP       PUNTA_NEGRA            800  F     F         1
 -888888.000 -888888.000 -888888.000 -888888.000     800.000       0.000     293.850       0.000       0.196     129.000       2.241     129.000      21.000       0.000   90650.000       0.000 -888888.000 -888888.000
 20260806064000
   -31.5192  -68.8178 
  PUNTA_NEGRA                                SURFACE                                    
  FM-12 SYNOP       PUNTA_NEGRA            800  F     F         1
 -888888.000 -888888.000 -888888.000 -888888.000     800.000       0.000     294.150       0.000      -0.074     129.000       2.110     129.000      21.000       0.000   90670.000       0.000 -888888.000 -888888.000
 20260806064500
   -31.5192  -68.8178 
  PUNTA_NEGRA                                SURFACE                                    
  FM-12 SYNOP       PUNTA_NEGRA            800  F     F         1
 -888888.000 -888888.000 -888888.000 -888888.000     800.000       0.000     293.950       0.000       0.452     129.000       1.313     129.000      21.000       0.000   90670.000       0.000 -888888.000 -888888.000
 20260806065000
   -31.5192  -68.8178 
  PUNTA_NEGRA                                SURFACE                                    
  FM-12 SYNOP       PUNTA_NEGRA            800  F     F         1
 -888888.000 -888888.000 -888888.000 -888888.000     800.000       0.000     293.750       0.000      -0.941     129.000       2.731     129.000      22.000       0.000   90680.000       0.000 -888888.000 -888888.000
 20260806065500
   -31.5192  -68.8178 
  PUNTA_NEGRA                                SURFACE                                    
  FM-12 SYNOP       PUNTA_NEGRA            800  F     F         1
 -888888.000 -888888.000 -888888.000 -888888.000     800.000       0.000     293.450       0.000       1.310     129.000       0.787     129.000      22.000       0.000   90710.000       0.000 -888888.000 -888888.000
 20260806070000
   -31.5192  -68.8178 
  PUNTA_NEGRA                                SURFACE                                    
  FM-12 SYNOP       PUNTA_NEGRA            800  F     F         1
 -888888.000 -888888.000 -888888.000 -888888.000     800.000       0.000     293.350       0.000       0.079     129.000       0.079     129.000      22.000       0.000   90710.000       0.000 -888888.000 -888888.000
 20260806070500
   -31.5192  -68.8178 
  PUNTA_NEGRA                                SURFACE                                    
  FM-12 SYNOP       PUNTA_NEGRA            800  F     F         1
 -888888.000 -888888.000 -888888.000 -888888.000     800.000       0.000     293.050       0.000       0.854     129.000       0.667     129.000      22.000       0.000   90730.000       0.000 -888888.000 -888888.000
 20260806071000
   -31.5192  -68.8178 
  PUNTA_NEGRA                                SURFACE                                    
  FM-12 SYNOP       PUNTA_NEGRA            800  F     F         1
 -888888.000 -888888.000 -888888.000 -888888.000     800.000       0.000     293.050       0.000       0.306     129.000       1.068     129.000      23.000       0.000   90730.000       0.000 -888888.000 -888888.000
 20260806071500
   -31.5192  -68.8178 
  PUNTA_NEGRA                                SURFACE                                    
  FM-12 SYNOP       PUNTA_NEGRA            800  F     F         1
 -888888.000 -888888.000 -888888.000 -888888.000     800.000       0.000     292.750       0.000      -1.107     129.000      -0.447     129.000      32.000       0.000   90780.000       0.000 -888888.000 -888888.000
 20260806072000
   -31.5192  -68.8178 
  PUNTA_NEGRA                                SURFACE                                    
  FM-12 SYNOP       PUNTA_NEGRA            800  F     F         1
 -888888.000 -888888.000 -888888.000 -888888.000     800.000       0.000     289.250       0.000       0.376     129.000       0.517     129.000      54.000       0.000   90850.000       0.000 -888888.000 -888888.000
 20260806072500
   -31.5192  -68.8178 
  PUNTA_NEGRA                                SURFACE                                    
  FM-12 SYNOP       PUNTA_NEGRA            800  F     F         1
 -888888.000 -888888.000 -888888.000 -888888.000     800.000       0.000     287.950       0.000      -0.555     129.000      -0.019     129.000      61.000       0.000   90890.000       0.000 -888888.000 -888888.000
 20260806073000
   -31.5192  -68.8178 
  PUNTA_NEGRA                                SURFACE                                    
  FM-12 SYNOP       PUNTA_NEGRA            800  F     F         1
 -888888.000 -888888.000 -888888.000 -888888.000     800.000       0.000     287.250       0.000      -0.549     129.000      -0.268     129.000      63.000       0.000   90910.000       0.000 -888888.000 -888888.000
 20260806073500
   -31.5192  -68.8178 
  PUNTA_NEGRA                                SURFACE                                    
  FM-12 SYNOP       PUNTA_NEGRA            800  F     F         1
 -888888.000 -888888.000 -888888.000 -888888.000     800.000       0.000     286.850       0.000      -0.039     129.000       0.749     129.000      67.000       0.000   90940.000       0.000 -888888.000 -888888.000
 20260806074000
   -31.5192  -68.8178 
  PUNTA_NEGRA                                SURFACE                                    
  FM-12 SYNOP       PUNTA_NEGRA            800  F     F         1
 -888888.000 -888888.000 -888888.000 -888888.000     800.000       0.000     286.450       0.000      -0.347     129.000       0.818     129.000      70.000       0.000   90960.000       0.000 -888888.000 -888888.000
 20260806074500
   -31.5192  -68.8178 
  PUNTA_NEGRA                                SURFACE                                    
  FM-12 SYNOP       PUNTA_NEGRA            800  F     F         1
 -888888.000 -888888.000 -888888.000 -888888.000     800.000       0.000     286.350       0.000      -0.972     129.000       0.017     129.000      71.000       0.000   90990.000       0.000 -888888.000 -888888.000
 20260806075000
   -31.5192  -68.8178 
  PUNTA_NEGRA                                SURFACE                                    
  FM-12 SYNOP       PUNTA_NEGRA            800  F     F         1
 -888888.000 -888888.000 -888888.000 -888888.000     800.000       0.000     286.250       0.000      -0.583     129.000      -0.472     129.000      72.000       0.000   91010.000       0.000 -888888.000 -888888.000
 20260806075500
   -31.5192  -68.8178 
  PUNTA_NEGRA                                SURFACE                                    
  FM-12 SYNOP       PUNTA_NEGRA            800  F     F         1
 -888888.000 -888888.000 -888888.000 -888888.000     800.000       0.000     286.050       0.000       0.114     129.000       0.283     129.000      73.000       0.000   91010.000       0.000 -888888.000 -888888.000
 20260806080000
   -31.5192  -68.8178 
  PUNTA_NEGRA                                SURFACE                                    
  FM-12 SYNOP       PUNTA_NEGRA            800  F     F         1
 -888888.000 -888888.000 -888888.000 -888888.000     800.000       0.000     286.050       0.000      -0.161     129.000       0.561     129.000      74.000       0.000   91050.000       0.000 -888888.000 -888888.000
 20260806080500
   -31.5192  -68.8178 
  PUNTA_NEGRA                                SURFACE                                    
  FM-12 SYNOP       PUNTA_NEGRA            800  F     F         1
 -888888.000 -888888.000 -888888.000 -888888.000     800.000       0.000     286.050       0.000       0.385     129.000       0.054     129.000      74.000       0.000   91070.000       0.000 -888888.000 -888888.000
 20260806081500
   -31.5192  -68.8178 
  PUNTA_NEGRA                                SURFACE                                    
  FM-12 SYNOP       PUNTA_NEGRA            800  F     F         1
 -888888.000 -888888.000 -888888.000 -888888.000     800.000       0.000     286.050       0.000       1.166     129.000       0.020     129.000      75.000       0.000   91110.000       0.000 -888888.000 -888888.000
 20260806082000
   -31.5192  -68.8178 
  PUNTA_NEGRA                                SURFACE                                    
  FM-12 SYNOP       PUNTA_NEGRA            800  F     F         1
 -888888.000 -888888.000 -888888.000 -888888.000     800.000       0.000     286.150       0.000       0.073     129.000       0.523     129.000      75.000       0.000   91120.000       0.000 -888888.000 -888888.000
 20260806082500
   -31.5192  -68.8178 
  PUNTA_NEGRA                                SURFACE                                    
  FM-12 SYNOP       PUNTA_NEGRA            800  F     F         1
 -888888.000 -888888.000 -888888.000 -888888.000     800.000       0.000     286.150       0.000       0.025     129.000       0.360     129.000      75.000       0.000   91140.000       0.000 -888888.000 -888888.000
 20260806083000
   -31.5192  -68.8178 
  PUNTA_NEGRA                                SURFACE                                    
  FM-12 SYNOP       PUNTA_NEGRA            800  F     F         1
 -888888.000 -888888.000 -888888.000 -888888.000     800.000       0.000     286.250       0.000      -0.038     129.000       0.359     129.000      75.000       0.000   91160.000       0.000 -888888.000 -888888.000
 20260806083500
   -31.5192  -68.8178 
  PUNTA_NEGRA                                SURFACE                                    
  FM-12 SYNOP       PUNTA_NEGRA            800  F     F         1
 -888888.000 -888888.000 -888888.000 -888888.000     800.000       0.000     286.250       0.000      -0.432     129.000      -0.303     129.000      76.000       0.000   91180.000       0.000 -888888.000 -888888.000
 20260806084000
   -31.5192  -68.8178 
  PUNTA_NEGRA                                SURFACE                                    
  FM-12 SYNOP       PUNTA_NEGRA            800  F     F         1
 -888888.000 -888888.000 -888888.000 -888888.000     800.000       0.000     286.350       0.000      -0.337     129.000       0.194     129.000      76.000       0.000   91200.000       0.000 -888888.000 -888888.000
 20260806084500
   -31.5192  -68.8178 
  PUNTA_NEGRA                                SURFACE                                    
  FM-12 SYNOP       PUNTA_NEGRA            800  F     F         1
 -888888.000 -888888.000 -888888.000 -888888.000     800.000       0.000     286.550       0.000      -0.472     129.000      -0.008     129.000      75.000       0.000   91210.000       0.000 -888888.000 -888888.000
 20260806085000
   -31.5192  -68.8178 
  PUNTA_NEGRA                                SURFACE                                    
  FM-12 SYNOP       PUNTA_NEGRA            800  F     F         1
 -888888.000 -888888.000 -888888.000 -888888.000     800.000       0.000     286.650       0.000       0.437     129.000       0.503     129.000      76.000       0.000   91260.000       0.000 -888888.000 -888888.000
 20260806085500
   -31.5192  -68.8178 
  PUNTA_NEGRA                                SURFACE                                    
  FM-12 SYNOP       PUNTA_NEGRA            800  F     F         1
 -888888.000 -888888.000 -888888.000 -888888.000     800.000       0.000     286.550       0.000       0.350     129.000       0.170     129.000      75.000       0.000   91270.000       0.000 -888888.000 -888888.000
 20260806090000
   -31.5192  -68.8178 
  PUNTA_NEGRA                                SURFACE                                    
  FM-12 SYNOP       PUNTA_NEGRA            800  F     F         1
 -888888.000 -888888.000 -888888.000 -888888.000     800.000       0.000     286.750       0.000       0.320     129.000       0.309     129.000      75.000       0.000   91300.000       0.000 -888888.000 -888888.000
