 20260731000000
   -31.6500  -68.5833 
  INTA_POCITO                                SURFACE                                    
  FM-12 SYNOP       INTA_POCITO            615  F     F         1
 -888888.000 -888888.000 -888888.000 -888888.000     615.000       0.000     283.450       0.000      -0.000     129.000       0.000     129.000      83.000       0.000   92810.000       0.000 -888888.000 -888888.000
 20260731000000
   -31.6500  -68.3000 
  ECOHUMUS                                   SURFACE                                    
  FM-12 SYNOP       ECOHUMUS               600  F     F         1
 -888888.000 -888888.000 -888888.000 -888888.000     600.000       0.000     282.350       0.000       0.009     129.000       0.026     129.000      81.000       0.000   93610.000       0.000 -888888.000 -888888.000
 20260731000000
   -31.5192  -68.8178 
  PUNTA_NEGRA                                SURFACE                                    
  FM-12 SYNOP       PUNTA_NEGRA            800  F     F         1
 -888888.000 -888888.000 -888888.000 -888888.000     800.000       0.000     284.950       0.000       0.020     129.000       0.019     129.000      76.000       0.000   90510.000       0.000 -888888.000 -888888.000
 20260731000000
   -30.6335  -67.4682 
  VALLE_FERTIL                               SURFACE                                    
  FM-12 SYNOP       VALLE_FERTIL           900  F     F         1
 -888888.000 -888888.000 -888888.000 -888888.000     900.000       0.000     286.850       0.000       0.077     129.000      -0.238     129.000      90.000       0.000   90680.000       0.000 -888888.000 -888888.000
 20260731000000
   -30.1833  -69.0667 
  CUESTA_Viento                              SURFACE                                    
  FM-12 SYNOP       CUESTA_Viento         1530  F     F         1
 -888888.000 -888888.000 -888888.000 -888888.000    1530.000       0.000     289.450       0.000       0.000     129.000       0.000     129.000      19.000       0.000   84220.000       0.000 -888888.000 -888888.000
 20260731000500
   -31.6500  -68.5833 
  INTA_POCITO                                SURFACE                                    
  FM-12 SYNOP       INTA_POCITO            615  F     F         1
 -888888.000 -888888.000 -888888.000 -888888.000     615.000       0.000     283.150       0.000      -0.000     129.000       0.000     129.000      83.000       0.000   92810.000       0.000 -888888.000 -888888.000
 20260731000500
   -31.6500  -68.3000 
  ECOHUMUS                                   SURFACE                                    
  FM-12 SYNOP       ECOHUMUS               600  F     F         1
 -888888.000 -888888.000 -888888.000 -888888.000     600.000       0.000     282.050       0.000       0.018     129.000       0.053     129.000      82.000       0.000   93600.000       0.000 -888888.000 -888888.000
 20260731000500
   -31.5192  -68.8178 
  PUNTA_NEGRA                                SURFACE                                    
  FM-12 SYNOP       PUNTA_NEGRA            800  F     F         1
 -888888.000 -888888.000 -888888.000 -888888.000     800.000       0.000     284.850       0.000       0.009     129.000       0.166     129.000      77.000       0.000   90510.000       0.000 -888888.000 -888888.000
 20260731000500
   -30.6335  -67.4682 
  VALLE_FERTIL                               SURFACE                                    
  FM-12 SYNOP       VALLE_FERTIL           900  F     F         1
 -888888.000 -888888.000 -888888.000 -888888.000     900.000       0.000     286.750       0.000       0.129     129.000      -0.277     129.000      90.000       0.000   90680.000       0.000 -888888.000 -888888.000
 20260731000500
   -30.1833  -69.0667 
  CUESTA_Viento                              SURFACE                                    
  FM-12 SYNOP       CUESTA_Viento         1530  F     F         1
 -888888.000 -888888.000 -888888.000 -888888.000    1530.000       0.000     289.350       0.000       0.000     129.000       0.000     129.000      19.000       0.000   84220.000       0.000 -888888.000 -888888.000
 20260731001000
   -31.6500  -68.5833 
  INTA_POCITO                                SURFACE                                    
  FM-12 SYNOP       INTA_POCITO            615  F     F         1
 -888888.000 -888888.000 -888888.000 -888888.000     615.000       0.000     282.750       0.000      -0.000     129.000       0.000     129.000      84.000       0.000   92810.000       0.000 -888888.000 -888888.000
 20260731001000
   -31.6500  -68.3000 
  ECOHUMUS                                   SURFACE                                    
  FM-12 SYNOP       ECOHUMUS               600  F     F         1
 -888888.000 -888888.000 -888888.000 -888888.000     600.000       0.000     281.850       0.000       0.027     129.000       0.079     129.000      83.000       0.000   93610.000       0.000 -888888.000 -888888.000
 20260731001000
   -31.5192  -68.8178 
  PUNTA_NEGRA                                SURFACE                                    
  FM-12 SYNOP       PUNTA_NEGRA            800  F     F         1
 -888888.000 -888888.000 -888888.000 -888888.000     800.000       0.000     284.850       0.000       0.000     129.000       0.000     129.000      77.000       0.000   90510.000       0.000 -888888.000 -888888.000
 20260731001000
   -30.6335  -67.4682 
  VALLE_FERTIL                               SURFACE                                    
  FM-12 SYNOP       VALLE_FERTIL           900  F     F         1
 -888888.000 -888888.000 -888888.000 -888888.000     900.000       0.000     286.850       0.000       0.422     129.000      -0.318     129.000      90.000       0.000   90680.000       0.000 -888888.000 -888888.000
 20260731001000
   -30.1833  -69.0667 
  CUESTA_Viento                              SURFACE                                    
  FM-12 SYNOP       CUESTA_Viento         1530  F     F         1
 -888888.000 -888888.000 -888888.000 -888888.000    1530.000       0.000     289.850       0.000       0.000     129.000       0.000     129.000      18.000       0.000   84230.000       0.000 -888888.000 -888888.000
 20260731001500
   -31.6500  -68.5833 
  INTA_POCITO                                SURFACE                                    
  FM-12 SYNOP       INTA_POCITO            615  F     F         1
 -888888.000 -888888.000 -888888.000 -888888.000     615.000       0.000     282.550       0.000      -0.000     129.000       0.000     129.000      85.000       0.000   92800.000       0.000 -888888.000 -888888.000
 20260731001500
   -31.6500  -68.3000 
  ECOHUMUS                                   SURFACE                                    
  FM-12 SYNOP       ECOHUMUS               600  F     F         1
 -888888.000 -888888.000 -888888.000 -888888.000     600.000       0.000     281.650       0.000       0.009     129.000       0.026     129.000      83.000       0.000   93600.000       0.000 -888888.000 -888888.000
 20260731001500
   -31.5192  -68.8178 
  PUNTA_NEGRA                                SURFACE                                    
  FM-12 SYNOP       PUNTA_NEGRA            800  F     F         1
 -888888.000 -888888.000 -888888.000 -888888.000     800.000       0.000     284.750       0.000       0.099     129.000       0.050     129.000      78.000       0.000   90500.000       0.000 -888888.000 -888888.000
 20260731001500
   -30.6335  -67.4682 
  VALLE_FERTIL                               SURFACE                                    
  FM-12 SYNOP       VALLE_FERTIL           900  F     F         1
 -888888.000 -888888.000 -888888.000 -888888.000     900.000       0.000     286.850       0.000       0.499     129.000      -0.035     129.000      90.000       0.000   90670.000       0.000 -888888.000 -888888.000
 20260731001500
   -30.1833  -69.0667 
  CUESTA_Viento                              SURFACE                                    
  FM-12 SYNOP       CUESTA_Viento         1530  F     F         1
 -888888.000 -888888.000 -888888.000 -888888.000    1530.000       0.000     289.950       0.000       0.000     129.000       0.000     129.000      18.000       0.000   84230.000       0.000 -888888.000 -888888.000
 20260731002000
   -31.6500  -68.5833 
  INTA_POCITO                                SURFACE                                    
  FM-12 SYNOP       INTA_POCITO            615  F     F         1
 -888888.000 -888888.000 -888888.000 -888888.000     615.000       0.000     282.450       0.000      -0.000     129.000       0.000     129.000      86.000       0.000   92810.000       0.000 -888888.000 -888888.000
 20260731002000
   -31.6500  -68.3000 
  ECOHUMUS                                   SURFACE                                    
  FM-12 SYNOP       ECOHUMUS               600  F     F         1
 -888888.000 -888888.000 -888888.000 -888888.000     600.000       0.000     281.450       0.000       0.000     129.000       0.000     129.000      84.000       0.000   93600.000       0.000 -888888.000 -888888.000
 20260731002000
   -31.5192  -68.8178 
  PUNTA_NEGRA                                SURFACE                                    
  FM-12 SYNOP       PUNTA_NEGRA            800  F     F         1
 -888888.000 -888888.000 -888888.000 -888888.000     800.000       0.000     284.650       0.000       0.100     129.000      -0.133     129.000      78.000       0.000   90500.000       0.000 -888888.000 -888888.000
 20260731002000
   -30.6335  -67.4682 
  VALLE_FERTIL                               SURFACE                                    
  FM-12 SYNOP       VALLE_FERTIL           900  F     F         1
 -888888.000 -888888.000 -888888.000 -888888.000     900.000       0.000     286.850       0.000       0.465     129.000      -0.082     129.000      89.000       0.000   90670.000       0.000 -888888.000 -888888.000
 20260731002000
   -30.1833  -69.0667 
  CUESTA_Viento                              SURFACE                                    
  FM-12 SYNOP       CUESTA_Viento         1530  F     F         1
 -888888.000 -888888.000 -888888.000 -888888.000    1530.000       0.000     289.750       0.000       0.000     129.000       0.000     129.000      17.000       0.000   84230.000       0.000 -888888.000 -888888.000
 20260731002500
   -31.6500  -68.5833 
  INTA_POCITO                                SURFACE                                    
  FM-12 SYNOP       INTA_POCITO            615  F     F         1
 -888888.000 -888888.000 -888888.000 -888888.000     615.000       0.000     282.250       0.000      -0.000     129.000       0.000     129.000      86.000       0.000   92810.000       0.000 -888888.000 -888888.000
 20260731002500
   -31.6500  -68.3000 
  ECOHUMUS                                   SURFACE                                    
  FM-12 SYNOP       ECOHUMUS               600  F     F         1
 -888888.000 -888888.000 -888888.000 -888888.000     600.000       0.000     281.850       0.000      -0.070     129.000       0.086     129.000      84.000       0.000   93590.000       0.000 -888888.000 -888888.000
 20260731002500
   -31.5192  -68.8178 
  PUNTA_NEGRA                                SURFACE                                    
  FM-12 SYNOP       PUNTA_NEGRA            800  F     F         1
 -888888.000 -888888.000 -888888.000 -888888.000     800.000       0.000     284.750       0.000       0.034     129.000       0.106     129.000      78.000       0.000   90500.000       0.000 -888888.000 -888888.000
 20260731002500
   -30.6335  -67.4682 
  VALLE_FERTIL                               SURFACE                                    
  FM-12 SYNOP       VALLE_FERTIL           900  F     F         1
 -888888.000 -888888.000 -888888.000 -888888.000     900.000       0.000     286.850       0.000       0.776     129.000      -0.054     129.000      89.000       0.000   90660.000       0.000 -888888.000 -888888.000
 20260731002500
   -30.1833  -69.0667 
  CUESTA_Viento                              SURFACE                                    
  FM-12 SYNOP       CUESTA_Viento         1530  F     F         1
 -888888.000 -888888.000 -888888.000 -888888.000    1530.000       0.000     289.950       0.000       0.000     129.000       0.000     129.000      18.000       0.000   84240.000       0.000 -888888.000 -888888.000
 20260731003000
   -31.6500  -68.5833 
  INTA_POCITO                                SURFACE                                    
  FM-12 SYNOP       INTA_POCITO            615  F     F         1
 -888888.000 -888888.000 -888888.000 -888888.000     615.000       0.000     282.050       0.000      -0.000     129.000       0.000     129.000      87.000       0.000   92800.000       0.000 -888888.000 -888888.000
 20260731003000
   -31.6500  -68.3000 
  ECOHUMUS                                   SURFACE                                    
  FM-12 SYNOP       ECOHUMUS               600  F     F         1
 -888888.000 -888888.000 -888888.000 -888888.000     600.000       0.000     280.950       0.000      -0.280     129.000       0.345     129.000      84.000       0.000   93590.000       0.000 -888888.000 -888888.000
 20260731003000
   -31.5192  -68.8178 
  PUNTA_NEGRA                                SURFACE                                    
  FM-12 SYNOP       PUNTA_NEGRA            800  F     F         1
 -888888.000 -888888.000 -888888.000 -888888.000     800.000       0.000     284.750       0.000       0.216     129.000       0.216     129.000      77.000       0.000   90490.000       0.000 -888888.000 -888888.000
 20260731003000
   -30.6335  -67.4682 
  VALLE_FERTIL                               SURFACE                                    
  FM-12 SYNOP       VALLE_FERTIL           900  F     F         1
 -888888.000 -888888.000 -888888.000 -888888.000     900.000       0.000     286.950       0.000       0.139     129.000       0.010     129.000      89.000       0.000   90670.000       0.000 -888888.000 -888888.000
 20260731003000
   -30.1833  -69.0667 
  CUESTA_Viento                              SURFACE                                    
  FM-12 SYNOP       CUESTA_Viento         1530  F     F         1
 -888888.000 -888888.000 -888888.000 -888888.000    1530.000       0.000     289.350       0.000       0.007     129.000      -0.027     129.000      18.000       0.000   84220.000       0.000 -888888.000 -888888.000
 20260731003500
   -31.6500  -68.5833 
  INTA_POCITO                                SURFACE                                    
  FM-12 SYNOP       INTA_POCITO            615  F     F         1
 -888888.000 -888888.000 -888888.000 -888888.000     615.000       0.000     281.950       0.000      -0.000     129.000       0.000     129.000      87.000       0.000   92800.000       0.000 -888888.000 -888888.000
 20260731003500
   -31.6500  -68.3000 
  ECOHUMUS                                   SURFACE                                    
  FM-12 SYNOP       ECOHUMUS               600  F     F         1
 -888888.000 -888888.000 -888888.000 -888888.000     600.000       0.000     281.050       0.000      -0.210     129.000       0.259     129.000      84.000       0.000   93590.000       0.000 -888888.000 -888888.000
 20260731003500
   -31.5192  -68.8178 
  PUNTA_NEGRA                                SURFACE                                    
  FM-12 SYNOP       PUNTA_NEGRA            800  F     F         1
 -888888.000 -888888.000 -888888.000 -888888.000     800.000       0.000     284.850       0.000       0.025     129.000       0.013     129.000      77.000       0.000   90470.000       0.000 -888888.000 -888888.000
 20260731003500
   -30.6335  -67.4682 
  VALLE_FERTIL                               SURFACE                                    
  FM-12 SYNOP       VALLE_FERTIL           900  F     F         1
 -888888.000 -888888.000 -888888.000 -888888.000     900.000       0.000     286.850       0.000       0.111     129.000       0.006     129.000      89.000       0.000   90670.000       0.000 -888888.000 -888888.000
 20260731003500
   -30.1833  -69.0667 
  CUESTA_Viento                              SURFACE                                    
  FM-12 SYNOP       CUESTA_Viento         1530  F     F         1
 -888888.000 -888888.000 -888888.000 -888888.000    1530.000       0.000     289.450       0.000      -0.000     129.000       0.000     129.000      19.000       0.000   84210.000       0.000 -888888.000 -888888.000
 20260731004000
   -31.6500  -68.5833 
  INTA_POCITO                                SURFACE                                    
  FM-12 SYNOP       INTA_POCITO            615  F     F         1
 -888888.000 -888888.000 -888888.000 -888888.000     615.000       0.000     281.950       0.000       0.000     129.000       0.000     129.000      88.000       0.000   92800.000       0.000 -888888.000 -888888.000
 20260731004000
   -31.6500  -68.3000 
  ECOHUMUS                                   SURFACE                                    
  FM-12 SYNOP       ECOHUMUS               600  F     F         1
 -888888.000 -888888.000 -888888.000 -888888.000     600.000       0.000     281.150       0.000      -0.017     129.000       0.022     129.000      85.000       0.000   93600.000       0.000 -888888.000 -888888.000
 20260731004000
   -31.5192  -68.8178 
  PUNTA_NEGRA                                SURFACE                                    
  FM-12 SYNOP       PUNTA_NEGRA            800  F     F         1
 -888888.000 -888888.000 -888888.000 -888888.000     800.000       0.000     284.650       0.000       0.097     129.000       0.200     129.000      77.000       0.000   90460.000       0.000 -888888.000 -888888.000
 20260731004000
   -30.6335  -67.4682 
  VALLE_FERTIL                               SURFACE                                    
  FM-12 SYNOP       VALLE_FERTIL           900  F     F         1
 -888888.000 -888888.000 -888888.000 -888888.000     900.000       0.000     286.850       0.000       0.028     129.000       0.001     129.000      90.000       0.000   90680.000       0.000 -888888.000 -888888.000
 20260731004000
   -30.1833  -69.0667 
  CUESTA_Viento                              SURFACE                                    
  FM-12 SYNOP       CUESTA_Viento         1530  F     F         1
 -888888.000 -888888.000 -888888.000 -888888.000    1530.000       0.000     289.550       0.000       0.036     129.000      -0.105     129.000      19.000       0.000   84220.000       0.000 -888888.000 -888888.000
 20260731004500
   -31.6500  -68.5833 
  INTA_POCITO                                SURFACE                                    
  FM-12 SYNOP       INTA_POCITO            615  F     F         1
 -888888.000 -888888.000 -888888.000 -888888.000     615.000       0.000     281.850       0.000      -0.000     129.000       0.000     129.000      88.000       0.000   92780.000       0.000 -888888.000 -888888.000
 20260731004500
   -31.6500  -68.3000 
  ECOHUMUS                                   SURFACE                                    
  FM-12 SYNOP       ECOHUMUS               600  F     F         1
 -888888.000 -888888.000 -888888.000 -888888.000     600.000       0.000     280.950       0.000      -0.017     129.000       0.022     129.000      85.000       0.000   93590.000       0.000 -888888.000 -888888.000
 20260731004500
   -31.5192  -68.8178 
  PUNTA_NEGRA                                SURFACE                                    
  FM-12 SYNOP       PUNTA_NEGRA            800  F     F         1
 -888888.000 -888888.000 -888888.000 -888888.000     800.000       0.000     284.850       0.000       0.244     129.000       0.227     129.000      76.000       0.000   90470.000       0.000 -888888.000 -888888.000
 20260731004500
   -30.6335  -67.4682 
  VALLE_FERTIL                               SURFACE                                    
  FM-12 SYNOP       VALLE_FERTIL           900  F     F         1
 -888888.000 -888888.000 -888888.000 -888888.000     900.000       0.000     286.850       0.000      -0.014     129.000      -0.082     129.000      90.000       0.000   90680.000       0.000 -888888.000 -888888.000
 20260731004500
   -30.1833  -69.0667 
  CUESTA_Viento                              SURFACE                                    
  FM-12 SYNOP       CUESTA_Viento         1530  F     F         1
 -888888.000 -888888.000 -888888.000 -888888.000    1530.000       0.000     290.650       0.000       1.089     129.000      -0.555     129.000      20.000       0.000   84230.000       0.000 -888888.000 -888888.000
 20260731005000
   -31.6500  -68.5833 
  INTA_POCITO                                SURFACE                                    
  FM-12 SYNOP       INTA_POCITO            615  F     F         1
 -888888.000 -888888.000 -888888.000 -888888.000     615.000       0.000     281.950       0.000       0.000     129.000       0.000     129.000      88.000       0.000   92790.000       0.000 -888888.000 -888888.000
 20260731005000
   -31.6500  -68.3000 
  ECOHUMUS                                   SURFACE                                    
  FM-12 SYNOP       ECOHUMUS               600  F     F         1
 -888888.000 -888888.000 -888888.000 -888888.000     600.000       0.000     280.850       0.000      -0.017     129.000       0.022     129.000      86.000       0.000   93590.000       0.000 -888888.000 -888888.000
 20260731005000
   -31.5192  -68.8178 
  PUNTA_NEGRA                                SURFACE                                    
  FM-12 SYNOP       PUNTA_NEGRA            800  F     F         1
 -888888.000 -888888.000 -888888.000 -888888.000     800.000       0.000     284.850       0.000      -0.021     129.000       0.109     129.000      77.000       0.000   90470.000       0.000 -888888.000 -888888.000
 20260731005000
   -30.6335  -67.4682 
  VALLE_FERTIL                               SURFACE                                    
  FM-12 SYNOP       VALLE_FERTIL           900  F     F         1
 -888888.000 -888888.000 -888888.000 -888888.000     900.000       0.000     286.750       0.000      -0.000     129.000      -0.000     129.000      90.000       0.000   90660.000       0.000 -888888.000 -888888.000
 20260731005000
   -30.1833  -69.0667 
  CUESTA_Viento                              SURFACE                                    
  FM-12 SYNOP       CUESTA_Viento         1530  F     F         1
 -888888.000 -888888.000 -888888.000 -888888.000    1530.000       0.000     290.650       0.000       0.286     129.000      -0.172     129.000      19.000       0.000   84220.000       0.000 -888888.000 -888888.000
 20260731005500
   -31.6500  -68.5833 
  INTA_POCITO                                SURFACE                                    
  FM-12 SYNOP       INTA_POCITO            615  F     F         1
 -888888.000 -888888.000 -888888.000 -888888.000     615.000       0.000     281.950       0.000      -0.000     129.000       0.000     129.000      88.000       0.000   92790.000       0.000 -888888.000 -888888.000
 20260731005500
   -31.6500  -68.3000 
  ECOHUMUS                                   SURFACE                                    
  FM-12 SYNOP       ECOHUMUS               600  F     F         1
 -888888.000 -888888.000 -888888.000 -888888.000     600.000       0.000     280.650       0.000      -0.000     129.000       0.000     129.000      86.000       0.000   93580.000       0.000 -888888.000 -888888.000
 20260731005500
   -31.5192  -68.8178 
  PUNTA_NEGRA                                SURFACE                                    
  FM-12 SYNOP       PUNTA_NEGRA            800  F     F         1
 -888888.000 -888888.000 -888888.000 -888888.000     800.000       0.000     284.750       0.000      -0.332     129.000       0.141     129.000      77.000       0.000   90460.000       0.000 -888888.000 -888888.000
 20260731005500
   -30.6335  -67.4682 
  VALLE_FERTIL                               SURFACE                                    
  FM-12 SYNOP       VALLE_FERTIL           900  F     F         1
 -888888.000 -888888.000 -888888.000 -888888.000     900.000       0.000     286.850       0.000       0.743     129.000      -0.104     129.000      90.000       0.000   90660.000       0.000 -888888.000 -888888.000
 20260731005500
   -30.1833  -69.0667 
  CUESTA_Viento                              SURFACE                                    
  FM-12 SYNOP       CUESTA_Viento         1530  F     F         1
 -888888.000 -888888.000 -888888.000 -888888.000    1530.000       0.000     289.650       0.000       0.000     129.000       0.000     129.000      20.000       0.000   84200.000       0.000 -888888.000 -888888.000
 20260731010000
   -31.6500  -68.5833 
  INTA_POCITO                                SURFACE                                    
  FM-12 SYNOP       INTA_POCITO            615  F     F         1
 -888888.000 -888888.000 -888888.000 -888888.000     615.000       0.000     282.250       0.000      -0.000     129.000       0.000     129.000      88.000       0.000   92780.000       0.000 -888888.000 -888888.000
 20260731010000
   -31.6500  -68.3000 
  ECOHUMUS                                   SURFACE                                    
  FM-12 SYNOP       ECOHUMUS               600  F     F         1
 -888888.000 -888888.000 -888888.000 -888888.000     600.000       0.000     280.450       0.000      -0.000     129.000       0.000     129.000      86.000       0.000   93590.000       0.000 -888888.000 -888888.000
 20260731010000
   -31.5192  -68.8178 
  PUNTA_NEGRA                                SURFACE                                    
  FM-12 SYNOP       PUNTA_NEGRA            800  F     F         1
 -888888.000 -888888.000 -888888.000 -888888.000     800.000       0.000     284.650       0.000       0.252     129.000       0.219     129.000      78.000       0.000   90460.000       0.000 -888888.000 -888888.000
 20260731010000
   -30.6335  -67.4682 
  VALLE_FERTIL                               SURFACE                                    
  FM-12 SYNOP       VALLE_FERTIL           900  F     F         1
 -888888.000 -888888.000 -888888.000 -888888.000     900.000       0.000     286.850       0.000       0.805     129.000       0.028     129.000      89.000       0.000   90650.000       0.000 -888888.000 -888888.000
 20260731010000
   -30.1833  -69.0667 
  CUESTA_Viento                              SURFACE                                    
  FM-12 SYNOP       CUESTA_Viento         1530  F     F         1
 -888888.000 -888888.000 -888888.000 -888888.000    1530.000       0.000     289.350       0.000       0.000     129.000       0.000     129.000      18.000       0.000   84190.000       0.000 -888888.000 -888888.000
 20260731010500
   -31.6500  -68.5833 
  INTA_POCITO                                SURFACE                                    
  FM-12 SYNOP       INTA_POCITO            615  F     F         1
 -888888.000 -888888.000 -888888.000 -888888.000     615.000       0.000     282.150       0.000      -0.000     129.000       0.000     129.000      88.000       0.000   92760.000       0.000 -888888.000 -888888.000
 20260731010500
   -31.6500  -68.3000 
  ECOHUMUS                                   SURFACE                                    
  FM-12 SYNOP       ECOHUMUS               600  F     F         1
 -888888.000 -888888.000 -888888.000 -888888.000     600.000       0.000     280.750       0.000      -0.000     129.000       0.000     129.000      87.000       0.000   93580.000       0.000 -888888.000 -888888.000
 20260731010500
   -31.5192  -68.8178 
  PUNTA_NEGRA                                SURFACE                                    
  FM-12 SYNOP       PUNTA_NEGRA            800  F     F         1
 -888888.000 -888888.000 -888888.000 -888888.000     800.000       0.000     284.950       0.000       0.408     129.000       0.087     129.000      76.000       0.000   90440.000       0.000 -888888.000 -888888.000
 20260731010500
   -30.6335  -67.4682 
  VALLE_FERTIL                               SURFACE                                    
  FM-12 SYNOP       VALLE_FERTIL           900  F     F         1
 -888888.000 -888888.000 -888888.000 -888888.000     900.000       0.000     286.850       0.000       0.189     129.000      -0.164     129.000      89.000       0.000   90650.000       0.000 -888888.000 -888888.000
 20260731010500
   -30.1833  -69.0667 
  CUESTA_Viento                              SURFACE                                    
  FM-12 SYNOP       CUESTA_Viento         1530  F     F         1
 -888888.000 -888888.000 -888888.000 -888888.000    1530.000       0.000     290.250       0.000       0.000     129.000      -0.000     129.000      18.000       0.000   84200.000       0.000 -888888.000 -888888.000
 20260731011000
   -31.6500  -68.5833 
  INTA_POCITO                                SURFACE                                    
  FM-12 SYNOP       INTA_POCITO            615  F     F         1
 -888888.000 -888888.000 -888888.000 -888888.000     615.000       0.000     281.850       0.000      -0.000     129.000       0.000     129.000      88.000       0.000   92760.000       0.000 -888888.000 -888888.000
 20260731011000
   -31.6500  -68.3000 
  ECOHUMUS                                   SURFACE                                    
  FM-12 SYNOP       ECOHUMUS               600  F     F         1
 -888888.000 -888888.000 -888888.000 -888888.000     600.000       0.000     280.650       0.000      -0.000     129.000       0.000     129.000      87.000       0.000   93580.000       0.000 -888888.000 -888888.000
 20260731011000
   -31.5192  -68.8178 
  PUNTA_NEGRA                                SURFACE                                    
  FM-12 SYNOP       PUNTA_NEGRA            800  F     F         1
 -888888.000 -888888.000 -888888.000 -888888.000     800.000       0.000     284.650       0.000       0.220     129.000      -0.031     129.000      77.000       0.000   90430.000       0.000 -888888.000 -888888.000
 20260731011000
   -30.6335  -67.4682 
  VALLE_FERTIL                               SURFACE                                    
  FM-12 SYNOP       VALLE_FERTIL           900  F     F         1
 -888888.000 -888888.000 -888888.000 -888888.000     900.000       0.000     286.850       0.000      -0.208     129.000      -0.223     129.000      90.000       0.000   90650.000       0.000 -888888.000 -888888.000
 20260731011000
   -30.1833  -69.0667 
  CUESTA_Viento                              SURFACE                                    
  FM-12 SYNOP       CUESTA_Viento         1530  F     F         1
 -888888.000 -888888.000 -888888.000 -888888.000    1530.000       0.000     288.850       0.000       0.000     129.000       0.000     129.000      21.000       0.000   84180.000       0.000 -888888.000 -888888.000
 20260731011500
   -31.6500  -68.5833 
  INTA_POCITO                                SURFACE                                    
  FM-12 SYNOP       INTA_POCITO            615  F     F         1
 -888888.000 -888888.000 -888888.000 -888888.000     615.000       0.000     281.450       0.000      -0.000     129.000       0.000     129.000      88.000       0.000   92770.000       0.000 -888888.000 -888888.000
 20260731011500
   -31.6500  -68.3000 
  ECOHUMUS                                   SURFACE                                    
  FM-12 SYNOP       ECOHUMUS               600  F     F         1
 -888888.000 -888888.000 -888888.000 -888888.000     600.000       0.000     279.950       0.000      -0.000     129.000       0.000     129.000      86.000       0.000   93560.000       0.000 -888888.000 -888888.000
 20260731011500
   -31.5192  -68.8178 
  PUNTA_NEGRA                                SURFACE                                    
  FM-12 SYNOP       PUNTA_NEGRA            800  F     F         1
 -888888.000 -888888.000 -888888.000 -888888.000     800.000       0.000     284.550       0.000       0.285     129.000       0.110     129.000      78.000       0.000   90420.000       0.000 -888888.000 -888888.000
 20260731011500
   -30.6335  -67.4682 
  VALLE_FERTIL                               SURFACE                                    
  FM-12 SYNOP       VALLE_FERTIL           900  F     F         1
 -888888.000 -888888.000 -888888.000 -888888.000     900.000       0.000     286.750       0.000      -0.103     129.000      -0.131     129.000      90.000       0.000   90630.000       0.000 -888888.000 -888888.000
 20260731011500
   -30.1833  -69.0667 
  CUESTA_Viento                              SURFACE                                    
  FM-12 SYNOP       CUESTA_Viento         1530  F     F         1
 -888888.000 -888888.000 -888888.000 -888888.000    1530.000       0.000     287.950       0.000       0.000     129.000       0.000     129.000      20.000       0.000   84190.000       0.000 -888888.000 -888888.000
 20260731012000
   -31.6500  -68.5833 
  INTA_POCITO                                SURFACE                                    
  FM-12 SYNOP       INTA_POCITO            615  F     F         1
 -888888.000 -888888.000 -888888.000 -888888.000     615.000       0.000     281.550       0.000      -0.000     129.000       0.000     129.000      88.000       0.000   92750.000       0.000 -888888.000 -888888.000
 20260731012000
   -31.6500  -68.3000 
  ECOHUMUS                                   SURFACE                                    
  FM-12 SYNOP       ECOHUMUS               600  F     F         1
 -888888.000 -888888.000 -888888.000 -888888.000     600.000       0.000     279.950       0.000      -0.000     129.000       0.000     129.000      86.000       0.000   93550.000       0.000 -888888.000 -888888.000
 20260731012000
   -31.5192  -68.8178 
  PUNTA_NEGRA                                SURFACE                                    
  FM-12 SYNOP       PUNTA_NEGRA            800  F     F         1
 -888888.000 -888888.000 -888888.000 -888888.000     800.000       0.000     284.450       0.000       0.125     129.000       0.061     129.000      78.000       0.000   90430.000       0.000 -888888.000 -888888.000
 20260731012000
   -30.6335  -67.4682 
  VALLE_FERTIL                               SURFACE                                    
  FM-12 SYNOP       VALLE_FERTIL           900  F     F         1
 -888888.000 -888888.000 -888888.000 -888888.000     900.000       0.000     286.750       0.000       0.454     129.000      -0.409     129.000      90.000       0.000   90640.000       0.000 -888888.000 -888888.000
 20260731012000
   -30.1833  -69.0667 
  CUESTA_Viento                              SURFACE                                    
  FM-12 SYNOP       CUESTA_Viento         1530  F     F         1
 -888888.000 -888888.000 -888888.000 -888888.000    1530.000       0.000     288.150       0.000       0.194     129.000       0.007     129.000      18.000       0.000   84170.000       0.000 -888888.000 -888888.000
 20260731012500
   -31.6500  -68.5833 
  INTA_POCITO                                SURFACE                                    
  FM-12 SYNOP       INTA_POCITO            615  F     F         1
 -888888.000 -888888.000 -888888.000 -888888.000     615.000       0.000     281.650       0.000      -0.000     129.000       0.000     129.000      88.000       0.000   92760.000       0.000 -888888.000 -888888.000
 20260731012500
   -31.6500  -68.3000 
  ECOHUMUS                                   SURFACE                                    
  FM-12 SYNOP       ECOHUMUS               600  F     F         1
 -888888.000 -888888.000 -888888.000 -888888.000     600.000       0.000     279.850       0.000      -0.068     129.000       0.088     129.000      87.000       0.000   93540.000       0.000 -888888.000 -888888.000
 20260731012500
   -31.5192  -68.8178 
  PUNTA_NEGRA                                SURFACE                                    
  FM-12 SYNOP       PUNTA_NEGRA            800  F     F         1
 -888888.000 -888888.000 -888888.000 -888888.000     800.000       0.000     284.350       0.000       0.052     129.000       0.019     129.000      78.000       0.000   90420.000       0.000 -888888.000 -888888.000
 20260731012500
   -30.6335  -67.4682 
  VALLE_FERTIL                               SURFACE                                    
  FM-12 SYNOP       VALLE_FERTIL           900  F     F         1
 -888888.000 -888888.000 -888888.000 -888888.000     900.000       0.000     286.750       0.000       0.406     129.000      -0.379     129.000      90.000       0.000   90630.000       0.000 -888888.000 -888888.000
 20260731012500
   -30.1833  -69.0667 
  CUESTA_Viento                              SURFACE                                    
  FM-12 SYNOP       CUESTA_Viento         1530  F     F         1
 -888888.000 -888888.000 -888888.000 -888888.000    1530.000       0.000     289.750       0.000      -0.056     129.000      -0.096     129.000      18.000       0.000   84170.000       0.000 -888888.000 -888888.000
 20260731013000
   -31.6500  -68.5833 
  INTA_POCITO                                SURFACE                                    
  FM-12 SYNOP       INTA_POCITO            615  F     F         1
 -888888.000 -888888.000 -888888.000 -888888.000     615.000       0.000     281.450       0.000      -0.000     129.000       0.000     129.000      89.000       0.000   92750.000       0.000 -888888.000 -888888.000
 20260731013000
   -31.6500  -68.3000 
  ECOHUMUS                                   SURFACE                                    
  FM-12 SYNOP       ECOHUMUS               600  F     F         1
 -888888.000 -888888.000 -888888.000 -888888.000     600.000       0.000     279.650       0.000      -0.017     129.000       0.022     129.000      87.000       0.000   93520.000       0.000 -888888.000 -888888.000
 20260731013000
   -31.5192  -68.8178 
  PUNTA_NEGRA                                SURFACE                                    
  FM-12 SYNOP       PUNTA_NEGRA            800  F     F         1
 -888888.000 -888888.000 -888888.000 -888888.000     800.000       0.000     284.250       0.000       0.000     129.000       0.000     129.000      79.000       0.000   90400.000       0.000 -888888.000 -888888.000
 20260731013000
   -30.6335  -67.4682 
  VALLE_FERTIL                               SURFACE                                    
  FM-12 SYNOP       VALLE_FERTIL           900  F     F         1
 -888888.000 -888888.000 -888888.000 -888888.000     900.000       0.000     286.750       0.000       0.325     129.000      -0.416     129.000      90.000       0.000   90620.000       0.000 -888888.000 -888888.000
 20260731013000
   -30.1833  -69.0667 
  CUESTA_Viento                              SURFACE                                    
  FM-12 SYNOP       CUESTA_Viento         1530  F     F         1
 -888888.000 -888888.000 -888888.000 -888888.000    1530.000       0.000     288.950       0.000       0.000     129.000       0.000     129.000      19.000       0.000   84160.000       0.000 -888888.000 -888888.000
 20260731013500
   -31.6500  -68.5833 
  INTA_POCITO                                SURFACE                                    
  FM-12 SYNOP       INTA_POCITO            615  F     F         1
 -888888.000 -888888.000 -888888.000 -888888.000     615.000       0.000     281.350       0.000      -0.000     129.000       0.000     129.000      89.000       0.000   92740.000       0.000 -888888.000 -888888.000
 20260731013500
   -31.6500  -68.3000 
  ECOHUMUS                                   SURFACE                                    
  FM-12 SYNOP       ECOHUMUS               600  F     F         1
 -888888.000 -888888.000 -888888.000 -888888.000     600.000       0.000     280.150       0.000      -0.017     129.000       0.022     129.000      88.000       0.000   93510.000       0.000 -888888.000 -888888.000
 20260731013500
   -31.5192  -68.8178 
  PUNTA_NEGRA                                SURFACE                                    
  FM-12 SYNOP       PUNTA_NEGRA            800  F     F         1
 -888888.000 -888888.000 -888888.000 -888888.000     800.000       0.000     283.650       0.000       0.178     129.000       0.079     129.000      81.000       0.000   90390.000       0.000 -888888.000 -888888.000
 20260731013500
   -30.6335  -67.4682 
  VALLE_FERTIL                               SURFACE                                    
  FM-12 SYNOP       VALLE_FERTIL           900  F     F         1
 -888888.000 -888888.000 -888888.000 -888888.000     900.000       0.000     286.750       0.000       0.017     129.000      -0.249     129.000      90.000       0.000   90610.000       0.000 -888888.000 -888888.000
 20260731013500
   -30.1833  -69.0667 
  CUESTA_Viento                              SURFACE                                    
  FM-12 SYNOP       CUESTA_Viento         1530  F     F         1
 -888888.000 -888888.000 -888888.000 -888888.000    1530.000       0.000     288.350       0.000       0.000     129.000       0.000     129.000      20.000       0.000   84150.000       0.000 -888888.000 -888888.000
 20260731014000
   -31.6500  -68.5833 
  INTA_POCITO                                SURFACE                                    
  FM-12 SYNOP       INTA_POCITO            615  F     F         1
 -888888.000 -888888.000 -888888.000 -888888.000     615.000       0.000     281.250       0.000      -0.000     129.000       0.000     129.000      89.000       0.000   92740.000       0.000 -888888.000 -888888.000
 20260731014000
   -31.6500  -68.3000 
  ECOHUMUS                                   SURFACE                                    
  FM-12 SYNOP       ECOHUMUS               600  F     F         1
 -888888.000 -888888.000 -888888.000 -888888.000     600.000       0.000     279.950       0.000      -0.017     129.000       0.022     129.000      88.000       0.000   93520.000       0.000 -888888.000 -888888.000
 20260731014000
   -31.5192  -68.8178 
  PUNTA_NEGRA                                SURFACE                                    
  FM-12 SYNOP       PUNTA_NEGRA            800  F     F         1
 -888888.000 -888888.000 -888888.000 -888888.000     800.000       0.000     283.550       0.000       0.070     129.000       0.045     129.000      81.000       0.000   90390.000       0.000 -888888.000 -888888.000
 20260731014000
   -30.6335  -67.4682 
  VALLE_FERTIL                               SURFACE                                    
  FM-12 SYNOP       VALLE_FERTIL           900  F     F         1
 -888888.000 -888888.000 -888888.000 -888888.000     900.000       0.000     286.850       0.000      -0.039     129.000      -0.247     129.000      90.000       0.000   90600.000       0.000 -888888.000 -888888.000
 20260731014000
   -30.1833  -69.0667 
  CUESTA_Viento                              SURFACE                                    
  FM-12 SYNOP       CUESTA_Viento         1530  F     F         1
 -888888.000 -888888.000 -888888.000 -888888.000    1530.000       0.000     286.950       0.000       0.000     129.000       0.000     129.000      23.000       0.000   84150.000       0.000 -888888.000 -888888.000
 20260731014500
   -31.6500  -68.5833 
  INTA_POCITO                                SURFACE                                    
  FM-12 SYNOP       INTA_POCITO            615  F     F         1
 -888888.000 -888888.000 -888888.000 -888888.000     615.000       0.000     281.350       0.000      -0.000     129.000       0.000     129.000      89.000       0.000   92720.000       0.000 -888888.000 -888888.000
 20260731014500
   -31.6500  -68.3000 
  ECOHUMUS                                   SURFACE                                    
  FM-12 SYNOP       ECOHUMUS               600  F     F         1
 -888888.000 -888888.000 -888888.000 -888888.000     600.000       0.000     279.950       0.000      -0.000     129.000       0.000     129.000      88.000       0.000   93500.000       0.000 -888888.000 -888888.000
 20260731014500
   -31.5192  -68.8178 
  PUNTA_NEGRA                                SURFACE                                    
  FM-12 SYNOP       PUNTA_NEGRA            800  F     F         1
 -888888.000 -888888.000 -888888.000 -888888.000     800.000       0.000     283.450       0.000       0.104     129.000       0.038     129.000      82.000       0.000   90360.000       0.000 -888888.000 -888888.000
 20260731014500
   -30.6335  -67.4682 
  VALLE_FERTIL                               SURFACE                                    
  FM-12 SYNOP       VALLE_FERTIL           900  F     F         1
 -888888.000 -888888.000 -888888.000 -888888.000     900.000       0.000     286.850       0.000      -0.029     129.000      -0.136     129.000      90.000       0.000   90590.000       0.000 -888888.000 -888888.000
 20260731014500
   -30.1833  -69.0667 
  CUESTA_Viento                              SURFACE                                    
  FM-12 SYNOP       CUESTA_Viento         1530  F     F         1
 -888888.000 -888888.000 -888888.000 -888888.000    1530.000       0.000     287.350       0.000       0.000     129.000       0.000     129.000      20.000       0.000   84140.000       0.000 -888888.000 -888888.000
 20260731015000
   -31.6500  -68.5833 
  INTA_POCITO                                SURFACE                                    
  FM-12 SYNOP       INTA_POCITO            615  F     F         1
 -888888.000 -888888.000 -888888.000 -888888.000     615.000       0.000     281.350       0.000      -0.000     129.000       0.000     129.000      89.000       0.000   92710.000       0.000 -888888.000 -888888.000
 20260731015000
   -31.6500  -68.3000 
  ECOHUMUS                                   SURFACE                                    
  FM-12 SYNOP       ECOHUMUS               600  F     F         1
 -888888.000 -888888.000 -888888.000 -888888.000     600.000       0.000     279.750       0.000      -0.000     129.000       0.000     129.000      88.000       0.000   93480.000       0.000 -888888.000 -888888.000
 20260731015000
   -31.5192  -68.8178 
  PUNTA_NEGRA                                SURFACE                                    
  FM-12 SYNOP       PUNTA_NEGRA            800  F     F         1
 -888888.000 -888888.000 -888888.000 -888888.000     800.000       0.000     283.450       0.000       0.370     129.000       0.120     129.000      82.000       0.000   90360.000       0.000 -888888.000 -888888.000
 20260731015000
   -30.6335  -67.4682 
  VALLE_FERTIL                               SURFACE                                    
  FM-12 SYNOP       VALLE_FERTIL           900  F     F         1
 -888888.000 -888888.000 -888888.000 -888888.000     900.000       0.000     286.850       0.000      -0.021     129.000      -0.109     129.000      89.000       0.000   90580.000       0.000 -888888.000 -888888.000
 20260731015000
   -30.1833  -69.0667 
  CUESTA_Viento                              SURFACE                                    
  FM-12 SYNOP       CUESTA_Viento         1530  F     F         1
 -888888.000 -888888.000 -888888.000 -888888.000    1530.000       0.000     287.250       0.000       0.000     129.000       0.000     129.000      22.000       0.000   84140.000       0.000 -888888.000 -888888.000
 20260731015500
   -31.6500  -68.5833 
  INTA_POCITO                                SURFACE                                    
  FM-12 SYNOP       INTA_POCITO            615  F     F         1
 -888888.000 -888888.000 -888888.000 -888888.000     615.000       0.000     281.850       0.000      -0.000     129.000       0.000     129.000      90.000       0.000   92700.000       0.000 -888888.000 -888888.000
 20260731015500
   -31.6500  -68.3000 
  ECOHUMUS                                   SURFACE                                    
  FM-12 SYNOP       ECOHUMUS               600  F     F         1
 -888888.000 -888888.000 -888888.000 -888888.000     600.000       0.000     279.350       0.000      -0.000     129.000       0.000     129.000      88.000       0.000   93470.000       0.000 -888888.000 -888888.000
 20260731015500
   -31.5192  -68.8178 
  PUNTA_NEGRA                                SURFACE                                    
  FM-12 SYNOP       PUNTA_NEGRA            800  F     F         1
 -888888.000 -888888.000 -888888.000 -888888.000     800.000       0.000     283.450       0.000      -0.083     129.000       0.206     129.000      82.000       0.000   90350.000       0.000 -888888.000 -888888.000
 20260731015500
   -30.6335  -67.4682 
  VALLE_FERTIL                               SURFACE                                    
  FM-12 SYNOP       VALLE_FERTIL           900  F     F         1
 -888888.000 -888888.000 -888888.000 -888888.000     900.000       0.000     286.850       0.000      -0.021     129.000      -0.109     129.000      89.000       0.000   90590.000       0.000 -888888.000 -888888.000
 20260731015500
   -30.1833  -69.0667 
  CUESTA_Viento                              SURFACE                                    
  FM-12 SYNOP       CUESTA_Viento         1530  F     F         1
 -888888.000 -888888.000 -888888.000 -888888.000    1530.000       0.000     287.350       0.000       0.000     129.000       0.000     129.000      20.000       0.000   84140.000       0.000 -888888.000 -888888.000
 20260731020000
   -31.6500  -68.5833 
  INTA_POCITO                                SURFACE                                    
  FM-12 SYNOP       INTA_POCITO            615  F     F         1
 -888888.000 -888888.000 -888888.000 -888888.000     615.000       0.000     281.950       0.000      -0.000     129.000       0.000     129.000      90.000       0.000   92690.000       0.000 -888888.000 -888888.000
 20260731020000
   -31.6500  -68.3000 
  ECOHUMUS                                   SURFACE                                    
  FM-12 SYNOP       ECOHUMUS               600  F     F         1
 -888888.000 -888888.000 -888888.000 -888888.000     600.000       0.000     279.250       0.000      -0.000     129.000       0.000     129.000      88.000       0.000   93470.000       0.000 -888888.000 -888888.000
 20260731020000
   -31.5192  -68.8178 
  PUNTA_NEGRA                                SURFACE                                    
  FM-12 SYNOP       PUNTA_NEGRA            800  F     F         1
 -888888.000 -888888.000 -888888.000 -888888.000     800.000       0.000     283.550       0.000       0.339     129.000       0.124     129.000      82.000       0.000   90350.000       0.000 -888888.000 -888888.000
 20260731020000
   -30.6335  -67.4682 
  VALLE_FERTIL                               SURFACE                                    
  FM-12 SYNOP       VALLE_FERTIL           900  F     F         1
 -888888.000 -888888.000 -888888.000 -888888.000     900.000       0.000     286.850       0.000      -0.024     129.000      -0.137     129.000      89.000       0.000   90580.000       0.000 -888888.000 -888888.000
 20260731020000
   -30.1833  -69.0667 
  CUESTA_Viento                              SURFACE                                    
  FM-12 SYNOP       CUESTA_Viento         1530  F     F         1
 -888888.000 -888888.000 -888888.000 -888888.000    1530.000       0.000     287.450       0.000      -0.000     129.000       0.000     129.000      21.000       0.000   84130.000       0.000 -888888.000 -888888.000
 20260731020500
   -31.6500  -68.5833 
  INTA_POCITO                                SURFACE                                    
  FM-12 SYNOP       INTA_POCITO            615  F     F         1
 -888888.000 -888888.000 -888888.000 -888888.000     615.000       0.000     281.550       0.000      -0.000     129.000       0.000     129.000      90.000       0.000   92680.000       0.000 -888888.000 -888888.000
 20260731020500
   -31.6500  -68.3000 
  ECOHUMUS                                   SURFACE                                    
  FM-12 SYNOP       ECOHUMUS               600  F     F         1
 -888888.000 -888888.000 -888888.000 -888888.000     600.000       0.000     279.150       0.000      -0.068     129.000       0.088     129.000      89.000       0.000   93460.000       0.000 -888888.000 -888888.000
 20260731020500
   -31.5192  -68.8178 
  PUNTA_NEGRA                                SURFACE                                    
  FM-12 SYNOP       PUNTA_NEGRA            800  F     F         1
 -888888.000 -888888.000 -888888.000 -888888.000     800.000       0.000     283.550       0.000       0.071     129.000       0.044     129.000      81.000       0.000   90340.000       0.000 -888888.000 -888888.000
 20260731020500
   -30.6335  -67.4682 
  VALLE_FERTIL                               SURFACE                                    
  FM-12 SYNOP       VALLE_FERTIL           900  F     F         1
 -888888.000 -888888.000 -888888.000 -888888.000     900.000       0.000     286.850       0.000      -0.010     129.000      -0.055     129.000      90.000       0.000   90560.000       0.000 -888888.000 -888888.000
 20260731020500
   -30.1833  -69.0667 
  CUESTA_Viento                              SURFACE                                    
  FM-12 SYNOP       CUESTA_Viento         1530  F     F         1
 -888888.000 -888888.000 -888888.000 -888888.000    1530.000       0.000     287.250       0.000      -0.000     129.000       0.000     129.000      22.000       0.000   84130.000       0.000 -888888.000 -888888.000
 20260731021000
   -31.6500  -68.5833 
  INTA_POCITO                                SURFACE                                    
  FM-12 SYNOP       INTA_POCITO            615  F     F         1
 -888888.000 -888888.000 -888888.000 -888888.000     615.000       0.000     281.450       0.000      -0.000     129.000       0.000     129.000      90.000       0.000   92660.000       0.000 -888888.000 -888888.000
 20260731021000
   -31.6500  -68.3000 
  ECOHUMUS                                   SURFACE                                    
  FM-12 SYNOP       ECOHUMUS               600  F     F         1
 -888888.000 -888888.000 -888888.000 -888888.000     600.000       0.000     279.350       0.000      -0.000     129.000       0.000     129.000      89.000       0.000   93450.000       0.000 -888888.000 -888888.000
 20260731021000
   -31.5192  -68.8178 
  PUNTA_NEGRA                                SURFACE                                    
  FM-12 SYNOP       PUNTA_NEGRA            800  F     F         1
 -888888.000 -888888.000 -888888.000 -888888.000     800.000       0.000     283.550       0.000       0.289     129.000       0.099     129.000      81.000       0.000   90350.000       0.000 -888888.000 -888888.000
 20260731021000
   -30.6335  -67.4682 
  VALLE_FERTIL                               SURFACE                                    
  FM-12 SYNOP       VALLE_FERTIL           900  F     F         1
 -888888.000 -888888.000 -888888.000 -888888.000     900.000       0.000     286.750       0.000      -0.485     129.000      -0.643     129.000      90.000       0.000   90560.000       0.000 -888888.000 -888888.000
 20260731021000
   -30.1833  -69.0667 
  CUESTA_Viento                              SURFACE                                    
  FM-12 SYNOP       CUESTA_Viento         1530  F     F         1
 -888888.000 -888888.000 -888888.000 -888888.000    1530.000       0.000     286.150       0.000       0.000     129.000       0.000     129.000      24.000       0.000   84120.000       0.000 -888888.000 -888888.000
 20260731021500
   -31.6500  -68.5833 
  INTA_POCITO                                SURFACE                                    
  FM-12 SYNOP       INTA_POCITO            615  F     F         1
 -888888.000 -888888.000 -888888.000 -888888.000     615.000       0.000     281.450       0.000       0.000     129.000       0.000     129.000      90.000       0.000   92660.000       0.000 -888888.000 -888888.000
 20260731021500
   -31.6500  -68.3000 
  ECOHUMUS                                   SURFACE                                    
  FM-12 SYNOP       ECOHUMUS               600  F     F         1
 -888888.000 -888888.000 -888888.000 -888888.000     600.000       0.000     279.250       0.000      -0.017     129.000       0.022     129.000      89.000       0.000   93440.000       0.000 -888888.000 -888888.000
 20260731021500
   -31.5192  -68.8178 
  PUNTA_NEGRA                                SURFACE                                    
  FM-12 SYNOP       PUNTA_NEGRA            800  F     F         1
 -888888.000 -888888.000 -888888.000 -888888.000     800.000       0.000     283.550       0.000       0.022     129.000       0.016     129.000      81.000       0.000   90340.000       0.000 -888888.000 -888888.000
 20260731021500
   -30.6335  -67.4682 
  VALLE_FERTIL                               SURFACE                                    
  FM-12 SYNOP       VALLE_FERTIL           900  F     F         1
 -888888.000 -888888.000 -888888.000 -888888.000     900.000       0.000     286.850       0.000      -0.691     129.000      -0.644     129.000      90.000       0.000   90560.000       0.000 -888888.000 -888888.000
 20260731021500
   -30.1833  -69.0667 
  CUESTA_Viento                              SURFACE                                    
  FM-12 SYNOP       CUESTA_Viento         1530  F     F         1
 -888888.000 -888888.000 -888888.000 -888888.000    1530.000       0.000     286.350       0.000      -0.000     129.000       0.000     129.000      25.000       0.000   84110.000       0.000 -888888.000 -888888.000
 20260731022000
   -31.6500  -68.5833 
  INTA_POCITO                                SURFACE                                    
  FM-12 SYNOP       INTA_POCITO            615  F     F         1
 -888888.000 -888888.000 -888888.000 -888888.000     615.000       0.000     282.350       0.000      -0.000     129.000       0.000     129.000      90.000       0.000   92650.000       0.000 -888888.000 -888888.000
 20260731022000
   -31.6500  -68.3000 
  ECOHUMUS                                   SURFACE                                    
  FM-12 SYNOP       ECOHUMUS               600  F     F         1
 -888888.000 -888888.000 -888888.000 -888888.000     600.000       0.000     279.050       0.000      -0.051     129.000       0.066     129.000      89.000       0.000   93420.000       0.000 -888888.000 -888888.000
 20260731022000
   -31.5192  -68.8178 
  PUNTA_NEGRA                                SURFACE                                    
  FM-12 SYNOP       PUNTA_NEGRA            800  F     F         1
 -888888.000 -888888.000 -888888.000 -888888.000     800.000       0.000     283.650       0.000       0.000     129.000       0.000     129.000      82.000       0.000   90320.000       0.000 -888888.000 -888888.000
 20260731022000
   -30.6335  -67.4682 
  VALLE_FERTIL                               SURFACE                                    
  FM-12 SYNOP       VALLE_FERTIL           900  F     F         1
 -888888.000 -888888.000 -888888.000 -888888.000     900.000       0.000     286.850       0.000      -0.143     129.000      -0.205     129.000      90.000       0.000   90550.000       0.000 -888888.000 -888888.000
 20260731022000
   -30.1833  -69.0667 
  CUESTA_Viento                              SURFACE                                    
  FM-12 SYNOP       CUESTA_Viento         1530  F     F         1
 -888888.000 -888888.000 -888888.000 -888888.000    1530.000       0.000     285.350       0.000       0.000     129.000       0.000     129.000      30.000       0.000   84120.000       0.000 -888888.000 -888888.000
 20260731022500
   -31.6500  -68.5833 
  INTA_POCITO                                SURFACE                                    
  FM-12 SYNOP       INTA_POCITO            615  F     F         1
 -888888.000 -888888.000 -888888.000 -888888.000     615.000       0.000     281.850       0.000      -0.000     129.000       0.000     129.000      90.000       0.000   92640.000       0.000 -888888.000 -888888.000
 20260731022500
   -31.6500  -68.3000 
  ECOHUMUS                                   SURFACE                                    
  FM-12 SYNOP       ECOHUMUS               600  F     F         1
 -888888.000 -888888.000 -888888.000 -888888.000     600.000       0.000     278.950       0.000      -0.068     129.000       0.088     129.000      89.000       0.000   93410.000       0.000 -888888.000 -888888.000
 20260731022500
   -31.5192  -68.8178 
  PUNTA_NEGRA                                SURFACE                                    
  FM-12 SYNOP       PUNTA_NEGRA            800  F     F         1
 -888888.000 -888888.000 -888888.000 -888888.000     800.000       0.000     283.450       0.000       0.840     129.000       0.289     129.000      81.000       0.000   90310.000       0.000 -888888.000 -888888.000
 20260731022500
   -30.6335  -67.4682 
  VALLE_FERTIL                               SURFACE                                    
  FM-12 SYNOP       VALLE_FERTIL           900  F     F         1
 -888888.000 -888888.000 -888888.000 -888888.000     900.000       0.000     286.750       0.000      -0.125     129.000      -0.217     129.000      90.000       0.000   90550.000       0.000 -888888.000 -888888.000
 20260731022500
   -30.1833  -69.0667 
  CUESTA_Viento                              SURFACE                                    
  FM-12 SYNOP       CUESTA_Viento         1530  F     F         1
 -888888.000 -888888.000 -888888.000 -888888.000    1530.000       0.000     285.450       0.000      -0.019     129.000      -0.021     129.000      24.000       0.000   84120.000       0.000 -888888.000 -888888.000
 20260731023000
   -31.6500  -68.5833 
  INTA_POCITO                                SURFACE                                    
  FM-12 SYNOP       INTA_POCITO            615  F     F         1
 -888888.000 -888888.000 -888888.000 -888888.000     615.000       0.000     281.350       0.000      -0.000     129.000       0.000     129.000      90.000       0.000   92630.000       0.000 -888888.000 -888888.000
 20260731023000
   -31.6500  -68.3000 
  ECOHUMUS                                   SURFACE                                    
  FM-12 SYNOP       ECOHUMUS               600  F     F         1
 -888888.000 -888888.000 -888888.000 -888888.000     600.000       0.000     279.050       0.000      -0.222     129.000       0.285     129.000      90.000       0.000   93400.000       0.000 -888888.000 -888888.000
 20260731023000
   -31.5192  -68.8178 
  PUNTA_NEGRA                                SURFACE                                    
  FM-12 SYNOP       PUNTA_NEGRA            800  F     F         1
 -888888.000 -888888.000 -888888.000 -888888.000     800.000       0.000     284.850       0.000       1.116     129.000       0.341     129.000      77.000       0.000   90300.000       0.000 -888888.000 -888888.000
 20260731023000
   -30.6335  -67.4682 
  VALLE_FERTIL                               SURFACE                                    
  FM-12 SYNOP       VALLE_FERTIL           900  F     F         1
 -888888.000 -888888.000 -888888.000 -888888.000     900.000       0.000     286.750       0.000      -0.042     129.000      -0.072     129.000      90.000       0.000   90540.000       0.000 -888888.000 -888888.000
 20260731023000
   -30.1833  -69.0667 
  CUESTA_Viento                              SURFACE                                    
  FM-12 SYNOP       CUESTA_Viento         1530  F     F         1
 -888888.000 -888888.000 -888888.000 -888888.000    1530.000       0.000     287.250       0.000      -0.265     129.000      -0.153     129.000      24.000       0.000   84120.000       0.000 -888888.000 -888888.000
 20260731023500
   -31.6500  -68.5833 
  INTA_POCITO                                SURFACE                                    
  FM-12 SYNOP       INTA_POCITO            615  F     F         1
 -888888.000 -888888.000 -888888.000 -888888.000     615.000       0.000     281.550       0.000      -0.000     129.000       0.000     129.000      90.000       0.000   92630.000       0.000 -888888.000 -888888.000
 20260731023500
   -31.6500  -68.3000 
  ECOHUMUS                                   SURFACE                                    
  FM-12 SYNOP       ECOHUMUS               600  F     F         1
 -888888.000 -888888.000 -888888.000 -888888.000     600.000       0.000     278.750       0.000      -0.000     129.000       0.000     129.000      89.000       0.000   93400.000       0.000 -888888.000 -888888.000
 20260731023500
   -31.5192  -68.8178 
  PUNTA_NEGRA                                SURFACE                                    
  FM-12 SYNOP       PUNTA_NEGRA            800  F     F         1
 -888888.000 -888888.000 -888888.000 -888888.000     800.000       0.000     285.450       0.000       0.858     129.000       0.075     129.000      74.000       0.000   90300.000       0.000 -888888.000 -888888.000
 20260731023500
   -30.6335  -67.4682 
  VALLE_FERTIL                               SURFACE                                    
  FM-12 SYNOP       VALLE_FERTIL           900  F     F         1
 -888888.000 -888888.000 -888888.000 -888888.000     900.000       0.000     286.850       0.000       0.134     129.000      -0.275     129.000      90.000       0.000   90530.000       0.000 -888888.000 -888888.000
 20260731023500
   -30.1833  -69.0667 
  CUESTA_Viento                              SURFACE                                    
  FM-12 SYNOP       CUESTA_Viento         1530  F     F         1
 -888888.000 -888888.000 -888888.000 -888888.000    1530.000       0.000     286.650       0.000       0.000     129.000       0.000     129.000      28.000       0.000   84140.000       0.000 -888888.000 -888888.000
 20260731024000
   -31.6500  -68.5833 
  INTA_POCITO                                SURFACE                                    
  FM-12 SYNOP       INTA_POCITO            615  F     F         1
 -888888.000 -888888.000 -888888.000 -888888.000     615.000       0.000     281.550       0.000      -0.000     129.000       0.000     129.000      90.000       0.000   92640.000       0.000 -888888.000 -888888.000
 20260731024000
   -31.6500  -68.3000 
  ECOHUMUS                                   SURFACE                                    
  FM-12 SYNOP       ECOHUMUS               600  F     F         1
 -888888.000 -888888.000 -888888.000 -888888.000     600.000       0.000     278.550       0.000      -0.000     129.000       0.000     129.000      89.000       0.000   93400.000       0.000 -888888.000 -888888.000
 20260731024000
   -31.5192  -68.8178 
  PUNTA_NEGRA                                SURFACE                                    
  FM-12 SYNOP       PUNTA_NEGRA            800  F     F         1
 -888888.000 -888888.000 -888888.000 -888888.000     800.000       0.000     285.950       0.000       0.930     129.000       0.284     129.000      72.000       0.000   90290.000       0.000 -888888.000 -888888.000
 20260731024000
   -30.6335  -67.4682 
  VALLE_FERTIL                               SURFACE                                    
  FM-12 SYNOP       VALLE_FERTIL           900  F     F         1
 -888888.000 -888888.000 -888888.000 -888888.000     900.000       0.000     286.850       0.000       0.164     129.000      -0.322     129.000      90.000       0.000   90520.000       0.000 -888888.000 -888888.000
 20260731024000
   -30.1833  -69.0667 
  CUESTA_Viento                              SURFACE                                    
  FM-12 SYNOP       CUESTA_Viento         1530  F     F         1
 -888888.000 -888888.000 -888888.000 -888888.000    1530.000       0.000     286.550       0.000       0.000     129.000       0.000     129.000      25.000       0.000   84120.000       0.000 -888888.000 -888888.000
 20260731024500
   -31.6500  -68.5833 
  INTA_POCITO                                SURFACE                                    
  FM-12 SYNOP       INTA_POCITO            615  F     F         1
 -888888.000 -888888.000 -888888.000 -888888.000     615.000       0.000     281.350       0.000      -0.000     129.000       0.000     129.000      90.000       0.000   92640.000       0.000 -888888.000 -888888.000
 20260731024500
   -31.6500  -68.3000 
  ECOHUMUS                                   SURFACE                                    
  FM-12 SYNOP       ECOHUMUS               600  F     F         1
 -888888.000 -888888.000 -888888.000 -888888.000     600.000       0.000     278.450       0.000      -0.017     129.000       0.022     129.000      90.000       0.000   93410.000       0.000 -888888.000 -888888.000
 20260731024500
   -31.5192  -68.8178 
  PUNTA_NEGRA                                SURFACE                                    
  FM-12 SYNOP       PUNTA_NEGRA            800  F     F         1
 -888888.000 -888888.000 -888888.000 -888888.000     800.000       0.000     285.750       0.000       1.083     129.000       0.250     129.000      73.000       0.000   90300.000       0.000 -888888.000 -888888.000
 20260731024500
   -30.6335  -67.4682 
  VALLE_FERTIL                               SURFACE                                    
  FM-12 SYNOP       VALLE_FERTIL           900  F     F         1
 -888888.000 -888888.000 -888888.000 -888888.000     900.000       0.000     286.850       0.000       0.170     129.000      -0.319     129.000      90.000       0.000   90510.000       0.000 -888888.000 -888888.000
 20260731024500
   -30.1833  -69.0667 
  CUESTA_Viento                              SURFACE                                    
  FM-12 SYNOP       CUESTA_Viento         1530  F     F         1
 -888888.000 -888888.000 -888888.000 -888888.000    1530.000       0.000     287.050       0.000       0.000     129.000      -0.000     129.000      24.000       0.000   84110.000       0.000 -888888.000 -888888.000
 20260731025000
   -31.6500  -68.5833 
  INTA_POCITO                                SURFACE                                    
  FM-12 SYNOP       INTA_POCITO            615  F     F         1
 -888888.000 -888888.000 -888888.000 -888888.000     615.000       0.000     281.550       0.000      -0.000     129.000       0.000     129.000      90.000       0.000   92620.000       0.000 -888888.000 -888888.000
 20260731025000
   -31.6500  -68.3000 
  ECOHUMUS                                   SURFACE                                    
  FM-12 SYNOP       ECOHUMUS               600  F     F         1
 -888888.000 -888888.000 -888888.000 -888888.000     600.000       0.000     278.350       0.000      -0.000     129.000       0.000     129.000      90.000       0.000   93390.000       0.000 -888888.000 -888888.000
 20260731025000
   -31.5192  -68.8178 
  PUNTA_NEGRA                                SURFACE                                    
  FM-12 SYNOP       PUNTA_NEGRA            800  F     F         1
 -888888.000 -888888.000 -888888.000 -888888.000     800.000       0.000     285.850       0.000       1.002     129.000       0.651     129.000      73.000       0.000   90280.000       0.000 -888888.000 -888888.000
 20260731025000
   -30.6335  -67.4682 
  VALLE_FERTIL                               SURFACE                                    
  FM-12 SYNOP       VALLE_FERTIL           900  F     F         1
 -888888.000 -888888.000 -888888.000 -888888.000     900.000       0.000     286.850       0.000       0.158     129.000      -0.590     129.000      89.000       0.000   90500.000       0.000 -888888.000 -888888.000
 20260731025000
   -30.1833  -69.0667 
  CUESTA_Viento                              SURFACE                                    
  FM-12 SYNOP       CUESTA_Viento         1530  F     F         1
 -888888.000 -888888.000 -888888.000 -888888.000    1530.000       0.000     286.250       0.000       0.025     129.000       0.108     129.000      31.000       0.000   84120.000       0.000 -888888.000 -888888.000
 20260731025500
   -31.6500  -68.5833 
  INTA_POCITO                                SURFACE                                    
  FM-12 SYNOP       INTA_POCITO            615  F     F         1
 -888888.000 -888888.000 -888888.000 -888888.000     615.000       0.000     281.350       0.000      -0.000     129.000       0.000     129.000      90.000       0.000   92600.000       0.000 -888888.000 -888888.000
 20260731025500
   -31.6500  -68.3000 
  ECOHUMUS                                   SURFACE                                    
  FM-12 SYNOP       ECOHUMUS               600  F     F         1
 -888888.000 -888888.000 -888888.000 -888888.000     600.000       0.000     278.250       0.000       0.096     129.000       0.547     129.000      90.000       0.000   93390.000       0.000 -888888.000 -888888.000
 20260731025500
   -31.5192  -68.8178 
  PUNTA_NEGRA                                SURFACE                                    
  FM-12 SYNOP       PUNTA_NEGRA            800  F     F         1
 -888888.000 -888888.000 -888888.000 -888888.000     800.000       0.000     285.350       0.000       0.287     129.000       0.410     129.000      76.000       0.000   90280.000       0.000 -888888.000 -888888.000
 20260731025500
   -30.6335  -67.4682 
  VALLE_FERTIL                               SURFACE                                    
  FM-12 SYNOP       VALLE_FERTIL           900  F     F         1
 -888888.000 -888888.000 -888888.000 -888888.000     900.000       0.000     286.850       0.000       1.074     129.000      -0.524     129.000      89.000       0.000   90490.000       0.000 -888888.000 -888888.000
 20260731025500
   -30.1833  -69.0667 
  CUESTA_Viento                              SURFACE                                    
  FM-12 SYNOP       CUESTA_Viento         1530  F     F         1
 -888888.000 -888888.000 -888888.000 -888888.000    1530.000       0.000     286.150       0.000       0.989     129.000      -0.618     129.000      24.000       0.000   84110.000       0.000 -888888.000 -888888.000
 20260731030000
   -31.6500  -68.5833 
  INTA_POCITO                                SURFACE                                    
  FM-12 SYNOP       INTA_POCITO            615  F     F         1
 -888888.000 -888888.000 -888888.000 -888888.000     615.000       0.000     281.050       0.000       0.027     129.000       0.006     129.000      90.000       0.000   92600.000       0.000 -888888.000 -888888.000
 20260731030000
   -31.6500  -68.3000 
  ECOHUMUS                                   SURFACE                                    
  FM-12 SYNOP       ECOHUMUS               600  F     F         1
 -888888.000 -888888.000 -888888.000 -888888.000     600.000       0.000     278.350       0.000       0.180     129.000       0.174     129.000      90.000       0.000   93380.000       0.000 -888888.000 -888888.000
 20260731030000
   -31.5192  -68.8178 
  PUNTA_NEGRA                                SURFACE                                    
  FM-12 SYNOP       PUNTA_NEGRA            800  F     F         1
 -888888.000 -888888.000 -888888.000 -888888.000     800.000       0.000     285.150       0.000       1.249     129.000       0.780     129.000      77.000       0.000   90270.000       0.000 -888888.000 -888888.000
 20260731030000
   -30.6335  -67.4682 
  VALLE_FERTIL                               SURFACE                                    
  FM-12 SYNOP       VALLE_FERTIL           900  F     F         1
 -888888.000 -888888.000 -888888.000 -888888.000     900.000       0.000     286.850       0.000       0.384     129.000      -0.061     129.000      90.000       0.000   90490.000       0.000 -888888.000 -888888.000
 20260731030000
   -30.1833  -69.0667 
  CUESTA_Viento                              SURFACE                                    
  FM-12 SYNOP       CUESTA_Viento         1530  F     F         1
 -888888.000 -888888.000 -888888.000 -888888.000    1530.000       0.000     287.750       0.000      -0.354     129.000      -0.354     129.000      26.000       0.000   84110.000       0.000 -888888.000 -888888.000
 20260731030500
   -31.6500  -68.5833 
  INTA_POCITO                                SURFACE                                    
  FM-12 SYNOP       INTA_POCITO            615  F     F         1
 -888888.000 -888888.000 -888888.000 -888888.000     615.000       0.000     280.850       0.000      -0.000     129.000       0.000     129.000      90.000       0.000   92590.000       0.000 -888888.000 -888888.000
 20260731030500
   -31.6500  -68.3000 
  ECOHUMUS                                   SURFACE                                    
  FM-12 SYNOP       ECOHUMUS               600  F     F         1
 -888888.000 -888888.000 -888888.000 -888888.000     600.000       0.000     278.450       0.000       0.252     129.000       0.219     129.000      90.000       0.000   93390.000       0.000 -888888.000 -888888.000
 20260731030500
   -31.5192  -68.8178 
  PUNTA_NEGRA                                SURFACE                                    
  FM-12 SYNOP       PUNTA_NEGRA            800  F     F         1
 -888888.000 -888888.000 -888888.000 -888888.000     800.000       0.000     285.350       0.000       1.018     129.000       0.143     129.000      76.000       0.000   90290.000       0.000 -888888.000 -888888.000
 20260731030500
   -30.6335  -67.4682 
  VALLE_FERTIL                               SURFACE                                    
  FM-12 SYNOP       VALLE_FERTIL           900  F     F         1
 -888888.000 -888888.000 -888888.000 -888888.000     900.000       0.000     286.850       0.000       0.245     129.000      -0.048     129.000      90.000       0.000   90480.000       0.000 -888888.000 -888888.000
 20260731030500
   -30.1833  -69.0667 
  CUESTA_Viento                              SURFACE                                    
  FM-12 SYNOP       CUESTA_Viento         1530  F     F         1
 -888888.000 -888888.000 -888888.000 -888888.000    1530.000       0.000     286.650       0.000       0.387     129.000      -0.034     129.000      26.000       0.000   84120.000       0.000 -888888.000 -888888.000
 20260731031000
   -31.6500  -68.5833 
  INTA_POCITO                                SURFACE                                    
  FM-12 SYNOP       INTA_POCITO            615  F     F         1
 -888888.000 -888888.000 -888888.000 -888888.000     615.000       0.000     280.650       0.000      -0.000     129.000       0.000     129.000      91.000       0.000   92600.000       0.000 -888888.000 -888888.000
 20260731031000
   -31.6500  -68.3000 
  ECOHUMUS                                   SURFACE                                    
  FM-12 SYNOP       ECOHUMUS               600  F     F         1
 -888888.000 -888888.000 -888888.000 -888888.000     600.000       0.000     278.850       0.000       0.123     129.000       0.065     129.000      91.000       0.000   93390.000       0.000 -888888.000 -888888.000
 20260731031000
   -31.5192  -68.8178 
  PUNTA_NEGRA                                SURFACE                                    
  FM-12 SYNOP       PUNTA_NEGRA            800  F     F         1
 -888888.000 -888888.000 -888888.000 -888888.000     800.000       0.000     285.150       0.000       0.270     129.000      -0.143     129.000      76.000       0.000   90280.000       0.000 -888888.000 -888888.000
 20260731031000
   -30.6335  -67.4682 
  VALLE_FERTIL                               SURFACE                                    
  FM-12 SYNOP       VALLE_FERTIL           900  F     F         1
 -888888.000 -888888.000 -888888.000 -888888.000     900.000       0.000     286.850       0.000       0.273     129.000      -0.053     129.000      90.000       0.000   90470.000       0.000 -888888.000 -888888.000
 20260731031000
   -30.1833  -69.0667 
  CUESTA_Viento                              SURFACE                                    
  FM-12 SYNOP       CUESTA_Viento         1530  F     F         1
 -888888.000 -888888.000 -888888.000 -888888.000    1530.000       0.000     286.050       0.000      -0.026     129.000      -0.010     129.000      29.000       0.000   84120.000       0.000 -888888.000 -888888.000
 20260731031500
   -31.6500  -68.5833 
  INTA_POCITO                                SURFACE                                    
  FM-12 SYNOP       INTA_POCITO            615  F     F         1
 -888888.000 -888888.000 -888888.000 -888888.000     615.000       0.000     280.450       0.000      -0.000     129.000       0.000     129.000      91.000       0.000   92600.000       0.000 -888888.000 -888888.000
 20260731031500
   -31.6500  -68.3000 
  ECOHUMUS                                   SURFACE                                    
  FM-12 SYNOP       ECOHUMUS               600  F     F         1
 -888888.000 -888888.000 -888888.000 -888888.000     600.000       0.000     278.950       0.000       0.024     129.000       0.015     129.000      91.000       0.000   93390.000       0.000 -888888.000 -888888.000
 20260731031500
   -31.5192  -68.8178 
  PUNTA_NEGRA                                SURFACE                                    
  FM-12 SYNOP       PUNTA_NEGRA            800  F     F         1
 -888888.000 -888888.000 -888888.000 -888888.000     800.000       0.000     284.650       0.000       0.193     129.000      -0.200     129.000      77.000       0.000   90280.000       0.000 -888888.000 -888888.000
 20260731031500
   -30.6335  -67.4682 
  VALLE_FERTIL                               SURFACE                                    
  FM-12 SYNOP       VALLE_FERTIL           900  F     F         1
 -888888.000 -888888.000 -888888.000 -888888.000     900.000       0.000     286.850       0.000       0.578     129.000      -0.081     129.000      90.000       0.000   90470.000       0.000 -888888.000 -888888.000
 20260731031500
   -30.1833  -69.0667 
  CUESTA_Viento                              SURFACE                                    
  FM-12 SYNOP       CUESTA_Viento         1530  F     F         1
 -888888.000 -888888.000 -888888.000 -888888.000    1530.000       0.000     285.450       0.000       0.000     129.000       0.000     129.000      29.000       0.000   84100.000       0.000 -888888.000 -888888.000
 20260731032000
   -31.6500  -68.5833 
  INTA_POCITO                                SURFACE                                    
  FM-12 SYNOP       INTA_POCITO            615  F     F         1
 -888888.000 -888888.000 -888888.000 -888888.000     615.000       0.000     280.450       0.000      -0.000     129.000       0.000     129.000      91.000       0.000   92590.000       0.000 -888888.000 -888888.000
 20260731032000
   -31.6500  -68.3000 
  ECOHUMUS                                   SURFACE                                    
  FM-12 SYNOP       ECOHUMUS               600  F     F         1
 -888888.000 -888888.000 -888888.000 -888888.000     600.000       0.000     278.950       0.000       0.000     129.000       0.000     129.000      91.000       0.000   93390.000       0.000 -888888.000 -888888.000
 20260731032000
   -31.5192  -68.8178 
  PUNTA_NEGRA                                SURFACE                                    
  FM-12 SYNOP       PUNTA_NEGRA            800  F     F         1
 -888888.000 -888888.000 -888888.000 -888888.000     800.000       0.000     284.150       0.000      -0.403     129.000      -0.188     129.000      79.000       0.000   90280.000       0.000 -888888.000 -888888.000
 20260731032000
   -30.6335  -67.4682 
  VALLE_FERTIL                               SURFACE                                    
  FM-12 SYNOP       VALLE_FERTIL           900  F     F         1
 -888888.000 -888888.000 -888888.000 -888888.000     900.000       0.000     286.950       0.000       0.833     129.000       0.000     129.000      89.000       0.000   90450.000       0.000 -888888.000 -888888.000
 20260731032000
   -30.1833  -69.0667 
  CUESTA_Viento                              SURFACE                                    
  FM-12 SYNOP       CUESTA_Viento         1530  F     F         1
 -888888.000 -888888.000 -888888.000 -888888.000    1530.000       0.000     285.650       0.000      -0.000     129.000       0.000     129.000      26.000       0.000   84090.000       0.000 -888888.000 -888888.000
 20260731032500
   -31.6500  -68.5833 
  INTA_POCITO                                SURFACE                                    
  FM-12 SYNOP       INTA_POCITO            615  F     F         1
 -888888.000 -888888.000 -888888.000 -888888.000     615.000       0.000     280.250       0.000      -0.000     129.000       0.000     129.000      91.000       0.000   92620.000       0.000 -888888.000 -888888.000
 20260731032500
   -31.6500  -68.3000 
  ECOHUMUS                                   SURFACE                                    
  FM-12 SYNOP       ECOHUMUS               600  F     F         1
 -888888.000 -888888.000 -888888.000 -888888.000     600.000       0.000     278.850       0.000       0.000     129.000       0.000     129.000      91.000       0.000   93380.000       0.000 -888888.000 -888888.000
 20260731032500
   -31.5192  -68.8178 
  PUNTA_NEGRA                                SURFACE                                    
  FM-12 SYNOP       PUNTA_NEGRA            800  F     F         1
 -888888.000 -888888.000 -888888.000 -888888.000     800.000       0.000     284.250       0.000      -0.212     129.000      -0.292     129.000      79.000       0.000   90280.000       0.000 -888888.000 -888888.000
 20260731032500
   -30.6335  -67.4682 
  VALLE_FERTIL                               SURFACE                                    
  FM-12 SYNOP       VALLE_FERTIL           900  F     F         1
 -888888.000 -888888.000 -888888.000 -888888.000     900.000       0.000     286.950       0.000       0.748     129.000      -0.052     129.000      89.000       0.000   90420.000       0.000 -888888.000 -888888.000
 20260731032500
   -30.1833  -69.0667 
  CUESTA_Viento                              SURFACE                                    
  FM-12 SYNOP       CUESTA_Viento         1530  F     F         1
 -888888.000 -888888.000 -888888.000 -888888.000    1530.000       0.000     285.550       0.000      -0.000     129.000       0.000     129.000      26.000       0.000   84120.000       0.000 -888888.000 -888888.000
 20260731033000
   -31.6500  -68.5833 
  INTA_POCITO                                SURFACE                                    
  FM-12 SYNOP       INTA_POCITO            615  F     F         1
 -888888.000 -888888.000 -888888.000 -888888.000     615.000       0.000     280.350       0.000      -0.000     129.000       0.000     129.000      91.000       0.000   92610.000       0.000 -888888.000 -888888.000
 20260731033000
   -31.6500  -68.3000 
  ECOHUMUS                                   SURFACE                                    
  FM-12 SYNOP       ECOHUMUS               600  F     F         1
 -888888.000 -888888.000 -888888.000 -888888.000     600.000       0.000     278.650       0.000       0.070     129.000       0.045     129.000      91.000       0.000   93400.000       0.000 -888888.000 -888888.000
 20260731033000
   -31.5192  -68.8178 
  PUNTA_NEGRA                                SURFACE                                    
  FM-12 SYNOP       PUNTA_NEGRA            800  F     F         1
 -888888.000 -888888.000 -888888.000 -888888.000     800.000       0.000     283.950       0.000      -0.217     129.000       0.322     129.000      80.000       0.000   90270.000       0.000 -888888.000 -888888.000
 20260731033000
   -30.6335  -67.4682 
  VALLE_FERTIL                               SURFACE                                    
  FM-12 SYNOP       VALLE_FERTIL           900  F     F         1
 -888888.000 -888888.000 -888888.000 -888888.000     900.000       0.000     287.050       0.000       1.243     129.000       0.131     129.000      88.000       0.000   90400.000       0.000 -888888.000 -888888.000
 20260731033000
   -30.1833  -69.0667 
  CUESTA_Viento                              SURFACE                                    
  FM-12 SYNOP       CUESTA_Viento         1530  F     F         1
 -888888.000 -888888.000 -888888.000 -888888.000    1530.000       0.000     285.350       0.000       0.000     129.000       0.000     129.000      27.000       0.000   84110.000       0.000 -888888.000 -888888.000
 20260731033500
   -31.6500  -68.5833 
  INTA_POCITO                                SURFACE                                    
  FM-12 SYNOP       INTA_POCITO            615  F     F         1
 -888888.000 -888888.000 -888888.000 -888888.000     615.000       0.000     280.350       0.000      -0.000     129.000       0.000     129.000      92.000       0.000   92610.000       0.000 -888888.000 -888888.000
 20260731033500
   -31.6500  -68.3000 
  ECOHUMUS                                   SURFACE                                    
  FM-12 SYNOP       ECOHUMUS               600  F     F         1
 -888888.000 -888888.000 -888888.000 -888888.000     600.000       0.000     278.550       0.000       0.045     129.000       0.070     129.000      91.000       0.000   93390.000       0.000 -888888.000 -888888.000
 20260731033500
   -31.5192  -68.8178 
  PUNTA_NEGRA                                SURFACE                                    
  FM-12 SYNOP       PUNTA_NEGRA            800  F     F         1
 -888888.000 -888888.000 -888888.000 -888888.000     800.000       0.000     283.850       0.000       0.298     129.000       0.250     129.000      80.000       0.000   90260.000       0.000 -888888.000 -888888.000
 20260731033500
   -30.6335  -67.4682 
  VALLE_FERTIL                               SURFACE                                    
  FM-12 SYNOP       VALLE_FERTIL           900  F     F         1
 -888888.000 -888888.000 -888888.000 -888888.000     900.000       0.000     287.150       0.000       0.472     129.000       0.016     129.000      87.000       0.000   90390.000       0.000 -888888.000 -888888.000
 20260731033500
   -30.1833  -69.0667 
  CUESTA_Viento                              SURFACE                                    
  FM-12 SYNOP       CUESTA_Viento         1530  F     F         1
 -888888.000 -888888.000 -888888.000 -888888.000    1530.000       0.000     285.750       0.000       0.000     129.000       0.000     129.000      24.000       0.000   84100.000       0.000 -888888.000 -888888.000
 20260731034000
   -31.6500  -68.5833 
  INTA_POCITO                                SURFACE                                    
  FM-12 SYNOP       INTA_POCITO            615  F     F         1
 -888888.000 -888888.000 -888888.000 -888888.000     615.000       0.000     280.350       0.000      -0.000     129.000       0.000     129.000      92.000       0.000   92590.000       0.000 -888888.000 -888888.000
 20260731034000
   -31.6500  -68.3000 
  ECOHUMUS                                   SURFACE                                    
  FM-12 SYNOP       ECOHUMUS               600  F     F         1
 -888888.000 -888888.000 -888888.000 -888888.000     600.000       0.000     278.550       0.000       0.011     129.000       0.025     129.000      92.000       0.000   93400.000       0.000 -888888.000 -888888.000
 20260731034000
   -31.5192  -68.8178 
  PUNTA_NEGRA                                SURFACE                                    
  FM-12 SYNOP       PUNTA_NEGRA            800  F     F         1
 -888888.000 -888888.000 -888888.000 -888888.000     800.000       0.000     283.550       0.000       0.021     129.000       0.018     129.000      81.000       0.000   90260.000       0.000 -888888.000 -888888.000
 20260731034000
   -30.6335  -67.4682 
  VALLE_FERTIL                               SURFACE                                    
  FM-12 SYNOP       VALLE_FERTIL           900  F     F         1
 -888888.000 -888888.000 -888888.000 -888888.000     900.000       0.000     287.050       0.000       0.293     129.000      -0.255     129.000      87.000       0.000   90390.000       0.000 -888888.000 -888888.000
 20260731034000
   -30.1833  -69.0667 
  CUESTA_Viento                              SURFACE                                    
  FM-12 SYNOP       CUESTA_Viento         1530  F     F         1
 -888888.000 -888888.000 -888888.000 -888888.000    1530.000       0.000     286.650       0.000       0.000     129.000       0.000     129.000      22.000       0.000   84100.000       0.000 -888888.000 -888888.000
 20260731034500
   -31.6500  -68.5833 
  INTA_POCITO                                SURFACE                                    
  FM-12 SYNOP       INTA_POCITO            615  F     F         1
 -888888.000 -888888.000 -888888.000 -888888.000     615.000       0.000     280.250       0.000      -0.000     129.000       0.000     129.000      92.000       0.000   92590.000       0.000 -888888.000 -888888.000
 20260731034500
   -31.6500  -68.3000 
  ECOHUMUS                                   SURFACE                                    
  FM-12 SYNOP       ECOHUMUS               600  F     F         1
 -888888.000 -888888.000 -888888.000 -888888.000     600.000       0.000     278.150       0.000       0.026     129.000       0.165     129.000      92.000       0.000   93400.000       0.000 -888888.000 -888888.000
 20260731034500
   -31.5192  -68.8178 
  PUNTA_NEGRA                                SURFACE                                    
  FM-12 SYNOP       PUNTA_NEGRA            800  F     F         1
 -888888.000 -888888.000 -888888.000 -888888.000     800.000       0.000     283.350       0.000      -0.114     129.000       0.157     129.000      82.000       0.000   90260.000       0.000 -888888.000 -888888.000
 20260731034500
   -30.6335  -67.4682 
  VALLE_FERTIL                               SURFACE                                    
  FM-12 SYNOP       VALLE_FERTIL           900  F     F         1
 -888888.000 -888888.000 -888888.000 -888888.000     900.000       0.000     287.150       0.000       0.962     129.000       0.556     129.000      86.000       0.000   90390.000       0.000 -888888.000 -888888.000
 20260731034500
   -30.1833  -69.0667 
  CUESTA_Viento                              SURFACE                                    
  FM-12 SYNOP       CUESTA_Viento         1530  F     F         1
 -888888.000 -888888.000 -888888.000 -888888.000    1530.000       0.000     287.450       0.000      -0.000     129.000       0.000     129.000      21.000       0.000   84090.000       0.000 -888888.000 -888888.000
 20260731035000
   -31.6500  -68.5833 
  INTA_POCITO                                SURFACE                                    
  FM-12 SYNOP       INTA_POCITO            615  F     F         1
 -888888.000 -888888.000 -888888.000 -888888.000     615.000       0.000     280.150       0.000      -0.000     129.000       0.000     129.000      92.000       0.000   92590.000       0.000 -888888.000 -888888.000
 20260731035000
   -31.6500  -68.3000 
  ECOHUMUS                                   SURFACE                                    
  FM-12 SYNOP       ECOHUMUS               600  F     F         1
 -888888.000 -888888.000 -888888.000 -888888.000     600.000       0.000     277.950       0.000      -0.035     129.000       0.248     129.000      92.000       0.000   93400.000       0.000 -888888.000 -888888.000
 20260731035000
   -31.5192  -68.8178 
  PUNTA_NEGRA                                SURFACE                                    
  FM-12 SYNOP       PUNTA_NEGRA            800  F     F         1
 -888888.000 -888888.000 -888888.000 -888888.000     800.000       0.000     283.350       0.000       0.200     129.000       0.333     129.000      82.000       0.000   90240.000       0.000 -888888.000 -888888.000
 20260731035000
   -30.6335  -67.4682 
  VALLE_FERTIL                               SURFACE                                    
  FM-12 SYNOP       VALLE_FERTIL           900  F     F         1
 -888888.000 -888888.000 -888888.000 -888888.000     900.000       0.000     287.250       0.000       1.060     129.000       0.225     129.000      85.000       0.000   90370.000       0.000 -888888.000 -888888.000
 20260731035000
   -30.1833  -69.0667 
  CUESTA_Viento                              SURFACE                                    
  FM-12 SYNOP       CUESTA_Viento         1530  F     F         1
 -888888.000 -888888.000 -888888.000 -888888.000    1530.000       0.000     287.850       0.000      -0.000     129.000      -0.000     129.000      21.000       0.000   84090.000       0.000 -888888.000 -888888.000
 20260731035500
   -31.6500  -68.5833 
  INTA_POCITO                                SURFACE                                    
  FM-12 SYNOP       INTA_POCITO            615  F     F         1
 -888888.000 -888888.000 -888888.000 -888888.000     615.000       0.000     279.850       0.000      -0.000     129.000       0.000     129.000      92.000       0.000   92570.000       0.000 -888888.000 -888888.000
 20260731035500
   -31.6500  -68.3000 
  ECOHUMUS                                   SURFACE                                    
  FM-12 SYNOP       ECOHUMUS               600  F     F         1
 -888888.000 -888888.000 -888888.000 -888888.000     600.000       0.000     277.950       0.000      -0.019     129.000       0.081     129.000      92.000       0.000   93370.000       0.000 -888888.000 -888888.000
 20260731035500
   -31.5192  -68.8178 
  PUNTA_NEGRA                                SURFACE                                    
  FM-12 SYNOP       PUNTA_NEGRA            800  F     F         1
 -888888.000 -888888.000 -888888.000 -888888.000     800.000       0.000     282.850       0.000       0.070     129.000       0.182     129.000      83.000       0.000   90220.000       0.000 -888888.000 -888888.000
 20260731035500
   -30.6335  -67.4682 
  VALLE_FERTIL                               SURFACE                                    
  FM-12 SYNOP       VALLE_FERTIL           900  F     F         1
 -888888.000 -888888.000 -888888.000 -888888.000     900.000       0.000     287.250       0.000       0.755     129.000      -0.188     129.000      86.000       0.000   90370.000       0.000 -888888.000 -888888.000
 20260731035500
   -30.1833  -69.0667 
  CUESTA_Viento                              SURFACE                                    
  FM-12 SYNOP       CUESTA_Viento         1530  F     F         1
 -888888.000 -888888.000 -888888.000 -888888.000    1530.000       0.000     287.850       0.000       0.000     129.000       0.000     129.000      22.000       0.000   84070.000       0.000 -888888.000 -888888.000
 20260731040000
   -31.6500  -68.5833 
  INTA_POCITO                                SURFACE                                    
  FM-12 SYNOP       INTA_POCITO            615  F     F         1
 -888888.000 -888888.000 -888888.000 -888888.000     615.000       0.000     279.950       0.000      -0.000     129.000       0.000     129.000      92.000       0.000   92570.000       0.000 -888888.000 -888888.000
 20260731040000
   -31.6500  -68.3000 
  ECOHUMUS                                   SURFACE                                    
  FM-12 SYNOP       ECOHUMUS               600  F     F         1
 -888888.000 -888888.000 -888888.000 -888888.000     600.000       0.000     277.650       0.000      -0.037     129.000       0.162     129.000      92.000       0.000   93380.000       0.000 -888888.000 -888888.000
 20260731040000
   -31.5192  -68.8178 
  PUNTA_NEGRA                                SURFACE                                    
  FM-12 SYNOP       PUNTA_NEGRA            800  F     F         1
 -888888.000 -888888.000 -888888.000 -888888.000     800.000       0.000     282.550       0.000       0.002     129.000       0.028     129.000      85.000       0.000   90230.000       0.000 -888888.000 -888888.000
 20260731040000
   -30.6335  -67.4682 
  VALLE_FERTIL                               SURFACE                                    
  FM-12 SYNOP       VALLE_FERTIL           900  F     F         1
 -888888.000 -888888.000 -888888.000 -888888.000     900.000       0.000     287.250       0.000       0.230     129.000      -0.098     129.000      86.000       0.000   90370.000       0.000 -888888.000 -888888.000
 20260731040000
   -30.1833  -69.0667 
  CUESTA_Viento                              SURFACE                                    
  FM-12 SYNOP       CUESTA_Viento         1530  F     F         1
 -888888.000 -888888.000 -888888.000 -888888.000    1530.000       0.000     287.450       0.000       0.000     129.000       0.000     129.000      29.000       0.000   84080.000       0.000 -888888.000 -888888.000
 20260731040500
   -31.6500  -68.5833 
  INTA_POCITO                                SURFACE                                    
  FM-12 SYNOP       INTA_POCITO            615  F     F         1
 -888888.000 -888888.000 -888888.000 -888888.000     615.000       0.000     280.050       0.000      -0.000     129.000       0.000     129.000      92.000       0.000   92580.000       0.000 -888888.000 -888888.000
 20260731040500
   -31.6500  -68.3000 
  ECOHUMUS                                   SURFACE                                    
  FM-12 SYNOP       ECOHUMUS               600  F     F         1
 -888888.000 -888888.000 -888888.000 -888888.000     600.000       0.000     277.450       0.000      -0.139     129.000       0.363     129.000      92.000       0.000   93360.000       0.000 -888888.000 -888888.000
 20260731040500
   -31.5192  -68.8178 
  PUNTA_NEGRA                                SURFACE                                    
  FM-12 SYNOP       PUNTA_NEGRA            800  F     F         1
 -888888.000 -888888.000 -888888.000 -888888.000     800.000       0.000     282.550       0.000       0.297     129.000       0.367     129.000      85.000       0.000   90200.000       0.000 -888888.000 -888888.000
 20260731040500
   -30.6335  -67.4682 
  VALLE_FERTIL                               SURFACE                                    
  FM-12 SYNOP       VALLE_FERTIL           900  F     F         1
 -888888.000 -888888.000 -888888.000 -888888.000     900.000       0.000     287.150       0.000       0.396     129.000      -0.257     129.000      87.000       0.000   90360.000       0.000 -888888.000 -888888.000
 20260731040500
   -30.1833  -69.0667 
  CUESTA_Viento                              SURFACE                                    
  FM-12 SYNOP       CUESTA_Viento         1530  F     F         1
 -888888.000 -888888.000 -888888.000 -888888.000    1530.000       0.000     285.650       0.000       0.000     129.000       0.000     129.000      34.000       0.000   84080.000       0.000 -888888.000 -888888.000
 20260731041000
   -31.6500  -68.5833 
  INTA_POCITO                                SURFACE                                    
  FM-12 SYNOP       INTA_POCITO            615  F     F         1
 -888888.000 -888888.000 -888888.000 -888888.000     615.000       0.000     280.250       0.000      -0.000     129.000       0.000     129.000      92.000       0.000   92560.000       0.000 -888888.000 -888888.000
 20260731041000
   -31.6500  -68.3000 
  ECOHUMUS                                   SURFACE                                    
  FM-12 SYNOP       ECOHUMUS               600  F     F         1
 -888888.000 -888888.000 -888888.000 -888888.000     600.000       0.000     277.650       0.000      -0.032     129.000       0.106     129.000      92.000       0.000   93360.000       0.000 -888888.000 -888888.000
 20260731041000
   -31.5192  -68.8178 
  PUNTA_NEGRA                                SURFACE                                    
  FM-12 SYNOP       PUNTA_NEGRA            800  F     F         1
 -888888.000 -888888.000 -888888.000 -888888.000     800.000       0.000     282.850       0.000      -0.208     129.000       0.361     129.000      83.000       0.000   90210.000       0.000 -888888.000 -888888.000
 20260731041000
   -30.6335  -67.4682 
  VALLE_FERTIL                               SURFACE                                    
  FM-12 SYNOP       VALLE_FERTIL           900  F     F         1
 -888888.000 -888888.000 -888888.000 -888888.000     900.000       0.000     287.050       0.000       1.091     129.000      -0.486     129.000      86.000       0.000   90350.000       0.000 -888888.000 -888888.000
 20260731041000
   -30.1833  -69.0667 
  CUESTA_Viento                              SURFACE                                    
  FM-12 SYNOP       CUESTA_Viento         1530  F     F         1
 -888888.000 -888888.000 -888888.000 -888888.000    1530.000       0.000     285.250       0.000       0.000     129.000      -0.000     129.000      26.000       0.000   84080.000       0.000 -888888.000 -888888.000
 20260731041500
   -31.6500  -68.5833 
  INTA_POCITO                                SURFACE                                    
  FM-12 SYNOP       INTA_POCITO            615  F     F         1
 -888888.000 -888888.000 -888888.000 -888888.000     615.000       0.000     280.450       0.000      -0.000     129.000       0.000     129.000      92.000       0.000   92560.000       0.000 -888888.000 -888888.000
 20260731041500
   -31.6500  -68.3000 
  ECOHUMUS                                   SURFACE                                    
  FM-12 SYNOP       ECOHUMUS               600  F     F         1
 -888888.000 -888888.000 -888888.000 -888888.000     600.000       0.000     277.550       0.000      -0.000     129.000       0.000     129.000      92.000       0.000   93340.000       0.000 -888888.000 -888888.000
 20260731041500
   -31.5192  -68.8178 
  PUNTA_NEGRA                                SURFACE                                    
  FM-12 SYNOP       PUNTA_NEGRA            800  F     F         1
 -888888.000 -888888.000 -888888.000 -888888.000     800.000       0.000     283.050       0.000       0.196     129.000       0.270     129.000      83.000       0.000   90210.000       0.000 -888888.000 -888888.000
 20260731041500
   -30.6335  -67.4682 
  VALLE_FERTIL                               SURFACE                                    
  FM-12 SYNOP       VALLE_FERTIL           900  F     F         1
 -888888.000 -888888.000 -888888.000 -888888.000     900.000       0.000     287.150       0.000       0.019     129.000      -0.277     129.000      86.000       0.000   90370.000       0.000 -888888.000 -888888.000
 20260731041500
   -30.1833  -69.0667 
  CUESTA_Viento                              SURFACE                                    
  FM-12 SYNOP       CUESTA_Viento         1530  F     F         1
 -888888.000 -888888.000 -888888.000 -888888.000    1530.000       0.000     285.550       0.000      -0.000     129.000       0.000     129.000      27.000       0.000   84090.000       0.000 -888888.000 -888888.000
 20260731042000
   -31.6500  -68.5833 
  INTA_POCITO                                SURFACE                                    
  FM-12 SYNOP       INTA_POCITO            615  F     F         1
 -888888.000 -888888.000 -888888.000 -888888.000     615.000       0.000     280.450       0.000      -0.000     129.000       0.000     129.000      92.000       0.000   92560.000       0.000 -888888.000 -888888.000
 20260731042000
   -31.6500  -68.3000 
  ECOHUMUS                                   SURFACE                                    
  FM-12 SYNOP       ECOHUMUS               600  F     F         1
 -888888.000 -888888.000 -888888.000 -888888.000     600.000       0.000     277.550       0.000      -0.000     129.000       0.000     129.000      92.000       0.000   93340.000       0.000 -888888.000 -888888.000
 20260731042000
   -31.5192  -68.8178 
  PUNTA_NEGRA                                SURFACE                                    
  FM-12 SYNOP       PUNTA_NEGRA            800  F     F         1
 -888888.000 -888888.000 -888888.000 -888888.000     800.000       0.000     283.050       0.000       0.103     129.000       0.042     129.000      83.000       0.000   90190.000       0.000 -888888.000 -888888.000
 20260731042000
   -30.6335  -67.4682 
  VALLE_FERTIL                               SURFACE                                    
  FM-12 SYNOP       VALLE_FERTIL           900  F     F         1
 -888888.000 -888888.000 -888888.000 -888888.000     900.000       0.000     286.950       0.000       0.064     129.000      -0.299     129.000      87.000       0.000   90350.000       0.000 -888888.000 -888888.000
 20260731042000
   -30.1833  -69.0667 
  CUESTA_Viento                              SURFACE                                    
  FM-12 SYNOP       CUESTA_Viento         1530  F     F         1
 -888888.000 -888888.000 -888888.000 -888888.000    1530.000       0.000     285.450       0.000      -0.000     129.000       0.000     129.000      28.000       0.000   84070.000       0.000 -888888.000 -888888.000
 20260731042500
   -31.6500  -68.5833 
  INTA_POCITO                                SURFACE                                    
  FM-12 SYNOP       INTA_POCITO            615  F     F         1
 -888888.000 -888888.000 -888888.000 -888888.000     615.000       0.000     280.750       0.000      -0.000     129.000       0.000     129.000      92.000       0.000   92560.000       0.000 -888888.000 -888888.000
 20260731042500
   -31.6500  -68.3000 
  ECOHUMUS                                   SURFACE                                    
  FM-12 SYNOP       ECOHUMUS               600  F     F         1
 -888888.000 -888888.000 -888888.000 -888888.000     600.000       0.000     277.350       0.000      -0.000     129.000       0.000     129.000      92.000       0.000   93360.000       0.000 -888888.000 -888888.000
 20260731042500
   -31.5192  -68.8178 
  PUNTA_NEGRA                                SURFACE                                    
  FM-12 SYNOP       PUNTA_NEGRA            800  F     F         1
 -888888.000 -888888.000 -888888.000 -888888.000     800.000       0.000     283.050       0.000       0.373     129.000      -0.373     129.000      83.000       0.000   90210.000       0.000 -888888.000 -888888.000
 20260731042500
   -30.6335  -67.4682 
  VALLE_FERTIL                               SURFACE                                    
  FM-12 SYNOP       VALLE_FERTIL           900  F     F         1
 -888888.000 -888888.000 -888888.000 -888888.000     900.000       0.000     286.850       0.000       0.234     129.000      -0.311     129.000      88.000       0.000   90350.000       0.000 -888888.000 -888888.000
 20260731042500
   -30.1833  -69.0667 
  CUESTA_Viento                              SURFACE                                    
  FM-12 SYNOP       CUESTA_Viento         1530  F     F         1
 -888888.000 -888888.000 -888888.000 -888888.000    1530.000       0.000     285.150       0.000       0.000     129.000       0.000     129.000      26.000       0.000   84090.000       0.000 -888888.000 -888888.000
 20260731043000
   -31.6500  -68.5833 
  INTA_POCITO                                SURFACE                                    
  FM-12 SYNOP       INTA_POCITO            615  F     F         1
 -888888.000 -888888.000 -888888.000 -888888.000     615.000       0.000     280.850       0.000       0.000     129.000       0.000     129.000      93.000       0.000   92550.000       0.000 -888888.000 -888888.000
 20260731043000
   -31.6500  -68.3000 
  ECOHUMUS                                   SURFACE                                    
  FM-12 SYNOP       ECOHUMUS               600  F     F         1
 -888888.000 -888888.000 -888888.000 -888888.000     600.000       0.000     277.350       0.000      -0.000     129.000       0.000     129.000      92.000       0.000   93370.000       0.000 -888888.000 -888888.000
 20260731043000
   -31.5192  -68.8178 
  PUNTA_NEGRA                                SURFACE                                    
  FM-12 SYNOP       PUNTA_NEGRA            800  F     F         1
 -888888.000 -888888.000 -888888.000 -888888.000     800.000       0.000     283.050       0.000       0.092     129.000       0.062     129.000      83.000       0.000   90210.000       0.000 -888888.000 -888888.000
 20260731043000
   -30.6335  -67.4682 
  VALLE_FERTIL                               SURFACE                                    
  FM-12 SYNOP       VALLE_FERTIL           900  F     F         1
 -888888.000 -888888.000 -888888.000 -888888.000     900.000       0.000     286.850       0.000       0.320     129.000      -0.309     129.000      87.000       0.000   90340.000       0.000 -888888.000 -888888.000
 20260731043000
   -30.1833  -69.0667 
  CUESTA_Viento                              SURFACE                                    
  FM-12 SYNOP       CUESTA_Viento         1530  F     F         1
 -888888.000 -888888.000 -888888.000 -888888.000    1530.000       0.000     285.050       0.000       0.041     129.000      -0.037     129.000      29.000       0.000   84080.000       0.000 -888888.000 -888888.000
 20260731043500
   -31.6500  -68.5833 
  INTA_POCITO                                SURFACE                                    
  FM-12 SYNOP       INTA_POCITO            615  F     F         1
 -888888.000 -888888.000 -888888.000 -888888.000     615.000       0.000     280.750       0.000      -0.000     129.000       0.000     129.000      93.000       0.000   92550.000       0.000 -888888.000 -888888.000
 20260731043500
   -31.6500  -68.3000 
  ECOHUMUS                                   SURFACE                                    
  FM-12 SYNOP       ECOHUMUS               600  F     F         1
 -888888.000 -888888.000 -888888.000 -888888.000     600.000       0.000     277.050       0.000      -0.072     129.000       0.268     129.000      92.000       0.000   93350.000       0.000 -888888.000 -888888.000
 20260731043500
   -31.5192  -68.8178 
  PUNTA_NEGRA                                SURFACE                                    
  FM-12 SYNOP       PUNTA_NEGRA            800  F     F         1
 -888888.000 -888888.000 -888888.000 -888888.000     800.000       0.000     282.750       0.000       0.106     129.000      -0.460     129.000      83.000       0.000   90230.000       0.000 -888888.000 -888888.000
 20260731043500
   -30.6335  -67.4682 
  VALLE_FERTIL                               SURFACE                                    
  FM-12 SYNOP       VALLE_FERTIL           900  F     F         1
 -888888.000 -888888.000 -888888.000 -888888.000     900.000       0.000     286.850       0.000       0.112     129.000      -0.082     129.000      87.000       0.000   90330.000       0.000 -888888.000 -888888.000
 20260731043500
   -30.1833  -69.0667 
  CUESTA_Viento                              SURFACE                                    
  FM-12 SYNOP       CUESTA_Viento         1530  F     F         1
 -888888.000 -888888.000 -888888.000 -888888.000    1530.000       0.000     284.850       0.000      -0.192     129.000      -0.161     129.000      27.000       0.000   84090.000       0.000 -888888.000 -888888.000
 20260731044000
   -31.6500  -68.5833 
  INTA_POCITO                                SURFACE                                    
  FM-12 SYNOP       INTA_POCITO            615  F     F         1
 -888888.000 -888888.000 -888888.000 -888888.000     615.000       0.000     280.850       0.000      -0.000     129.000       0.000     129.000      93.000       0.000   92560.000       0.000 -888888.000 -888888.000
 20260731044000
   -31.6500  -68.3000 
  ECOHUMUS                                   SURFACE                                    
  FM-12 SYNOP       ECOHUMUS               600  F     F         1
 -888888.000 -888888.000 -888888.000 -888888.000     600.000       0.000     277.550       0.000      -0.000     129.000       0.000     129.000      92.000       0.000   93350.000       0.000 -888888.000 -888888.000
 20260731044000
   -31.5192  -68.8178 
  PUNTA_NEGRA                                SURFACE                                    
  FM-12 SYNOP       PUNTA_NEGRA            800  F     F         1
 -888888.000 -888888.000 -888888.000 -888888.000     800.000       0.000     282.550       0.000       0.652     129.000      -0.139     129.000      84.000       0.000   90240.000       0.000 -888888.000 -888888.000
 20260731044000
   -30.6335  -67.4682 
  VALLE_FERTIL                               SURFACE                                    
  FM-12 SYNOP       VALLE_FERTIL           900  F     F         1
 -888888.000 -888888.000 -888888.000 -888888.000     900.000       0.000     286.850       0.000       0.135     129.000      -0.098     129.000      87.000       0.000   90340.000       0.000 -888888.000 -888888.000
 20260731044000
   -30.1833  -69.0667 
  CUESTA_Viento                              SURFACE                                    
  FM-12 SYNOP       CUESTA_Viento         1530  F     F         1
 -888888.000 -888888.000 -888888.000 -888888.000    1530.000       0.000     284.950       0.000       0.238     129.000      -0.077     129.000      25.000       0.000   84090.000       0.000 -888888.000 -888888.000
 20260731044500
   -31.6500  -68.5833 
  INTA_POCITO                                SURFACE                                    
  FM-12 SYNOP       INTA_POCITO            615  F     F         1
 -888888.000 -888888.000 -888888.000 -888888.000     615.000       0.000     280.950       0.000      -0.000     129.000       0.000     129.000      93.000       0.000   92560.000       0.000 -888888.000 -888888.000
 20260731044500
   -31.6500  -68.3000 
  ECOHUMUS                                   SURFACE                                    
  FM-12 SYNOP       ECOHUMUS               600  F     F         1
 -888888.000 -888888.000 -888888.000 -888888.000     600.000       0.000     276.850       0.000      -0.000     129.000       0.000     129.000      92.000       0.000   93380.000       0.000 -888888.000 -888888.000
 20260731044500
   -31.5192  -68.8178 
  PUNTA_NEGRA                                SURFACE                                    
  FM-12 SYNOP       PUNTA_NEGRA            800  F     F         1
 -888888.000 -888888.000 -888888.000 -888888.000     800.000       0.000     282.450       0.000       0.109     129.000       0.019     129.000      84.000       0.000   90240.000       0.000 -888888.000 -888888.000
 20260731044500
   -30.6335  -67.4682 
  VALLE_FERTIL                               SURFACE                                    
  FM-12 SYNOP       VALLE_FERTIL           900  F     F         1
 -888888.000 -888888.000 -888888.000 -888888.000     900.000       0.000     286.850       0.000       0.000     129.000      -0.000     129.000      87.000       0.000   90320.000       0.000 -888888.000 -888888.000
 20260731044500
   -30.1833  -69.0667 
  CUESTA_Viento                              SURFACE                                    
  FM-12 SYNOP       CUESTA_Viento         1530  F     F         1
 -888888.000 -888888.000 -888888.000 -888888.000    1530.000       0.000     285.450       0.000      -0.000     129.000       0.000     129.000      25.000       0.000   84080.000       0.000 -888888.000 -888888.000
 20260731045000
   -31.6500  -68.5833 
  INTA_POCITO                                SURFACE                                    
  FM-12 SYNOP       INTA_POCITO            615  F     F         1
 -888888.000 -888888.000 -888888.000 -888888.000     615.000       0.000     280.650       0.000      -0.000     129.000       0.000     129.000      93.000       0.000   92560.000       0.000 -888888.000 -888888.000
 20260731045000
   -31.6500  -68.3000 
  ECOHUMUS                                   SURFACE                                    
  FM-12 SYNOP       ECOHUMUS               600  F     F         1
 -888888.000 -888888.000 -888888.000 -888888.000     600.000       0.000     276.650       0.000      -0.043     129.000       0.161     129.000      93.000       0.000   93390.000       0.000 -888888.000 -888888.000
 20260731045000
   -31.5192  -68.8178 
  PUNTA_NEGRA                                SURFACE                                    
  FM-12 SYNOP       PUNTA_NEGRA            800  F     F         1
 -888888.000 -888888.000 -888888.000 -888888.000     800.000       0.000     282.550       0.000      -0.023     129.000       0.109     129.000      85.000       0.000   90240.000       0.000 -888888.000 -888888.000
 20260731045000
   -30.6335  -67.4682 
  VALLE_FERTIL                               SURFACE                                    
  FM-12 SYNOP       VALLE_FERTIL           900  F     F         1
 -888888.000 -888888.000 -888888.000 -888888.000     900.000       0.000     286.750       0.000       0.155     129.000      -0.117     129.000      87.000       0.000   90320.000       0.000 -888888.000 -888888.000
 20260731045000
   -30.1833  -69.0667 
  CUESTA_Viento                              SURFACE                                    
  FM-12 SYNOP       CUESTA_Viento         1530  F     F         1
 -888888.000 -888888.000 -888888.000 -888888.000    1530.000       0.000     285.250       0.000      -0.079     129.000      -0.027     129.000      24.000       0.000   84080.000       0.000 -888888.000 -888888.000
 20260731045500
   -31.6500  -68.5833 
  INTA_POCITO                                SURFACE                                    
  FM-12 SYNOP       INTA_POCITO            615  F     F         1
 -888888.000 -888888.000 -888888.000 -888888.000     615.000       0.000     280.150       0.000      -0.000     129.000       0.000     129.000      93.000       0.000   92570.000       0.000 -888888.000 -888888.000
 20260731045500
   -31.6500  -68.3000 
  ECOHUMUS                                   SURFACE                                    
  FM-12 SYNOP       ECOHUMUS               600  F     F         1
 -888888.000 -888888.000 -888888.000 -888888.000     600.000       0.000     277.450       0.000      -0.013     129.000       0.054     129.000      93.000       0.000   93390.000       0.000 -888888.000 -888888.000
 20260731045500
   -31.5192  -68.8178 
  PUNTA_NEGRA                                SURFACE                                    
  FM-12 SYNOP       PUNTA_NEGRA            800  F     F         1
 -888888.000 -888888.000 -888888.000 -888888.000     800.000       0.000     282.550       0.000       0.017     129.000       0.166     129.000      85.000       0.000   90250.000       0.000 -888888.000 -888888.000
 20260731045500
   -30.6335  -67.4682 
  VALLE_FERTIL                               SURFACE                                    
  FM-12 SYNOP       VALLE_FERTIL           900  F     F         1
 -888888.000 -888888.000 -888888.000 -888888.000     900.000       0.000     286.750       0.000       0.089     129.000      -0.067     129.000      87.000       0.000   90300.000       0.000 -888888.000 -888888.000
 20260731045500
   -30.1833  -69.0667 
  CUESTA_Viento                              SURFACE                                    
  FM-12 SYNOP       CUESTA_Viento         1530  F     F         1
 -888888.000 -888888.000 -888888.000 -888888.000    1530.000       0.000     285.350       0.000      -0.000     129.000       0.000     129.000      28.000       0.000   84070.000       0.000 -888888.000 -888888.000
 20260731050000
   -31.6500  -68.5833 
  INTA_POCITO                                SURFACE                                    
  FM-12 SYNOP       INTA_POCITO            615  F     F         1
 -888888.000 -888888.000 -888888.000 -888888.000     615.000       0.000     279.950       0.000      -0.000     129.000      -0.000     129.000      93.000       0.000   92580.000       0.000 -888888.000 -888888.000
 20260731050000
   -31.6500  -68.3000 
  ECOHUMUS                                   SURFACE                                    
  FM-12 SYNOP       ECOHUMUS               600  F     F         1
 -888888.000 -888888.000 -888888.000 -888888.000     600.000       0.000     277.650       0.000      -0.034     129.000       0.135     129.000      94.000       0.000   93390.000       0.000 -888888.000 -888888.000
 20260731050000
   -31.5192  -68.8178 
  PUNTA_NEGRA                                SURFACE                                    
  FM-12 SYNOP       PUNTA_NEGRA            800  F     F         1
 -888888.000 -888888.000 -888888.000 -888888.000     800.000       0.000     282.250       0.000       0.000     129.000       0.000     129.000      85.000       0.000   90260.000       0.000 -888888.000 -888888.000
 20260731050000
   -30.6335  -67.4682 
  VALLE_FERTIL                               SURFACE                                    
  FM-12 SYNOP       VALLE_FERTIL           900  F     F         1
 -888888.000 -888888.000 -888888.000 -888888.000     900.000       0.000     286.650       0.000       0.225     129.000      -0.163     129.000      87.000       0.000   90290.000       0.000 -888888.000 -888888.000
 20260731050000
   -30.1833  -69.0667 
  CUESTA_Viento                              SURFACE                                    
  FM-12 SYNOP       CUESTA_Viento         1530  F     F         1
 -888888.000 -888888.000 -888888.000 -888888.000    1530.000       0.000     284.950       0.000      -0.000     129.000       0.000     129.000      26.000       0.000   84070.000       0.000 -888888.000 -888888.000
 20260731050500
   -31.6500  -68.5833 
  INTA_POCITO                                SURFACE                                    
  FM-12 SYNOP       INTA_POCITO            615  F     F         1
 -888888.000 -888888.000 -888888.000 -888888.000     615.000       0.000     279.950       0.000      -0.000     129.000       0.000     129.000      93.000       0.000   92600.000       0.000 -888888.000 -888888.000
 20260731050500
   -31.6500  -68.3000 
  ECOHUMUS                                   SURFACE                                    
  FM-12 SYNOP       ECOHUMUS               600  F     F         1
 -888888.000 -888888.000 -888888.000 -888888.000     600.000       0.000     277.750       0.000      -0.087     129.000       0.379     129.000      93.000       0.000   93380.000       0.000 -888888.000 -888888.000
 20260731050500
   -31.5192  -68.8178 
  PUNTA_NEGRA                                SURFACE                                    
  FM-12 SYNOP       PUNTA_NEGRA            800  F     F         1
 -888888.000 -888888.000 -888888.000 -888888.000     800.000       0.000     282.250       0.000       0.210     129.000       0.136     129.000      86.000       0.000   90280.000       0.000 -888888.000 -888888.000
 20260731050500
   -30.6335  -67.4682 
  VALLE_FERTIL                               SURFACE                                    
  FM-12 SYNOP       VALLE_FERTIL           900  F     F         1
 -888888.000 -888888.000 -888888.000 -888888.000     900.000       0.000     286.350       0.000       0.266     129.000      -0.201     129.000      88.000       0.000   90290.000       0.000 -888888.000 -888888.000
 20260731050500
   -30.1833  -69.0667 
  CUESTA_Viento                              SURFACE                                    
  FM-12 SYNOP       CUESTA_Viento         1530  F     F         1
 -888888.000 -888888.000 -888888.000 -888888.000    1530.000       0.000     284.750       0.000       0.000     129.000       0.000     129.000      29.000       0.000   84080.000       0.000 -888888.000 -888888.000
 20260731051000
   -31.6500  -68.5833 
  INTA_POCITO                                SURFACE                                    
  FM-12 SYNOP       INTA_POCITO            615  F     F         1
 -888888.000 -888888.000 -888888.000 -888888.000     615.000       0.000     280.450       0.000      -0.000     129.000       0.000     129.000      93.000       0.000   92620.000       0.000 -888888.000 -888888.000
 20260731051000
   -31.6500  -68.3000 
  ECOHUMUS                                   SURFACE                                    
  FM-12 SYNOP       ECOHUMUS               600  F     F         1
 -888888.000 -888888.000 -888888.000 -888888.000     600.000       0.000     278.050       0.000      -0.070     129.000       0.439     129.000      94.000       0.000   93380.000       0.000 -888888.000 -888888.000
 20260731051000
   -31.5192  -68.8178 
  PUNTA_NEGRA                                SURFACE                                    
  FM-12 SYNOP       PUNTA_NEGRA            800  F     F         1
 -888888.000 -888888.000 -888888.000 -888888.000     800.000       0.000     282.450       0.000       0.124     129.000       0.279     129.000      85.000       0.000   90270.000       0.000 -888888.000 -888888.000
 20260731051000
   -30.6335  -67.4682 
  VALLE_FERTIL                               SURFACE                                    
  FM-12 SYNOP       VALLE_FERTIL           900  F     F         1
 -888888.000 -888888.000 -888888.000 -888888.000     900.000       0.000     286.050       0.000       0.091     129.000      -0.172     129.000      88.000       0.000   90290.000       0.000 -888888.000 -888888.000
 20260731051000
   -30.1833  -69.0667 
  CUESTA_Viento                              SURFACE                                    
  FM-12 SYNOP       CUESTA_Viento         1530  F     F         1
 -888888.000 -888888.000 -888888.000 -888888.000    1530.000       0.000     284.850       0.000       0.000     129.000       0.000     129.000      30.000       0.000   84070.000       0.000 -888888.000 -888888.000
 20260731051500
   -31.6500  -68.5833 
  INTA_POCITO                                SURFACE                                    
  FM-12 SYNOP       INTA_POCITO            615  F     F         1
 -888888.000 -888888.000 -888888.000 -888888.000     615.000       0.000     280.450       0.000       0.000     129.000       0.000     129.000      93.000       0.000   92610.000       0.000 -888888.000 -888888.000
 20260731051500
   -31.6500  -68.3000 
  ECOHUMUS                                   SURFACE                                    
  FM-12 SYNOP       ECOHUMUS               600  F     F         1
 -888888.000 -888888.000 -888888.000 -888888.000     600.000       0.000     278.750       0.000      -0.017     129.000       0.110     129.000      94.000       0.000   93400.000       0.000 -888888.000 -888888.000
 20260731051500
   -31.5192  -68.8178 
  PUNTA_NEGRA                                SURFACE                                    
  FM-12 SYNOP       PUNTA_NEGRA            800  F     F         1
 -888888.000 -888888.000 -888888.000 -888888.000     800.000       0.000     282.950       0.000       0.054     129.000       0.128     129.000      85.000       0.000   90250.000       0.000 -888888.000 -888888.000
 20260731051500
   -30.6335  -67.4682 
  VALLE_FERTIL                               SURFACE                                    
  FM-12 SYNOP       VALLE_FERTIL           900  F     F         1
 -888888.000 -888888.000 -888888.000 -888888.000     900.000       0.000     285.750       0.000      -0.065     129.000      -0.412     129.000      88.000       0.000   90290.000       0.000 -888888.000 -888888.000
 20260731051500
   -30.1833  -69.0667 
  CUESTA_Viento                              SURFACE                                    
  FM-12 SYNOP       CUESTA_Viento         1530  F     F         1
 -888888.000 -888888.000 -888888.000 -888888.000    1530.000       0.000     284.750       0.000       0.000     129.000       0.000     129.000      30.000       0.000   84090.000       0.000 -888888.000 -888888.000
 20260731052000
   -31.6500  -68.5833 
  INTA_POCITO                                SURFACE                                    
  FM-12 SYNOP       INTA_POCITO            615  F     F         1
 -888888.000 -888888.000 -888888.000 -888888.000     615.000       0.000     279.950       0.000       0.000     129.000       0.000     129.000      93.000       0.000   92620.000       0.000 -888888.000 -888888.000
 20260731052000
   -31.6500  -68.3000 
  ECOHUMUS                                   SURFACE                                    
  FM-12 SYNOP       ECOHUMUS               600  F     F         1
 -888888.000 -888888.000 -888888.000 -888888.000     600.000       0.000     279.150       0.000      -0.022     129.000       0.137     129.000      95.000       0.000   93420.000       0.000 -888888.000 -888888.000
 20260731052000
   -31.5192  -68.8178 
  PUNTA_NEGRA                                SURFACE                                    
  FM-12 SYNOP       PUNTA_NEGRA            800  F     F         1
 -888888.000 -888888.000 -888888.000 -888888.000     800.000       0.000     283.150       0.000       0.068     129.000       0.048     129.000      83.000       0.000   90250.000       0.000 -888888.000 -888888.000
 20260731052000
   -30.6335  -67.4682 
  VALLE_FERTIL                               SURFACE                                    
  FM-12 SYNOP       VALLE_FERTIL           900  F     F         1
 -888888.000 -888888.000 -888888.000 -888888.000     900.000       0.000     285.550       0.000       0.050     129.000      -0.217     129.000      88.000       0.000   90260.000       0.000 -888888.000 -888888.000
 20260731052000
   -30.1833  -69.0667 
  CUESTA_Viento                              SURFACE                                    
  FM-12 SYNOP       CUESTA_Viento         1530  F     F         1
 -888888.000 -888888.000 -888888.000 -888888.000    1530.000       0.000     284.650       0.000      -0.000     129.000       0.000     129.000      30.000       0.000   84090.000       0.000 -888888.000 -888888.000
 20260731052500
   -31.6500  -68.5833 
  INTA_POCITO                                SURFACE                                    
  FM-12 SYNOP       INTA_POCITO            615  F     F         1
 -888888.000 -888888.000 -888888.000 -888888.000     615.000       0.000     279.950       0.000      -0.000     129.000       0.000     129.000      93.000       0.000   92620.000       0.000 -888888.000 -888888.000
 20260731052500
   -31.6500  -68.3000 
  ECOHUMUS                                   SURFACE                                    
  FM-12 SYNOP       ECOHUMUS               600  F     F         1
 -888888.000 -888888.000 -888888.000 -888888.000     600.000       0.000     278.650       0.000      -0.009     129.000       0.055     129.000      94.000       0.000   93400.000       0.000 -888888.000 -888888.000
 20260731052500
   -31.5192  -68.8178 
  PUNTA_NEGRA                                SURFACE                                    
  FM-12 SYNOP       PUNTA_NEGRA            800  F     F         1
 -888888.000 -888888.000 -888888.000 -888888.000     800.000       0.000     283.150       0.000       0.286     129.000       0.172     129.000      83.000       0.000   90250.000       0.000 -888888.000 -888888.000
 20260731052500
   -30.6335  -67.4682 
  VALLE_FERTIL                               SURFACE                                    
  FM-12 SYNOP       VALLE_FERTIL           900  F     F         1
 -888888.000 -888888.000 -888888.000 -888888.000     900.000       0.000     285.250       0.000       0.048     129.000      -0.245     129.000      89.000       0.000   90280.000       0.000 -888888.000 -888888.000
 20260731052500
   -30.1833  -69.0667 
  CUESTA_Viento                              SURFACE                                    
  FM-12 SYNOP       CUESTA_Viento         1530  F     F         1
 -888888.000 -888888.000 -888888.000 -888888.000    1530.000       0.000     284.850       0.000       0.000     129.000       0.000     129.000      27.000       0.000   84070.000       0.000 -888888.000 -888888.000
 20260731053000
   -31.6500  -68.5833 
  INTA_POCITO                                SURFACE                                    
  FM-12 SYNOP       INTA_POCITO            615  F     F         1
 -888888.000 -888888.000 -888888.000 -888888.000     615.000       0.000     280.350       0.000      -0.000     129.000       0.000     129.000      93.000       0.000   92610.000       0.000 -888888.000 -888888.000
 20260731053000
   -31.6500  -68.3000 
  ECOHUMUS                                   SURFACE                                    
  FM-12 SYNOP       ECOHUMUS               600  F     F         1
 -888888.000 -888888.000 -888888.000 -888888.000     600.000       0.000     278.450       0.000      -0.048     129.000       0.302     129.000      95.000       0.000   93420.000       0.000 -888888.000 -888888.000
 20260731053000
   -31.5192  -68.8178 
  PUNTA_NEGRA                                SURFACE                                    
  FM-12 SYNOP       PUNTA_NEGRA            800  F     F         1
 -888888.000 -888888.000 -888888.000 -888888.000     800.000       0.000     283.650       0.000       1.445     129.000       0.281     129.000      80.000       0.000   90240.000       0.000 -888888.000 -888888.000
 20260731053000
   -30.6335  -67.4682 
  VALLE_FERTIL                               SURFACE                                    
  FM-12 SYNOP       VALLE_FERTIL           900  F     F         1
 -888888.000 -888888.000 -888888.000 -888888.000     900.000       0.000     285.050       0.000       0.134     129.000      -0.275     129.000      90.000       0.000   90270.000       0.000 -888888.000 -888888.000
 20260731053000
   -30.1833  -69.0667 
  CUESTA_Viento                              SURFACE                                    
  FM-12 SYNOP       CUESTA_Viento         1530  F     F         1
 -888888.000 -888888.000 -888888.000 -888888.000    1530.000       0.000     285.050       0.000      -0.112     129.000      -0.082     129.000      29.000       0.000   84060.000       0.000 -888888.000 -888888.000
 20260731053500
   -31.6500  -68.5833 
  INTA_POCITO                                SURFACE                                    
  FM-12 SYNOP       INTA_POCITO            615  F     F         1
 -888888.000 -888888.000 -888888.000 -888888.000     615.000       0.000     280.450       0.000       0.000     129.000       0.000     129.000      93.000       0.000   92610.000       0.000 -888888.000 -888888.000
 20260731053500
   -31.6500  -68.3000 
  ECOHUMUS                                   SURFACE                                    
  FM-12 SYNOP       ECOHUMUS               600  F     F         1
 -888888.000 -888888.000 -888888.000 -888888.000     600.000       0.000     279.050       0.000      -0.061     129.000       0.384     129.000      95.000       0.000   93430.000       0.000 -888888.000 -888888.000
 20260731053500
   -31.5192  -68.8178 
  PUNTA_NEGRA                                SURFACE                                    
  FM-12 SYNOP       PUNTA_NEGRA            800  F     F         1
 -888888.000 -888888.000 -888888.000 -888888.000     800.000       0.000     284.450       0.000       0.424     129.000       0.207     129.000      77.000       0.000   90250.000       0.000 -888888.000 -888888.000
 20260731053500
   -30.6335  -67.4682 
  VALLE_FERTIL                               SURFACE                                    
  FM-12 SYNOP       VALLE_FERTIL           900  F     F         1
 -888888.000 -888888.000 -888888.000 -888888.000     900.000       0.000     284.850       0.000       0.266     129.000      -0.201     129.000      90.000       0.000   90280.000       0.000 -888888.000 -888888.000
 20260731053500
   -30.1833  -69.0667 
  CUESTA_Viento                              SURFACE                                    
  FM-12 SYNOP       CUESTA_Viento         1530  F     F         1
 -888888.000 -888888.000 -888888.000 -888888.000    1530.000       0.000     284.950       0.000      -0.000     129.000       0.000     129.000      29.000       0.000   84070.000       0.000 -888888.000 -888888.000
 20260731054000
   -31.6500  -68.5833 
  INTA_POCITO                                SURFACE                                    
  FM-12 SYNOP       INTA_POCITO            615  F     F         1
 -888888.000 -888888.000 -888888.000 -888888.000     615.000       0.000     280.450       0.000      -0.000     129.000       0.000     129.000      93.000       0.000   92600.000       0.000 -888888.000 -888888.000
 20260731054000
   -31.6500  -68.3000 
  ECOHUMUS                                   SURFACE                                    
  FM-12 SYNOP       ECOHUMUS               600  F     F         1
 -888888.000 -888888.000 -888888.000 -888888.000     600.000       0.000     278.650       0.000      -0.070     129.000       0.439     129.000      95.000       0.000   93430.000       0.000 -888888.000 -888888.000
 20260731054000
   -31.5192  -68.8178 
  PUNTA_NEGRA                                SURFACE                                    
  FM-12 SYNOP       PUNTA_NEGRA            800  F     F         1
 -888888.000 -888888.000 -888888.000 -888888.000     800.000       0.000     284.350       0.000       0.040     129.000       0.104     129.000      78.000       0.000   90270.000       0.000 -888888.000 -888888.000
 20260731054000
   -30.6335  -67.4682 
  VALLE_FERTIL                               SURFACE                                    
  FM-12 SYNOP       VALLE_FERTIL           900  F     F         1
 -888888.000 -888888.000 -888888.000 -888888.000     900.000       0.000     284.550       0.000       0.449     129.000      -0.327     129.000      91.000       0.000   90270.000       0.000 -888888.000 -888888.000
 20260731054000
   -30.1833  -69.0667 
  CUESTA_Viento                              SURFACE                                    
  FM-12 SYNOP       CUESTA_Viento         1530  F     F         1
 -888888.000 -888888.000 -888888.000 -888888.000    1530.000       0.000     284.650       0.000      -0.194     129.000      -0.108     129.000      31.000       0.000   84070.000       0.000 -888888.000 -888888.000
 20260731054500
   -31.6500  -68.5833 
  INTA_POCITO                                SURFACE                                    
  FM-12 SYNOP       INTA_POCITO            615  F     F         1
 -888888.000 -888888.000 -888888.000 -888888.000     615.000       0.000     280.350       0.000      -0.000     129.000       0.000     129.000      93.000       0.000   92590.000       0.000 -888888.000 -888888.000
 20260731054500
   -31.6500  -68.3000 
  ECOHUMUS                                   SURFACE                                    
  FM-12 SYNOP       ECOHUMUS               600  F     F         1
 -888888.000 -888888.000 -888888.000 -888888.000     600.000       0.000     278.550       0.000      -0.122     129.000       0.456     129.000      96.000       0.000   93420.000       0.000 -888888.000 -888888.000
 20260731054500
   -31.5192  -68.8178 
  PUNTA_NEGRA                                SURFACE                                    
  FM-12 SYNOP       PUNTA_NEGRA            800  F     F         1
 -888888.000 -888888.000 -888888.000 -888888.000     800.000       0.000     283.850       0.000      -0.031     129.000      -0.360     129.000      80.000       0.000   90260.000       0.000 -888888.000 -888888.000
 20260731054500
   -30.6335  -67.4682 
  VALLE_FERTIL                               SURFACE                                    
  FM-12 SYNOP       VALLE_FERTIL           900  F     F         1
 -888888.000 -888888.000 -888888.000 -888888.000     900.000       0.000     284.250       0.000       0.200     129.000      -0.150     129.000      91.000       0.000   90270.000       0.000 -888888.000 -888888.000
 20260731054500
   -30.1833  -69.0667 
  CUESTA_Viento                              SURFACE                                    
  FM-12 SYNOP       CUESTA_Viento         1530  F     F         1
 -888888.000 -888888.000 -888888.000 -888888.000    1530.000       0.000     284.450       0.000       0.000     129.000       0.000     129.000      30.000       0.000   84070.000       0.000 -888888.000 -888888.000
 20260731055000
   -31.6500  -68.5833 
  INTA_POCITO                                SURFACE                                    
  FM-12 SYNOP       INTA_POCITO            615  F     F         1
 -888888.000 -888888.000 -888888.000 -888888.000     615.000       0.000     279.950       0.000      -0.000     129.000       0.000     129.000      93.000       0.000   92600.000       0.000 -888888.000 -888888.000
 20260731055000
   -31.6500  -68.3000 
  ECOHUMUS                                   SURFACE                                    
  FM-12 SYNOP       ECOHUMUS               600  F     F         1
 -888888.000 -888888.000 -888888.000 -888888.000     600.000       0.000     280.250       0.000      -0.236     129.000       0.377     129.000      96.000       0.000   93420.000       0.000 -888888.000 -888888.000
 20260731055000
   -31.5192  -68.8178 
  PUNTA_NEGRA                                SURFACE                                    
  FM-12 SYNOP       PUNTA_NEGRA            800  F     F         1
 -888888.000 -888888.000 -888888.000 -888888.000     800.000       0.000     283.450       0.000       0.102     129.000       0.228     129.000      81.000       0.000   90290.000       0.000 -888888.000 -888888.000
 20260731055000
   -30.6335  -67.4682 
  VALLE_FERTIL                               SURFACE                                    
  FM-12 SYNOP       VALLE_FERTIL           900  F     F         1
 -888888.000 -888888.000 -888888.000 -888888.000     900.000       0.000     283.950       0.000       1.070     129.000      -0.390     129.000      92.000       0.000   90270.000       0.000 -888888.000 -888888.000
 20260731055000
   -30.1833  -69.0667 
  CUESTA_Viento                              SURFACE                                    
  FM-12 SYNOP       CUESTA_Viento         1530  F     F         1
 -888888.000 -888888.000 -888888.000 -888888.000    1530.000       0.000     284.550       0.000      -0.066     129.000      -0.051     129.000      32.000       0.000   84090.000       0.000 -888888.000 -888888.000
 20260731055500
   -31.6500  -68.5833 
  INTA_POCITO                                SURFACE                                    
  FM-12 SYNOP       INTA_POCITO            615  F     F         1
 -888888.000 -888888.000 -888888.000 -888888.000     615.000       0.000     279.850       0.000      -0.000     129.000       0.000     129.000      93.000       0.000   92610.000       0.000 -888888.000 -888888.000
 20260731055500
   -31.6500  -68.3000 
  ECOHUMUS                                   SURFACE                                    
  FM-12 SYNOP       ECOHUMUS               600  F     F         1
 -888888.000 -888888.000 -888888.000 -888888.000     600.000       0.000     279.850       0.000      -0.057     129.000       0.095     129.000      95.000       0.000   93420.000       0.000 -888888.000 -888888.000
 20260731055500
   -31.5192  -68.8178 
  PUNTA_NEGRA                                SURFACE                                    
  FM-12 SYNOP       PUNTA_NEGRA            800  F     F         1
 -888888.000 -888888.000 -888888.000 -888888.000     800.000       0.000     283.150       0.000       0.242     129.000      -0.268     129.000      82.000       0.000   90300.000       0.000 -888888.000 -888888.000
 20260731055500
   -30.6335  -67.4682 
  VALLE_FERTIL                               SURFACE                                    
  FM-12 SYNOP       VALLE_FERTIL           900  F     F         1
 -888888.000 -888888.000 -888888.000 -888888.000     900.000       0.000     284.050       0.000       0.906     129.000      -0.423     129.000      91.000       0.000   90270.000       0.000 -888888.000 -888888.000
 20260731055500
   -30.1833  -69.0667 
  CUESTA_Viento                              SURFACE                                    
  FM-12 SYNOP       CUESTA_Viento         1530  F     F         1
 -888888.000 -888888.000 -888888.000 -888888.000    1530.000       0.000     284.450       0.000       0.000     129.000       0.000     129.000      30.000       0.000   84080.000       0.000 -888888.000 -888888.000
 20260731060000
   -31.6500  -68.5833 
  INTA_POCITO                                SURFACE                                    
  FM-12 SYNOP       INTA_POCITO            615  F     F         1
 -888888.000 -888888.000 -888888.000 -888888.000     615.000       0.000     279.950       0.000      -0.000     129.000       0.000     129.000      93.000       0.000   92620.000       0.000 -888888.000 -888888.000
 20260731060000
   -31.6500  -68.3000 
  ECOHUMUS                                   SURFACE                                    
  FM-12 SYNOP       ECOHUMUS               600  F     F         1
 -888888.000 -888888.000 -888888.000 -888888.000     600.000       0.000     279.650       0.000      -0.056     129.000       0.357     129.000      96.000       0.000   93420.000       0.000 -888888.000 -888888.000
 20260731060000
   -31.5192  -68.8178 
  PUNTA_NEGRA                                SURFACE                                    
  FM-12 SYNOP       PUNTA_NEGRA            800  F     F         1
 -888888.000 -888888.000 -888888.000 -888888.000     800.000       0.000     283.150       0.000       0.328     129.000       0.058     129.000      83.000       0.000   90280.000       0.000 -888888.000 -888888.000
 20260731060000
   -30.6335  -67.4682 
  VALLE_FERTIL                               SURFACE                                    
  FM-12 SYNOP       VALLE_FERTIL           900  F     F         1
 -888888.000 -888888.000 -888888.000 -888888.000     900.000       0.000     284.050       0.000       0.587     129.000      -0.510     129.000      91.000       0.000   90270.000       0.000 -888888.000 -888888.000
 20260731060000
   -30.1833  -69.0667 
  CUESTA_Viento                              SURFACE                                    
  FM-12 SYNOP       CUESTA_Viento         1530  F     F         1
 -888888.000 -888888.000 -888888.000 -888888.000    1530.000       0.000     284.750       0.000      -0.000     129.000       0.000     129.000      32.000       0.000   84100.000       0.000 -888888.000 -888888.000
 20260731060500
   -31.6500  -68.5833 
  INTA_POCITO                                SURFACE                                    
  FM-12 SYNOP       INTA_POCITO            615  F     F         1
 -888888.000 -888888.000 -888888.000 -888888.000     615.000       0.000     280.450       0.000       0.000     129.000       0.000     129.000      93.000       0.000   92620.000       0.000 -888888.000 -888888.000
 20260731060500
   -31.6500  -68.3000 
  ECOHUMUS                                   SURFACE                                    
  FM-12 SYNOP       ECOHUMUS               600  F     F         1
 -888888.000 -888888.000 -888888.000 -888888.000     600.000       0.000     279.950       0.000      -0.071     129.000       0.579     129.000      96.000       0.000   93420.000       0.000 -888888.000 -888888.000
 20260731060500
   -31.5192  -68.8178 
  PUNTA_NEGRA                                SURFACE                                    
  FM-12 SYNOP       PUNTA_NEGRA            800  F     F         1
 -888888.000 -888888.000 -888888.000 -888888.000     800.000       0.000     283.250       0.000       0.103     129.000       0.042     129.000      83.000       0.000   90310.000       0.000 -888888.000 -888888.000
 20260731060500
   -30.6335  -67.4682 
  VALLE_FERTIL                               SURFACE                                    
  FM-12 SYNOP       VALLE_FERTIL           900  F     F         1
 -888888.000 -888888.000 -888888.000 -888888.000     900.000       0.000     283.850       0.000       0.207     129.000      -0.424     129.000      91.000       0.000   90270.000       0.000 -888888.000 -888888.000
 20260731060500
   -30.1833  -69.0667 
  CUESTA_Viento                              SURFACE                                    
  FM-12 SYNOP       CUESTA_Viento         1530  F     F         1
 -888888.000 -888888.000 -888888.000 -888888.000    1530.000       0.000     284.650       0.000       0.629     129.000      -0.111     129.000      30.000       0.000   84100.000       0.000 -888888.000 -888888.000
 20260731061000
   -31.6500  -68.5833 
  INTA_POCITO                                SURFACE                                    
  FM-12 SYNOP       INTA_POCITO            615  F     F         1
 -888888.000 -888888.000 -888888.000 -888888.000     615.000       0.000     280.850       0.000       0.000     129.000      -0.000     129.000      93.000       0.000   92630.000       0.000 -888888.000 -888888.000
 20260731061000
   -31.6500  -68.3000 
  ECOHUMUS                                   SURFACE                                    
  FM-12 SYNOP       ECOHUMUS               600  F     F         1
 -888888.000 -888888.000 -888888.000 -888888.000     600.000       0.000     280.150       0.000      -0.043     129.000       0.161     129.000      96.000       0.000   93420.000       0.000 -888888.000 -888888.000
 20260731061000
   -31.5192  -68.8178 
  PUNTA_NEGRA                                SURFACE                                    
  FM-12 SYNOP       PUNTA_NEGRA            800  F     F         1
 -888888.000 -888888.000 -888888.000 -888888.000     800.000       0.000     283.150       0.000       0.003     129.000       0.028     129.000      83.000       0.000   90320.000       0.000 -888888.000 -888888.000
 20260731061000
   -30.6335  -67.4682 
  VALLE_FERTIL                               SURFACE                                    
  FM-12 SYNOP       VALLE_FERTIL           900  F     F         1
 -888888.000 -888888.000 -888888.000 -888888.000     900.000       0.000     283.550       0.000       0.332     129.000      -0.410     129.000      92.000       0.000   90260.000       0.000 -888888.000 -888888.000
 20260731061000
   -30.1833  -69.0667 
  CUESTA_Viento                              SURFACE                                    
  FM-12 SYNOP       CUESTA_Viento         1530  F     F         1
 -888888.000 -888888.000 -888888.000 -888888.000    1530.000       0.000     286.550       0.000      -0.119     129.000      -0.311     129.000      27.000       0.000   84100.000       0.000 -888888.000 -888888.000
 20260731061500
   -31.6500  -68.5833 
  INTA_POCITO                                SURFACE                                    
  FM-12 SYNOP       INTA_POCITO            615  F     F         1
 -888888.000 -888888.000 -888888.000 -888888.000     615.000       0.000     280.950       0.000       0.000     129.000       0.000     129.000      93.000       0.000   92620.000       0.000 -888888.000 -888888.000
 20260731061500
   -31.6500  -68.3000 
  ECOHUMUS                                   SURFACE                                    
  FM-12 SYNOP       ECOHUMUS               600  F     F         1
 -888888.000 -888888.000 -888888.000 -888888.000     600.000       0.000     280.350       0.000      -0.165     129.000       0.617     129.000      96.000       0.000   93420.000       0.000 -888888.000 -888888.000
 20260731061500
   -31.5192  -68.8178 
  PUNTA_NEGRA                                SURFACE                                    
  FM-12 SYNOP       PUNTA_NEGRA            800  F     F         1
 -888888.000 -888888.000 -888888.000 -888888.000     800.000       0.000     282.950       0.000       0.000     129.000       0.000     129.000      83.000       0.000   90330.000       0.000 -888888.000 -888888.000
 20260731061500
   -30.6335  -67.4682 
  VALLE_FERTIL                               SURFACE                                    
  FM-12 SYNOP       VALLE_FERTIL           900  F     F         1
 -888888.000 -888888.000 -888888.000 -888888.000     900.000       0.000     283.350       0.000       0.250     129.000      -0.175     129.000      92.000       0.000   90260.000       0.000 -888888.000 -888888.000
 20260731061500
   -30.1833  -69.0667 
  CUESTA_Viento                              SURFACE                                    
  FM-12 SYNOP       CUESTA_Viento         1530  F     F         1
 -888888.000 -888888.000 -888888.000 -888888.000    1530.000       0.000     286.750       0.000       0.055     129.000      -0.063     129.000      26.000       0.000   84110.000       0.000 -888888.000 -888888.000
 20260731062000
   -31.6500  -68.5833 
  INTA_POCITO                                SURFACE                                    
  FM-12 SYNOP       INTA_POCITO            615  F     F         1
 -888888.000 -888888.000 -888888.000 -888888.000     615.000       0.000     281.150       0.000      -0.000     129.000       0.000     129.000      93.000       0.000   92630.000       0.000 -888888.000 -888888.000
 20260731062000
   -31.6500  -68.3000 
  ECOHUMUS                                   SURFACE                                    
  FM-12 SYNOP       ECOHUMUS               600  F     F         1
 -888888.000 -888888.000 -888888.000 -888888.000     600.000       0.000     280.550       0.000      -0.199     129.000       0.694     129.000      96.000       0.000   93420.000       0.000 -888888.000 -888888.000
 20260731062000
   -31.5192  -68.8178 
  PUNTA_NEGRA                                SURFACE                                    
  FM-12 SYNOP       PUNTA_NEGRA            800  F     F         1
 -888888.000 -888888.000 -888888.000 -888888.000     800.000       0.000     282.850       0.000       0.207     129.000       0.080     129.000      84.000       0.000   90310.000       0.000 -888888.000 -888888.000
 20260731062000
   -30.6335  -67.4682 
  VALLE_FERTIL                               SURFACE                                    
  FM-12 SYNOP       VALLE_FERTIL           900  F     F         1
 -888888.000 -888888.000 -888888.000 -888888.000     900.000       0.000     283.050       0.000       0.166     129.000      -0.256     129.000      92.000       0.000   90250.000       0.000 -888888.000 -888888.000
 20260731062000
   -30.1833  -69.0667 
  CUESTA_Viento                              SURFACE                                    
  FM-12 SYNOP       CUESTA_Viento         1530  F     F         1
 -888888.000 -888888.000 -888888.000 -888888.000    1530.000       0.000     287.150       0.000       0.315     129.000       0.109     129.000      26.000       0.000   84110.000       0.000 -888888.000 -888888.000
 20260731062500
   -31.6500  -68.5833 
  INTA_POCITO                                SURFACE                                    
  FM-12 SYNOP       INTA_POCITO            615  F     F         1
 -888888.000 -888888.000 -888888.000 -888888.000     615.000       0.000     280.650       0.000      -0.000     129.000       0.000     129.000      93.000       0.000   92640.000       0.000 -888888.000 -888888.000
 20260731062500
   -31.6500  -68.3000 
  ECOHUMUS                                   SURFACE                                    
  FM-12 SYNOP       ECOHUMUS               600  F     F         1
 -888888.000 -888888.000 -888888.000 -888888.000     600.000       0.000     280.450       0.000      -0.154     129.000       0.505     129.000      96.000       0.000   93410.000       0.000 -888888.000 -888888.000
 20260731062500
   -31.5192  -68.8178 
  PUNTA_NEGRA                                SURFACE                                    
  FM-12 SYNOP       PUNTA_NEGRA            800  F     F         1
 -888888.000 -888888.000 -888888.000 -888888.000     800.000       0.000     282.950       0.000       0.219     129.000       0.171     129.000      84.000       0.000   90300.000       0.000 -888888.000 -888888.000
 20260731062500
   -30.6335  -67.4682 
  VALLE_FERTIL                               SURFACE                                    
  FM-12 SYNOP       VALLE_FERTIL           900  F     F         1
 -888888.000 -888888.000 -888888.000 -888888.000     900.000       0.000     282.850       0.000       0.965     129.000      -0.118     129.000      93.000       0.000   90240.000       0.000 -888888.000 -888888.000
 20260731062500
   -30.1833  -69.0667 
  CUESTA_Viento                              SURFACE                                    
  FM-12 SYNOP       CUESTA_Viento         1530  F     F         1
 -888888.000 -888888.000 -888888.000 -888888.000    1530.000       0.000     288.450       0.000      -0.000     129.000       0.000     129.000      28.000       0.000   84120.000       0.000 -888888.000 -888888.000
 20260731063000
   -31.6500  -68.5833 
  INTA_POCITO                                SURFACE                                    
  FM-12 SYNOP       INTA_POCITO            615  F     F         1
 -888888.000 -888888.000 -888888.000 -888888.000     615.000       0.000     280.450       0.000      -0.000     129.000       0.000     129.000      93.000       0.000   92650.000       0.000 -888888.000 -888888.000
 20260731063000
   -31.6500  -68.3000 
  ECOHUMUS                                   SURFACE                                    
  FM-12 SYNOP       ECOHUMUS               600  F     F         1
 -888888.000 -888888.000 -888888.000 -888888.000     600.000       0.000     280.350       0.000      -0.031     129.000       0.443     129.000      96.000       0.000   93420.000       0.000 -888888.000 -888888.000
 20260731063000
   -31.5192  -68.8178 
  PUNTA_NEGRA                                SURFACE                                    
  FM-12 SYNOP       PUNTA_NEGRA            800  F     F         1
 -888888.000 -888888.000 -888888.000 -888888.000     800.000       0.000     283.450       0.000       1.372     129.000       0.217     129.000      82.000       0.000   90290.000       0.000 -888888.000 -888888.000
 20260731063000
   -30.6335  -67.4682 
  VALLE_FERTIL                               SURFACE                                    
  FM-12 SYNOP       VALLE_FERTIL           900  F     F         1
 -888888.000 -888888.000 -888888.000 -888888.000     900.000       0.000     282.450       0.000       0.503     129.000      -0.437     129.000      93.000       0.000   90240.000       0.000 -888888.000 -888888.000
 20260731063000
   -30.1833  -69.0667 
  CUESTA_Viento                              SURFACE                                    
  FM-12 SYNOP       CUESTA_Viento         1530  F     F         1
 -888888.000 -888888.000 -888888.000 -888888.000    1530.000       0.000     287.750       0.000       0.094     129.000      -0.170     129.000      27.000       0.000   84110.000       0.000 -888888.000 -888888.000
 20260731063500
   -31.6500  -68.5833 
  INTA_POCITO                                SURFACE                                    
  FM-12 SYNOP       INTA_POCITO            615  F     F         1
 -888888.000 -888888.000 -888888.000 -888888.000     615.000       0.000     280.250       0.000      -0.000     129.000       0.000     129.000      93.000       0.000   92640.000       0.000 -888888.000 -888888.000
 20260731063500
   -31.6500  -68.3000 
  ECOHUMUS                                   SURFACE                                    
  FM-12 SYNOP       ECOHUMUS               600  F     F         1
 -888888.000 -888888.000 -888888.000 -888888.000     600.000       0.000     280.150       0.000       0.000     129.000       0.028     129.000      96.000       0.000   93440.000       0.000 -888888.000 -888888.000
 20260731063500
   -31.5192  -68.8178 
  PUNTA_NEGRA                                SURFACE                                    
  FM-12 SYNOP       PUNTA_NEGRA            800  F     F         1
 -888888.000 -888888.000 -888888.000 -888888.000     800.000       0.000     284.850       0.000       0.717     129.000       1.024     129.000      77.000       0.000   90260.000       0.000 -888888.000 -888888.000
 20260731063500
   -30.6335  -67.4682 
  VALLE_FERTIL                               SURFACE                                    
  FM-12 SYNOP       VALLE_FERTIL           900  F     F         1
 -888888.000 -888888.000 -888888.000 -888888.000     900.000       0.000     282.350       0.000       0.599     129.000      -0.539     129.000      94.000       0.000   90230.000       0.000 -888888.000 -888888.000
 20260731063500
   -30.1833  -69.0667 
  CUESTA_Viento                              SURFACE                                    
  FM-12 SYNOP       CUESTA_Viento         1530  F     F         1
 -888888.000 -888888.000 -888888.000 -888888.000    1530.000       0.000     287.950       0.000       0.051     129.000      -0.023     129.000      27.000       0.000   84090.000       0.000 -888888.000 -888888.000
 20260731064000
   -31.6500  -68.5833 
  INTA_POCITO                                SURFACE                                    
  FM-12 SYNOP       INTA_POCITO            615  F     F         1
 -888888.000 -888888.000 -888888.000 -888888.000     615.000       0.000     280.050       0.000      -0.000     129.000       0.000     129.000      93.000       0.000   92650.000       0.000 -888888.000 -888888.000
 20260731064000
   -31.6500  -68.3000 
  ECOHUMUS                                   SURFACE                                    
  FM-12 SYNOP       ECOHUMUS               600  F     F         1
 -888888.000 -888888.000 -888888.000 -888888.000     600.000       0.000     279.850       0.000       0.000     129.000       0.028     129.000      96.000       0.000   93440.000       0.000 -888888.000 -888888.000
 20260731064000
   -31.5192  -68.8178 
  PUNTA_NEGRA                                SURFACE                                    
  FM-12 SYNOP       PUNTA_NEGRA            800  F     F         1
 -888888.000 -888888.000 -888888.000 -888888.000     800.000       0.000     285.950       0.000       2.122     129.000       1.035     129.000      68.000       0.000   90250.000       0.000 -888888.000 -888888.000
 20260731064000
   -30.6335  -67.4682 
  VALLE_FERTIL                               SURFACE                                    
  FM-12 SYNOP       VALLE_FERTIL           900  F     F         1
 -888888.000 -888888.000 -888888.000 -888888.000     900.000       0.000     282.050       0.000       0.310     129.000      -0.356     129.000      94.000       0.000   90220.000       0.000 -888888.000 -888888.000
 20260731064000
   -30.1833  -69.0667 
  CUESTA_Viento                              SURFACE                                    
  FM-12 SYNOP       CUESTA_Viento         1530  F     F         1
 -888888.000 -888888.000 -888888.000 -888888.000    1530.000       0.000     288.250       0.000       0.000     129.000       0.000     129.000      26.000       0.000   84110.000       0.000 -888888.000 -888888.000
 20260731064500
   -31.6500  -68.5833 
  INTA_POCITO                                SURFACE                                    
  FM-12 SYNOP       INTA_POCITO            615  F     F         1
 -888888.000 -888888.000 -888888.000 -888888.000     615.000       0.000     280.250       0.000      -0.000     129.000       0.000     129.000      93.000       0.000   92660.000       0.000 -888888.000 -888888.000
 20260731064500
   -31.6500  -68.3000 
  ECOHUMUS                                   SURFACE                                    
  FM-12 SYNOP       ECOHUMUS               600  F     F         1
 -888888.000 -888888.000 -888888.000 -888888.000     600.000       0.000     279.450       0.000       0.000     129.000       0.000     129.000      96.000       0.000   93450.000       0.000 -888888.000 -888888.000
 20260731064500
   -31.5192  -68.8178 
  PUNTA_NEGRA                                SURFACE                                    
  FM-12 SYNOP       PUNTA_NEGRA            800  F     F         1
 -888888.000 -888888.000 -888888.000 -888888.000     800.000       0.000     288.250       0.000       2.497     129.000       0.131     129.000      49.000       0.000   90250.000       0.000 -888888.000 -888888.000
 20260731064500
   -30.6335  -67.4682 
  VALLE_FERTIL                               SURFACE                                    
  FM-12 SYNOP       VALLE_FERTIL           900  F     F         1
 -888888.000 -888888.000 -888888.000 -888888.000     900.000       0.000     281.850       0.000       0.007     129.000      -0.194     129.000      94.000       0.000   90220.000       0.000 -888888.000 -888888.000
 20260731064500
   -30.1833  -69.0667 
  CUESTA_Viento                              SURFACE                                    
  FM-12 SYNOP       CUESTA_Viento         1530  F     F         1
 -888888.000 -888888.000 -888888.000 -888888.000    1530.000       0.000     287.950       0.000       0.000     129.000       0.000     129.000      35.000       0.000   84110.000       0.000 -888888.000 -888888.000
 20260731065000
   -31.6500  -68.5833 
  INTA_POCITO                                SURFACE                                    
  FM-12 SYNOP       INTA_POCITO            615  F     F         1
 -888888.000 -888888.000 -888888.000 -888888.000     615.000       0.000     280.150       0.000      -0.000     129.000       0.000     129.000      93.000       0.000   92660.000       0.000 -888888.000 -888888.000
 20260731065000
   -31.6500  -68.3000 
  ECOHUMUS                                   SURFACE                                    
  FM-12 SYNOP       ECOHUMUS               600  F     F         1
 -888888.000 -888888.000 -888888.000 -888888.000     600.000       0.000     279.050       0.000       0.000     129.000       0.028     129.000      96.000       0.000   93450.000       0.000 -888888.000 -888888.000
 20260731065000
   -31.5192  -68.8178 
  PUNTA_NEGRA                                SURFACE                                    
  FM-12 SYNOP       PUNTA_NEGRA            800  F     F         1
 -888888.000 -888888.000 -888888.000 -888888.000     800.000       0.000     289.350       0.000      -1.434     129.000      -1.004     129.000      55.000       0.000   90270.000       0.000 -888888.000 -888888.000
 20260731065000
   -30.6335  -67.4682 
  VALLE_FERTIL                               SURFACE                                    
  FM-12 SYNOP       VALLE_FERTIL           900  F     F         1
 -888888.000 -888888.000 -888888.000 -888888.000     900.000       0.000     281.550       0.000       0.087     129.000      -0.350     129.000      94.000       0.000   90220.000       0.000 -888888.000 -888888.000
 20260731065000
   -30.1833  -69.0667 
  CUESTA_Viento                              SURFACE                                    
  FM-12 SYNOP       CUESTA_Viento         1530  F     F         1
 -888888.000 -888888.000 -888888.000 -888888.000    1530.000       0.000     286.850       0.000       0.000     129.000       0.000     129.000      33.000       0.000   84120.000       0.000 -888888.000 -888888.000
 20260731065500
   -31.6500  -68.5833 
  INTA_POCITO                                SURFACE                                    
  FM-12 SYNOP       INTA_POCITO            615  F     F         1
 -888888.000 -888888.000 -888888.000 -888888.000     615.000       0.000     280.050       0.000      -0.000     129.000       0.000     129.000      93.000       0.000   92670.000       0.000 -888888.000 -888888.000
 20260731065500
   -31.6500  -68.3000 
  ECOHUMUS                                   SURFACE                                    
  FM-12 SYNOP       ECOHUMUS               600  F     F         1
 -888888.000 -888888.000 -888888.000 -888888.000     600.000       0.000     278.650       0.000       0.000     129.000       0.000     129.000      96.000       0.000   93470.000       0.000 -888888.000 -888888.000
 20260731065500
   -31.5192  -68.8178 
  PUNTA_NEGRA                                SURFACE                                    
  FM-12 SYNOP       PUNTA_NEGRA            800  F     F         1
 -888888.000 -888888.000 -888888.000 -888888.000     800.000       0.000     285.150       0.000       0.966     129.000      -0.702     129.000      75.000       0.000   90300.000       0.000 -888888.000 -888888.000
 20260731065500
   -30.6335  -67.4682 
  VALLE_FERTIL                               SURFACE                                    
  FM-12 SYNOP       VALLE_FERTIL           900  F     F         1
 -888888.000 -888888.000 -888888.000 -888888.000     900.000       0.000     281.350       0.000       0.446     129.000      -0.154     129.000      95.000       0.000   90210.000       0.000 -888888.000 -888888.000
 20260731065500
   -30.1833  -69.0667 
  CUESTA_Viento                              SURFACE                                    
  FM-12 SYNOP       CUESTA_Viento         1530  F     F         1
 -888888.000 -888888.000 -888888.000 -888888.000    1530.000       0.000     286.350       0.000       0.000     129.000       0.000     129.000      38.000       0.000   84120.000       0.000 -888888.000 -888888.000
 20260731070000
   -31.6500  -68.5833 
  INTA_POCITO                                SURFACE                                    
  FM-12 SYNOP       INTA_POCITO            615  F     F         1
 -888888.000 -888888.000 -888888.000 -888888.000     615.000       0.000     280.050       0.000      -0.000     129.000       0.000     129.000      94.000       0.000   92670.000       0.000 -888888.000 -888888.000
 20260731070000
   -31.6500  -68.3000 
  ECOHUMUS                                   SURFACE                                    
  FM-12 SYNOP       ECOHUMUS               600  F     F         1
 -888888.000 -888888.000 -888888.000 -888888.000     600.000       0.000     278.350       0.000       0.000     129.000       0.000     129.000      96.000       0.000   93480.000       0.000 -888888.000 -888888.000
 20260731070000
   -31.5192  -68.8178 
  PUNTA_NEGRA                                SURFACE                                    
  FM-12 SYNOP       PUNTA_NEGRA            800  F     F         1
 -888888.000 -888888.000 -888888.000 -888888.000     800.000       0.000     283.650       0.000       0.441     129.000      -0.054     129.000      80.000       0.000   90320.000       0.000 -888888.000 -888888.000
 20260731070000
   -30.6335  -67.4682 
  VALLE_FERTIL                               SURFACE                                    
  FM-12 SYNOP       VALLE_FERTIL           900  F     F         1
 -888888.000 -888888.000 -888888.000 -888888.000     900.000       0.000     281.350       0.000       0.327     129.000      -0.153     129.000      95.000       0.000   90230.000       0.000 -888888.000 -888888.000
 20260731070000
   -30.1833  -69.0667 
  CUESTA_Viento                              SURFACE                                    
  FM-12 SYNOP       CUESTA_Viento         1530  F     F         1
 -888888.000 -888888.000 -888888.000 -888888.000    1530.000       0.000     285.850       0.000      -0.009     129.000       0.055     129.000      34.000       0.000   84130.000       0.000 -888888.000 -888888.000
 20260731070500
   -31.6500  -68.5833 
  INTA_POCITO                                SURFACE                                    
  FM-12 SYNOP       INTA_POCITO            615  F     F         1
 -888888.000 -888888.000 -888888.000 -888888.000     615.000       0.000     280.050       0.000      -0.000     129.000       0.000     129.000      94.000       0.000   92680.000       0.000 -888888.000 -888888.000
 20260731070500
   -31.6500  -68.3000 
  ECOHUMUS                                   SURFACE                                    
  FM-12 SYNOP       ECOHUMUS               600  F     F         1
 -888888.000 -888888.000 -888888.000 -888888.000     600.000       0.000     278.950       0.000       0.000     129.000       0.028     129.000      96.000       0.000   93500.000       0.000 -888888.000 -888888.000
 20260731070500
   -31.5192  -68.8178 
  PUNTA_NEGRA                                SURFACE                                    
  FM-12 SYNOP       PUNTA_NEGRA            800  F     F         1
 -888888.000 -888888.000 -888888.000 -888888.000     800.000       0.000     283.550       0.000      -0.031     129.000       0.583     129.000      80.000       0.000   90320.000       0.000 -888888.000 -888888.000
 20260731070500
   -30.6335  -67.4682 
  VALLE_FERTIL                               SURFACE                                    
  FM-12 SYNOP       VALLE_FERTIL           900  F     F         1
 -888888.000 -888888.000 -888888.000 -888888.000     900.000       0.000     281.050       0.000       0.982     129.000      -0.191     129.000      95.000       0.000   90220.000       0.000 -888888.000 -888888.000
 20260731070500
   -30.1833  -69.0667 
  CUESTA_Viento                              SURFACE                                    
  FM-12 SYNOP       CUESTA_Viento         1530  F     F         1
 -888888.000 -888888.000 -888888.000 -888888.000    1530.000       0.000     285.850       0.000       0.000     129.000       0.000     129.000      32.000       0.000   84140.000       0.000 -888888.000 -888888.000
 20260731071000
   -31.6500  -68.5833 
  INTA_POCITO                                SURFACE                                    
  FM-12 SYNOP       INTA_POCITO            615  F     F         1
 -888888.000 -888888.000 -888888.000 -888888.000     615.000       0.000     280.150       0.000      -0.000     129.000       0.000     129.000      94.000       0.000   92700.000       0.000 -888888.000 -888888.000
 20260731071000
   -31.6500  -68.3000 
  ECOHUMUS                                   SURFACE                                    
  FM-12 SYNOP       ECOHUMUS               600  F     F         1
 -888888.000 -888888.000 -888888.000 -888888.000     600.000       0.000     278.750       0.000       0.002     129.000       0.111     129.000      96.000       0.000   93500.000       0.000 -888888.000 -888888.000
 20260731071000
   -31.5192  -68.8178 
  PUNTA_NEGRA                                SURFACE                                    
  FM-12 SYNOP       PUNTA_NEGRA            800  F     F         1
 -888888.000 -888888.000 -888888.000 -888888.000     800.000       0.000     283.150       0.000      -0.358     129.000       0.152     129.000      82.000       0.000   90320.000       0.000 -888888.000 -888888.000
 20260731071000
   -30.6335  -67.4682 
  VALLE_FERTIL                               SURFACE                                    
  FM-12 SYNOP       VALLE_FERTIL           900  F     F         1
 -888888.000 -888888.000 -888888.000 -888888.000     900.000       0.000     280.950       0.000       0.111     129.000      -0.010     129.000      95.000       0.000   90230.000       0.000 -888888.000 -888888.000
 20260731071000
   -30.1833  -69.0667 
  CUESTA_Viento                              SURFACE                                    
  FM-12 SYNOP       CUESTA_Viento         1530  F     F         1
 -888888.000 -888888.000 -888888.000 -888888.000    1530.000       0.000     285.850       0.000       0.000     129.000       0.000     129.000      32.000       0.000   84130.000       0.000 -888888.000 -888888.000
 20260731071500
   -31.6500  -68.5833 
  INTA_POCITO                                SURFACE                                    
  FM-12 SYNOP       INTA_POCITO            615  F     F         1
 -888888.000 -888888.000 -888888.000 -888888.000     615.000       0.000     279.950       0.000      -0.000     129.000       0.000     129.000      94.000       0.000   92690.000       0.000 -888888.000 -888888.000
 20260731071500
   -31.6500  -68.3000 
  ECOHUMUS                                   SURFACE                                    
  FM-12 SYNOP       ECOHUMUS               600  F     F         1
 -888888.000 -888888.000 -888888.000 -888888.000     600.000       0.000     278.050       0.000       0.010     129.000       0.111     129.000      96.000       0.000   93490.000       0.000 -888888.000 -888888.000
 20260731071500
   -31.5192  -68.8178 
  PUNTA_NEGRA                                SURFACE                                    
  FM-12 SYNOP       PUNTA_NEGRA            800  F     F         1
 -888888.000 -888888.000 -888888.000 -888888.000     800.000       0.000     283.050       0.000      -0.944     129.000      -0.033     129.000      82.000       0.000   90320.000       0.000 -888888.000 -888888.000
 20260731071500
   -30.6335  -67.4682 
  VALLE_FERTIL                               SURFACE                                    
  FM-12 SYNOP       VALLE_FERTIL           900  F     F         1
 -888888.000 -888888.000 -888888.000 -888888.000     900.000       0.000     280.950       0.000       0.728     129.000       0.181     129.000      95.000       0.000   90230.000       0.000 -888888.000 -888888.000
 20260731071500
   -30.1833  -69.0667 
  CUESTA_Viento                              SURFACE                                    
  FM-12 SYNOP       CUESTA_Viento         1530  F     F         1
 -888888.000 -888888.000 -888888.000 -888888.000    1530.000       0.000     285.850       0.000      -0.095     129.000      -0.057     129.000      32.000       0.000   84140.000       0.000 -888888.000 -888888.000
 20260731072000
   -31.6500  -68.5833 
  INTA_POCITO                                SURFACE                                    
  FM-12 SYNOP       INTA_POCITO            615  F     F         1
 -888888.000 -888888.000 -888888.000 -888888.000     615.000       0.000     280.150       0.000      -0.000     129.000       0.000     129.000      94.000       0.000   92720.000       0.000 -888888.000 -888888.000
 20260731072000
   -31.6500  -68.3000 
  ECOHUMUS                                   SURFACE                                    
  FM-12 SYNOP       ECOHUMUS               600  F     F         1
 -888888.000 -888888.000 -888888.000 -888888.000     600.000       0.000     278.350       0.000       0.015     129.000       0.166     129.000      97.000       0.000   93500.000       0.000 -888888.000 -888888.000
 20260731072000
   -31.5192  -68.8178 
  PUNTA_NEGRA                                SURFACE                                    
  FM-12 SYNOP       PUNTA_NEGRA            800  F     F         1
 -888888.000 -888888.000 -888888.000 -888888.000     800.000       0.000     283.950       0.000       0.852     129.000       0.914     129.000      73.000       0.000   90320.000       0.000 -888888.000 -888888.000
 20260731072000
   -30.6335  -67.4682 
  VALLE_FERTIL                               SURFACE                                    
  FM-12 SYNOP       VALLE_FERTIL           900  F     F         1
 -888888.000 -888888.000 -888888.000 -888888.000     900.000       0.000     280.750       0.000       0.037     129.000      -0.191     129.000      95.000       0.000   90230.000       0.000 -888888.000 -888888.000
 20260731072000
   -30.1833  -69.0667 
  CUESTA_Viento                              SURFACE                                    
  FM-12 SYNOP       CUESTA_Viento         1530  F     F         1
 -888888.000 -888888.000 -888888.000 -888888.000    1530.000       0.000     285.850       0.000       0.022     129.000      -0.016     129.000      31.000       0.000   84140.000       0.000 -888888.000 -888888.000
 20260731072500
   -31.6500  -68.5833 
  INTA_POCITO                                SURFACE                                    
  FM-12 SYNOP       INTA_POCITO            615  F     F         1
 -888888.000 -888888.000 -888888.000 -888888.000     615.000       0.000     279.850       0.000      -0.000     129.000      -0.000     129.000      94.000       0.000   92720.000       0.000 -888888.000 -888888.000
 20260731072500
   -31.6500  -68.3000 
  ECOHUMUS                                   SURFACE                                    
  FM-12 SYNOP       ECOHUMUS               600  F     F         1
 -888888.000 -888888.000 -888888.000 -888888.000     600.000       0.000     278.650       0.000       0.012     129.000       0.138     129.000      97.000       0.000   93500.000       0.000 -888888.000 -888888.000
 20260731072500
   -31.5192  -68.8178 
  PUNTA_NEGRA                                SURFACE                                    
  FM-12 SYNOP       PUNTA_NEGRA            800  F     F         1
 -888888.000 -888888.000 -888888.000 -888888.000     800.000       0.000     284.550       0.000       0.559     129.000       0.540     129.000      67.000       0.000   90330.000       0.000 -888888.000 -888888.000
 20260731072500
   -30.6335  -67.4682 
  VALLE_FERTIL                               SURFACE                                    
  FM-12 SYNOP       VALLE_FERTIL           900  F     F         1
 -888888.000 -888888.000 -888888.000 -888888.000     900.000       0.000     280.750       0.000       0.255     129.000      -0.214     129.000      95.000       0.000   90230.000       0.000 -888888.000 -888888.000
 20260731072500
   -30.1833  -69.0667 
  CUESTA_Viento                              SURFACE                                    
  FM-12 SYNOP       CUESTA_Viento         1530  F     F         1
 -888888.000 -888888.000 -888888.000 -888888.000    1530.000       0.000     286.550       0.000       0.123     129.000      -0.065     129.000      30.000       0.000   84150.000       0.000 -888888.000 -888888.000
 20260731073000
   -31.6500  -68.5833 
  INTA_POCITO                                SURFACE                                    
  FM-12 SYNOP       INTA_POCITO            615  F     F         1
 -888888.000 -888888.000 -888888.000 -888888.000     615.000       0.000     280.150       0.000      -0.000     129.000       0.000     129.000      94.000       0.000   92710.000       0.000 -888888.000 -888888.000
 20260731073000
   -31.6500  -68.3000 
  ECOHUMUS                                   SURFACE                                    
  FM-12 SYNOP       ECOHUMUS               600  F     F         1
 -888888.000 -888888.000 -888888.000 -888888.000     600.000       0.000     278.250       0.000       0.000     129.000       0.000     129.000      97.000       0.000   93500.000       0.000 -888888.000 -888888.000
 20260731073000
   -31.5192  -68.8178 
  PUNTA_NEGRA                                SURFACE                                    
  FM-12 SYNOP       PUNTA_NEGRA            800  F     F         1
 -888888.000 -888888.000 -888888.000 -888888.000     800.000       0.000     289.250       0.000      -0.599     129.000       0.766     129.000      29.000       0.000   90330.000       0.000 -888888.000 -888888.000
 20260731073000
   -30.6335  -67.4682 
  VALLE_FERTIL                               SURFACE                                    
  FM-12 SYNOP       VALLE_FERTIL           900  F     F         1
 -888888.000 -888888.000 -888888.000 -888888.000     900.000       0.000     281.250       0.000       0.425     129.000      -0.130     129.000      96.000       0.000   90240.000       0.000 -888888.000 -888888.000
 20260731073000
   -30.1833  -69.0667 
  CUESTA_Viento                              SURFACE                                    
  FM-12 SYNOP       CUESTA_Viento         1530  F     F         1
 -888888.000 -888888.000 -888888.000 -888888.000    1530.000       0.000     286.550       0.000      -0.000     129.000       0.000     129.000      31.000       0.000   84160.000       0.000 -888888.000 -888888.000
 20260731073500
   -31.6500  -68.5833 
  INTA_POCITO                                SURFACE                                    
  FM-12 SYNOP       INTA_POCITO            615  F     F         1
 -888888.000 -888888.000 -888888.000 -888888.000     615.000       0.000     280.350       0.000      -0.000     129.000       0.000     129.000      94.000       0.000   92710.000       0.000 -888888.000 -888888.000
 20260731073500
   -31.6500  -68.3000 
  ECOHUMUS                                   SURFACE                                    
  FM-12 SYNOP       ECOHUMUS               600  F     F         1
 -888888.000 -888888.000 -888888.000 -888888.000     600.000       0.000     278.450       0.000       0.000     129.000       0.000     129.000      97.000       0.000   93520.000       0.000 -888888.000 -888888.000
 20260731073500
   -31.5192  -68.8178 
  PUNTA_NEGRA                                SURFACE                                    
  FM-12 SYNOP       PUNTA_NEGRA            800  F     F         1
 -888888.000 -888888.000 -888888.000 -888888.000     800.000       0.000     292.250       0.000       0.514     129.000       0.890     129.000      24.000       0.000   90350.000       0.000 -888888.000 -888888.000
 20260731073500
   -30.6335  -67.4682 
  VALLE_FERTIL                               SURFACE                                    
  FM-12 SYNOP       VALLE_FERTIL           900  F     F         1
 -888888.000 -888888.000 -888888.000 -888888.000     900.000       0.000     281.250       0.000      -0.129     129.000      -0.277     129.000      96.000       0.000   90240.000       0.000 -888888.000 -888888.000
 20260731073500
   -30.1833  -69.0667 
  CUESTA_Viento                              SURFACE                                    
  FM-12 SYNOP       CUESTA_Viento         1530  F     F         1
 -888888.000 -888888.000 -888888.000 -888888.000    1530.000       0.000     286.450       0.000       0.000     129.000       0.000     129.000      32.000       0.000   84150.000       0.000 -888888.000 -888888.000
 20260731074000
   -31.6500  -68.5833 
  INTA_POCITO                                SURFACE                                    
  FM-12 SYNOP       INTA_POCITO            615  F     F         1
 -888888.000 -888888.000 -888888.000 -888888.000     615.000       0.000     280.350       0.000      -0.000     129.000       0.000     129.000      94.000       0.000   92720.000       0.000 -888888.000 -888888.000
 20260731074000
   -31.6500  -68.3000 
  ECOHUMUS                                   SURFACE                                    
  FM-12 SYNOP       ECOHUMUS               600  F     F         1
 -888888.000 -888888.000 -888888.000 -888888.000     600.000       0.000     278.050       0.000       0.000     129.000       0.000     129.000      96.000       0.000   93550.000       0.000 -888888.000 -888888.000
 20260731074000
   -31.5192  -68.8178 
  PUNTA_NEGRA                                SURFACE                                    
  FM-12 SYNOP       PUNTA_NEGRA            800  F     F         1
 -888888.000 -888888.000 -888888.000 -888888.000     800.000       0.000     293.450       0.000       1.015     129.000       0.291     129.000      24.000       0.000   90370.000       0.000 -888888.000 -888888.000
 20260731074000
   -30.6335  -67.4682 
  VALLE_FERTIL                               SURFACE                                    
  FM-12 SYNOP       VALLE_FERTIL           900  F     F         1
 -888888.000 -888888.000 -888888.000 -888888.000     900.000       0.000     281.050       0.000       0.691     129.000      -0.644     129.000      96.000       0.000   90260.000       0.000 -888888.000 -888888.000
 20260731074000
   -30.1833  -69.0667 
  CUESTA_Viento                              SURFACE                                    
  FM-12 SYNOP       CUESTA_Viento         1530  F     F         1
 -888888.000 -888888.000 -888888.000 -888888.000    1530.000       0.000     286.250       0.000      -0.204     129.000      -0.227     129.000      33.000       0.000   84170.000       0.000 -888888.000 -888888.000
 20260731074500
   -31.6500  -68.5833 
  INTA_POCITO                                SURFACE                                    
  FM-12 SYNOP       INTA_POCITO            615  F     F         1
 -888888.000 -888888.000 -888888.000 -888888.000     615.000       0.000     280.050       0.000      -0.000     129.000       0.000     129.000      94.000       0.000   92740.000       0.000 -888888.000 -888888.000
 20260731074500
   -31.6500  -68.3000 
  ECOHUMUS                                   SURFACE                                    
  FM-12 SYNOP       ECOHUMUS               600  F     F         1
 -888888.000 -888888.000 -888888.000 -888888.000     600.000       0.000     277.550       0.000       0.002     129.000       0.028     129.000      96.000       0.000   93570.000       0.000 -888888.000 -888888.000
 20260731074500
   -31.5192  -68.8178 
  PUNTA_NEGRA                                SURFACE                                    
  FM-12 SYNOP       PUNTA_NEGRA            800  F     F         1
 -888888.000 -888888.000 -888888.000 -888888.000     800.000       0.000     293.450       0.000       0.742     129.000       0.539     129.000      23.000       0.000   90400.000       0.000 -888888.000 -888888.000
 20260731074500
   -30.6335  -67.4682 
  VALLE_FERTIL                               SURFACE                                    
  FM-12 SYNOP       VALLE_FERTIL           900  F     F         1
 -888888.000 -888888.000 -888888.000 -888888.000     900.000       0.000     281.650       0.000       1.886     129.000       0.099     129.000      96.000       0.000   90250.000       0.000 -888888.000 -888888.000
 20260731074500
   -30.1833  -69.0667 
  CUESTA_Viento                              SURFACE                                    
  FM-12 SYNOP       CUESTA_Viento         1530  F     F         1
 -888888.000 -888888.000 -888888.000 -888888.000    1530.000       0.000     287.050       0.000       0.518     129.000      -0.324     129.000      31.000       0.000   84200.000       0.000 -888888.000 -888888.000
 20260731075000
   -31.6500  -68.5833 
  INTA_POCITO                                SURFACE                                    
  FM-12 SYNOP       INTA_POCITO            615  F     F         1
 -888888.000 -888888.000 -888888.000 -888888.000     615.000       0.000     279.950       0.000      -0.000     129.000       0.000     129.000      94.000       0.000   92760.000       0.000 -888888.000 -888888.000
 20260731075000
   -31.6500  -68.3000 
  ECOHUMUS                                   SURFACE                                    
  FM-12 SYNOP       ECOHUMUS               600  F     F         1
 -888888.000 -888888.000 -888888.000 -888888.000     600.000       0.000     277.450       0.000       0.015     129.000       0.166     129.000      97.000       0.000   93550.000       0.000 -888888.000 -888888.000
 20260731075000
   -31.5192  -68.8178 
  PUNTA_NEGRA                                SURFACE                                    
  FM-12 SYNOP       PUNTA_NEGRA            800  F     F         1
 -888888.000 -888888.000 -888888.000 -888888.000     800.000       0.000     293.550       0.000       0.792     129.000       0.404     129.000      22.000       0.000   90390.000       0.000 -888888.000 -888888.000
 20260731075000
   -30.6335  -67.4682 
  VALLE_FERTIL                               SURFACE                                    
  FM-12 SYNOP       VALLE_FERTIL           900  F     F         1
 -888888.000 -888888.000 -888888.000 -888888.000     900.000       0.000     282.750       0.000       2.166     129.000       0.038     129.000      94.000       0.000   90270.000       0.000 -888888.000 -888888.000
 20260731075000
   -30.1833  -69.0667 
  CUESTA_Viento                              SURFACE                                    
  FM-12 SYNOP       CUESTA_Viento         1530  F     F         1
 -888888.000 -888888.000 -888888.000 -888888.000    1530.000       0.000     287.850       0.000      -0.311     129.000      -0.119     129.000      31.000       0.000   84240.000       0.000 -888888.000 -888888.000
 20260731075500
   -31.6500  -68.5833 
  INTA_POCITO                                SURFACE                                    
  FM-12 SYNOP       INTA_POCITO            615  F     F         1
 -888888.000 -888888.000 -888888.000 -888888.000     615.000       0.000     280.050       0.000      -0.000     129.000       0.000     129.000      94.000       0.000   92750.000       0.000 -888888.000 -888888.000
 20260731075500
   -31.6500  -68.3000 
  ECOHUMUS                                   SURFACE                                    
  FM-12 SYNOP       ECOHUMUS               600  F     F         1
 -888888.000 -888888.000 -888888.000 -888888.000     600.000       0.000     277.850       0.000       0.034     129.000       0.387     129.000      97.000       0.000   93530.000       0.000 -888888.000 -888888.000
 20260731075500
   -31.5192  -68.8178 
  PUNTA_NEGRA                                SURFACE                                    
  FM-12 SYNOP       PUNTA_NEGRA            800  F     F         1
 -888888.000 -888888.000 -888888.000 -888888.000     800.000       0.000     294.350       0.000       0.142     129.000       1.354     129.000      22.000       0.000   90420.000       0.000 -888888.000 -888888.000
 20260731075500
   -30.6335  -67.4682 
  VALLE_FERTIL                               SURFACE                                    
  FM-12 SYNOP       VALLE_FERTIL           900  F     F         1
 -888888.000 -888888.000 -888888.000 -888888.000     900.000       0.000     282.950       0.000       2.372     129.000       0.591     129.000      93.000       0.000   90270.000       0.000 -888888.000 -888888.000
 20260731075500
   -30.1833  -69.0667 
  CUESTA_Viento                              SURFACE                                    
  FM-12 SYNOP       CUESTA_Viento         1530  F     F         1
 -888888.000 -888888.000 -888888.000 -888888.000    1530.000       0.000     287.450       0.000       0.400     129.000       0.250     129.000      33.000       0.000   84250.000       0.000 -888888.000 -888888.000
 20260731080000
   -31.6500  -68.5833 
  INTA_POCITO                                SURFACE                                    
  FM-12 SYNOP       INTA_POCITO            615  F     F         1
 -888888.000 -888888.000 -888888.000 -888888.000     615.000       0.000     279.850       0.000      -0.000     129.000       0.000     129.000      94.000       0.000   92770.000       0.000 -888888.000 -888888.000
 20260731080000
   -31.6500  -68.3000 
  ECOHUMUS                                   SURFACE                                    
  FM-12 SYNOP       ECOHUMUS               600  F     F         1
 -888888.000 -888888.000 -888888.000 -888888.000     600.000       0.000     277.750       0.000       0.005     129.000       0.278     129.000      97.000       0.000   93550.000       0.000 -888888.000 -888888.000
 20260731080000
   -31.5192  -68.8178 
  PUNTA_NEGRA                                SURFACE                                    
  FM-12 SYNOP       PUNTA_NEGRA            800  F     F         1
 -888888.000 -888888.000 -888888.000 -888888.000     800.000       0.000     294.150       0.000       0.345     129.000       1.202     129.000      22.000       0.000   90420.000       0.000 -888888.000 -888888.000
 20260731080000
   -30.6335  -67.4682 
  VALLE_FERTIL                               SURFACE                                    
  FM-12 SYNOP       VALLE_FERTIL           900  F     F         1
 -888888.000 -888888.000 -888888.000 -888888.000     900.000       0.000     283.350       0.000       1.905     129.000       0.694     129.000      91.000       0.000   90250.000       0.000 -888888.000 -888888.000
 20260731080000
   -30.1833  -69.0667 
  CUESTA_Viento                              SURFACE                                    
  FM-12 SYNOP       CUESTA_Viento         1530  F     F         1
 -888888.000 -888888.000 -888888.000 -888888.000    1530.000       0.000     287.850       0.000      -0.598     129.000      -0.619     129.000      31.000       0.000   84270.000       0.000 -888888.000 -888888.000
 20260731080500
   -31.6500  -68.5833 
  INTA_POCITO                                SURFACE                                    
  FM-12 SYNOP       INTA_POCITO            615  F     F         1
 -888888.000 -888888.000 -888888.000 -888888.000     615.000       0.000     279.450       0.000      -0.000     129.000       0.000     129.000      94.000       0.000   92770.000       0.000 -888888.000 -888888.000
 20260731080500
   -31.6500  -68.3000 
  ECOHUMUS                                   SURFACE                                    
  FM-12 SYNOP       ECOHUMUS               600  F     F         1
 -888888.000 -888888.000 -888888.000 -888888.000     600.000       0.000     277.250       0.000       0.010     129.000       0.083     129.000      97.000       0.000   93570.000       0.000 -888888.000 -888888.000
 20260731080500
   -31.5192  -68.8178 
  PUNTA_NEGRA                                SURFACE                                    
  FM-12 SYNOP       PUNTA_NEGRA            800  F     F         1
 -888888.000 -888888.000 -888888.000 -888888.000     800.000       0.000     294.750       0.000       0.836     129.000       1.109     129.000      22.000       0.000   90440.000       0.000 -888888.000 -888888.000
 20260731080500
   -30.6335  -67.4682 
  VALLE_FERTIL                               SURFACE                                    
  FM-12 SYNOP       VALLE_FERTIL           900  F     F         1
 -888888.000 -888888.000 -888888.000 -888888.000     900.000       0.000     283.550       0.000       1.418     129.000       0.276     129.000      91.000       0.000   90210.000       0.000 -888888.000 -888888.000
 20260731080500
   -30.1833  -69.0667 
  CUESTA_Viento                              SURFACE                                    
  FM-12 SYNOP       CUESTA_Viento         1530  F     F         1
 -888888.000 -888888.000 -888888.000 -888888.000    1530.000       0.000     288.550       0.000      -0.824     129.000      -1.319     129.000      30.000       0.000   84270.000       0.000 -888888.000 -888888.000
 20260731081000
   -31.6500  -68.5833 
  INTA_POCITO                                SURFACE                                    
  FM-12 SYNOP       INTA_POCITO            615  F     F         1
 -888888.000 -888888.000 -888888.000 -888888.000     615.000       0.000     279.450       0.000      -0.000     129.000       0.000     129.000      94.000       0.000   92760.000       0.000 -888888.000 -888888.000
 20260731081000
   -31.6500  -68.3000 
  ECOHUMUS                                   SURFACE                                    
  FM-12 SYNOP       ECOHUMUS               600  F     F         1
 -888888.000 -888888.000 -888888.000 -888888.000     600.000       0.000     278.450       0.000      -0.007     129.000       0.083     129.000      97.000       0.000   93570.000       0.000 -888888.000 -888888.000
 20260731081000
   -31.5192  -68.8178 
  PUNTA_NEGRA                                SURFACE                                    
  FM-12 SYNOP       PUNTA_NEGRA            800  F     F         1
 -888888.000 -888888.000 -888888.000 -888888.000     800.000       0.000     294.250       0.000       1.110     129.000       0.361     129.000      23.000       0.000   90430.000       0.000 -888888.000 -888888.000
 20260731081000
   -30.6335  -67.4682 
  VALLE_FERTIL                               SURFACE                                    
  FM-12 SYNOP       VALLE_FERTIL           900  F     F         1
 -888888.000 -888888.000 -888888.000 -888888.000     900.000       0.000     283.450       0.000       0.657     129.000       0.116     129.000      91.000       0.000   90210.000       0.000 -888888.000 -888888.000
 20260731081000
   -30.1833  -69.0667 
  CUESTA_Viento                              SURFACE                                    
  FM-12 SYNOP       CUESTA_Viento         1530  F     F         1
 -888888.000 -888888.000 -888888.000 -888888.000    1530.000       0.000     289.050       0.000      -1.911     129.000      -1.289     129.000      28.000       0.000   84260.000       0.000 -888888.000 -888888.000
 20260731081500
   -31.6500  -68.5833 
  INTA_POCITO                                SURFACE                                    
  FM-12 SYNOP       INTA_POCITO            615  F     F         1
 -888888.000 -888888.000 -888888.000 -888888.000     615.000       0.000     279.350       0.000      -0.000     129.000       0.000     129.000      94.000       0.000   92790.000       0.000 -888888.000 -888888.000
 20260731081500
   -31.6500  -68.3000 
  ECOHUMUS                                   SURFACE                                    
  FM-12 SYNOP       ECOHUMUS               600  F     F         1
 -888888.000 -888888.000 -888888.000 -888888.000     600.000       0.000     278.650       0.000      -0.004     129.000       0.055     129.000      97.000       0.000   93550.000       0.000 -888888.000 -888888.000
 20260731081500
   -31.5192  -68.8178 
  PUNTA_NEGRA                                SURFACE                                    
  FM-12 SYNOP       PUNTA_NEGRA            800  F     F         1
 -888888.000 -888888.000 -888888.000 -888888.000     800.000       0.000     293.950       0.000       0.447     129.000      -1.107     129.000      22.000       0.000   90420.000       0.000 -888888.000 -888888.000
 20260731081500
   -30.6335  -67.4682 
  VALLE_FERTIL                               SURFACE                                    
  FM-12 SYNOP       VALLE_FERTIL           900  F     F         1
 -888888.000 -888888.000 -888888.000 -888888.000     900.000       0.000     281.950       0.000      -0.535     129.000      -1.006     129.000      91.000       0.000   90240.000       0.000 -888888.000 -888888.000
 20260731081500
   -30.1833  -69.0667 
  CUESTA_Viento                              SURFACE                                    
  FM-12 SYNOP       CUESTA_Viento         1530  F     F         1
 -888888.000 -888888.000 -888888.000 -888888.000    1530.000       0.000     288.750       0.000      -2.205     129.000      -0.674     129.000      31.000       0.000   84260.000       0.000 -888888.000 -888888.000
 20260731082000
   -31.6500  -68.5833 
  INTA_POCITO                                SURFACE                                    
  FM-12 SYNOP       INTA_POCITO            615  F     F         1
 -888888.000 -888888.000 -888888.000 -888888.000     615.000       0.000     279.850       0.000      -0.000     129.000       0.000     129.000      94.000       0.000   92790.000       0.000 -888888.000 -888888.000
 20260731082000
   -31.6500  -68.3000 
  ECOHUMUS                                   SURFACE                                    
  FM-12 SYNOP       ECOHUMUS               600  F     F         1
 -888888.000 -888888.000 -888888.000 -888888.000     600.000       0.000     277.950       0.000       0.057     129.000       0.157     129.000      97.000       0.000   93580.000       0.000 -888888.000 -888888.000
 20260731082000
   -31.5192  -68.8178 
  PUNTA_NEGRA                                SURFACE                                    
  FM-12 SYNOP       PUNTA_NEGRA            800  F     F         1
 -888888.000 -888888.000 -888888.000 -888888.000     800.000       0.000     294.250       0.000       1.028     129.000       0.018     129.000      22.000       0.000   90440.000       0.000 -888888.000 -888888.000
 20260731082000
   -30.6335  -67.4682 
  VALLE_FERTIL                               SURFACE                                    
  FM-12 SYNOP       VALLE_FERTIL           900  F     F         1
 -888888.000 -888888.000 -888888.000 -888888.000     900.000       0.000     280.650       0.000      -0.598     129.000      -0.619     129.000      93.000       0.000   90240.000       0.000 -888888.000 -888888.000
 20260731082000
   -30.1833  -69.0667 
  CUESTA_Viento                              SURFACE                                    
  FM-12 SYNOP       CUESTA_Viento         1530  F     F         1
 -888888.000 -888888.000 -888888.000 -888888.000    1530.000       0.000     288.350       0.000      -0.836     129.000      -1.109     129.000      31.000       0.000   84250.000       0.000 -888888.000 -888888.000
 20260731082500
   -31.6500  -68.5833 
  INTA_POCITO                                SURFACE                                    
  FM-12 SYNOP       INTA_POCITO            615  F     F         1
 -888888.000 -888888.000 -888888.000 -888888.000     615.000       0.000     279.650       0.000      -0.000     129.000       0.000     129.000      94.000       0.000   92800.000       0.000 -888888.000 -888888.000
 20260731082500
   -31.6500  -68.3000 
  ECOHUMUS                                   SURFACE                                    
  FM-12 SYNOP       ECOHUMUS               600  F     F         1
 -888888.000 -888888.000 -888888.000 -888888.000     600.000       0.000     277.750       0.000       0.110     129.000       0.225     129.000      97.000       0.000   93560.000       0.000 -888888.000 -888888.000
 20260731082500
   -31.5192  -68.8178 
  PUNTA_NEGRA                                SURFACE                                    
  FM-12 SYNOP       PUNTA_NEGRA            800  F     F         1
 -888888.000 -888888.000 -888888.000 -888888.000     800.000       0.000     294.350       0.000       1.647     129.000       0.504     129.000      22.000       0.000   90440.000       0.000 -888888.000 -888888.000
 20260731082500
   -30.6335  -67.4682 
  VALLE_FERTIL                               SURFACE                                    
  FM-12 SYNOP       VALLE_FERTIL           900  F     F         1
 -888888.000 -888888.000 -888888.000 -888888.000     900.000       0.000     280.450       0.000       1.451     129.000      -0.979     129.000      94.000       0.000   90260.000       0.000 -888888.000 -888888.000
 20260731082500
   -30.1833  -69.0667 
  CUESTA_Viento                              SURFACE                                    
  FM-12 SYNOP       CUESTA_Viento         1530  F     F         1
 -888888.000 -888888.000 -888888.000 -888888.000    1530.000       0.000     288.650       0.000      -4.073     129.000      -2.852     129.000      30.000       0.000   84280.000       0.000 -888888.000 -888888.000
 20260731083000
   -31.6500  -68.5833 
  INTA_POCITO                                SURFACE                                    
  FM-12 SYNOP       INTA_POCITO            615  F     F         1
 -888888.000 -888888.000 -888888.000 -888888.000     615.000       0.000     279.650       0.000      -0.000     129.000       0.000     129.000      95.000       0.000   92810.000       0.000 -888888.000 -888888.000
 20260731083000
   -31.6500  -68.3000 
  ECOHUMUS                                   SURFACE                                    
  FM-12 SYNOP       ECOHUMUS               600  F     F         1
 -888888.000 -888888.000 -888888.000 -888888.000     600.000       0.000     277.950       0.000       0.529     129.000      -0.881     129.000      97.000       0.000   93560.000       0.000 -888888.000 -888888.000
 20260731083000
   -31.5192  -68.8178 
  PUNTA_NEGRA                                SURFACE                                    
  FM-12 SYNOP       PUNTA_NEGRA            800  F     F         1
 -888888.000 -888888.000 -888888.000 -888888.000     800.000       0.000     294.350       0.000       0.530     129.000      -0.815     129.000      22.000       0.000   90460.000       0.000 -888888.000 -888888.000
 20260731083000
   -30.6335  -67.4682 
  VALLE_FERTIL                               SURFACE                                    
  FM-12 SYNOP       VALLE_FERTIL           900  F     F         1
 -888888.000 -888888.000 -888888.000 -888888.000     900.000       0.000     280.350       0.000       1.281     129.000      -0.931     129.000      95.000       0.000   90240.000       0.000 -888888.000 -888888.000
 20260731083000
   -30.1833  -69.0667 
  CUESTA_Viento                              SURFACE                                    
  FM-12 SYNOP       CUESTA_Viento         1530  F     F         1
 -888888.000 -888888.000 -888888.000 -888888.000    1530.000       0.000     288.950       0.000      -3.320     129.000      -0.526     129.000      29.000       0.000   84270.000       0.000 -888888.000 -888888.000
 20260731083500
   -31.6500  -68.5833 
  INTA_POCITO                                SURFACE                                    
  FM-12 SYNOP       INTA_POCITO            615  F     F         1
 -888888.000 -888888.000 -888888.000 -888888.000     615.000       0.000     279.850       0.000       0.000     129.000       0.000     129.000      95.000       0.000   92800.000       0.000 -888888.000 -888888.000
 20260731083500
   -31.6500  -68.3000 
  ECOHUMUS                                   SURFACE                                    
  FM-12 SYNOP       ECOHUMUS               600  F     F         1
 -888888.000 -888888.000 -888888.000 -888888.000     600.000       0.000     278.250       0.000      -0.361     129.000      -1.110     129.000      97.000       0.000   93560.000       0.000 -888888.000 -888888.000
 20260731083500
   -31.5192  -68.8178 
  PUNTA_NEGRA                                SURFACE                                    
  FM-12 SYNOP       PUNTA_NEGRA            800  F     F         1
 -888888.000 -888888.000 -888888.000 -888888.000     800.000       0.000     294.250       0.000       1.189     129.000      -0.386     129.000      22.000       0.000   90460.000       0.000 -888888.000 -888888.000
 20260731083500
   -30.6335  -67.4682 
  VALLE_FERTIL                               SURFACE                                    
  FM-12 SYNOP       VALLE_FERTIL           900  F     F         1
 -888888.000 -888888.000 -888888.000 -888888.000     900.000       0.000     280.450       0.000       1.198     129.000      -0.903     129.000      95.000       0.000   90250.000       0.000 -888888.000 -888888.000
 20260731083500
   -30.1833  -69.0667 
  CUESTA_Viento                              SURFACE                                    
  FM-12 SYNOP       CUESTA_Viento         1530  F     F         1
 -888888.000 -888888.000 -888888.000 -888888.000    1530.000       0.000     289.150       0.000      -2.454     129.000      -0.301     129.000      28.000       0.000   84280.000       0.000 -888888.000 -888888.000
 20260731084000
   -31.6500  -68.5833 
  INTA_POCITO                                SURFACE                                    
  FM-12 SYNOP       INTA_POCITO            615  F     F         1
 -888888.000 -888888.000 -888888.000 -888888.000     615.000       0.000     279.950       0.000       0.000     129.000       0.000     129.000      95.000       0.000   92810.000       0.000 -888888.000 -888888.000
 20260731084000
   -31.6500  -68.3000 
  ECOHUMUS                                   SURFACE                                    
  FM-12 SYNOP       ECOHUMUS               600  F     F         1
 -888888.000 -888888.000 -888888.000 -888888.000     600.000       0.000     278.350       0.000       0.451     129.000      -0.924     129.000      97.000       0.000   93590.000       0.000 -888888.000 -888888.000
 20260731084000
   -31.5192  -68.8178 
  PUNTA_NEGRA                                SURFACE                                    
  FM-12 SYNOP       PUNTA_NEGRA            800  F     F         1
 -888888.000 -888888.000 -888888.000 -888888.000     800.000       0.000     294.150       0.000       0.378     129.000       0.985     129.000      22.000       0.000   90460.000       0.000 -888888.000 -888888.000
 20260731084000
   -30.6335  -67.4682 
  VALLE_FERTIL                               SURFACE                                    
  FM-12 SYNOP       VALLE_FERTIL           900  F     F         1
 -888888.000 -888888.000 -888888.000 -888888.000     900.000       0.000     280.550       0.000      -0.051     129.000      -0.971     129.000      95.000       0.000   90240.000       0.000 -888888.000 -888888.000
 20260731084000
   -30.1833  -69.0667 
  CUESTA_Viento                              SURFACE                                    
  FM-12 SYNOP       CUESTA_Viento         1530  F     F         1
 -888888.000 -888888.000 -888888.000 -888888.000    1530.000       0.000     289.150       0.000      -2.000     129.000      -1.453     129.000      28.000       0.000   84280.000       0.000 -888888.000 -888888.000
 20260731084500
   -31.6500  -68.3000 
  ECOHUMUS                                   SURFACE                                    
  FM-12 SYNOP       ECOHUMUS               600  F     F         1
 -888888.000 -888888.000 -888888.000 -888888.000     600.000       0.000     278.150       0.000       0.209     129.000       0.076     129.000      97.000       0.000   93610.000       0.000 -888888.000 -888888.000
 20260731084500
   -31.5192  -68.8178 
  PUNTA_NEGRA                                SURFACE                                    
  FM-12 SYNOP       PUNTA_NEGRA            800  F     F         1
 -888888.000 -888888.000 -888888.000 -888888.000     800.000       0.000     294.050       0.000      -1.129     129.000      -0.389     129.000      23.000       0.000   90470.000       0.000 -888888.000 -888888.000
 20260731084500
   -30.6335  -67.4682 
  VALLE_FERTIL                               SURFACE                                    
  FM-12 SYNOP       VALLE_FERTIL           900  F     F         1
 -888888.000 -888888.000 -888888.000 -888888.000     900.000       0.000     280.850       0.000       1.053     129.000      -1.398     129.000      95.000       0.000   90250.000       0.000 -888888.000 -888888.000
 20260731084500
   -30.1833  -69.0667 
  CUESTA_Viento                              SURFACE                                    
  FM-12 SYNOP       CUESTA_Viento         1530  F     F         1
 -888888.000 -888888.000 -888888.000 -888888.000    1530.000       0.000     289.350       0.000      -1.488     129.000      -1.294     129.000      28.000       0.000   84270.000       0.000 -888888.000 -888888.000
 20260731085000
   -31.6500  -68.3000 
  ECOHUMUS                                   SURFACE                                    
  FM-12 SYNOP       ECOHUMUS               600  F     F         1
 -888888.000 -888888.000 -888888.000 -888888.000     600.000       0.000     278.250       0.000       0.433     129.000       0.250     129.000      97.000       0.000   93620.000       0.000 -888888.000 -888888.000
 20260731085000
   -31.5192  -68.8178 
  PUNTA_NEGRA                                SURFACE                                    
  FM-12 SYNOP       PUNTA_NEGRA            800  F     F         1
 -888888.000 -888888.000 -888888.000 -888888.000     800.000       0.000     293.950       0.000       0.717     129.000       1.024     129.000      23.000       0.000   90480.000       0.000 -888888.000 -888888.000
 20260731085000
   -30.6335  -67.4682 
  VALLE_FERTIL                               SURFACE                                    
  FM-12 SYNOP       VALLE_FERTIL           900  F     F         1
 -888888.000 -888888.000 -888888.000 -888888.000     900.000       0.000     281.850       0.000       0.752     129.000      -0.928     129.000      95.000       0.000   90240.000       0.000 -888888.000 -888888.000
 20260731085000
   -30.1833  -69.0667 
  CUESTA_Viento                              SURFACE                                    
  FM-12 SYNOP       CUESTA_Viento         1530  F     F         1
 -888888.000 -888888.000 -888888.000 -888888.000    1530.000       0.000     289.050       0.000      -0.921     129.000      -0.669     129.000      29.000       0.000   84290.000       0.000 -888888.000 -888888.000
 20260731085500
   -31.6500  -68.3000 
  ECOHUMUS                                   SURFACE                                    
  FM-12 SYNOP       ECOHUMUS               600  F     F         1
 -888888.000 -888888.000 -888888.000 -888888.000     600.000       0.000     278.350       0.000       0.286     129.000       0.172     129.000      97.000       0.000   93610.000       0.000 -888888.000 -888888.000
 20260731085500
   -31.5192  -68.8178 
  PUNTA_NEGRA                                SURFACE                                    
  FM-12 SYNOP       PUNTA_NEGRA            800  F     F         1
 -888888.000 -888888.000 -888888.000 -888888.000     800.000       0.000     294.350       0.000       1.462     129.000       0.532     129.000      22.000       0.000   90490.000       0.000 -888888.000 -888888.000
 20260731085500
   -30.6335  -67.4682 
  VALLE_FERTIL                               SURFACE                                    
  FM-12 SYNOP       VALLE_FERTIL           900  F     F         1
 -888888.000 -888888.000 -888888.000 -888888.000     900.000       0.000     282.050       0.000       1.691     129.000      -0.549     129.000      94.000       0.000   90240.000       0.000 -888888.000 -888888.000
 20260731085500
   -30.1833  -69.0667 
  CUESTA_Viento                              SURFACE                                    
  FM-12 SYNOP       CUESTA_Viento         1530  F     F         1
 -888888.000 -888888.000 -888888.000 -888888.000    1530.000       0.000     288.850       0.000      -1.090     129.000      -0.948     129.000      29.000       0.000   84310.000       0.000 -888888.000 -888888.000
 20260731090000
   -31.6500  -68.3000 
  ECOHUMUS                                   SURFACE                                    
  FM-12 SYNOP       ECOHUMUS               600  F     F         1
 -888888.000 -888888.000 -888888.000 -888888.000     600.000       0.000     278.450       0.000       0.581     129.000       0.189     129.000      97.000       0.000   93620.000       0.000 -888888.000 -888888.000
 20260731090000
   -31.5192  -68.8178 
  PUNTA_NEGRA                                SURFACE                                    
  FM-12 SYNOP       PUNTA_NEGRA            800  F     F         1
 -888888.000 -888888.000 -888888.000 -888888.000     800.000       0.000     294.450       0.000       0.587     129.000       0.976     129.000      22.000       0.000   90510.000       0.000 -888888.000 -888888.000
 20260731090000
   -30.6335  -67.4682 
  VALLE_FERTIL                               SURFACE                                    
  FM-12 SYNOP       VALLE_FERTIL           900  F     F         1
 -888888.000 -888888.000 -888888.000 -888888.000     900.000       0.000     282.050       0.000       1.089     129.000      -0.555     129.000      93.000       0.000   90250.000       0.000 -888888.000 -888888.000
 20260731090000
   -30.1833  -69.0667 
  CUESTA_Viento                              SURFACE                                    
  FM-12 SYNOP       CUESTA_Viento         1530  F     F         1
 -888888.000 -888888.000 -888888.000 -888888.000    1530.000       0.000     288.750       0.000      -1.148     129.000      -0.560     129.000      31.000       0.000   84310.000       0.000 -888888.000 -888888.000
 20260731090500
   -31.6500  -68.3000 
  ECOHUMUS                                   SURFACE                                    
  FM-12 SYNOP       ECOHUMUS               600  F     F         1
 -888888.000 -888888.000 -888888.000 -888888.000     600.000       0.000     278.450       0.000      -0.440     129.000       0.062     129.000      97.000       0.000   93610.000       0.000 -888888.000 -888888.000
 20260731090500
   -31.5192  -68.8178 
  PUNTA_NEGRA                                SURFACE                                    
  FM-12 SYNOP       PUNTA_NEGRA            800  F     F         1
 -888888.000 -888888.000 -888888.000 -888888.000     800.000       0.000     294.450       0.000       1.611     129.000       0.684     129.000      22.000       0.000   90490.000       0.000 -888888.000 -888888.000
 20260731090500
   -30.6335  -67.4682 
  VALLE_FERTIL                               SURFACE                                    
  FM-12 SYNOP       VALLE_FERTIL           900  F     F         1
 -888888.000 -888888.000 -888888.000 -888888.000     900.000       0.000     282.150       0.000       1.274     129.000      -1.031     129.000      93.000       0.000   90250.000       0.000 -888888.000 -888888.000
 20260731090500
   -30.1833  -69.0667 
  CUESTA_Viento                              SURFACE                                    
  FM-12 SYNOP       CUESTA_Viento         1530  F     F         1
 -888888.000 -888888.000 -888888.000 -888888.000    1530.000       0.000     288.550       0.000      -0.325     129.000      -0.303     129.000      29.000       0.000   84320.000       0.000 -888888.000 -888888.000
 20260731091000
   -31.6500  -68.3000 
  ECOHUMUS                                   SURFACE                                    
  FM-12 SYNOP       ECOHUMUS               600  F     F         1
 -888888.000 -888888.000 -888888.000 -888888.000     600.000       0.000     278.750       0.000       0.488     129.000      -0.455     129.000      97.000       0.000   93580.000       0.000 -888888.000 -888888.000
 20260731091000
   -31.5192  -68.8178 
  PUNTA_NEGRA                                SURFACE                                    
  FM-12 SYNOP       PUNTA_NEGRA            800  F     F         1
 -888888.000 -888888.000 -888888.000 -888888.000     800.000       0.000     294.350       0.000       0.965     129.000       0.492     129.000      22.000       0.000   90490.000       0.000 -888888.000 -888888.000
 20260731091000
   -30.6335  -67.4682 
  VALLE_FERTIL                               SURFACE                                    
  FM-12 SYNOP       VALLE_FERTIL           900  F     F         1
 -888888.000 -888888.000 -888888.000 -888888.000     900.000       0.000     282.650       0.000       2.048     129.000       0.179     129.000      93.000       0.000   90250.000       0.000 -888888.000 -888888.000
 20260731091000
   -30.1833  -69.0667 
  CUESTA_Viento                              SURFACE                                    
  FM-12 SYNOP       CUESTA_Viento         1530  F     F         1
 -888888.000 -888888.000 -888888.000 -888888.000    1530.000       0.000     288.650       0.000      -0.754     129.000      -0.471     129.000      29.000       0.000   84340.000       0.000 -888888.000 -888888.000
 20260731091500
   -31.6500  -68.3000 
  ECOHUMUS                                   SURFACE                                    
  FM-12 SYNOP       ECOHUMUS               600  F     F         1
 -888888.000 -888888.000 -888888.000 -888888.000     600.000       0.000     278.950       0.000      -0.179     129.000      -0.584     129.000      97.000       0.000   93600.000       0.000 -888888.000 -888888.000
 20260731091500
   -31.5192  -68.8178 
  PUNTA_NEGRA                                SURFACE                                    
  FM-12 SYNOP       PUNTA_NEGRA            800  F     F         1
 -888888.000 -888888.000 -888888.000 -888888.000     800.000       0.000     294.350       0.000       1.425     129.000       1.154     129.000      22.000       0.000   90490.000       0.000 -888888.000 -888888.000
 20260731091500
   -30.6335  -67.4682 
  VALLE_FERTIL                               SURFACE                                    
  FM-12 SYNOP       VALLE_FERTIL           900  F     F         1
 -888888.000 -888888.000 -888888.000 -888888.000     900.000       0.000     283.250       0.000       0.741     129.000      -1.336     129.000      92.000       0.000   90260.000       0.000 -888888.000 -888888.000
 20260731091500
   -30.1833  -69.0667 
  CUESTA_Viento                              SURFACE                                    
  FM-12 SYNOP       CUESTA_Viento         1530  F     F         1
 -888888.000 -888888.000 -888888.000 -888888.000    1530.000       0.000     288.750       0.000      -0.003     129.000       0.028     129.000      29.000       0.000   84330.000       0.000 -888888.000 -888888.000
 20260731092000
   -31.6500  -68.3000 
  ECOHUMUS                                   SURFACE                                    
  FM-12 SYNOP       ECOHUMUS               600  F     F         1
 -888888.000 -888888.000 -888888.000 -888888.000     600.000       0.000     279.150       0.000      -0.709     129.000      -0.244     129.000      97.000       0.000   93580.000       0.000 -888888.000 -888888.000
 20260731092000
   -31.5192  -68.8178 
  PUNTA_NEGRA                                SURFACE                                    
  FM-12 SYNOP       PUNTA_NEGRA            800  F     F         1
 -888888.000 -888888.000 -888888.000 -888888.000     800.000       0.000     294.450       0.000       0.856     129.000      -0.399     129.000      22.000       0.000   90500.000       0.000 -888888.000 -888888.000
 20260731092000
   -30.6335  -67.4682 
  VALLE_FERTIL                               SURFACE                                    
  FM-12 SYNOP       VALLE_FERTIL           900  F     F         1
 -888888.000 -888888.000 -888888.000 -888888.000     900.000       0.000     283.950       0.000       1.357     129.000      -1.617     129.000      90.000       0.000   90250.000       0.000 -888888.000 -888888.000
 20260731092000
   -30.1833  -69.0667 
  CUESTA_Viento                              SURFACE                                    
  FM-12 SYNOP       CUESTA_Viento         1530  F     F         1
 -888888.000 -888888.000 -888888.000 -888888.000    1530.000       0.000     288.450       0.000       0.000     129.000       0.000     129.000      31.000       0.000   84320.000       0.000 -888888.000 -888888.000
 20260731092500
   -31.6500  -68.3000 
  ECOHUMUS                                   SURFACE                                    
  FM-12 SYNOP       ECOHUMUS               600  F     F         1
 -888888.000 -888888.000 -888888.000 -888888.000     600.000       0.000     279.250       0.000      -0.157     129.000      -0.262     129.000      97.000       0.000   93580.000       0.000 -888888.000 -888888.000
 20260731092500
   -31.5192  -68.8178 
  PUNTA_NEGRA                                SURFACE                                    
  FM-12 SYNOP       PUNTA_NEGRA            800  F     F         1
 -888888.000 -888888.000 -888888.000 -888888.000     800.000       0.000     294.450       0.000      -0.382     129.000       0.546     129.000      23.000       0.000   90500.000       0.000 -888888.000 -888888.000
 20260731092500
   -30.6335  -67.4682 
  VALLE_FERTIL                               SURFACE                                    
  FM-12 SYNOP       VALLE_FERTIL           900  F     F         1
 -888888.000 -888888.000 -888888.000 -888888.000     900.000       0.000     284.550       0.000       1.237     129.000      -1.237     129.000      88.000       0.000   90260.000       0.000 -888888.000 -888888.000
 20260731092500
   -30.1833  -69.0667 
  CUESTA_Viento                              SURFACE                                    
  FM-12 SYNOP       CUESTA_Viento         1530  F     F         1
 -888888.000 -888888.000 -888888.000 -888888.000    1530.000       0.000     288.250       0.000      -0.205     129.000      -0.263     129.000      31.000       0.000   84350.000       0.000 -888888.000 -888888.000
 20260731093000
   -31.6500  -68.3000 
  ECOHUMUS                                   SURFACE                                    
  FM-12 SYNOP       ECOHUMUS               600  F     F         1
 -888888.000 -888888.000 -888888.000 -888888.000     600.000       0.000     279.550       0.000       0.840     129.000       0.289     129.000      97.000       0.000   93600.000       0.000 -888888.000 -888888.000
 20260731093000
   -31.5192  -68.8178 
  PUNTA_NEGRA                                SURFACE                                    
  FM-12 SYNOP       PUNTA_NEGRA            800  F     F         1
 -888888.000 -888888.000 -888888.000 -888888.000     800.000       0.000     294.550       0.000       0.621     129.000       1.273     129.000      21.000       0.000   90500.000       0.000 -888888.000 -888888.000
 20260731093000
   -30.6335  -67.4682 
  VALLE_FERTIL                               SURFACE                                    
  FM-12 SYNOP       VALLE_FERTIL           900  F     F         1
 -888888.000 -888888.000 -888888.000 -888888.000     900.000       0.000     285.350       0.000       0.552     129.000      -1.365     129.000      86.000       0.000   90260.000       0.000 -888888.000 -888888.000
 20260731093000
   -30.1833  -69.0667 
  CUESTA_Viento                              SURFACE                                    
  FM-12 SYNOP       CUESTA_Viento         1530  F     F         1
 -888888.000 -888888.000 -888888.000 -888888.000    1530.000       0.000     288.050       0.000      -0.398     129.000      -0.346     129.000      33.000       0.000   84370.000       0.000 -888888.000 -888888.000
 20260731093500
   -31.6500  -68.3000 
  ECOHUMUS                                   SURFACE                                    
  FM-12 SYNOP       ECOHUMUS               600  F     F         1
 -888888.000 -888888.000 -888888.000 -888888.000     600.000       0.000     279.750       0.000       0.460     129.000       0.106     129.000      97.000       0.000   93590.000       0.000 -888888.000 -888888.000
 20260731093500
   -31.5192  -68.8178 
  PUNTA_NEGRA                                SURFACE                                    
  FM-12 SYNOP       PUNTA_NEGRA            800  F     F         1
 -888888.000 -888888.000 -888888.000 -888888.000     800.000       0.000     294.850       0.000       0.669     129.000      -0.887     129.000      21.000       0.000   90500.000       0.000 -888888.000 -888888.000
 20260731093500
   -30.6335  -67.4682 
  VALLE_FERTIL                               SURFACE                                    
  FM-12 SYNOP       VALLE_FERTIL           900  F     F         1
 -888888.000 -888888.000 -888888.000 -888888.000     900.000       0.000     286.150       0.000       0.481     129.000      -1.032     129.000      84.000       0.000   90260.000       0.000 -888888.000 -888888.000
 20260731093500
   -30.1833  -69.0667 
  CUESTA_Viento                              SURFACE                                    
  FM-12 SYNOP       CUESTA_Viento         1530  F     F         1
 -888888.000 -888888.000 -888888.000 -888888.000    1530.000       0.000     287.950       0.000       0.004     129.000      -0.111     129.000      34.000       0.000   84370.000       0.000 -888888.000 -888888.000
 20260731094000
   -31.6500  -68.3000 
  ECOHUMUS                                   SURFACE                                    
  FM-12 SYNOP       ECOHUMUS               600  F     F         1
 -888888.000 -888888.000 -888888.000 -888888.000     600.000       0.000     280.150       0.000       0.622     129.000       0.239     129.000      97.000       0.000   93580.000       0.000 -888888.000 -888888.000
 20260731094000
   -31.5192  -68.8178 
  PUNTA_NEGRA                                SURFACE                                    
  FM-12 SYNOP       PUNTA_NEGRA            800  F     F         1
 -888888.000 -888888.000 -888888.000 -888888.000     800.000       0.000     295.150       0.000       1.023     129.000      -0.434     129.000      20.000       0.000   90490.000       0.000 -888888.000 -888888.000
 20260731094000
   -30.6335  -67.4682 
  VALLE_FERTIL                               SURFACE                                    
  FM-12 SYNOP       VALLE_FERTIL           900  F     F         1
 -888888.000 -888888.000 -888888.000 -888888.000     900.000       0.000     286.650       0.000       0.876     129.000      -1.251     129.000      82.000       0.000   90260.000       0.000 -888888.000 -888888.000
 20260731094000
   -30.1833  -69.0667 
  CUESTA_Viento                              SURFACE                                    
  FM-12 SYNOP       CUESTA_Viento         1530  F     F         1
 -888888.000 -888888.000 -888888.000 -888888.000    1530.000       0.000     287.650       0.000      -0.286     129.000      -0.476     129.000      35.000       0.000   84380.000       0.000 -888888.000 -888888.000
 20260731094500
   -31.6500  -68.3000 
  ECOHUMUS                                   SURFACE                                    
  FM-12 SYNOP       ECOHUMUS               600  F     F         1
 -888888.000 -888888.000 -888888.000 -888888.000     600.000       0.000     280.550       0.000       0.699     129.000      -0.863     129.000      97.000       0.000   93600.000       0.000 -888888.000 -888888.000
 20260731094500
   -31.5192  -68.8178 
  PUNTA_NEGRA                                SURFACE                                    
  FM-12 SYNOP       PUNTA_NEGRA            800  F     F         1
 -888888.000 -888888.000 -888888.000 -888888.000     800.000       0.000     295.150       0.000       1.659     129.000      -1.718     129.000      20.000       0.000   90500.000       0.000 -888888.000 -888888.000
 20260731094500
   -30.6335  -67.4682 
  VALLE_FERTIL                               SURFACE                                    
  FM-12 SYNOP       VALLE_FERTIL           900  F     F         1
 -888888.000 -888888.000 -888888.000 -888888.000     900.000       0.000     287.150       0.000       0.877     129.000      -1.351     129.000      78.000       0.000   90280.000       0.000 -888888.000 -888888.000
 20260731094500
   -30.1833  -69.0667 
  CUESTA_Viento                              SURFACE                                    
  FM-12 SYNOP       CUESTA_Viento         1530  F     F         1
 -888888.000 -888888.000 -888888.000 -888888.000    1530.000       0.000     287.750       0.000      -1.925     129.000      -1.111     129.000      33.000       0.000   84370.000       0.000 -888888.000 -888888.000
 20260731095000
   -31.6500  -68.3000 
  ECOHUMUS                                   SURFACE                                    
  FM-12 SYNOP       ECOHUMUS               600  F     F         1
 -888888.000 -888888.000 -888888.000 -888888.000     600.000       0.000     280.850       0.000       0.121     129.000      -1.384     129.000      97.000       0.000   93610.000       0.000 -888888.000 -888888.000
 20260731095000
   -31.5192  -68.8178 
  PUNTA_NEGRA                                SURFACE                                    
  FM-12 SYNOP       PUNTA_NEGRA            800  F     F         1
 -888888.000 -888888.000 -888888.000 -888888.000     800.000       0.000     295.350       0.000       1.422     129.000      -2.190     129.000      19.000       0.000   90510.000       0.000 -888888.000 -888888.000
 20260731095000
   -30.6335  -67.4682 
  VALLE_FERTIL                               SURFACE                                    
  FM-12 SYNOP       VALLE_FERTIL           900  F     F         1
 -888888.000 -888888.000 -888888.000 -888888.000     900.000       0.000     288.150       0.000       0.528     129.000      -1.374     129.000      72.000       0.000   90300.000       0.000 -888888.000 -888888.000
 20260731095000
   -30.1833  -69.0667 
  CUESTA_Viento                              SURFACE                                    
  FM-12 SYNOP       CUESTA_Viento         1530  F     F         1
 -888888.000 -888888.000 -888888.000 -888888.000    1530.000       0.000     287.650       0.000      -1.946     129.000      -3.238     129.000      34.000       0.000   84400.000       0.000 -888888.000 -888888.000
 20260731095500
   -31.6500  -68.3000 
  ECOHUMUS                                   SURFACE                                    
  FM-12 SYNOP       ECOHUMUS               600  F     F         1
 -888888.000 -888888.000 -888888.000 -888888.000     600.000       0.000     281.050       0.000       0.434     129.000      -1.261     129.000      97.000       0.000   93610.000       0.000 -888888.000 -888888.000
 20260731095500
   -31.5192  -68.8178 
  PUNTA_NEGRA                                SURFACE                                    
  FM-12 SYNOP       PUNTA_NEGRA            800  F     F         1
 -888888.000 -888888.000 -888888.000 -888888.000     800.000       0.000     295.350       0.000       1.885     129.000      -1.178     129.000      19.000       0.000   90510.000       0.000 -888888.000 -888888.000
 20260731095500
   -30.6335  -67.4682 
  VALLE_FERTIL                               SURFACE                                    
  FM-12 SYNOP       VALLE_FERTIL           900  F     F         1
 -888888.000 -888888.000 -888888.000 -888888.000     900.000       0.000     288.850       0.000      -0.079     129.000      -1.136     129.000      71.000       0.000   90310.000       0.000 -888888.000 -888888.000
 20260731095500
   -30.1833  -69.0667 
  CUESTA_Viento                              SURFACE                                    
  FM-12 SYNOP       CUESTA_Viento         1530  F     F         1
 -888888.000 -888888.000 -888888.000 -888888.000    1530.000       0.000     287.650       0.000      -2.090     129.000      -2.877     129.000      34.000       0.000   84390.000       0.000 -888888.000 -888888.000
 20260731100000
   -31.6500  -68.3000 
  ECOHUMUS                                   SURFACE                                    
  FM-12 SYNOP       ECOHUMUS               600  F     F         1
 -888888.000 -888888.000 -888888.000 -888888.000     600.000       0.000     281.550       0.000       0.719     129.000      -0.954     129.000      96.000       0.000   93610.000       0.000 -888888.000 -888888.000
 20260731100000
   -31.5192  -68.8178 
  PUNTA_NEGRA                                SURFACE                                    
  FM-12 SYNOP       PUNTA_NEGRA            800  F     F         1
 -888888.000 -888888.000 -888888.000 -888888.000     800.000       0.000     295.450       0.000       2.250     129.000      -2.026     129.000      19.000       0.000   90500.000       0.000 -888888.000 -888888.000
 20260731100000
   -30.6335  -67.4682 
  VALLE_FERTIL                               SURFACE                                    
  FM-12 SYNOP       VALLE_FERTIL           900  F     F         1
 -888888.000 -888888.000 -888888.000 -888888.000     900.000       0.000     289.050       0.000       0.733     129.000      -0.759     129.000      71.000       0.000   90310.000       0.000 -888888.000 -888888.000
 20260731100000
   -30.1833  -69.0667 
  CUESTA_Viento                              SURFACE                                    
  FM-12 SYNOP       CUESTA_Viento         1530  F     F         1
 -888888.000 -888888.000 -888888.000 -888888.000    1530.000       0.000     287.850       0.000      -3.068     129.000      -2.861     129.000      32.000       0.000   84410.000       0.000 -888888.000 -888888.000
 20260731100500
   -31.6500  -68.3000 
  ECOHUMUS                                   SURFACE                                    
  FM-12 SYNOP       ECOHUMUS               600  F     F         1
 -888888.000 -888888.000 -888888.000 -888888.000     600.000       0.000     282.150       0.000       0.025     129.000      -1.416     129.000      96.000       0.000   93610.000       0.000 -888888.000 -888888.000
 20260731100500
   -31.5192  -68.8178 
  PUNTA_NEGRA                                SURFACE                                    
  FM-12 SYNOP       PUNTA_NEGRA            800  F     F         1
 -888888.000 -888888.000 -888888.000 -888888.000     800.000       0.000     295.550       0.000       2.187     129.000      -1.212     129.000      19.000       0.000   90490.000       0.000 -888888.000 -888888.000
 20260731100500
   -30.6335  -67.4682 
  VALLE_FERTIL                               SURFACE                                    
  FM-12 SYNOP       VALLE_FERTIL           900  F     F         1
 -888888.000 -888888.000 -888888.000 -888888.000     900.000       0.000     289.250       0.000       0.256     129.000      -0.462     129.000      69.000       0.000   90320.000       0.000 -888888.000 -888888.000
 20260731100500
   -30.1833  -69.0667 
  CUESTA_Viento                              SURFACE                                    
  FM-12 SYNOP       CUESTA_Viento         1530  F     F         1
 -888888.000 -888888.000 -888888.000 -888888.000    1530.000       0.000     287.950       0.000      -2.132     129.000      -3.548     129.000      31.000       0.000   84410.000       0.000 -888888.000 -888888.000
 20260731101000
   -31.6500  -68.3000 
  ECOHUMUS                                   SURFACE                                    
  FM-12 SYNOP       ECOHUMUS               600  F     F         1
 -888888.000 -888888.000 -888888.000 -888888.000     600.000       0.000     282.450       0.000       0.767     129.000      -1.056     129.000      95.000       0.000   93590.000       0.000 -888888.000 -888888.000
 20260731101000
   -31.5192  -68.8178 
  PUNTA_NEGRA                                SURFACE                                    
  FM-12 SYNOP       PUNTA_NEGRA            800  F     F         1
 -888888.000 -888888.000 -888888.000 -888888.000     800.000       0.000     295.750       0.000       1.948     129.000      -1.522     129.000      19.000       0.000   90500.000       0.000 -888888.000 -888888.000
 20260731101000
   -30.6335  -67.4682 
  VALLE_FERTIL                               SURFACE                                    
  FM-12 SYNOP       VALLE_FERTIL           900  F     F         1
 -888888.000 -888888.000 -888888.000 -888888.000     900.000       0.000     290.050       0.000      -0.424     129.000      -0.207     129.000      67.000       0.000   90330.000       0.000 -888888.000 -888888.000
 20260731101000
   -30.1833  -69.0667 
  CUESTA_Viento                              SURFACE                                    
  FM-12 SYNOP       CUESTA_Viento         1530  F     F         1
 -888888.000 -888888.000 -888888.000 -888888.000    1530.000       0.000     288.050       0.000      -3.171     129.000      -3.648     129.000      31.000       0.000   84390.000       0.000 -888888.000 -888888.000
 20260731101500
   -31.6500  -68.3000 
  ECOHUMUS                                   SURFACE                                    
  FM-12 SYNOP       ECOHUMUS               600  F     F         1
 -888888.000 -888888.000 -888888.000 -888888.000     600.000       0.000     283.050       0.000      -0.928     129.000      -0.752     129.000      93.000       0.000   93580.000       0.000 -888888.000 -888888.000
 20260731101500
   -31.5192  -68.8178 
  PUNTA_NEGRA                                SURFACE                                    
  FM-12 SYNOP       PUNTA_NEGRA            800  F     F         1
 -888888.000 -888888.000 -888888.000 -888888.000     800.000       0.000     295.850       0.000       3.064     129.000      -3.064     129.000      19.000       0.000   90520.000       0.000 -888888.000 -888888.000
 20260731101500
   -30.6335  -67.4682 
  VALLE_FERTIL                               SURFACE                                    
  FM-12 SYNOP       VALLE_FERTIL           900  F     F         1
 -888888.000 -888888.000 -888888.000 -888888.000     900.000       0.000     289.850       0.000      -1.406     129.000      -0.597     129.000      71.000       0.000   90360.000       0.000 -888888.000 -888888.000
 20260731101500
   -30.1833  -69.0667 
  CUESTA_Viento                              SURFACE                                    
  FM-12 SYNOP       CUESTA_Viento         1530  F     F         1
 -888888.000 -888888.000 -888888.000 -888888.000    1530.000       0.000     287.950       0.000      -2.508     129.000      -3.328     129.000      32.000       0.000   84390.000       0.000 -888888.000 -888888.000
 20260731102000
   -31.6500  -68.3000 
  ECOHUMUS                                   SURFACE                                    
  FM-12 SYNOP       ECOHUMUS               600  F     F         1
 -888888.000 -888888.000 -888888.000 -888888.000     600.000       0.000     283.950       0.000      -0.138     129.000      -1.577     129.000      89.000       0.000   93590.000       0.000 -888888.000 -888888.000
 20260731102000
   -31.5192  -68.8178 
  PUNTA_NEGRA                                SURFACE                                    
  FM-12 SYNOP       PUNTA_NEGRA            800  F     F         1
 -888888.000 -888888.000 -888888.000 -888888.000     800.000       0.000     295.650       0.000       3.327     129.000      -0.647     129.000      19.000       0.000   90500.000       0.000 -888888.000 -888888.000
 20260731102000
   -30.6335  -67.4682 
  VALLE_FERTIL                               SURFACE                                    
  FM-12 SYNOP       VALLE_FERTIL           900  F     F         1
 -888888.000 -888888.000 -888888.000 -888888.000     900.000       0.000     289.050       0.000      -1.654     129.000      -1.074     129.000      75.000       0.000   90370.000       0.000 -888888.000 -888888.000
 20260731102000
   -30.1833  -69.0667 
  CUESTA_Viento                              SURFACE                                    
  FM-12 SYNOP       CUESTA_Viento         1530  F     F         1
 -888888.000 -888888.000 -888888.000 -888888.000    1530.000       0.000     287.550       0.000      -3.585     129.000      -3.116     129.000      32.000       0.000   84410.000       0.000 -888888.000 -888888.000
 20260731102500
   -31.6500  -68.5833 
  INTA_POCITO                                SURFACE                                    
  FM-12 SYNOP       INTA_POCITO            615  F     F         1
 -888888.000 -888888.000 -888888.000 -888888.000     615.000       0.000     287.550       0.000      -0.000     129.000       0.000     129.000      82.000       0.000   92660.000       0.000 -888888.000 -888888.000
 20260731102500
   -31.6500  -68.3000 
  ECOHUMUS                                   SURFACE                                    
  FM-12 SYNOP       ECOHUMUS               600  F     F         1
 -888888.000 -888888.000 -888888.000 -888888.000     600.000       0.000     284.250       0.000      -0.983     129.000      -2.208     129.000      83.000       0.000   93580.000       0.000 -888888.000 -888888.000
 20260731102500
   -31.5192  -68.8178 
  PUNTA_NEGRA                                SURFACE                                    
  FM-12 SYNOP       PUNTA_NEGRA            800  F     F         1
 -888888.000 -888888.000 -888888.000 -888888.000     800.000       0.000     295.750       0.000       1.932     129.000      -1.207     129.000      19.000       0.000   90490.000       0.000 -888888.000 -888888.000
 20260731102500
   -30.6335  -67.4682 
  VALLE_FERTIL                               SURFACE                                    
  FM-12 SYNOP       VALLE_FERTIL           900  F     F         1
 -888888.000 -888888.000 -888888.000 -888888.000     900.000       0.000     288.850       0.000      -0.406     129.000      -0.181     129.000      75.000       0.000   90370.000       0.000 -888888.000 -888888.000
 20260731102500
   -30.1833  -69.0667 
  CUESTA_Viento                              SURFACE                                    
  FM-12 SYNOP       CUESTA_Viento         1530  F     F         1
 -888888.000 -888888.000 -888888.000 -888888.000    1530.000       0.000     287.450       0.000      -0.421     129.000      -4.815     129.000      32.000       0.000   84410.000       0.000 -888888.000 -888888.000
 20260731103000
   -31.6500  -68.5833 
  INTA_POCITO                                SURFACE                                    
  FM-12 SYNOP       INTA_POCITO            615  F     F         1
 -888888.000 -888888.000 -888888.000 -888888.000     615.000       0.000     288.350       0.000       0.665     129.000      -0.047     129.000      77.000       0.000   92700.000       0.000 -888888.000 -888888.000
 20260731103000
   -31.6500  -68.3000 
  ECOHUMUS                                   SURFACE                                    
  FM-12 SYNOP       ECOHUMUS               600  F     F         1
 -888888.000 -888888.000 -888888.000 -888888.000     600.000       0.000     284.750       0.000      -0.940     129.000      -1.342     129.000      79.000       0.000   93570.000       0.000 -888888.000 -888888.000
 20260731103000
   -31.5192  -68.8178 
  PUNTA_NEGRA                                SURFACE                                    
  FM-12 SYNOP       PUNTA_NEGRA            800  F     F         1
 -888888.000 -888888.000 -888888.000 -888888.000     800.000       0.000     295.950       0.000       1.470     129.000      -0.077     129.000      18.000       0.000   90480.000       0.000 -888888.000 -888888.000
 20260731103000
   -30.6335  -67.4682 
  VALLE_FERTIL                               SURFACE                                    
  FM-12 SYNOP       VALLE_FERTIL           900  F     F         1
 -888888.000 -888888.000 -888888.000 -888888.000     900.000       0.000     289.350       0.000       0.113     129.000       1.077     129.000      72.000       0.000   90370.000       0.000 -888888.000 -888888.000
 20260731103000
   -30.1833  -69.0667 
  CUESTA_Viento                              SURFACE                                    
  FM-12 SYNOP       CUESTA_Viento         1530  F     F         1
 -888888.000 -888888.000 -888888.000 -888888.000    1530.000       0.000     287.550       0.000      -3.972     129.000      -3.217     129.000      31.000       0.000   84410.000       0.000 -888888.000 -888888.000
 20260731103500
   -31.6500  -68.5833 
  INTA_POCITO                                SURFACE                                    
  FM-12 SYNOP       INTA_POCITO            615  F     F         1
 -888888.000 -888888.000 -888888.000 -888888.000     615.000       0.000     288.850       0.000       0.297     129.000       0.330     129.000      75.000       0.000   92690.000       0.000 -888888.000 -888888.000
 20260731103500
   -31.6500  -68.3000 
  ECOHUMUS                                   SURFACE                                    
  FM-12 SYNOP       ECOHUMUS               600  F     F         1
 -888888.000 -888888.000 -888888.000 -888888.000     600.000       0.000     285.550       0.000       0.302     129.000      -1.213     129.000      76.000       0.000   93560.000       0.000 -888888.000 -888888.000
 20260731103500
   -31.5192  -68.8178 
  PUNTA_NEGRA                                SURFACE                                    
  FM-12 SYNOP       PUNTA_NEGRA            800  F     F         1
 -888888.000 -888888.000 -888888.000 -888888.000     800.000       0.000     295.950       0.000       1.817     129.000      -1.180     129.000      18.000       0.000   90480.000       0.000 -888888.000 -888888.000
 20260731103500
   -30.6335  -67.4682 
  VALLE_FERTIL                               SURFACE                                    
  FM-12 SYNOP       VALLE_FERTIL           900  F     F         1
 -888888.000 -888888.000 -888888.000 -888888.000     900.000       0.000     288.750       0.000      -0.108     129.000       0.882     129.000      72.000       0.000   90380.000       0.000 -888888.000 -888888.000
 20260731103500
   -30.1833  -69.0667 
  CUESTA_Viento                              SURFACE                                    
  FM-12 SYNOP       CUESTA_Viento         1530  F     F         1
 -888888.000 -888888.000 -888888.000 -888888.000    1530.000       0.000     287.450       0.000      -2.436     129.000      -2.436     129.000      32.000       0.000   84410.000       0.000 -888888.000 -888888.000
 20260731104000
   -31.6500  -68.5833 
  INTA_POCITO                                SURFACE                                    
  FM-12 SYNOP       INTA_POCITO            615  F     F         1
 -888888.000 -888888.000 -888888.000 -888888.000     615.000       0.000     288.850       0.000      -0.146     129.000       0.300     129.000      74.000       0.000   92650.000       0.000 -888888.000 -888888.000
 20260731104000
   -31.6500  -68.3000 
  ECOHUMUS                                   SURFACE                                    
  FM-12 SYNOP       ECOHUMUS               600  F     F         1
 -888888.000 -888888.000 -888888.000 -888888.000     600.000       0.000     286.350       0.000      -1.198     129.000      -0.903     129.000      72.000       0.000   93550.000       0.000 -888888.000 -888888.000
 20260731104000
   -31.5192  -68.8178 
  PUNTA_NEGRA                                SURFACE                                    
  FM-12 SYNOP       PUNTA_NEGRA            800  F     F         1
 -888888.000 -888888.000 -888888.000 -888888.000     800.000       0.000     295.950       0.000       2.167     129.000      -0.343     129.000      18.000       0.000   90460.000       0.000 -888888.000 -888888.000
 20260731104000
   -30.6335  -67.4682 
  VALLE_FERTIL                               SURFACE                                    
  FM-12 SYNOP       VALLE_FERTIL           900  F     F         1
 -888888.000 -888888.000 -888888.000 -888888.000     900.000       0.000     288.950       0.000      -0.707     129.000       1.131     129.000      72.000       0.000   90370.000       0.000 -888888.000 -888888.000
 20260731104000
   -30.1833  -69.0667 
  CUESTA_Viento                              SURFACE                                    
  FM-12 SYNOP       CUESTA_Viento         1530  F     F         1
 -888888.000 -888888.000 -888888.000 -888888.000    1530.000       0.000     287.350       0.000      -3.298     129.000      -2.768     129.000      33.000       0.000   84430.000       0.000 -888888.000 -888888.000
 20260731104500
   -31.6500  -68.5833 
  INTA_POCITO                                SURFACE                                    
  FM-12 SYNOP       INTA_POCITO            615  F     F         1
 -888888.000 -888888.000 -888888.000 -888888.000     615.000       0.000     289.350       0.000       0.660     129.000       0.554     129.000      71.000       0.000   92670.000       0.000 -888888.000 -888888.000
 20260731104500
   -31.6500  -68.3000 
  ECOHUMUS                                   SURFACE                                    
  FM-12 SYNOP       ECOHUMUS               600  F     F         1
 -888888.000 -888888.000 -888888.000 -888888.000     600.000       0.000     287.350       0.000       0.165     129.000      -1.882     129.000      66.000       0.000   93560.000       0.000 -888888.000 -888888.000
 20260731104500
   -31.5192  -68.8178 
  PUNTA_NEGRA                                SURFACE                                    
  FM-12 SYNOP       PUNTA_NEGRA            800  F     F         1
 -888888.000 -888888.000 -888888.000 -888888.000     800.000       0.000     296.150       0.000       1.528     129.000       0.027     129.000      18.000       0.000   90450.000       0.000 -888888.000 -888888.000
 20260731104500
   -30.6335  -67.4682 
  VALLE_FERTIL                               SURFACE                                    
  FM-12 SYNOP       VALLE_FERTIL           900  F     F         1
 -888888.000 -888888.000 -888888.000 -888888.000     900.000       0.000     289.350       0.000      -1.575     129.000      -1.187     129.000      73.000       0.000   90380.000       0.000 -888888.000 -888888.000
 20260731104500
   -30.1833  -69.0667 
  CUESTA_Viento                              SURFACE                                    
  FM-12 SYNOP       CUESTA_Viento         1530  F     F         1
 -888888.000 -888888.000 -888888.000 -888888.000    1530.000       0.000     287.350       0.000      -2.766     129.000      -1.597     129.000      33.000       0.000   84400.000       0.000 -888888.000 -888888.000
 20260731105000
   -31.6500  -68.5833 
  INTA_POCITO                                SURFACE                                    
  FM-12 SYNOP       INTA_POCITO            615  F     F         1
 -888888.000 -888888.000 -888888.000 -888888.000     615.000       0.000     289.850       0.000      -0.077     129.000      -0.033     129.000      66.000       0.000   92670.000       0.000 -888888.000 -888888.000
 20260731105000
   -31.6500  -68.3000 
  ECOHUMUS                                   SURFACE                                    
  FM-12 SYNOP       ECOHUMUS               600  F     F         1
 -888888.000 -888888.000 -888888.000 -888888.000     600.000       0.000     288.250       0.000      -0.296     129.000      -1.186     129.000      63.000       0.000   93560.000       0.000 -888888.000 -888888.000
 20260731105000
   -31.5192  -68.8178 
  PUNTA_NEGRA                                SURFACE                                    
  FM-12 SYNOP       PUNTA_NEGRA            800  F     F         1
 -888888.000 -888888.000 -888888.000 -888888.000     800.000       0.000     296.350       0.000       1.299     129.000       0.750     129.000      18.000       0.000   90440.000       0.000 -888888.000 -888888.000
 20260731105000
   -30.6335  -67.4682 
  VALLE_FERTIL                               SURFACE                                    
  FM-12 SYNOP       VALLE_FERTIL           900  F     F         1
 -888888.000 -888888.000 -888888.000 -888888.000     900.000       0.000     289.450       0.000      -1.301     129.000      -1.171     129.000      74.000       0.000   90370.000       0.000 -888888.000 -888888.000
 20260731105000
   -30.1833  -69.0667 
  CUESTA_Viento                              SURFACE                                    
  FM-12 SYNOP       CUESTA_Viento         1530  F     F         1
 -888888.000 -888888.000 -888888.000 -888888.000    1530.000       0.000     287.250       0.000      -2.398     129.000      -2.663     129.000      35.000       0.000   84420.000       0.000 -888888.000 -888888.000
 20260731105500
   -31.6500  -68.5833 
  INTA_POCITO                                SURFACE                                    
  FM-12 SYNOP       INTA_POCITO            615  F     F         1
 -888888.000 -888888.000 -888888.000 -888888.000     615.000       0.000     290.550       0.000      -0.078     129.000       0.147     129.000      65.000       0.000   92650.000       0.000 -888888.000 -888888.000
 20260731105500
   -31.6500  -68.3000 
  ECOHUMUS                                   SURFACE                                    
  FM-12 SYNOP       ECOHUMUS               600  F     F         1
 -888888.000 -888888.000 -888888.000 -888888.000     600.000       0.000     289.450       0.000      -0.757     129.000      -1.700     129.000      58.000       0.000   93550.000       0.000 -888888.000 -888888.000
 20260731105500
   -31.5192  -68.8178 
  PUNTA_NEGRA                                SURFACE                                    
  FM-12 SYNOP       PUNTA_NEGRA            800  F     F         1
 -888888.000 -888888.000 -888888.000 -888888.000     800.000       0.000     296.150       0.000       3.071     129.000      -1.432     129.000      18.000       0.000   90420.000       0.000 -888888.000 -888888.000
 20260731105500
   -30.6335  -67.4682 
  VALLE_FERTIL                               SURFACE                                    
  FM-12 SYNOP       VALLE_FERTIL           900  F     F         1
 -888888.000 -888888.000 -888888.000 -888888.000     900.000       0.000     289.850       0.000      -0.582     129.000      -0.041     129.000      72.000       0.000   90380.000       0.000 -888888.000 -888888.000
 20260731105500
   -30.1833  -69.0667 
  CUESTA_Viento                              SURFACE                                    
  FM-12 SYNOP       CUESTA_Viento         1530  F     F         1
 -888888.000 -888888.000 -888888.000 -888888.000    1530.000       0.000     287.250       0.000      -2.255     129.000      -2.103     129.000      35.000       0.000   84420.000       0.000 -888888.000 -888888.000
 20260731110000
   -31.6500  -68.5833 
  INTA_POCITO                                SURFACE                                    
  FM-12 SYNOP       INTA_POCITO            615  F     F         1
 -888888.000 -888888.000 -888888.000 -888888.000     615.000       0.000     291.150       0.000      -0.074     129.000       0.038     129.000      62.000       0.000   92630.000       0.000 -888888.000 -888888.000
 20260731110000
   -31.6500  -68.3000 
  ECOHUMUS                                   SURFACE                                    
  FM-12 SYNOP       ECOHUMUS               600  F     F         1
 -888888.000 -888888.000 -888888.000 -888888.000     600.000       0.000     289.850       0.000      -1.187     129.000      -1.575     129.000      55.000       0.000   93560.000       0.000 -888888.000 -888888.000
 20260731110000
   -31.5192  -68.8178 
  PUNTA_NEGRA                                SURFACE                                    
  FM-12 SYNOP       PUNTA_NEGRA            800  F     F         1
 -888888.000 -888888.000 -888888.000 -888888.000     800.000       0.000     296.350       0.000       2.027     129.000      -1.316     129.000      17.000       0.000   90420.000       0.000 -888888.000 -888888.000
 20260731110000
   -30.6335  -67.4682 
  VALLE_FERTIL                               SURFACE                                    
  FM-12 SYNOP       VALLE_FERTIL           900  F     F         1
 -888888.000 -888888.000 -888888.000 -888888.000     900.000       0.000     290.050       0.000      -2.502     129.000      -1.387     129.000      73.000       0.000   90390.000       0.000 -888888.000 -888888.000
 20260731110000
   -30.1833  -69.0667 
  CUESTA_Viento                              SURFACE                                    
  FM-12 SYNOP       CUESTA_Viento         1530  F     F         1
 -888888.000 -888888.000 -888888.000 -888888.000    1530.000       0.000     287.450       0.000      -2.130     129.000      -1.605     129.000      35.000       0.000   84400.000       0.000 -888888.000 -888888.000
 20260731110500
   -31.6500  -68.5833 
  INTA_POCITO                                SURFACE                                    
  FM-12 SYNOP       INTA_POCITO            615  F     F         1
 -888888.000 -888888.000 -888888.000 -888888.000     615.000       0.000     291.250       0.000      -0.227     129.000      -0.106     129.000      62.000       0.000   92610.000       0.000 -888888.000 -888888.000
 20260731110500
   -31.6500  -68.3000 
  ECOHUMUS                                   SURFACE                                    
  FM-12 SYNOP       ECOHUMUS               600  F     F         1
 -888888.000 -888888.000 -888888.000 -888888.000     600.000       0.000     290.650       0.000      -1.602     129.000      -1.658     129.000      50.000       0.000   93550.000       0.000 -888888.000 -888888.000
 20260731110500
   -31.5192  -68.8178 
  PUNTA_NEGRA                                SURFACE                                    
  FM-12 SYNOP       PUNTA_NEGRA            800  F     F         1
 -888888.000 -888888.000 -888888.000 -888888.000     800.000       0.000     296.350       0.000       2.761     129.000      -0.637     129.000      17.000       0.000   90420.000       0.000 -888888.000 -888888.000
 20260731110500
   -30.6335  -67.4682 
  VALLE_FERTIL                               SURFACE                                    
  FM-12 SYNOP       VALLE_FERTIL           900  F     F         1
 -888888.000 -888888.000 -888888.000 -888888.000     900.000       0.000     289.950       0.000      -1.231     129.000      -1.320     129.000      74.000       0.000   90400.000       0.000 -888888.000 -888888.000
 20260731110500
   -30.1833  -69.0667 
  CUESTA_Viento                              SURFACE                                    
  FM-12 SYNOP       CUESTA_Viento         1530  F     F         1
 -888888.000 -888888.000 -888888.000 -888888.000    1530.000       0.000     287.650       0.000      -1.438     129.000      -1.045     129.000      35.000       0.000   84390.000       0.000 -888888.000 -888888.000
 20260731111000
   -31.6500  -68.5833 
  INTA_POCITO                                SURFACE                                    
  FM-12 SYNOP       INTA_POCITO            615  F     F         1
 -888888.000 -888888.000 -888888.000 -888888.000     615.000       0.000     291.250       0.000      -0.111     129.000       0.084     129.000      62.000       0.000   92600.000       0.000 -888888.000 -888888.000
 20260731111000
   -31.6500  -68.3000 
  ECOHUMUS                                   SURFACE                                    
  FM-12 SYNOP       ECOHUMUS               600  F     F         1
 -888888.000 -888888.000 -888888.000 -888888.000     600.000       0.000     292.550       0.000      -1.214     129.000      -1.447     129.000      42.000       0.000   93530.000       0.000 -888888.000 -888888.000
 20260731111000
   -31.5192  -68.8178 
  PUNTA_NEGRA                                SURFACE                                    
  FM-12 SYNOP       PUNTA_NEGRA            800  F     F         1
 -888888.000 -888888.000 -888888.000 -888888.000     800.000       0.000     296.550       0.000       1.009     129.000      -1.291     129.000      17.000       0.000   90410.000       0.000 -888888.000 -888888.000
 20260731111000
   -30.6335  -67.4682 
  VALLE_FERTIL                               SURFACE                                    
  FM-12 SYNOP       VALLE_FERTIL           900  F     F         1
 -888888.000 -888888.000 -888888.000 -888888.000     900.000       0.000     290.750       0.000       0.185     129.000      -0.869     129.000      69.000       0.000   90380.000       0.000 -888888.000 -888888.000
 20260731111000
   -30.1833  -69.0667 
  CUESTA_Viento                              SURFACE                                    
  FM-12 SYNOP       CUESTA_Viento         1530  F     F         1
 -888888.000 -888888.000 -888888.000 -888888.000    1530.000       0.000     287.750       0.000      -0.392     129.000      -0.353     129.000      34.000       0.000   84410.000       0.000 -888888.000 -888888.000
 20260731111500
   -31.6500  -68.5833 
  INTA_POCITO                                SURFACE                                    
  FM-12 SYNOP       INTA_POCITO            615  F     F         1
 -888888.000 -888888.000 -888888.000 -888888.000     615.000       0.000     291.750       0.000      -0.228     129.000       0.102     129.000      59.000       0.000   92610.000       0.000 -888888.000 -888888.000
 20260731111500
   -31.6500  -68.3000 
  ECOHUMUS                                   SURFACE                                    
  FM-12 SYNOP       ECOHUMUS               600  F     F         1
 -888888.000 -888888.000 -888888.000 -888888.000     600.000       0.000     293.950       0.000      -0.409     129.000      -1.122     129.000      40.000       0.000   93520.000       0.000 -888888.000 -888888.000
 20260731111500
   -31.5192  -68.8178 
  PUNTA_NEGRA                                SURFACE                                    
  FM-12 SYNOP       PUNTA_NEGRA            800  F     F         1
 -888888.000 -888888.000 -888888.000 -888888.000     800.000       0.000     296.950       0.000       1.992     129.000      -1.104     129.000      17.000       0.000   90420.000       0.000 -888888.000 -888888.000
 20260731111500
   -30.6335  -67.4682 
  VALLE_FERTIL                               SURFACE                                    
  FM-12 SYNOP       VALLE_FERTIL           900  F     F         1
 -888888.000 -888888.000 -888888.000 -888888.000     900.000       0.000     291.650       0.000       1.294     129.000      -0.421     129.000      66.000       0.000   90360.000       0.000 -888888.000 -888888.000
 20260731111500
   -30.1833  -69.0667 
  CUESTA_Viento                              SURFACE                                    
  FM-12 SYNOP       CUESTA_Viento         1530  F     F         1
 -888888.000 -888888.000 -888888.000 -888888.000    1530.000       0.000     288.050       0.000      -0.309     129.000      -0.320     129.000      33.000       0.000   84410.000       0.000 -888888.000 -888888.000
 20260731112000
   -31.6500  -68.5833 
  INTA_POCITO                                SURFACE                                    
  FM-12 SYNOP       INTA_POCITO            615  F     F         1
 -888888.000 -888888.000 -888888.000 -888888.000     615.000       0.000     292.250       0.000      -0.000     129.000       0.000     129.000      55.000       0.000   92630.000       0.000 -888888.000 -888888.000
 20260731112000
   -31.6500  -68.3000 
  ECOHUMUS                                   SURFACE                                    
  FM-12 SYNOP       ECOHUMUS               600  F     F         1
 -888888.000 -888888.000 -888888.000 -888888.000     600.000       0.000     294.750       0.000      -0.589     129.000      -0.942     129.000      37.000       0.000   93520.000       0.000 -888888.000 -888888.000
 20260731112000
   -31.5192  -68.8178 
  PUNTA_NEGRA                                SURFACE                                    
  FM-12 SYNOP       PUNTA_NEGRA            800  F     F         1
 -888888.000 -888888.000 -888888.000 -888888.000     800.000       0.000     296.650       0.000       1.865     129.000      -0.642     129.000      18.000       0.000   90430.000       0.000 -888888.000 -888888.000
 20260731112000
   -30.6335  -67.4682 
  VALLE_FERTIL                               SURFACE                                    
  FM-12 SYNOP       VALLE_FERTIL           900  F     F         1
 -888888.000 -888888.000 -888888.000 -888888.000     900.000       0.000     291.750       0.000       1.793     129.000       0.381     129.000      65.000       0.000   90340.000       0.000 -888888.000 -888888.000
 20260731112000
   -30.1833  -69.0667 
  CUESTA_Viento                              SURFACE                                    
  FM-12 SYNOP       CUESTA_Viento         1530  F     F         1
 -888888.000 -888888.000 -888888.000 -888888.000    1530.000       0.000     288.550       0.000      -0.028     129.000      -0.002     129.000      32.000       0.000   84400.000       0.000 -888888.000 -888888.000
 20260731112500
   -31.6500  -68.5833 
  INTA_POCITO                                SURFACE                                    
  FM-12 SYNOP       INTA_POCITO            615  F     F         1
 -888888.000 -888888.000 -888888.000 -888888.000     615.000       0.000     293.150       0.000       0.222     129.000      -0.012     129.000      52.000       0.000   92630.000       0.000 -888888.000 -888888.000
 20260731112500
   -31.6500  -68.3000 
  ECOHUMUS                                   SURFACE                                    
  FM-12 SYNOP       ECOHUMUS               600  F     F         1
 -888888.000 -888888.000 -888888.000 -888888.000     600.000       0.000     295.450       0.000      -1.087     129.000      -1.612     129.000      35.000       0.000   93520.000       0.000 -888888.000 -888888.000
 20260731112500
   -31.5192  -68.8178 
  PUNTA_NEGRA                                SURFACE                                    
  FM-12 SYNOP       PUNTA_NEGRA            800  F     F         1
 -888888.000 -888888.000 -888888.000 -888888.000     800.000       0.000     296.650       0.000       1.545     129.000      -0.822     129.000      18.000       0.000   90430.000       0.000 -888888.000 -888888.000
 20260731112500
   -30.6335  -67.4682 
  VALLE_FERTIL                               SURFACE                                    
  FM-12 SYNOP       VALLE_FERTIL           900  F     F         1
 -888888.000 -888888.000 -888888.000 -888888.000     900.000       0.000     292.450       0.000       0.948     129.000      -1.090     129.000      58.000       0.000   90310.000       0.000 -888888.000 -888888.000
 20260731112500
   -30.1833  -69.0667 
  CUESTA_Viento                              SURFACE                                    
  FM-12 SYNOP       CUESTA_Viento         1530  F     F         1
 -888888.000 -888888.000 -888888.000 -888888.000    1530.000       0.000     288.350       0.000      -0.021     129.000       0.018     129.000      32.000       0.000   84400.000       0.000 -888888.000 -888888.000
 20260731113000
   -31.6500  -68.5833 
  INTA_POCITO                                SURFACE                                    
  FM-12 SYNOP       INTA_POCITO            615  F     F         1
 -888888.000 -888888.000 -888888.000 -888888.000     615.000       0.000     293.150       0.000      -0.000     129.000       0.000     129.000      52.000       0.000   92650.000       0.000 -888888.000 -888888.000
 20260731113000
   -31.6500  -68.3000 
  ECOHUMUS                                   SURFACE                                    
  FM-12 SYNOP       ECOHUMUS               600  F     F         1
 -888888.000 -888888.000 -888888.000 -888888.000     600.000       0.000     295.850       0.000      -1.713     129.000      -1.971     129.000      34.000       0.000   93500.000       0.000 -888888.000 -888888.000
 20260731113000
   -31.5192  -68.8178 
  PUNTA_NEGRA                                SURFACE                                    
  FM-12 SYNOP       PUNTA_NEGRA            800  F     F         1
 -888888.000 -888888.000 -888888.000 -888888.000     800.000       0.000     296.550       0.000       0.833     129.000       0.777     129.000      18.000       0.000   90420.000       0.000 -888888.000 -888888.000
 20260731113000
   -30.6335  -67.4682 
  VALLE_FERTIL                               SURFACE                                    
  FM-12 SYNOP       VALLE_FERTIL           900  F     F         1
 -888888.000 -888888.000 -888888.000 -888888.000     900.000       0.000     295.150       0.000      -0.496     129.000      -1.851     129.000      45.000       0.000   90320.000       0.000 -888888.000 -888888.000
 20260731113000
   -30.1833  -69.0667 
  CUESTA_Viento                              SURFACE                                    
  FM-12 SYNOP       CUESTA_Viento         1530  F     F         1
 -888888.000 -888888.000 -888888.000 -888888.000    1530.000       0.000     288.350       0.000      -0.167     129.000       0.003     129.000      33.000       0.000   84410.000       0.000 -888888.000 -888888.000
 20260731113500
   -31.6500  -68.5833 
  INTA_POCITO                                SURFACE                                    
  FM-12 SYNOP       INTA_POCITO            615  F     F         1
 -888888.000 -888888.000 -888888.000 -888888.000     615.000       0.000     293.350       0.000      -0.367     129.000       1.368     129.000      50.000       0.000   92650.000       0.000 -888888.000 -888888.000
 20260731113500
   -31.6500  -68.3000 
  ECOHUMUS                                   SURFACE                                    
  FM-12 SYNOP       ECOHUMUS               600  F     F         1
 -888888.000 -888888.000 -888888.000 -888888.000     600.000       0.000     295.850       0.000      -1.816     129.000      -2.594     129.000      35.000       0.000   93500.000       0.000 -888888.000 -888888.000
 20260731113500
   -31.5192  -68.8178 
  PUNTA_NEGRA                                SURFACE                                    
  FM-12 SYNOP       PUNTA_NEGRA            800  F     F         1
 -888888.000 -888888.000 -888888.000 -888888.000     800.000       0.000     297.250       0.000      -0.610     129.000       0.032     129.000      18.000       0.000   90420.000       0.000 -888888.000 -888888.000
 20260731113500
   -30.6335  -67.4682 
  VALLE_FERTIL                               SURFACE                                    
  FM-12 SYNOP       VALLE_FERTIL           900  F     F         1
 -888888.000 -888888.000 -888888.000 -888888.000     900.000       0.000     296.150       0.000      -1.938     129.000      -1.872     129.000      43.000       0.000   90320.000       0.000 -888888.000 -888888.000
 20260731113500
   -30.1833  -69.0667 
  CUESTA_Viento                              SURFACE                                    
  FM-12 SYNOP       CUESTA_Viento         1530  F     F         1
 -888888.000 -888888.000 -888888.000 -888888.000    1530.000       0.000     288.450       0.000       0.000     129.000       0.000     129.000      32.000       0.000   84410.000       0.000 -888888.000 -888888.000
 20260731114000
   -31.6500  -68.5833 
  INTA_POCITO                                SURFACE                                    
  FM-12 SYNOP       INTA_POCITO            615  F     F         1
 -888888.000 -888888.000 -888888.000 -888888.000     615.000       0.000     293.450       0.000      -0.605     129.000       1.188     129.000      48.000       0.000   92650.000       0.000 -888888.000 -888888.000
 20260731114000
   -31.6500  -68.3000 
  ECOHUMUS                                   SURFACE                                    
  FM-12 SYNOP       ECOHUMUS               600  F     F         1
 -888888.000 -888888.000 -888888.000 -888888.000     600.000       0.000     295.950       0.000      -0.825     129.000      -1.852     129.000      34.000       0.000   93470.000       0.000 -888888.000 -888888.000
 20260731114000
   -31.5192  -68.8178 
  PUNTA_NEGRA                                SURFACE                                    
  FM-12 SYNOP       PUNTA_NEGRA            800  F     F         1
 -888888.000 -888888.000 -888888.000 -888888.000     800.000       0.000     297.350       0.000       0.319     129.000       1.380     129.000      19.000       0.000   90440.000       0.000 -888888.000 -888888.000
 20260731114000
   -30.6335  -67.4682 
  VALLE_FERTIL                               SURFACE                                    
  FM-12 SYNOP       VALLE_FERTIL           900  F     F         1
 -888888.000 -888888.000 -888888.000 -888888.000     900.000       0.000     296.450       0.000      -1.187     129.000      -1.976     129.000      45.000       0.000   90330.000       0.000 -888888.000 -888888.000
 20260731114000
   -30.1833  -69.0667 
  CUESTA_Viento                              SURFACE                                    
  FM-12 SYNOP       CUESTA_Viento         1530  F     F         1
 -888888.000 -888888.000 -888888.000 -888888.000    1530.000       0.000     288.450       0.000      -0.000     129.000       0.000     129.000      32.000       0.000   84420.000       0.000 -888888.000 -888888.000
 20260731114500
   -31.6500  -68.5833 
  INTA_POCITO                                SURFACE                                    
  FM-12 SYNOP       INTA_POCITO            615  F     F         1
 -888888.000 -888888.000 -888888.000 -888888.000     615.000       0.000     293.850       0.000      -0.108     129.000       0.402     129.000      46.000       0.000   92670.000       0.000 -888888.000 -888888.000
 20260731114500
   -31.6500  -68.3000 
  ECOHUMUS                                   SURFACE                                    
  FM-12 SYNOP       ECOHUMUS               600  F     F         1
 -888888.000 -888888.000 -888888.000 -888888.000     600.000       0.000     296.450       0.000      -1.877     129.000      -2.085     129.000      30.000       0.000   93450.000       0.000 -888888.000 -888888.000
 20260731114500
   -31.5192  -68.8178 
  PUNTA_NEGRA                                SURFACE                                    
  FM-12 SYNOP       PUNTA_NEGRA            800  F     F         1
 -888888.000 -888888.000 -888888.000 -888888.000     800.000       0.000     296.950       0.000       1.385     129.000       0.646     129.000      19.000       0.000   90450.000       0.000 -888888.000 -888888.000
 20260731114500
   -30.6335  -67.4682 
  VALLE_FERTIL                               SURFACE                                    
  FM-12 SYNOP       VALLE_FERTIL           900  F     F         1
 -888888.000 -888888.000 -888888.000 -888888.000     900.000       0.000     296.550       0.000      -0.222     129.000      -1.399     129.000      42.000       0.000   90330.000       0.000 -888888.000 -888888.000
 20260731114500
   -30.1833  -69.0667 
  CUESTA_Viento                              SURFACE                                    
  FM-12 SYNOP       CUESTA_Viento         1530  F     F         1
 -888888.000 -888888.000 -888888.000 -888888.000    1530.000       0.000     288.350       0.000      -0.454     129.000       0.130     129.000      32.000       0.000   84440.000       0.000 -888888.000 -888888.000
 20260731115000
   -31.6500  -68.5833 
  INTA_POCITO                                SURFACE                                    
  FM-12 SYNOP       INTA_POCITO            615  F     F         1
 -888888.000 -888888.000 -888888.000 -888888.000     615.000       0.000     294.950       0.000      -0.072     129.000       0.210     129.000      44.000       0.000   92660.000       0.000 -888888.000 -888888.000
 20260731115000
   -31.6500  -68.3000 
  ECOHUMUS                                   SURFACE                                    
  FM-12 SYNOP       ECOHUMUS               600  F     F         1
 -888888.000 -888888.000 -888888.000 -888888.000     600.000       0.000     297.450       0.000      -0.396     129.000      -3.226     129.000      29.000       0.000   93470.000       0.000 -888888.000 -888888.000
 20260731115000
   -31.5192  -68.8178 
  PUNTA_NEGRA                                SURFACE                                    
  FM-12 SYNOP       PUNTA_NEGRA            800  F     F         1
 -888888.000 -888888.000 -888888.000 -888888.000     800.000       0.000     296.850       0.000       2.065     129.000       2.138     129.000      20.000       0.000   90440.000       0.000 -888888.000 -888888.000
 20260731115000
   -30.6335  -67.4682 
  VALLE_FERTIL                               SURFACE                                    
  FM-12 SYNOP       VALLE_FERTIL           900  F     F         1
 -888888.000 -888888.000 -888888.000 -888888.000     900.000       0.000     298.450       0.000       3.157     129.000      -1.972     129.000      25.000       0.000   90330.000       0.000 -888888.000 -888888.000
 20260731115000
   -30.1833  -69.0667 
  CUESTA_Viento                              SURFACE                                    
  FM-12 SYNOP       CUESTA_Viento         1530  F     F         1
 -888888.000 -888888.000 -888888.000 -888888.000    1530.000       0.000     288.250       0.000      -0.021     129.000       0.019     129.000      33.000       0.000   84450.000       0.000 -888888.000 -888888.000
 20260731115500
   -31.6500  -68.5833 
  INTA_POCITO                                SURFACE                                    
  FM-12 SYNOP       INTA_POCITO            615  F     F         1
 -888888.000 -888888.000 -888888.000 -888888.000     615.000       0.000     295.150       0.000       0.000     129.000       0.028     129.000      42.000       0.000   92670.000       0.000 -888888.000 -888888.000
 20260731115500
   -31.6500  -68.3000 
  ECOHUMUS                                   SURFACE                                    
  FM-12 SYNOP       ECOHUMUS               600  F     F         1
 -888888.000 -888888.000 -888888.000 -888888.000     600.000       0.000     297.550       0.000      -0.692     129.000      -2.776     129.000      30.000       0.000   93470.000       0.000 -888888.000 -888888.000
 20260731115500
   -31.5192  -68.8178 
  PUNTA_NEGRA                                SURFACE                                    
  FM-12 SYNOP       PUNTA_NEGRA            800  F     F         1
 -888888.000 -888888.000 -888888.000 -888888.000     800.000       0.000     296.550       0.000       0.627     129.000       1.723     129.000      19.000       0.000   90430.000       0.000 -888888.000 -888888.000
 20260731115500
   -30.6335  -67.4682 
  VALLE_FERTIL                               SURFACE                                    
  FM-12 SYNOP       VALLE_FERTIL           900  F     F         1
 -888888.000 -888888.000 -888888.000 -888888.000     900.000       0.000     300.350       0.000       3.366     129.000      -1.715     129.000      18.000       0.000   90360.000       0.000 -888888.000 -888888.000
 20260731115500
   -30.1833  -69.0667 
  CUESTA_Viento                              SURFACE                                    
  FM-12 SYNOP       CUESTA_Viento         1530  F     F         1
 -888888.000 -888888.000 -888888.000 -888888.000    1530.000       0.000     288.250       0.000       0.000     129.000       0.000     129.000      32.000       0.000   84450.000       0.000 -888888.000 -888888.000
 20260731120000
   -31.6500  -68.5833 
  INTA_POCITO                                SURFACE                                    
  FM-12 SYNOP       INTA_POCITO            615  F     F         1
 -888888.000 -888888.000 -888888.000 -888888.000     615.000       0.000     295.950       0.000      -0.329     129.000       0.548     129.000      35.000       0.000   92650.000       0.000 -888888.000 -888888.000
 20260731120000
   -31.6500  -68.3000 
  ECOHUMUS                                   SURFACE                                    
  FM-12 SYNOP       ECOHUMUS               600  F     F         1
 -888888.000 -888888.000 -888888.000 -888888.000     600.000       0.000     297.650       0.000      -1.197     129.000      -3.289     129.000      29.000       0.000   93470.000       0.000 -888888.000 -888888.000
 20260731120000
   -31.5192  -68.8178 
  PUNTA_NEGRA                                SURFACE                                    
  FM-12 SYNOP       PUNTA_NEGRA            800  F     F         1
 -888888.000 -888888.000 -888888.000 -888888.000     800.000       0.000     296.750       0.000       0.833     129.000       0.501     129.000      19.000       0.000   90430.000       0.000 -888888.000 -888888.000
 20260731120000
   -30.6335  -67.4682 
  VALLE_FERTIL                               SURFACE                                    
  FM-12 SYNOP       VALLE_FERTIL           900  F     F         1
 -888888.000 -888888.000 -888888.000 -888888.000     900.000       0.000     301.050       0.000       4.410     129.000      -1.348     129.000      19.000       0.000   90360.000       0.000 -888888.000 -888888.000
 20260731120000
   -30.1833  -69.0667 
  CUESTA_Viento                              SURFACE                                    
  FM-12 SYNOP       CUESTA_Viento         1530  F     F         1
 -888888.000 -888888.000 -888888.000 -888888.000    1530.000       0.000     288.350       0.000      -0.258     129.000      -0.104     129.000      32.000       0.000   84460.000       0.000 -888888.000 -888888.000
 20260731120500
   -31.6500  -68.5833 
  INTA_POCITO                                SURFACE                                    
  FM-12 SYNOP       INTA_POCITO            615  F     F         1
 -888888.000 -888888.000 -888888.000 -888888.000     615.000       0.000     297.650       0.000       0.621     129.000      -0.921     129.000      26.000       0.000   92650.000       0.000 -888888.000 -888888.000
 20260731120500
   -31.6500  -68.3000 
  ECOHUMUS                                   SURFACE                                    
  FM-12 SYNOP       ECOHUMUS               600  F     F         1
 -888888.000 -888888.000 -888888.000 -888888.000     600.000       0.000     297.850       0.000      -1.662     129.000      -2.464     129.000      28.000       0.000   93450.000       0.000 -888888.000 -888888.000
 20260731120500
   -31.5192  -68.8178 
  PUNTA_NEGRA                                SURFACE                                    
  FM-12 SYNOP       PUNTA_NEGRA            800  F     F         1
 -888888.000 -888888.000 -888888.000 -888888.000     800.000       0.000     297.450       0.000       1.520     129.000       1.025     129.000      18.000       0.000   90430.000       0.000 -888888.000 -888888.000
 20260731120500
   -30.6335  -67.4682 
  VALLE_FERTIL                               SURFACE                                    
  FM-12 SYNOP       VALLE_FERTIL           900  F     F         1
 -888888.000 -888888.000 -888888.000 -888888.000     900.000       0.000     296.350       0.000      -3.557     129.000       4.553     129.000      62.000       0.000   90350.000       0.000 -888888.000 -888888.000
 20260731120500
   -30.1833  -69.0667 
  CUESTA_Viento                              SURFACE                                    
  FM-12 SYNOP       CUESTA_Viento         1530  F     F         1
 -888888.000 -888888.000 -888888.000 -888888.000    1530.000       0.000     288.550       0.000      -1.837     129.000      -1.148     129.000      31.000       0.000   84460.000       0.000 -888888.000 -888888.000
 20260731121000
   -31.6500  -68.5833 
  INTA_POCITO                                SURFACE                                    
  FM-12 SYNOP       INTA_POCITO            615  F     F         1
 -888888.000 -888888.000 -888888.000 -888888.000     615.000       0.000     299.750       0.000       1.971     129.000      -1.713     129.000      18.000       0.000   92640.000       0.000 -888888.000 -888888.000
 20260731121000
   -31.6500  -68.3000 
  ECOHUMUS                                   SURFACE                                    
  FM-12 SYNOP       ECOHUMUS               600  F     F         1
 -888888.000 -888888.000 -888888.000 -888888.000     600.000       0.000     298.550       0.000      -0.467     129.000      -3.805     129.000      25.000       0.000   93460.000       0.000 -888888.000 -888888.000
 20260731121000
   -31.5192  -68.8178 
  PUNTA_NEGRA                                SURFACE                                    
  FM-12 SYNOP       PUNTA_NEGRA            800  F     F         1
 -888888.000 -888888.000 -888888.000 -888888.000     800.000       0.000     297.350       0.000       1.141     129.000       0.438     129.000      18.000       0.000   90430.000       0.000 -888888.000 -888888.000
 20260731121000
   -30.6335  -67.4682 
  VALLE_FERTIL                               SURFACE                                    
  FM-12 SYNOP       VALLE_FERTIL           900  F     F         1
 -888888.000 -888888.000 -888888.000 -888888.000     900.000       0.000     292.350       0.000       0.758     129.000       3.899     129.000      69.000       0.000   90390.000       0.000 -888888.000 -888888.000
 20260731121000
   -30.1833  -69.0667 
  CUESTA_Viento                              SURFACE                                    
  FM-12 SYNOP       CUESTA_Viento         1530  F     F         1
 -888888.000 -888888.000 -888888.000 -888888.000    1530.000       0.000     288.650       0.000      -3.590     129.000      -2.805     129.000      30.000       0.000   84480.000       0.000 -888888.000 -888888.000
 20260731121500
   -31.6500  -68.5833 
  INTA_POCITO                                SURFACE                                    
  FM-12 SYNOP       INTA_POCITO            615  F     F         1
 -888888.000 -888888.000 -888888.000 -888888.000     615.000       0.000     300.250       0.000       1.084     129.000      -2.222     129.000      17.000       0.000   92620.000       0.000 -888888.000 -888888.000
 20260731121500
   -31.6500  -68.3000 
  ECOHUMUS                                   SURFACE                                    
  FM-12 SYNOP       ECOHUMUS               600  F     F         1
 -888888.000 -888888.000 -888888.000 -888888.000     600.000       0.000     298.950       0.000      -0.066     129.000      -3.777     129.000      23.000       0.000   93450.000       0.000 -888888.000 -888888.000
 20260731121500
   -31.5192  -68.8178 
  PUNTA_NEGRA                                SURFACE                                    
  FM-12 SYNOP       PUNTA_NEGRA            800  F     F         1
 -888888.000 -888888.000 -888888.000 -888888.000     800.000       0.000     297.450       0.000       1.494     129.000       0.318     129.000      17.000       0.000   90430.000       0.000 -888888.000 -888888.000
 20260731121500
   -30.6335  -67.4682 
  VALLE_FERTIL                               SURFACE                                    
  FM-12 SYNOP       VALLE_FERTIL           900  F     F         1
 -888888.000 -888888.000 -888888.000 -888888.000     900.000       0.000     293.050       0.000      -1.468     129.000       1.813     129.000      66.000       0.000   90360.000       0.000 -888888.000 -888888.000
 20260731121500
   -30.1833  -69.0667 
  CUESTA_Viento                              SURFACE                                    
  FM-12 SYNOP       CUESTA_Viento         1530  F     F         1
 -888888.000 -888888.000 -888888.000 -888888.000    1530.000       0.000     288.850       0.000      -2.881     129.000      -1.731     129.000      30.000       0.000   84460.000       0.000 -888888.000 -888888.000
 20260731122000
   -31.6500  -68.5833 
  INTA_POCITO                                SURFACE                                    
  FM-12 SYNOP       INTA_POCITO            615  F     F         1
 -888888.000 -888888.000 -888888.000 -888888.000     615.000       0.000     300.450       0.000       2.130     129.000      -1.605     129.000      16.000       0.000   92620.000       0.000 -888888.000 -888888.000
 20260731122000
   -31.6500  -68.3000 
  ECOHUMUS                                   SURFACE                                    
  FM-12 SYNOP       ECOHUMUS               600  F     F         1
 -888888.000 -888888.000 -888888.000 -888888.000     600.000       0.000     299.150       0.000      -0.421     129.000      -4.006     129.000      22.000       0.000   93470.000       0.000 -888888.000 -888888.000
 20260731122000
   -31.5192  -68.8178 
  PUNTA_NEGRA                                SURFACE                                    
  FM-12 SYNOP       PUNTA_NEGRA            800  F     F         1
 -888888.000 -888888.000 -888888.000 -888888.000     800.000       0.000     297.450       0.000       1.619     129.000       0.256     129.000      17.000       0.000   90440.000       0.000 -888888.000 -888888.000
 20260731122000
   -30.6335  -67.4682 
  VALLE_FERTIL                               SURFACE                                    
  FM-12 SYNOP       VALLE_FERTIL           900  F     F         1
 -888888.000 -888888.000 -888888.000 -888888.000     900.000       0.000     293.850       0.000       0.141     129.000       2.691     129.000      62.000       0.000   90350.000       0.000 -888888.000 -888888.000
 20260731122000
   -30.1833  -69.0667 
  CUESTA_Viento                              SURFACE                                    
  FM-12 SYNOP       CUESTA_Viento         1530  F     F         1
 -888888.000 -888888.000 -888888.000 -888888.000    1530.000       0.000     288.550       0.000      -3.801     129.000      -2.194     129.000      31.000       0.000   84440.000       0.000 -888888.000 -888888.000
 20260731122500
   -31.6500  -68.5833 
  INTA_POCITO                                SURFACE                                    
  FM-12 SYNOP       INTA_POCITO            615  F     F         1
 -888888.000 -888888.000 -888888.000 -888888.000     615.000       0.000     300.850       0.000       1.528     129.000      -1.110     129.000      17.000       0.000   92620.000       0.000 -888888.000 -888888.000
 20260731122500
   -31.6500  -68.3000 
  ECOHUMUS                                   SURFACE                                    
  FM-12 SYNOP       ECOHUMUS               600  F     F         1
 -888888.000 -888888.000 -888888.000 -888888.000     600.000       0.000     299.650       0.000      -0.988     129.000      -3.962     129.000      21.000       0.000   93480.000       0.000 -888888.000 -888888.000
 20260731122500
   -31.5192  -68.8178 
  PUNTA_NEGRA                                SURFACE                                    
  FM-12 SYNOP       PUNTA_NEGRA            800  F     F         1
 -888888.000 -888888.000 -888888.000 -888888.000     800.000       0.000     297.450       0.000       1.440     129.000       0.306     129.000      17.000       0.000   90430.000       0.000 -888888.000 -888888.000
 20260731122500
   -30.6335  -67.4682 
  VALLE_FERTIL                               SURFACE                                    
  FM-12 SYNOP       VALLE_FERTIL           900  F     F         1
 -888888.000 -888888.000 -888888.000 -888888.000     900.000       0.000     294.350       0.000       0.615     129.000       1.786     129.000      60.000       0.000   90350.000       0.000 -888888.000 -888888.000
 20260731122500
   -30.1833  -69.0667 
  CUESTA_Viento                              SURFACE                                    
  FM-12 SYNOP       CUESTA_Viento         1530  F     F         1
 -888888.000 -888888.000 -888888.000 -888888.000    1530.000       0.000     288.350       0.000      -3.394     129.000      -2.558     129.000      33.000       0.000   84450.000       0.000 -888888.000 -888888.000
 20260731123000
   -31.6500  -68.5833 
  INTA_POCITO                                SURFACE                                    
  FM-12 SYNOP       INTA_POCITO            615  F     F         1
 -888888.000 -888888.000 -888888.000 -888888.000     615.000       0.000     300.850       0.000       0.895     129.000      -1.757     129.000      16.000       0.000   92610.000       0.000 -888888.000 -888888.000
 20260731123000
   -31.6500  -68.3000 
  ECOHUMUS                                   SURFACE                                    
  FM-12 SYNOP       ECOHUMUS               600  F     F         1
 -888888.000 -888888.000 -888888.000 -888888.000     600.000       0.000     299.550       0.000      -0.921     129.000      -3.693     129.000      22.000       0.000   93470.000       0.000 -888888.000 -888888.000
 20260731123000
   -31.5192  -68.8178 
  PUNTA_NEGRA                                SURFACE                                    
  FM-12 SYNOP       PUNTA_NEGRA            800  F     F         1
 -888888.000 -888888.000 -888888.000 -888888.000     800.000       0.000     298.250       0.000       0.820     129.000       0.664     129.000      16.000       0.000   90420.000       0.000 -888888.000 -888888.000
 20260731123000
   -30.6335  -67.4682 
  VALLE_FERTIL                               SURFACE                                    
  FM-12 SYNOP       VALLE_FERTIL           900  F     F         1
 -888888.000 -888888.000 -888888.000 -888888.000     900.000       0.000     294.750       0.000       0.228     129.000       2.601     129.000      45.000       0.000   90340.000       0.000 -888888.000 -888888.000
 20260731123000
   -30.1833  -69.0667 
  CUESTA_Viento                              SURFACE                                    
  FM-12 SYNOP       CUESTA_Viento         1530  F     F         1
 -888888.000 -888888.000 -888888.000 -888888.000    1530.000       0.000     287.850       0.000      -3.043     129.000      -1.292     129.000      35.000       0.000   84440.000       0.000 -888888.000 -888888.000
 20260731123500
   -31.6500  -68.5833 
  INTA_POCITO                                SURFACE                                    
  FM-12 SYNOP       INTA_POCITO            615  F     F         1
 -888888.000 -888888.000 -888888.000 -888888.000     615.000       0.000     300.950       0.000       1.131     129.000      -0.853     129.000      16.000       0.000   92600.000       0.000 -888888.000 -888888.000
 20260731123500
   -31.6500  -68.3000 
  ECOHUMUS                                   SURFACE                                    
  FM-12 SYNOP       ECOHUMUS               600  F     F         1
 -888888.000 -888888.000 -888888.000 -888888.000     600.000       0.000     299.550       0.000      -0.574     129.000      -3.622     129.000      22.000       0.000   93470.000       0.000 -888888.000 -888888.000
 20260731123500
   -31.5192  -68.8178 
  PUNTA_NEGRA                                SURFACE                                    
  FM-12 SYNOP       PUNTA_NEGRA            800  F     F         1
 -888888.000 -888888.000 -888888.000 -888888.000     800.000       0.000     298.250       0.000       2.962     129.000      -0.630     129.000      17.000       0.000   90420.000       0.000 -888888.000 -888888.000
 20260731123500
   -30.6335  -67.4682 
  VALLE_FERTIL                               SURFACE                                    
  FM-12 SYNOP       VALLE_FERTIL           900  F     F         1
 -888888.000 -888888.000 -888888.000 -888888.000     900.000       0.000     299.250       0.000       5.928     129.000      -1.700     129.000      18.000       0.000   90310.000       0.000 -888888.000 -888888.000
 20260731123500
   -30.1833  -69.0667 
  CUESTA_Viento                              SURFACE                                    
  FM-12 SYNOP       CUESTA_Viento         1530  F     F         1
 -888888.000 -888888.000 -888888.000 -888888.000    1530.000       0.000     288.350       0.000      -3.777     129.000      -2.008     129.000      31.000       0.000   84430.000       0.000 -888888.000 -888888.000
 20260731124000
   -31.6500  -68.5833 
  INTA_POCITO                                SURFACE                                    
  FM-12 SYNOP       INTA_POCITO            615  F     F         1
 -888888.000 -888888.000 -888888.000 -888888.000     615.000       0.000     300.850       0.000       1.212     129.000      -1.796     129.000      17.000       0.000   92600.000       0.000 -888888.000 -888888.000
 20260731124000
   -31.6500  -68.3000 
  ECOHUMUS                                   SURFACE                                    
  FM-12 SYNOP       ECOHUMUS               600  F     F         1
 -888888.000 -888888.000 -888888.000 -888888.000     600.000       0.000     299.550       0.000      -1.181     129.000      -5.115     129.000      21.000       0.000   93480.000       0.000 -888888.000 -888888.000
 20260731124000
   -31.5192  -68.8178 
  PUNTA_NEGRA                                SURFACE                                    
  FM-12 SYNOP       PUNTA_NEGRA            800  F     F         1
 -888888.000 -888888.000 -888888.000 -888888.000     800.000       0.000     297.750       0.000       1.641     129.000       1.329     129.000      17.000       0.000   90410.000       0.000 -888888.000 -888888.000
 20260731124000
   -30.6335  -67.4682 
  VALLE_FERTIL                               SURFACE                                    
  FM-12 SYNOP       VALLE_FERTIL           900  F     F         1
 -888888.000 -888888.000 -888888.000 -888888.000     900.000       0.000     300.350       0.000       4.793     129.000      -5.140     129.000      17.000       0.000   90290.000       0.000 -888888.000 -888888.000
 20260731124000
   -30.1833  -69.0667 
  CUESTA_Viento                              SURFACE                                    
  FM-12 SYNOP       CUESTA_Viento         1530  F     F         1
 -888888.000 -888888.000 -888888.000 -888888.000    1530.000       0.000     288.450       0.000      -3.097     129.000      -2.991     129.000      31.000       0.000   84440.000       0.000 -888888.000 -888888.000
 20260731124500
   -31.6500  -68.5833 
  INTA_POCITO                                SURFACE                                    
  FM-12 SYNOP       INTA_POCITO            615  F     F         1
 -888888.000 -888888.000 -888888.000 -888888.000     615.000       0.000     300.550       0.000       1.605     129.000      -2.130     129.000      17.000       0.000   92600.000       0.000 -888888.000 -888888.000
 20260731124500
   -31.6500  -68.3000 
  ECOHUMUS                                   SURFACE                                    
  FM-12 SYNOP       ECOHUMUS               600  F     F         1
 -888888.000 -888888.000 -888888.000 -888888.000     600.000       0.000     299.550       0.000      -0.569     129.000      -4.632     129.000      22.000       0.000   93470.000       0.000 -888888.000 -888888.000
 20260731124500
   -31.5192  -68.8178 
  PUNTA_NEGRA                                SURFACE                                    
  FM-12 SYNOP       PUNTA_NEGRA            800  F     F         1
 -888888.000 -888888.000 -888888.000 -888888.000     800.000       0.000     298.450       0.000       1.426     129.000      -0.548     129.000      17.000       0.000   90430.000       0.000 -888888.000 -888888.000
 20260731124500
   -30.6335  -67.4682 
  VALLE_FERTIL                               SURFACE                                    
  FM-12 SYNOP       VALLE_FERTIL           900  F     F         1
 -888888.000 -888888.000 -888888.000 -888888.000     900.000       0.000     300.450       0.000       9.048     129.000      -1.923     129.000      17.000       0.000   90280.000       0.000 -888888.000 -888888.000
 20260731124500
   -30.1833  -69.0667 
  CUESTA_Viento                              SURFACE                                    
  FM-12 SYNOP       CUESTA_Viento         1530  F     F         1
 -888888.000 -888888.000 -888888.000 -888888.000    1530.000       0.000     288.450       0.000      -3.049     129.000      -2.135     129.000      31.000       0.000   84420.000       0.000 -888888.000 -888888.000
 20260731125000
   -31.6500  -68.5833 
  INTA_POCITO                                SURFACE                                    
  FM-12 SYNOP       INTA_POCITO            615  F     F         1
 -888888.000 -888888.000 -888888.000 -888888.000     615.000       0.000     300.450       0.000       1.216     129.000      -2.864     129.000      17.000       0.000   92580.000       0.000 -888888.000 -888888.000
 20260731125000
   -31.6500  -68.3000 
  ECOHUMUS                                   SURFACE                                    
  FM-12 SYNOP       ECOHUMUS               600  F     F         1
 -888888.000 -888888.000 -888888.000 -888888.000     600.000       0.000     299.750       0.000      -2.031     129.000      -4.355     129.000      22.000       0.000   93480.000       0.000 -888888.000 -888888.000
 20260731125000
   -31.5192  -68.8178 
  PUNTA_NEGRA                                SURFACE                                    
  FM-12 SYNOP       PUNTA_NEGRA            800  F     F         1
 -888888.000 -888888.000 -888888.000 -888888.000     800.000       0.000     298.250       0.000       1.048     129.000       0.681     129.000      17.000       0.000   90410.000       0.000 -888888.000 -888888.000
 20260731125000
   -30.6335  -67.4682 
  VALLE_FERTIL                               SURFACE                                    
  FM-12 SYNOP       VALLE_FERTIL           900  F     F         1
 -888888.000 -888888.000 -888888.000 -888888.000     900.000       0.000     300.450       0.000       9.871     129.000      -4.395     129.000      16.000       0.000   90260.000       0.000 -888888.000 -888888.000
 20260731125000
   -30.1833  -69.0667 
  CUESTA_Viento                              SURFACE                                    
  FM-12 SYNOP       CUESTA_Viento         1530  F     F         1
 -888888.000 -888888.000 -888888.000 -888888.000    1530.000       0.000     288.550       0.000      -1.846     129.000      -1.023     129.000      31.000       0.000   84420.000       0.000 -888888.000 -888888.000
 20260731125500
   -31.6500  -68.5833 
  INTA_POCITO                                SURFACE                                    
  FM-12 SYNOP       INTA_POCITO            615  F     F         1
 -888888.000 -888888.000 -888888.000 -888888.000     615.000       0.000     300.650       0.000       1.197     129.000      -1.532     129.000      17.000       0.000   92600.000       0.000 -888888.000 -888888.000
 20260731125500
   -31.6500  -68.3000 
  ECOHUMUS                                   SURFACE                                    
  FM-12 SYNOP       ECOHUMUS               600  F     F         1
 -888888.000 -888888.000 -888888.000 -888888.000     600.000       0.000     300.050       0.000      -1.632     129.000      -5.339     129.000      20.000       0.000   93460.000       0.000 -888888.000 -888888.000
 20260731125500
   -31.5192  -68.8178 
  PUNTA_NEGRA                                SURFACE                                    
  FM-12 SYNOP       PUNTA_NEGRA            800  F     F         1
 -888888.000 -888888.000 -888888.000 -888888.000     800.000       0.000     298.850       0.000      -0.265     129.000       1.363     129.000      17.000       0.000   90420.000       0.000 -888888.000 -888888.000
 20260731125500
   -30.6335  -67.4682 
  VALLE_FERTIL                               SURFACE                                    
  FM-12 SYNOP       VALLE_FERTIL           900  F     F         1
 -888888.000 -888888.000 -888888.000 -888888.000     900.000       0.000     300.450       0.000       9.394     129.000      -0.657     129.000      15.000       0.000   90270.000       0.000 -888888.000 -888888.000
 20260731125500
   -30.1833  -69.0667 
  CUESTA_Viento                              SURFACE                                    
  FM-12 SYNOP       CUESTA_Viento         1530  F     F         1
 -888888.000 -888888.000 -888888.000 -888888.000    1530.000       0.000     288.950       0.000      -3.383     129.000      -0.781     129.000      29.000       0.000   84410.000       0.000 -888888.000 -888888.000
 20260731130000
   -31.6500  -68.5833 
  INTA_POCITO                                SURFACE                                    
  FM-12 SYNOP       INTA_POCITO            615  F     F         1
 -888888.000 -888888.000 -888888.000 -888888.000     615.000       0.000     300.850       0.000       1.691     129.000      -1.016     129.000      16.000       0.000   92600.000       0.000 -888888.000 -888888.000
 20260731130000
   -31.6500  -68.3000 
  ECOHUMUS                                   SURFACE                                    
  FM-12 SYNOP       ECOHUMUS               600  F     F         1
 -888888.000 -888888.000 -888888.000 -888888.000     600.000       0.000     300.550       0.000      -0.180     129.000      -5.164     129.000      19.000       0.000   93450.000       0.000 -888888.000 -888888.000
 20260731130000
   -31.5192  -68.8178 
  PUNTA_NEGRA                                SURFACE                                    
  FM-12 SYNOP       PUNTA_NEGRA            800  F     F         1
 -888888.000 -888888.000 -888888.000 -888888.000     800.000       0.000     298.650       0.000       0.625     129.000       0.745     129.000      17.000       0.000   90410.000       0.000 -888888.000 -888888.000
 20260731130000
   -30.6335  -67.4682 
  VALLE_FERTIL                               SURFACE                                    
  FM-12 SYNOP       VALLE_FERTIL           900  F     F         1
 -888888.000 -888888.000 -888888.000 -888888.000     900.000       0.000     300.450       0.000      11.608     129.000      -3.549     129.000      15.000       0.000   90290.000       0.000 -888888.000 -888888.000
 20260731130000
   -30.1833  -69.0667 
  CUESTA_Viento                              SURFACE                                    
  FM-12 SYNOP       CUESTA_Viento         1530  F     F         1
 -888888.000 -888888.000 -888888.000 -888888.000    1530.000       0.000     288.950       0.000      -4.349     129.000      -2.411     129.000      29.000       0.000   84410.000       0.000 -888888.000 -888888.000
 20260731130500
   -31.6500  -68.5833 
  INTA_POCITO                                SURFACE                                    
  FM-12 SYNOP       INTA_POCITO            615  F     F         1
 -888888.000 -888888.000 -888888.000 -888888.000     615.000       0.000     300.850       0.000       0.985     129.000      -0.770     129.000      16.000       0.000   92600.000       0.000 -888888.000 -888888.000
 20260731130500
   -31.6500  -68.3000 
  ECOHUMUS                                   SURFACE                                    
  FM-12 SYNOP       ECOHUMUS               600  F     F         1
 -888888.000 -888888.000 -888888.000 -888888.000     600.000       0.000     300.550       0.000      -0.421     129.000      -4.815     129.000      19.000       0.000   93470.000       0.000 -888888.000 -888888.000
 20260731130500
   -31.5192  -68.8178 
  PUNTA_NEGRA                                SURFACE                                    
  FM-12 SYNOP       PUNTA_NEGRA            800  F     F         1
 -888888.000 -888888.000 -888888.000 -888888.000     800.000       0.000     298.750       0.000       1.092     129.000       0.765     129.000      17.000       0.000   90410.000       0.000 -888888.000 -888888.000
 20260731130500
   -30.1833  -69.0667 
  CUESTA_Viento                              SURFACE                                    
  FM-12 SYNOP       CUESTA_Viento         1530  F     F         1
 -888888.000 -888888.000 -888888.000 -888888.000    1530.000       0.000     288.750       0.000      -4.465     129.000      -3.489     129.000      30.000       0.000   84410.000       0.000 -888888.000 -888888.000
 20260731131000
   -31.6500  -68.5833 
  INTA_POCITO                                SURFACE                                    
  FM-12 SYNOP       INTA_POCITO            615  F     F         1
 -888888.000 -888888.000 -888888.000 -888888.000     615.000       0.000     301.050       0.000       1.589     129.000      -1.072     129.000      16.000       0.000   92610.000       0.000 -888888.000 -888888.000
 20260731131000
   -31.6500  -68.3000 
  ECOHUMUS                                   SURFACE                                    
  FM-12 SYNOP       ECOHUMUS               600  F     F         1
 -888888.000 -888888.000 -888888.000 -888888.000     600.000       0.000     300.750       0.000       0.000     129.000      -4.083     129.000      20.000       0.000   93470.000       0.000 -888888.000 -888888.000
 20260731131000
   -31.5192  -68.8178 
  PUNTA_NEGRA                                SURFACE                                    
  FM-12 SYNOP       PUNTA_NEGRA            800  F     F         1
 -888888.000 -888888.000 -888888.000 -888888.000     800.000       0.000     298.250       0.000      -0.722     129.000       1.251     129.000      18.000       0.000   90410.000       0.000 -888888.000 -888888.000
 20260731131000
   -30.6335  -67.4682 
  VALLE_FERTIL                               SURFACE                                    
  FM-12 SYNOP       VALLE_FERTIL           900  F     F         1
 -888888.000 -888888.000 -888888.000 -888888.000     900.000       0.000     300.750       0.000       9.641     129.000      -1.013     129.000      14.000       0.000   90230.000       0.000 -888888.000 -888888.000
 20260731131000
   -30.1833  -69.0667 
  CUESTA_Viento                              SURFACE                                    
  FM-12 SYNOP       CUESTA_Viento         1530  F     F         1
 -888888.000 -888888.000 -888888.000 -888888.000    1530.000       0.000     289.050       0.000      -2.948     129.000      -1.988     129.000      30.000       0.000   84400.000       0.000 -888888.000 -888888.000
 20260731131500
   -31.6500  -68.5833 
  INTA_POCITO                                SURFACE                                    
  FM-12 SYNOP       INTA_POCITO            615  F     F         1
 -888888.000 -888888.000 -888888.000 -888888.000     615.000       0.000     301.050       0.000       0.988     129.000      -2.327     129.000      16.000       0.000   92610.000       0.000 -888888.000 -888888.000
 20260731131500
   -31.6500  -68.3000 
  ECOHUMUS                                   SURFACE                                    
  FM-12 SYNOP       ECOHUMUS               600  F     F         1
 -888888.000 -888888.000 -888888.000 -888888.000     600.000       0.000     301.150       0.000      -0.482     129.000      -5.507     129.000      18.000       0.000   93490.000       0.000 -888888.000 -888888.000
 20260731131500
   -31.5192  -68.8178 
  PUNTA_NEGRA                                SURFACE                                    
  FM-12 SYNOP       PUNTA_NEGRA            800  F     F         1
 -888888.000 -888888.000 -888888.000 -888888.000     800.000       0.000     298.350       0.000       1.202     129.000       0.345     129.000      17.000       0.000   90430.000       0.000 -888888.000 -888888.000
 20260731131500
   -30.6335  -67.4682 
  VALLE_FERTIL                               SURFACE                                    
  FM-12 SYNOP       VALLE_FERTIL           900  F     F         1
 -888888.000 -888888.000 -888888.000 -888888.000     900.000       0.000     300.950       0.000      11.001     129.000      -2.948     129.000      14.000       0.000   90240.000       0.000 -888888.000 -888888.000
 20260731131500
   -30.1833  -69.0667 
  CUESTA_Viento                              SURFACE                                    
  FM-12 SYNOP       CUESTA_Viento         1530  F     F         1
 -888888.000 -888888.000 -888888.000 -888888.000    1530.000       0.000     289.050       0.000      -2.296     129.000      -2.378     129.000      31.000       0.000   84400.000       0.000 -888888.000 -888888.000
 20260731132000
   -31.6500  -68.5833 
  INTA_POCITO                                SURFACE                                    
  FM-12 SYNOP       INTA_POCITO            615  F     F         1
 -888888.000 -888888.000 -888888.000 -888888.000     615.000       0.000     301.250       0.000       1.972     129.000      -0.962     129.000      17.000       0.000   92620.000       0.000 -888888.000 -888888.000
 20260731132000
   -31.6500  -68.3000 
  ECOHUMUS                                   SURFACE                                    
  FM-12 SYNOP       ECOHUMUS               600  F     F         1
 -888888.000 -888888.000 -888888.000 -888888.000     600.000       0.000     300.950       0.000       0.097     129.000      -5.555     129.000      19.000       0.000   93500.000       0.000 -888888.000 -888888.000
 20260731132000
   -31.5192  -68.8178 
  PUNTA_NEGRA                                SURFACE                                    
  FM-12 SYNOP       PUNTA_NEGRA            800  F     F         1
 -888888.000 -888888.000 -888888.000 -888888.000     800.000       0.000     298.250       0.000       0.289     129.000       1.159     129.000      18.000       0.000   90450.000       0.000 -888888.000 -888888.000
 20260731132000
   -30.6335  -67.4682 
  VALLE_FERTIL                               SURFACE                                    
  FM-12 SYNOP       VALLE_FERTIL           900  F     F         1
 -888888.000 -888888.000 -888888.000 -888888.000     900.000       0.000     300.850       0.000       9.562     129.000      -4.664     129.000      14.000       0.000   90240.000       0.000 -888888.000 -888888.000
 20260731132000
   -30.1833  -69.0667 
  CUESTA_Viento                              SURFACE                                    
  FM-12 SYNOP       CUESTA_Viento         1530  F     F         1
 -888888.000 -888888.000 -888888.000 -888888.000    1530.000       0.000     289.450       0.000      -3.486     129.000      -2.179     129.000      30.000       0.000   84400.000       0.000 -888888.000 -888888.000
 20260731132500
   -31.6500  -68.5833 
  INTA_POCITO                                SURFACE                                    
  FM-12 SYNOP       INTA_POCITO            615  F     F         1
 -888888.000 -888888.000 -888888.000 -888888.000     615.000       0.000     301.050       0.000       1.421     129.000      -1.635     129.000      16.000       0.000   92630.000       0.000 -888888.000 -888888.000
 20260731132500
   -31.6500  -68.3000 
  ECOHUMUS                                   SURFACE                                    
  FM-12 SYNOP       ECOHUMUS               600  F     F         1
 -888888.000 -888888.000 -888888.000 -888888.000     600.000       0.000     300.650       0.000      -0.821     129.000      -5.185     129.000      21.000       0.000   93510.000       0.000 -888888.000 -888888.000
 20260731132500
   -31.5192  -68.8178 
  PUNTA_NEGRA                                SURFACE                                    
  FM-12 SYNOP       PUNTA_NEGRA            800  F     F         1
 -888888.000 -888888.000 -888888.000 -888888.000     800.000       0.000     297.950       0.000      -0.270     129.000       1.391     129.000      18.000       0.000   90440.000       0.000 -888888.000 -888888.000
 20260731132500
   -30.6335  -67.4682 
  VALLE_FERTIL                               SURFACE                                    
  FM-12 SYNOP       VALLE_FERTIL           900  F     F         1
 -888888.000 -888888.000 -888888.000 -888888.000     900.000       0.000     300.850       0.000      13.089     129.000      -1.145     129.000      14.000       0.000   90250.000       0.000 -888888.000 -888888.000
 20260731132500
   -30.1833  -69.0667 
  CUESTA_Viento                              SURFACE                                    
  FM-12 SYNOP       CUESTA_Viento         1530  F     F         1
 -888888.000 -888888.000 -888888.000 -888888.000    1530.000       0.000     289.850       0.000      -3.117     129.000      -2.807     129.000      28.000       0.000   84370.000       0.000 -888888.000 -888888.000
 20260731133000
   -31.6500  -68.5833 
  INTA_POCITO                                SURFACE                                    
  FM-12 SYNOP       INTA_POCITO            615  F     F         1
 -888888.000 -888888.000 -888888.000 -888888.000     615.000       0.000     301.050       0.000       1.351     129.000      -2.004     129.000      17.000       0.000   92630.000       0.000 -888888.000 -888888.000
 20260731133000
   -31.6500  -68.3000 
  ECOHUMUS                                   SURFACE                                    
  FM-12 SYNOP       ECOHUMUS               600  F     F         1
 -888888.000 -888888.000 -888888.000 -888888.000     600.000       0.000     300.650       0.000      -1.250     129.000      -5.413     129.000      20.000       0.000   93500.000       0.000 -888888.000 -888888.000
 20260731133000
   -31.5192  -68.8178 
  PUNTA_NEGRA                                SURFACE                                    
  FM-12 SYNOP       PUNTA_NEGRA            800  F     F         1
 -888888.000 -888888.000 -888888.000 -888888.000     800.000       0.000     298.550       0.000       1.334     129.000       0.622     129.000      17.000       0.000   90450.000       0.000 -888888.000 -888888.000
 20260731133000
   -30.6335  -67.4682 
  VALLE_FERTIL                               SURFACE                                    
  FM-12 SYNOP       VALLE_FERTIL           900  F     F         1
 -888888.000 -888888.000 -888888.000 -888888.000     900.000       0.000     300.750       0.000      12.183     129.000      -1.280     129.000      14.000       0.000   90230.000       0.000 -888888.000 -888888.000
 20260731133000
   -30.1833  -69.0667 
  CUESTA_Viento                              SURFACE                                    
  FM-12 SYNOP       CUESTA_Viento         1530  F     F         1
 -888888.000 -888888.000 -888888.000 -888888.000    1530.000       0.000     290.150       0.000      -3.890     129.000      -2.527     129.000      27.000       0.000   84380.000       0.000 -888888.000 -888888.000
 20260731133500
   -31.6500  -68.5833 
  INTA_POCITO                                SURFACE                                    
  FM-12 SYNOP       INTA_POCITO            615  F     F         1
 -888888.000 -888888.000 -888888.000 -888888.000     615.000       0.000     300.850       0.000       1.896     129.000      -2.708     129.000      16.000       0.000   92640.000       0.000 -888888.000 -888888.000
 20260731133500
   -31.6500  -68.3000 
  ECOHUMUS                                   SURFACE                                    
  FM-12 SYNOP       ECOHUMUS               600  F     F         1
 -888888.000 -888888.000 -888888.000 -888888.000     600.000       0.000     300.450       0.000      -0.178     129.000      -5.108     129.000      19.000       0.000   93490.000       0.000 -888888.000 -888888.000
 20260731133500
   -31.5192  -68.8178 
  PUNTA_NEGRA                                SURFACE                                    
  FM-12 SYNOP       PUNTA_NEGRA            800  F     F         1
 -888888.000 -888888.000 -888888.000 -888888.000     800.000       0.000     298.550       0.000       1.020     129.000      -0.273     129.000      17.000       0.000   90460.000       0.000 -888888.000 -888888.000
 20260731133500
   -30.6335  -67.4682 
  VALLE_FERTIL                               SURFACE                                    
  FM-12 SYNOP       VALLE_FERTIL           900  F     F         1
 -888888.000 -888888.000 -888888.000 -888888.000     900.000       0.000     300.650       0.000      13.467     129.000      -0.942     129.000      13.000       0.000   90200.000       0.000 -888888.000 -888888.000
 20260731133500
   -30.1833  -69.0667 
  CUESTA_Viento                              SURFACE                                    
  FM-12 SYNOP       CUESTA_Viento         1530  F     F         1
 -888888.000 -888888.000 -888888.000 -888888.000    1530.000       0.000     290.250       0.000      -3.476     129.000      -3.860     129.000      26.000       0.000   84370.000       0.000 -888888.000 -888888.000
 20260731134000
   -31.6500  -68.5833 
  INTA_POCITO                                SURFACE                                    
  FM-12 SYNOP       INTA_POCITO            615  F     F         1
 -888888.000 -888888.000 -888888.000 -888888.000     615.000       0.000     300.650       0.000       2.390     129.000      -3.681     129.000      16.000       0.000   92650.000       0.000 -888888.000 -888888.000
 20260731134000
   -31.6500  -68.3000 
  ECOHUMUS                                   SURFACE                                    
  FM-12 SYNOP       ECOHUMUS               600  F     F         1
 -888888.000 -888888.000 -888888.000 -888888.000     600.000       0.000     301.050       0.000      -0.334     129.000      -3.819     129.000      19.000       0.000   93480.000       0.000 -888888.000 -888888.000
 20260731134000
   -31.5192  -68.8178 
  PUNTA_NEGRA                                SURFACE                                    
  FM-12 SYNOP       PUNTA_NEGRA            800  F     F         1
 -888888.000 -888888.000 -888888.000 -888888.000     800.000       0.000     298.350       0.000       1.865     129.000      -0.642     129.000      17.000       0.000   90490.000       0.000 -888888.000 -888888.000
 20260731134000
   -30.6335  -67.4682 
  VALLE_FERTIL                               SURFACE                                    
  FM-12 SYNOP       VALLE_FERTIL           900  F     F         1
 -888888.000 -888888.000 -888888.000 -888888.000     900.000       0.000     300.750       0.000      12.648     129.000      -2.003     129.000      13.000       0.000   90240.000       0.000 -888888.000 -888888.000
 20260731134000
   -30.1833  -69.0667 
  CUESTA_Viento                              SURFACE                                    
  FM-12 SYNOP       CUESTA_Viento         1530  F     F         1
 -888888.000 -888888.000 -888888.000 -888888.000    1530.000       0.000     289.950       0.000      -4.336     129.000      -4.187     129.000      28.000       0.000   84370.000       0.000 -888888.000 -888888.000
 20260731134500
   -31.6500  -68.5833 
  INTA_POCITO                                SURFACE                                    
  FM-12 SYNOP       INTA_POCITO            615  F     F         1
 -888888.000 -888888.000 -888888.000 -888888.000     615.000       0.000     300.450       0.000       1.283     129.000      -4.197     129.000      17.000       0.000   92640.000       0.000 -888888.000 -888888.000
 20260731134500
   -31.6500  -68.3000 
  ECOHUMUS                                   SURFACE                                    
  FM-12 SYNOP       ECOHUMUS               600  F     F         1
 -888888.000 -888888.000 -888888.000 -888888.000     600.000       0.000     301.050       0.000      -1.330     129.000      -4.095     129.000      19.000       0.000   93470.000       0.000 -888888.000 -888888.000
 20260731134500
   -31.5192  -68.8178 
  PUNTA_NEGRA                                SURFACE                                    
  FM-12 SYNOP       PUNTA_NEGRA            800  F     F         1
 -888888.000 -888888.000 -888888.000 -888888.000     800.000       0.000     298.650       0.000       0.957     129.000       1.531     129.000      17.000       0.000   90470.000       0.000 -888888.000 -888888.000
 20260731134500
   -30.6335  -67.4682 
  VALLE_FERTIL                               SURFACE                                    
  FM-12 SYNOP       VALLE_FERTIL           900  F     F         1
 -888888.000 -888888.000 -888888.000 -888888.000     900.000       0.000     300.750       0.000      10.298     129.000      -2.189     129.000      13.000       0.000   90250.000       0.000 -888888.000 -888888.000
 20260731134500
   -30.1833  -69.0667 
  CUESTA_Viento                              SURFACE                                    
  FM-12 SYNOP       CUESTA_Viento         1530  F     F         1
 -888888.000 -888888.000 -888888.000 -888888.000    1530.000       0.000     290.050       0.000      -4.073     129.000      -2.852     129.000      28.000       0.000   84350.000       0.000 -888888.000 -888888.000
 20260731135000
   -31.6500  -68.5833 
  INTA_POCITO                                SURFACE                                    
  FM-12 SYNOP       INTA_POCITO            615  F     F         1
 -888888.000 -888888.000 -888888.000 -888888.000     615.000       0.000     300.650       0.000       2.126     129.000      -3.998     129.000      16.000       0.000   92630.000       0.000 -888888.000 -888888.000
 20260731135000
   -31.6500  -68.3000 
  ECOHUMUS                                   SURFACE                                    
  FM-12 SYNOP       ECOHUMUS               600  F     F         1
 -888888.000 -888888.000 -888888.000 -888888.000     600.000       0.000     301.450       0.000       2.011     129.000      -4.517     129.000      18.000       0.000   93460.000       0.000 -888888.000 -888888.000
 20260731135000
   -31.5192  -68.8178 
  PUNTA_NEGRA                                SURFACE                                    
  FM-12 SYNOP       PUNTA_NEGRA            800  F     F         1
 -888888.000 -888888.000 -888888.000 -888888.000     800.000       0.000     298.650       0.000       1.079     129.000      -0.094     129.000      17.000       0.000   90470.000       0.000 -888888.000 -888888.000
 20260731135000
   -30.6335  -67.4682 
  VALLE_FERTIL                               SURFACE                                    
  FM-12 SYNOP       VALLE_FERTIL           900  F     F         1
 -888888.000 -888888.000 -888888.000 -888888.000     900.000       0.000     300.450       0.000      11.775     129.000      -3.377     129.000      14.000       0.000   90280.000       0.000 -888888.000 -888888.000
 20260731135000
   -30.1833  -69.0667 
  CUESTA_Viento                              SURFACE                                    
  FM-12 SYNOP       CUESTA_Viento         1530  F     F         1
 -888888.000 -888888.000 -888888.000 -888888.000    1530.000       0.000     290.350       0.000      -4.697     129.000      -3.412     129.000      27.000       0.000   84350.000       0.000 -888888.000 -888888.000
 20260731135500
   -31.6500  -68.5833 
  INTA_POCITO                                SURFACE                                    
  FM-12 SYNOP       INTA_POCITO            615  F     F         1
 -888888.000 -888888.000 -888888.000 -888888.000     615.000       0.000     300.650       0.000       1.786     129.000      -2.128     129.000      17.000       0.000   92630.000       0.000 -888888.000 -888888.000
 20260731135500
   -31.6500  -68.3000 
  ECOHUMUS                                   SURFACE                                    
  FM-12 SYNOP       ECOHUMUS               600  F     F         1
 -888888.000 -888888.000 -888888.000 -888888.000     600.000       0.000     301.250       0.000       1.262     129.000      -5.467     129.000      18.000       0.000   93470.000       0.000 -888888.000 -888888.000
 20260731135500
   -31.5192  -68.8178 
  PUNTA_NEGRA                                SURFACE                                    
  FM-12 SYNOP       PUNTA_NEGRA            800  F     F         1
 -888888.000 -888888.000 -888888.000 -888888.000     800.000       0.000     298.550       0.000       1.685     129.000      -0.177     129.000      18.000       0.000   90480.000       0.000 -888888.000 -888888.000
 20260731135500
   -30.6335  -67.4682 
  VALLE_FERTIL                               SURFACE                                    
  FM-12 SYNOP       VALLE_FERTIL           900  F     F         1
 -888888.000 -888888.000 -888888.000 -888888.000     900.000       0.000     300.650       0.000      10.414     129.000      -2.986     129.000      14.000       0.000   90250.000       0.000 -888888.000 -888888.000
 20260731135500
   -30.1833  -69.0667 
  CUESTA_Viento                              SURFACE                                    
  FM-12 SYNOP       CUESTA_Viento         1530  F     F         1
 -888888.000 -888888.000 -888888.000 -888888.000    1530.000       0.000     290.250       0.000      -4.956     129.000      -2.747     129.000      26.000       0.000   84350.000       0.000 -888888.000 -888888.000
 20260731140000
   -31.6500  -68.5833 
  INTA_POCITO                                SURFACE                                    
  FM-12 SYNOP       INTA_POCITO            615  F     F         1
 -888888.000 -888888.000 -888888.000 -888888.000     615.000       0.000     300.650       0.000       2.756     129.000      -1.113     129.000      17.000       0.000   92620.000       0.000 -888888.000 -888888.000
 20260731140000
   -31.6500  -68.3000 
  ECOHUMUS                                   SURFACE                                    
  FM-12 SYNOP       ECOHUMUS               600  F     F         1
 -888888.000 -888888.000 -888888.000 -888888.000     600.000       0.000     301.250       0.000      -1.055     129.000      -5.426     129.000      19.000       0.000   93470.000       0.000 -888888.000 -888888.000
 20260731140000
   -31.5192  -68.8178 
  PUNTA_NEGRA                                SURFACE                                    
  FM-12 SYNOP       PUNTA_NEGRA            800  F     F         1
 -888888.000 -888888.000 -888888.000 -888888.000     800.000       0.000     298.650       0.000       1.225     129.000      -1.685     129.000      18.000       0.000   90470.000       0.000 -888888.000 -888888.000
 20260731140000
   -30.6335  -67.4682 
  VALLE_FERTIL                               SURFACE                                    
  FM-12 SYNOP       VALLE_FERTIL           900  F     F         1
 -888888.000 -888888.000 -888888.000 -888888.000     900.000       0.000     300.450       0.000      10.611     129.000       0.000     129.000      13.000       0.000   90250.000       0.000 -888888.000 -888888.000
 20260731140000
   -30.1833  -69.0667 
  CUESTA_Viento                              SURFACE                                    
  FM-12 SYNOP       CUESTA_Viento         1530  F     F         1
 -888888.000 -888888.000 -888888.000 -888888.000    1530.000       0.000     290.450       0.000      -5.006     129.000      -3.505     129.000      25.000       0.000   84310.000       0.000 -888888.000 -888888.000
 20260731140500
   -31.6500  -68.5833 
  INTA_POCITO                                SURFACE                                    
  FM-12 SYNOP       INTA_POCITO            615  F     F         1
 -888888.000 -888888.000 -888888.000 -888888.000     615.000       0.000     300.850       0.000       2.229     129.000      -2.007     129.000      17.000       0.000   92630.000       0.000 -888888.000 -888888.000
 20260731140500
   -31.6500  -68.3000 
  ECOHUMUS                                   SURFACE                                    
  FM-12 SYNOP       ECOHUMUS               600  F     F         1
 -888888.000 -888888.000 -888888.000 -888888.000     600.000       0.000     301.450       0.000      -0.765     129.000      -4.829     129.000      19.000       0.000   93470.000       0.000 -888888.000 -888888.000
 20260731140500
   -31.5192  -68.8178 
  PUNTA_NEGRA                                SURFACE                                    
  FM-12 SYNOP       PUNTA_NEGRA            800  F     F         1
 -888888.000 -888888.000 -888888.000 -888888.000     800.000       0.000     298.350       0.000       1.708     129.000      -0.986     129.000      18.000       0.000   90470.000       0.000 -888888.000 -888888.000
 20260731140500
   -30.6335  -67.4682 
  VALLE_FERTIL                               SURFACE                                    
  FM-12 SYNOP       VALLE_FERTIL           900  F     F         1
 -888888.000 -888888.000 -888888.000 -888888.000     900.000       0.000     300.350       0.000      12.352     129.000      -3.776     129.000      13.000       0.000   90240.000       0.000 -888888.000 -888888.000
 20260731140500
   -30.1833  -69.0667 
  CUESTA_Viento                              SURFACE                                    
  FM-12 SYNOP       CUESTA_Viento         1530  F     F         1
 -888888.000 -888888.000 -888888.000 -888888.000    1530.000       0.000     290.650       0.000      -4.520     129.000      -2.935     129.000      25.000       0.000   84330.000       0.000 -888888.000 -888888.000
 20260731141000
   -31.6500  -68.5833 
  INTA_POCITO                                SURFACE                                    
  FM-12 SYNOP       INTA_POCITO            615  F     F         1
 -888888.000 -888888.000 -888888.000 -888888.000     615.000       0.000     300.650       0.000       2.788     129.000      -3.096     129.000      17.000       0.000   92630.000       0.000 -888888.000 -888888.000
 20260731141000
   -31.6500  -68.3000 
  ECOHUMUS                                   SURFACE                                    
  FM-12 SYNOP       ECOHUMUS               600  F     F         1
 -888888.000 -888888.000 -888888.000 -888888.000     600.000       0.000     301.650       0.000      -0.357     129.000      -5.099     129.000      15.000       0.000   93480.000       0.000 -888888.000 -888888.000
 20260731141000
   -31.5192  -68.8178 
  PUNTA_NEGRA                                SURFACE                                    
  FM-12 SYNOP       PUNTA_NEGRA            800  F     F         1
 -888888.000 -888888.000 -888888.000 -888888.000     800.000       0.000     298.350       0.000       1.241     129.000       0.152     129.000      19.000       0.000   90460.000       0.000 -888888.000 -888888.000
 20260731141000
   -30.6335  -67.4682 
  VALLE_FERTIL                               SURFACE                                    
  FM-12 SYNOP       VALLE_FERTIL           900  F     F         1
 -888888.000 -888888.000 -888888.000 -888888.000     900.000       0.000     300.350       0.000      11.981     129.000      -4.361     129.000      13.000       0.000   90230.000       0.000 -888888.000 -888888.000
 20260731141000
   -30.1833  -69.0667 
  CUESTA_Viento                              SURFACE                                    
  FM-12 SYNOP       CUESTA_Viento         1530  F     F         1
 -888888.000 -888888.000 -888888.000 -888888.000    1530.000       0.000     290.750       0.000      -3.875     129.000      -4.618     129.000      24.000       0.000   84340.000       0.000 -888888.000 -888888.000
 20260731141500
   -31.6500  -68.5833 
  INTA_POCITO                                SURFACE                                    
  FM-12 SYNOP       INTA_POCITO            615  F     F         1
 -888888.000 -888888.000 -888888.000 -888888.000     615.000       0.000     300.350       0.000       3.108     129.000      -2.898     129.000      17.000       0.000   92650.000       0.000 -888888.000 -888888.000
 20260731141500
   -31.6500  -68.3000 
  ECOHUMUS                                   SURFACE                                    
  FM-12 SYNOP       ECOHUMUS               600  F     F         1
 -888888.000 -888888.000 -888888.000 -888888.000     600.000       0.000     301.850       0.000       0.360     129.000      -5.154     129.000      14.000       0.000   93480.000       0.000 -888888.000 -888888.000
 20260731141500
   -31.5192  -68.8178 
  PUNTA_NEGRA                                SURFACE                                    
  FM-12 SYNOP       PUNTA_NEGRA            800  F     F         1
 -888888.000 -888888.000 -888888.000 -888888.000     800.000       0.000     298.550       0.000       1.825     129.000      -0.489     129.000      18.000       0.000   90470.000       0.000 -888888.000 -888888.000
 20260731141500
   -30.6335  -67.4682 
  VALLE_FERTIL                               SURFACE                                    
  FM-12 SYNOP       VALLE_FERTIL           900  F     F         1
 -888888.000 -888888.000 -888888.000 -888888.000     900.000       0.000     300.250       0.000      11.860     129.000      -0.829     129.000      13.000       0.000   90270.000       0.000 -888888.000 -888888.000
 20260731141500
   -30.1833  -69.0667 
  CUESTA_Viento                              SURFACE                                    
  FM-12 SYNOP       CUESTA_Viento         1530  F     F         1
 -888888.000 -888888.000 -888888.000 -888888.000    1530.000       0.000     290.650       0.000      -4.104     129.000      -1.914     129.000      24.000       0.000   84320.000       0.000 -888888.000 -888888.000
 20260731142000
   -31.6500  -68.5833 
  INTA_POCITO                                SURFACE                                    
  FM-12 SYNOP       INTA_POCITO            615  F     F         1
 -888888.000 -888888.000 -888888.000 -888888.000     615.000       0.000     300.150       0.000       3.633     129.000      -3.271     129.000      17.000       0.000   92650.000       0.000 -888888.000 -888888.000
 20260731142000
   -31.6500  -68.3000 
  ECOHUMUS                                   SURFACE                                    
  FM-12 SYNOP       ECOHUMUS               600  F     F         1
 -888888.000 -888888.000 -888888.000 -888888.000     600.000       0.000     301.850       0.000       1.734     129.000      -5.336     129.000      14.000       0.000   93480.000       0.000 -888888.000 -888888.000
 20260731142000
   -31.5192  -68.8178 
  PUNTA_NEGRA                                SURFACE                                    
  FM-12 SYNOP       PUNTA_NEGRA            800  F     F         1
 -888888.000 -888888.000 -888888.000 -888888.000     800.000       0.000     298.050       0.000       1.124     129.000       0.816     129.000      19.000       0.000   90470.000       0.000 -888888.000 -888888.000
 20260731142000
   -30.6335  -67.4682 
  VALLE_FERTIL                               SURFACE                                    
  FM-12 SYNOP       VALLE_FERTIL           900  F     F         1
 -888888.000 -888888.000 -888888.000 -888888.000     900.000       0.000     300.350       0.000       9.349     129.000      -3.777     129.000      13.000       0.000   90270.000       0.000 -888888.000 -888888.000
 20260731142000
   -30.1833  -69.0667 
  CUESTA_Viento                              SURFACE                                    
  FM-12 SYNOP       CUESTA_Viento         1530  F     F         1
 -888888.000 -888888.000 -888888.000 -888888.000    1530.000       0.000     290.450       0.000      -5.418     129.000      -4.388     129.000      25.000       0.000   84320.000       0.000 -888888.000 -888888.000
 20260731142500
   -31.6500  -68.5833 
  INTA_POCITO                                SURFACE                                    
  FM-12 SYNOP       INTA_POCITO            615  F     F         1
 -888888.000 -888888.000 -888888.000 -888888.000     615.000       0.000     300.050       0.000       2.996     129.000      -1.397     129.000      18.000       0.000   92670.000       0.000 -888888.000 -888888.000
 20260731142500
   -31.6500  -68.3000 
  ECOHUMUS                                   SURFACE                                    
  FM-12 SYNOP       ECOHUMUS               600  F     F         1
 -888888.000 -888888.000 -888888.000 -888888.000     600.000       0.000     301.650       0.000       1.981     129.000      -5.752     129.000      14.000       0.000   93480.000       0.000 -888888.000 -888888.000
 20260731142500
   -31.5192  -68.8178 
  PUNTA_NEGRA                                SURFACE                                    
  FM-12 SYNOP       PUNTA_NEGRA            800  F     F         1
 -888888.000 -888888.000 -888888.000 -888888.000     800.000       0.000     297.950       0.000       1.709     129.000       0.210     129.000      19.000       0.000   90480.000       0.000 -888888.000 -888888.000
 20260731142500
   -30.6335  -67.4682 
  VALLE_FERTIL                               SURFACE                                    
  FM-12 SYNOP       VALLE_FERTIL           900  F     F         1
 -888888.000 -888888.000 -888888.000 -888888.000     900.000       0.000     300.550       0.000      10.753     129.000      -1.320     129.000      13.000       0.000   90290.000       0.000 -888888.000 -888888.000
 20260731142500
   -30.1833  -69.0667 
  CUESTA_Viento                              SURFACE                                    
  FM-12 SYNOP       CUESTA_Viento         1530  F     F         1
 -888888.000 -888888.000 -888888.000 -888888.000    1530.000       0.000     290.350       0.000      -7.498     129.000      -5.650     129.000      24.000       0.000   84310.000       0.000 -888888.000 -888888.000
 20260731143000
   -31.6500  -68.5833 
  INTA_POCITO                                SURFACE                                    
  FM-12 SYNOP       INTA_POCITO            615  F     F         1
 -888888.000 -888888.000 -888888.000 -888888.000     615.000       0.000     300.150       0.000       2.100     129.000      -2.333     129.000      18.000       0.000   92670.000       0.000 -888888.000 -888888.000
 20260731143000
   -31.6500  -68.3000 
  ECOHUMUS                                   SURFACE                                    
  FM-12 SYNOP       ECOHUMUS               600  F     F         1
 -888888.000 -888888.000 -888888.000 -888888.000     600.000       0.000     301.450       0.000       0.505     129.000      -4.807     129.000      14.000       0.000   93480.000       0.000 -888888.000 -888888.000
 20260731143000
   -31.5192  -68.8178 
  PUNTA_NEGRA                                SURFACE                                    
  FM-12 SYNOP       PUNTA_NEGRA            800  F     F         1
 -888888.000 -888888.000 -888888.000 -888888.000     800.000       0.000     298.050       0.000       1.231     129.000       0.217     129.000      19.000       0.000   90480.000       0.000 -888888.000 -888888.000
 20260731143000
   -30.6335  -67.4682 
  VALLE_FERTIL                               SURFACE                                    
  FM-12 SYNOP       VALLE_FERTIL           900  F     F         1
 -888888.000 -888888.000 -888888.000 -888888.000     900.000       0.000     300.350       0.000       8.746     129.000      -3.012     129.000      13.000       0.000   90290.000       0.000 -888888.000 -888888.000
 20260731143000
   -30.1833  -69.0667 
  CUESTA_Viento                              SURFACE                                    
  FM-12 SYNOP       CUESTA_Viento         1530  F     F         1
 -888888.000 -888888.000 -888888.000 -888888.000    1530.000       0.000     290.350       0.000      -5.702     129.000      -4.957     129.000      24.000       0.000   84320.000       0.000 -888888.000 -888888.000
 20260731143500
   -31.6500  -68.5833 
  INTA_POCITO                                SURFACE                                    
  FM-12 SYNOP       INTA_POCITO            615  F     F         1
 -888888.000 -888888.000 -888888.000 -888888.000     615.000       0.000     300.050       0.000       2.423     129.000      -3.592     129.000      19.000       0.000   92690.000       0.000 -888888.000 -888888.000
 20260731143500
   -31.6500  -68.3000 
  ECOHUMUS                                   SURFACE                                    
  FM-12 SYNOP       ECOHUMUS               600  F     F         1
 -888888.000 -888888.000 -888888.000 -888888.000     600.000       0.000     301.850       0.000       0.830     129.000      -5.240     129.000      14.000       0.000   93460.000       0.000 -888888.000 -888888.000
 20260731143500
   -31.5192  -68.8178 
  PUNTA_NEGRA                                SURFACE                                    
  FM-12 SYNOP       PUNTA_NEGRA            800  F     F         1
 -888888.000 -888888.000 -888888.000 -888888.000     800.000       0.000     297.950       0.000       1.044     129.000      -0.380     129.000      19.000       0.000   90500.000       0.000 -888888.000 -888888.000
 20260731143500
   -30.6335  -67.4682 
  VALLE_FERTIL                               SURFACE                                    
  FM-12 SYNOP       VALLE_FERTIL           900  F     F         1
 -888888.000 -888888.000 -888888.000 -888888.000     900.000       0.000     300.450       0.000       8.918     129.000      -2.557     129.000      13.000       0.000   90290.000       0.000 -888888.000 -888888.000
 20260731143500
   -30.1833  -69.0667 
  CUESTA_Viento                              SURFACE                                    
  FM-12 SYNOP       CUESTA_Viento         1530  F     F         1
 -888888.000 -888888.000 -888888.000 -888888.000    1530.000       0.000     290.750       0.000      -5.929     129.000      -3.562     129.000      23.000       0.000   84310.000       0.000 -888888.000 -888888.000
 20260731144000
   -31.6500  -68.5833 
  INTA_POCITO                                SURFACE                                    
  FM-12 SYNOP       INTA_POCITO            615  F     F         1
 -888888.000 -888888.000 -888888.000 -888888.000     615.000       0.000     299.750       0.000       2.491     129.000      -2.766     129.000      18.000       0.000   92720.000       0.000 -888888.000 -888888.000
 20260731144000
   -31.6500  -68.3000 
  ECOHUMUS                                   SURFACE                                    
  FM-12 SYNOP       ECOHUMUS               600  F     F         1
 -888888.000 -888888.000 -888888.000 -888888.000     600.000       0.000     301.250       0.000       1.085     129.000      -6.155     129.000      14.000       0.000   93470.000       0.000 -888888.000 -888888.000
 20260731144000
   -31.5192  -68.8178 
  PUNTA_NEGRA                                SURFACE                                    
  FM-12 SYNOP       PUNTA_NEGRA            800  F     F         1
 -888888.000 -888888.000 -888888.000 -888888.000     800.000       0.000     297.950       0.000       1.423     129.000       0.756     129.000      19.000       0.000   90520.000       0.000 -888888.000 -888888.000
 20260731144000
   -30.6335  -67.4682 
  VALLE_FERTIL                               SURFACE                                    
  FM-12 SYNOP       VALLE_FERTIL           900  F     F         1
 -888888.000 -888888.000 -888888.000 -888888.000     900.000       0.000     300.750       0.000       8.354     129.000      -1.026     129.000      14.000       0.000   90300.000       0.000 -888888.000 -888888.000
 20260731144000
   -30.1833  -69.0667 
  CUESTA_Viento                              SURFACE                                    
  FM-12 SYNOP       CUESTA_Viento         1530  F     F         1
 -888888.000 -888888.000 -888888.000 -888888.000    1530.000       0.000     290.650       0.000      -7.232     129.000      -5.450     129.000      23.000       0.000   84300.000       0.000 -888888.000 -888888.000
 20260731144500
   -31.6500  -68.5833 
  INTA_POCITO                                SURFACE                                    
  FM-12 SYNOP       INTA_POCITO            615  F     F         1
 -888888.000 -888888.000 -888888.000 -888888.000     615.000       0.000     299.850       0.000       1.435     129.000      -3.223     129.000      18.000       0.000   92690.000       0.000 -888888.000 -888888.000
 20260731144500
   -31.6500  -68.3000 
  ECOHUMUS                                   SURFACE                                    
  FM-12 SYNOP       ECOHUMUS               600  F     F         1
 -888888.000 -888888.000 -888888.000 -888888.000     600.000       0.000     301.450       0.000       3.044     129.000      -4.514     129.000      14.000       0.000   93470.000       0.000 -888888.000 -888888.000
 20260731144500
   -31.5192  -68.8178 
  PUNTA_NEGRA                                SURFACE                                    
  FM-12 SYNOP       PUNTA_NEGRA            800  F     F         1
 -888888.000 -888888.000 -888888.000 -888888.000     800.000       0.000     297.350       0.000       1.181     129.000       2.422     129.000      20.000       0.000   90500.000       0.000 -888888.000 -888888.000
 20260731144500
   -30.6335  -67.4682 
  VALLE_FERTIL                               SURFACE                                    
  FM-12 SYNOP       VALLE_FERTIL           900  F     F         1
 -888888.000 -888888.000 -888888.000 -888888.000     900.000       0.000     300.550       0.000       8.932     129.000      -3.977     129.000      14.000       0.000   90320.000       0.000 -888888.000 -888888.000
 20260731144500
   -30.1833  -69.0667 
  CUESTA_Viento                              SURFACE                                    
  FM-12 SYNOP       CUESTA_Viento         1530  F     F         1
 -888888.000 -888888.000 -888888.000 -888888.000    1530.000       0.000     290.650       0.000      -4.996     129.000      -6.877     129.000      22.000       0.000   84300.000       0.000 -888888.000 -888888.000
 20260731145000
   -31.6500  -68.5833 
  INTA_POCITO                                SURFACE                                    
  FM-12 SYNOP       INTA_POCITO            615  F     F         1
 -888888.000 -888888.000 -888888.000 -888888.000     615.000       0.000     299.950       0.000       2.426     129.000      -2.035     129.000      19.000       0.000   92690.000       0.000 -888888.000 -888888.000
 20260731145000
   -31.6500  -68.3000 
  ECOHUMUS                                   SURFACE                                    
  FM-12 SYNOP       ECOHUMUS               600  F     F         1
 -888888.000 -888888.000 -888888.000 -888888.000     600.000       0.000     301.150       0.000       3.315     129.000      -3.555     129.000      14.000       0.000   93480.000       0.000 -888888.000 -888888.000
 20260731145000
   -31.5192  -68.8178 
  PUNTA_NEGRA                                SURFACE                                    
  FM-12 SYNOP       PUNTA_NEGRA            800  F     F         1
 -888888.000 -888888.000 -888888.000 -888888.000     800.000       0.000     296.950       0.000       1.641     129.000       1.192     129.000      21.000       0.000   90520.000       0.000 -888888.000 -888888.000
 20260731145000
   -30.6335  -67.4682 
  VALLE_FERTIL                               SURFACE                                    
  FM-12 SYNOP       VALLE_FERTIL           900  F     F         1
 -888888.000 -888888.000 -888888.000 -888888.000     900.000       0.000     300.350       0.000       8.894     129.000      -2.218     129.000      14.000       0.000   90310.000       0.000 -888888.000 -888888.000
 20260731145000
   -30.1833  -69.0667 
  CUESTA_Viento                              SURFACE                                    
  FM-12 SYNOP       CUESTA_Viento         1530  F     F         1
 -888888.000 -888888.000 -888888.000 -888888.000    1530.000       0.000     290.450       0.000      -6.714     129.000      -6.483     129.000      23.000       0.000   84330.000       0.000 -888888.000 -888888.000
 20260731145500
   -31.6500  -68.5833 
  INTA_POCITO                                SURFACE                                    
  FM-12 SYNOP       INTA_POCITO            615  F     F         1
 -888888.000 -888888.000 -888888.000 -888888.000     615.000       0.000     299.850       0.000       1.427     129.000      -2.575     129.000      19.000       0.000   92700.000       0.000 -888888.000 -888888.000
 20260731145500
   -31.6500  -68.3000 
  ECOHUMUS                                   SURFACE                                    
  FM-12 SYNOP       ECOHUMUS               600  F     F         1
 -888888.000 -888888.000 -888888.000 -888888.000     600.000       0.000     301.150       0.000       4.449     129.000      -1.889     129.000      15.000       0.000   93510.000       0.000 -888888.000 -888888.000
 20260731145500
   -31.5192  -68.8178 
  PUNTA_NEGRA                                SURFACE                                    
  FM-12 SYNOP       PUNTA_NEGRA            800  F     F         1
 -888888.000 -888888.000 -888888.000 -888888.000     800.000       0.000     296.950       0.000      -0.131     129.000       1.494     129.000      21.000       0.000   90500.000       0.000 -888888.000 -888888.000
 20260731145500
   -30.6335  -67.4682 
  VALLE_FERTIL                               SURFACE                                    
  FM-12 SYNOP       VALLE_FERTIL           900  F     F         1
 -888888.000 -888888.000 -888888.000 -888888.000     900.000       0.000     300.550       0.000       6.928     129.000       0.484     129.000      15.000       0.000   90300.000       0.000 -888888.000 -888888.000
 20260731145500
   -30.1833  -69.0667 
  CUESTA_Viento                              SURFACE                                    
  FM-12 SYNOP       CUESTA_Viento         1530  F     F         1
 -888888.000 -888888.000 -888888.000 -888888.000    1530.000       0.000     290.450       0.000      -8.014     129.000      -5.204     129.000      22.000       0.000   84330.000       0.000 -888888.000 -888888.000
 20260731150000
   -31.6500  -68.5833 
  INTA_POCITO                                SURFACE                                    
  FM-12 SYNOP       INTA_POCITO            615  F     F         1
 -888888.000 -888888.000 -888888.000 -888888.000     615.000       0.000     299.750       0.000       1.275     129.000      -4.171     129.000      19.000       0.000   92680.000       0.000 -888888.000 -888888.000
 20260731150000
   -31.6500  -68.3000 
  ECOHUMUS                                   SURFACE                                    
  FM-12 SYNOP       ECOHUMUS               600  F     F         1
 -888888.000 -888888.000 -888888.000 -888888.000     600.000       0.000     300.950       0.000       3.850     129.000      -3.850     129.000      15.000       0.000   93530.000       0.000 -888888.000 -888888.000
 20260731150000
   -31.5192  -68.8178 
  PUNTA_NEGRA                                SURFACE                                    
  FM-12 SYNOP       PUNTA_NEGRA            800  F     F         1
 -888888.000 -888888.000 -888888.000 -888888.000     800.000       0.000     296.250       0.000       0.946     129.000       2.464     129.000      22.000       0.000   90510.000       0.000 -888888.000 -888888.000
 20260731150000
   -30.6335  -67.4682 
  VALLE_FERTIL                               SURFACE                                    
  FM-12 SYNOP       VALLE_FERTIL           900  F     F         1
 -888888.000 -888888.000 -888888.000 -888888.000     900.000       0.000     300.250       0.000       9.106     129.000       0.318     129.000      15.000       0.000   90340.000       0.000 -888888.000 -888888.000
 20260731150000
   -30.1833  -69.0667 
  CUESTA_Viento                              SURFACE                                    
  FM-12 SYNOP       CUESTA_Viento         1530  F     F         1
 -888888.000 -888888.000 -888888.000 -888888.000    1530.000       0.000     290.350       0.000      -8.944     129.000      -6.498     129.000      22.000       0.000   84320.000       0.000 -888888.000 -888888.000
 20260731150500
   -31.6500  -68.5833 
  INTA_POCITO                                SURFACE                                    
  FM-12 SYNOP       INTA_POCITO            615  F     F         1
 -888888.000 -888888.000 -888888.000 -888888.000     615.000       0.000     299.750       0.000       2.643     129.000      -3.149     129.000      19.000       0.000   92680.000       0.000 -888888.000 -888888.000
 20260731150500
   -31.6500  -68.3000 
  ECOHUMUS                                   SURFACE                                    
  FM-12 SYNOP       ECOHUMUS               600  F     F         1
 -888888.000 -888888.000 -888888.000 -888888.000     600.000       0.000     300.950       0.000       4.794     129.000      -2.338     129.000      15.000       0.000   93560.000       0.000 -888888.000 -888888.000
 20260731150500
   -31.5192  -68.8178 
  PUNTA_NEGRA                                SURFACE                                    
  FM-12 SYNOP       PUNTA_NEGRA            800  F     F         1
 -888888.000 -888888.000 -888888.000 -888888.000     800.000       0.000     296.150       0.000      -1.663     129.000       2.662     129.000      21.000       0.000   90540.000       0.000 -888888.000 -888888.000
 20260731150500
   -30.6335  -67.4682 
  VALLE_FERTIL                               SURFACE                                    
  FM-12 SYNOP       VALLE_FERTIL           900  F     F         1
 -888888.000 -888888.000 -888888.000 -888888.000     900.000       0.000     300.050       0.000       9.694     129.000       0.000     129.000      15.000       0.000   90360.000       0.000 -888888.000 -888888.000
 20260731150500
   -30.1833  -69.0667 
  CUESTA_Viento                              SURFACE                                    
  FM-12 SYNOP       CUESTA_Viento         1530  F     F         1
 -888888.000 -888888.000 -888888.000 -888888.000    1530.000       0.000     290.350       0.000      -7.316     129.000      -6.360     129.000      22.000       0.000   84350.000       0.000 -888888.000 -888888.000
 20260731151000
   -31.6500  -68.5833 
  INTA_POCITO                                SURFACE                                    
  FM-12 SYNOP       INTA_POCITO            615  F     F         1
 -888888.000 -888888.000 -888888.000 -888888.000     615.000       0.000     299.750       0.000       2.204     129.000      -3.034     129.000      19.000       0.000   92700.000       0.000 -888888.000 -888888.000
 20260731151000
   -31.6500  -68.3000 
  ECOHUMUS                                   SURFACE                                    
  FM-12 SYNOP       ECOHUMUS               600  F     F         1
 -888888.000 -888888.000 -888888.000 -888888.000     600.000       0.000     300.750       0.000       5.271     129.000      -1.120     129.000      15.000       0.000   93560.000       0.000 -888888.000 -888888.000
 20260731151000
   -31.5192  -68.8178 
  PUNTA_NEGRA                                SURFACE                                    
  FM-12 SYNOP       PUNTA_NEGRA            800  F     F         1
 -888888.000 -888888.000 -888888.000 -888888.000     800.000       0.000     296.050       0.000       0.377     129.000       3.591     129.000      21.000       0.000   90560.000       0.000 -888888.000 -888888.000
 20260731151000
   -30.6335  -67.4682 
  VALLE_FERTIL                               SURFACE                                    
  FM-12 SYNOP       VALLE_FERTIL           900  F     F         1
 -888888.000 -888888.000 -888888.000 -888888.000     900.000       0.000     300.050       0.000       9.149     129.000      -2.452     129.000      15.000       0.000   90350.000       0.000 -888888.000 -888888.000
 20260731151000
   -30.1833  -69.0667 
  CUESTA_Viento                              SURFACE                                    
  FM-12 SYNOP       CUESTA_Viento         1530  F     F         1
 -888888.000 -888888.000 -888888.000 -888888.000    1530.000       0.000     289.950       0.000      -5.818     129.000      -6.461     129.000      24.000       0.000   84350.000       0.000 -888888.000 -888888.000
 20260731151500
   -31.6500  -68.5833 
  INTA_POCITO                                SURFACE                                    
  FM-12 SYNOP       INTA_POCITO            615  F     F         1
 -888888.000 -888888.000 -888888.000 -888888.000     615.000       0.000     299.450       0.000       2.963     129.000      -4.232     129.000      19.000       0.000   92700.000       0.000 -888888.000 -888888.000
 20260731151500
   -31.6500  -68.3000 
  ECOHUMUS                                   SURFACE                                    
  FM-12 SYNOP       ECOHUMUS               600  F     F         1
 -888888.000 -888888.000 -888888.000 -888888.000     600.000       0.000     300.350       0.000       4.813     129.000      -3.246     129.000      15.000       0.000   93570.000       0.000 -888888.000 -888888.000
 20260731151500
   -31.5192  -68.8178 
  PUNTA_NEGRA                                SURFACE                                    
  FM-12 SYNOP       PUNTA_NEGRA            800  F     F         1
 -888888.000 -888888.000 -888888.000 -888888.000     800.000       0.000     296.650       0.000       1.331     129.000       1.003     129.000      20.000       0.000   90590.000       0.000 -888888.000 -888888.000
 20260731151500
   -30.6335  -67.4682 
  VALLE_FERTIL                               SURFACE                                    
  FM-12 SYNOP       VALLE_FERTIL           900  F     F         1
 -888888.000 -888888.000 -888888.000 -888888.000     900.000       0.000     299.950       0.000       8.720     129.000      -2.337     129.000      15.000       0.000   90360.000       0.000 -888888.000 -888888.000
 20260731151500
   -30.1833  -69.0667 
  CUESTA_Viento                              SURFACE                                    
  FM-12 SYNOP       CUESTA_Viento         1530  F     F         1
 -888888.000 -888888.000 -888888.000 -888888.000    1530.000       0.000     290.050       0.000      -6.265     129.000      -2.659     129.000      24.000       0.000   84350.000       0.000 -888888.000 -888888.000
 20260731152000
   -31.6500  -68.5833 
  INTA_POCITO                                SURFACE                                    
  FM-12 SYNOP       INTA_POCITO            615  F     F         1
 -888888.000 -888888.000 -888888.000 -888888.000     615.000       0.000     299.350       0.000       0.495     129.000      -3.128     129.000      19.000       0.000   92710.000       0.000 -888888.000 -888888.000
 20260731152000
   -31.6500  -68.3000 
  ECOHUMUS                                   SURFACE                                    
  FM-12 SYNOP       ECOHUMUS               600  F     F         1
 -888888.000 -888888.000 -888888.000 -888888.000     600.000       0.000     300.450       0.000       4.369     129.000      -2.131     129.000      15.000       0.000   93570.000       0.000 -888888.000 -888888.000
 20260731152000
   -31.5192  -68.8178 
  PUNTA_NEGRA                                SURFACE                                    
  FM-12 SYNOP       PUNTA_NEGRA            800  F     F         1
 -888888.000 -888888.000 -888888.000 -888888.000     800.000       0.000     296.350       0.000       2.374     129.000       1.789     129.000      20.000       0.000   90580.000       0.000 -888888.000 -888888.000
 20260731152000
   -30.6335  -67.4682 
  VALLE_FERTIL                               SURFACE                                    
  FM-12 SYNOP       VALLE_FERTIL           900  F     F         1
 -888888.000 -888888.000 -888888.000 -888888.000     900.000       0.000     300.050       0.000       8.800     129.000      -0.307     129.000      15.000       0.000   90350.000       0.000 -888888.000 -888888.000
 20260731152000
   -30.1833  -69.0667 
  CUESTA_Viento                              SURFACE                                    
  FM-12 SYNOP       CUESTA_Viento         1530  F     F         1
 -888888.000 -888888.000 -888888.000 -888888.000    1530.000       0.000     290.550       0.000      -7.145     129.000      -4.125     129.000      22.000       0.000   84340.000       0.000 -888888.000 -888888.000
 20260731152500
   -31.6500  -68.5833 
  INTA_POCITO                                SURFACE                                    
  FM-12 SYNOP       INTA_POCITO            615  F     F         1
 -888888.000 -888888.000 -888888.000 -888888.000     615.000       0.000     299.150       0.000       2.203     129.000      -3.667     129.000      19.000       0.000   92720.000       0.000 -888888.000 -888888.000
 20260731152500
   -31.6500  -68.3000 
  ECOHUMUS                                   SURFACE                                    
  FM-12 SYNOP       ECOHUMUS               600  F     F         1
 -888888.000 -888888.000 -888888.000 -888888.000     600.000       0.000     300.850       0.000       3.703     129.000      -3.107     129.000      15.000       0.000   93580.000       0.000 -888888.000 -888888.000
 20260731152500
   -31.5192  -68.8178 
  PUNTA_NEGRA                                SURFACE                                    
  FM-12 SYNOP       PUNTA_NEGRA            800  F     F         1
 -888888.000 -888888.000 -888888.000 -888888.000     800.000       0.000     296.450       0.000       0.956     129.000       0.669     129.000      20.000       0.000   90610.000       0.000 -888888.000 -888888.000
 20260731152500
   -30.6335  -67.4682 
  VALLE_FERTIL                               SURFACE                                    
  FM-12 SYNOP       VALLE_FERTIL           900  F     F         1
 -888888.000 -888888.000 -888888.000 -888888.000     900.000       0.000     300.150       0.000       9.326     129.000      -2.325     129.000      15.000       0.000   90350.000       0.000 -888888.000 -888888.000
 20260731152500
   -30.1833  -69.0667 
  CUESTA_Viento                              SURFACE                                    
  FM-12 SYNOP       CUESTA_Viento         1530  F     F         1
 -888888.000 -888888.000 -888888.000 -888888.000    1530.000       0.000     290.750       0.000      -7.815     129.000      -3.811     129.000      21.000       0.000   84340.000       0.000 -888888.000 -888888.000
 20260731153000
   -31.6500  -68.5833 
  INTA_POCITO                                SURFACE                                    
  FM-12 SYNOP       INTA_POCITO            615  F     F         1
 -888888.000 -888888.000 -888888.000 -888888.000     615.000       0.000     299.150       0.000       2.172     129.000      -2.780     129.000      19.000       0.000   92740.000       0.000 -888888.000 -888888.000
 20260731153000
   -31.6500  -68.3000 
  ECOHUMUS                                   SURFACE                                    
  FM-12 SYNOP       ECOHUMUS               600  F     F         1
 -888888.000 -888888.000 -888888.000 -888888.000     600.000       0.000     300.550       0.000       3.838     129.000      -2.892     129.000      15.000       0.000   93600.000       0.000 -888888.000 -888888.000
 20260731153000
   -31.5192  -68.8178 
  PUNTA_NEGRA                                SURFACE                                    
  FM-12 SYNOP       PUNTA_NEGRA            800  F     F         1
 -888888.000 -888888.000 -888888.000 -888888.000     800.000       0.000     296.450       0.000      -1.753     129.000       1.274     129.000      19.000       0.000   90630.000       0.000 -888888.000 -888888.000
 20260731153000
   -30.6335  -67.4682 
  VALLE_FERTIL                               SURFACE                                    
  FM-12 SYNOP       VALLE_FERTIL           900  F     F         1
 -888888.000 -888888.000 -888888.000 -888888.000     900.000       0.000     300.350       0.000       5.941     129.000      -2.770     129.000      15.000       0.000   90360.000       0.000 -888888.000 -888888.000
 20260731153000
   -30.1833  -69.0667 
  CUESTA_Viento                              SURFACE                                    
  FM-12 SYNOP       CUESTA_Viento         1530  F     F         1
 -888888.000 -888888.000 -888888.000 -888888.000    1530.000       0.000     290.450       0.000      -5.634     129.000      -5.835     129.000      22.000       0.000   84360.000       0.000 -888888.000 -888888.000
 20260731153500
   -31.6500  -68.5833 
  INTA_POCITO                                SURFACE                                    
  FM-12 SYNOP       INTA_POCITO            615  F     F         1
 -888888.000 -888888.000 -888888.000 -888888.000     615.000       0.000     299.450       0.000       2.090     129.000      -2.773     129.000      19.000       0.000   92750.000       0.000 -888888.000 -888888.000
 20260731153500
   -31.6500  -68.3000 
  ECOHUMUS                                   SURFACE                                    
  FM-12 SYNOP       ECOHUMUS               600  F     F         1
 -888888.000 -888888.000 -888888.000 -888888.000     600.000       0.000     300.450       0.000       3.786     129.000      -2.275     129.000      15.000       0.000   93600.000       0.000 -888888.000 -888888.000
 20260731153500
   -31.5192  -68.8178 
  PUNTA_NEGRA                                SURFACE                                    
  FM-12 SYNOP       PUNTA_NEGRA            800  F     F         1
 -888888.000 -888888.000 -888888.000 -888888.000     800.000       0.000     296.750       0.000      -0.162     129.000       1.323     129.000      19.000       0.000   90640.000       0.000 -888888.000 -888888.000
 20260731153500
   -30.6335  -67.4682 
  VALLE_FERTIL                               SURFACE                                    
  FM-12 SYNOP       VALLE_FERTIL           900  F     F         1
 -888888.000 -888888.000 -888888.000 -888888.000     900.000       0.000     300.550       0.000       9.550     129.000      -5.514     129.000      14.000       0.000   90390.000       0.000 -888888.000 -888888.000
 20260731153500
   -30.1833  -69.0667 
  CUESTA_Viento                              SURFACE                                    
  FM-12 SYNOP       CUESTA_Viento         1530  F     F         1
 -888888.000 -888888.000 -888888.000 -888888.000    1530.000       0.000     290.650       0.000      -7.738     129.000      -5.219     129.000      21.000       0.000   84370.000       0.000 -888888.000 -888888.000
 20260731154000
   -31.6500  -68.5833 
  INTA_POCITO                                SURFACE                                    
  FM-12 SYNOP       INTA_POCITO            615  F     F         1
 -888888.000 -888888.000 -888888.000 -888888.000     615.000       0.000     299.350       0.000       0.822     129.000      -2.035     129.000      19.000       0.000   92760.000       0.000 -888888.000 -888888.000
 20260731154000
   -31.6500  -68.3000 
  ECOHUMUS                                   SURFACE                                    
  FM-12 SYNOP       ECOHUMUS               600  F     F         1
 -888888.000 -888888.000 -888888.000 -888888.000     600.000       0.000     300.450       0.000       3.826     129.000      -2.034     129.000      16.000       0.000   93630.000       0.000 -888888.000 -888888.000
 20260731154000
   -31.5192  -68.8178 
  PUNTA_NEGRA                                SURFACE                                    
  FM-12 SYNOP       PUNTA_NEGRA            800  F     F         1
 -888888.000 -888888.000 -888888.000 -888888.000     800.000       0.000     296.350       0.000      -1.825     129.000       0.489     129.000      19.000       0.000   90650.000       0.000 -888888.000 -888888.000
 20260731154000
   -30.1833  -69.0667 
  CUESTA_Viento                              SURFACE                                    
  FM-12 SYNOP       CUESTA_Viento         1530  F     F         1
 -888888.000 -888888.000 -888888.000 -888888.000    1530.000       0.000     290.450       0.000      -6.011     129.000      -4.054     129.000      23.000       0.000   84390.000       0.000 -888888.000 -888888.000
 20260731154500
   -31.6500  -68.5833 
  INTA_POCITO                                SURFACE                                    
  FM-12 SYNOP       INTA_POCITO            615  F     F         1
 -888888.000 -888888.000 -888888.000 -888888.000     615.000       0.000     299.650       0.000       0.725     129.000      -3.140     129.000      19.000       0.000   92780.000       0.000 -888888.000 -888888.000
 20260731154500
   -31.6500  -68.3000 
  ECOHUMUS                                   SURFACE                                    
  FM-12 SYNOP       ECOHUMUS               600  F     F         1
 -888888.000 -888888.000 -888888.000 -888888.000     600.000       0.000     300.150       0.000       2.438     129.000      -4.397     129.000      16.000       0.000   93650.000       0.000 -888888.000 -888888.000
 20260731154500
   -31.5192  -68.8178 
  PUNTA_NEGRA                                SURFACE                                    
  FM-12 SYNOP       PUNTA_NEGRA            800  F     F         1
 -888888.000 -888888.000 -888888.000 -888888.000     800.000       0.000     296.450       0.000       1.776     129.000      -0.791     129.000      18.000       0.000   90650.000       0.000 -888888.000 -888888.000
 20260731154500
   -30.1833  -69.0667 
  CUESTA_Viento                              SURFACE                                    
  FM-12 SYNOP       CUESTA_Viento         1530  F     F         1
 -888888.000 -888888.000 -888888.000 -888888.000    1530.000       0.000     290.750       0.000      -2.548     129.000      -1.531     129.000      23.000       0.000   84420.000       0.000 -888888.000 -888888.000
 20260731155000
   -31.6500  -68.5833 
  INTA_POCITO                                SURFACE                                    
  FM-12 SYNOP       INTA_POCITO            615  F     F         1
 -888888.000 -888888.000 -888888.000 -888888.000     615.000       0.000     299.150       0.000       3.265     129.000      -0.286     129.000      18.000       0.000   92810.000       0.000 -888888.000 -888888.000
 20260731155000
   -31.6500  -68.3000 
  ECOHUMUS                                   SURFACE                                    
  FM-12 SYNOP       ECOHUMUS               600  F     F         1
 -888888.000 -888888.000 -888888.000 -888888.000     600.000       0.000     300.150       0.000       2.589     129.000      -3.085     129.000      16.000       0.000   93660.000       0.000 -888888.000 -888888.000
 20260731155000
   -31.5192  -68.8178 
  PUNTA_NEGRA                                SURFACE                                    
  FM-12 SYNOP       PUNTA_NEGRA            800  F     F         1
 -888888.000 -888888.000 -888888.000 -888888.000     800.000       0.000     296.350       0.000       0.973     129.000       1.619     129.000      19.000       0.000   90640.000       0.000 -888888.000 -888888.000
 20260731155000
   -30.6335  -67.4682 
  VALLE_FERTIL                               SURFACE                                    
  FM-12 SYNOP       VALLE_FERTIL           900  F     F         1
 -888888.000 -888888.000 -888888.000 -888888.000     900.000       0.000     300.150       0.000       8.661     129.000       2.000     129.000      13.000       0.000   90380.000       0.000 -888888.000 -888888.000
 20260731155000
   -30.1833  -69.0667 
  CUESTA_Viento                              SURFACE                                    
  FM-12 SYNOP       CUESTA_Viento         1530  F     F         1
 -888888.000 -888888.000 -888888.000 -888888.000    1530.000       0.000     291.050       0.000      -1.636     129.000       0.763     129.000      23.000       0.000   84420.000       0.000 -888888.000 -888888.000
 20260731155500
   -31.6500  -68.5833 
  INTA_POCITO                                SURFACE                                    
  FM-12 SYNOP       INTA_POCITO            615  F     F         1
 -888888.000 -888888.000 -888888.000 -888888.000     615.000       0.000     299.050       0.000       2.573     129.000      -2.573     129.000      18.000       0.000   92800.000       0.000 -888888.000 -888888.000
 20260731155500
   -31.6500  -68.3000 
  ECOHUMUS                                   SURFACE                                    
  FM-12 SYNOP       ECOHUMUS               600  F     F         1
 -888888.000 -888888.000 -888888.000 -888888.000     600.000       0.000     300.050       0.000       3.845     129.000      -1.875     129.000      17.000       0.000   93690.000       0.000 -888888.000 -888888.000
 20260731155500
   -31.5192  -68.8178 
  PUNTA_NEGRA                                SURFACE                                    
  FM-12 SYNOP       PUNTA_NEGRA            800  F     F         1
 -888888.000 -888888.000 -888888.000 -888888.000     800.000       0.000     296.050       0.000      -2.097     129.000       1.362     129.000      19.000       0.000   90630.000       0.000 -888888.000 -888888.000
 20260731155500
   -30.6335  -67.4682 
  VALLE_FERTIL                               SURFACE                                    
  FM-12 SYNOP       VALLE_FERTIL           900  F     F         1
 -888888.000 -888888.000 -888888.000 -888888.000     900.000       0.000     300.450       0.000       9.283     129.000       0.649     129.000      14.000       0.000   90400.000       0.000 -888888.000 -888888.000
 20260731155500
   -30.1833  -69.0667 
  CUESTA_Viento                              SURFACE                                    
  FM-12 SYNOP       CUESTA_Viento         1530  F     F         1
 -888888.000 -888888.000 -888888.000 -888888.000    1530.000       0.000     290.850       0.000      -1.381     129.000       0.830     129.000      25.000       0.000   84430.000       0.000 -888888.000 -888888.000
 20260731160000
   -31.6500  -68.5833 
  INTA_POCITO                                SURFACE                                    
  FM-12 SYNOP       INTA_POCITO            615  F     F         1
 -888888.000 -888888.000 -888888.000 -888888.000     615.000       0.000     299.050       0.000       2.497     129.000      -1.560     129.000      18.000       0.000   92820.000       0.000 -888888.000 -888888.000
 20260731160000
   -31.6500  -68.3000 
  ECOHUMUS                                   SURFACE                                    
  FM-12 SYNOP       ECOHUMUS               600  F     F         1
 -888888.000 -888888.000 -888888.000 -888888.000     600.000       0.000     299.950       0.000       4.235     129.000      -3.681     129.000      16.000       0.000   93700.000       0.000 -888888.000 -888888.000
 20260731160000
   -31.5192  -68.8178 
  PUNTA_NEGRA                                SURFACE                                    
  FM-12 SYNOP       PUNTA_NEGRA            800  F     F         1
 -888888.000 -888888.000 -888888.000 -888888.000     800.000       0.000     296.050       0.000      -1.939     129.000       0.593     129.000      19.000       0.000   90640.000       0.000 -888888.000 -888888.000
 20260731160000
   -30.6335  -67.4682 
  VALLE_FERTIL                               SURFACE                                    
  FM-12 SYNOP       VALLE_FERTIL           900  F     F         1
 -888888.000 -888888.000 -888888.000 -888888.000     900.000       0.000     300.050       0.000      10.993     129.000      -0.384     129.000      14.000       0.000   90400.000       0.000 -888888.000 -888888.000
 20260731160000
   -30.1833  -69.0667 
  CUESTA_Viento                              SURFACE                                    
  FM-12 SYNOP       CUESTA_Viento         1530  F     F         1
 -888888.000 -888888.000 -888888.000 -888888.000    1530.000       0.000     290.550       0.000      -1.243     129.000      -0.131     129.000      25.000       0.000   84450.000       0.000 -888888.000 -888888.000
 20260731160500
   -31.6500  -68.5833 
  INTA_POCITO                                SURFACE                                    
  FM-12 SYNOP       INTA_POCITO            615  F     F         1
 -888888.000 -888888.000 -888888.000 -888888.000     615.000       0.000     299.150       0.000       2.659     129.000      -1.129     129.000      17.000       0.000   92820.000       0.000 -888888.000 -888888.000
 20260731160500
   -31.6500  -68.3000 
  ECOHUMUS                                   SURFACE                                    
  FM-12 SYNOP       ECOHUMUS               600  F     F         1
 -888888.000 -888888.000 -888888.000 -888888.000     600.000       0.000     299.750       0.000       4.858     129.000      -2.062     129.000      15.000       0.000   93730.000       0.000 -888888.000 -888888.000
 20260731160500
   -31.5192  -68.8178 
  PUNTA_NEGRA                                SURFACE                                    
  FM-12 SYNOP       PUNTA_NEGRA            800  F     F         1
 -888888.000 -888888.000 -888888.000 -888888.000     800.000       0.000     296.050       0.000       1.892     129.000       0.803     129.000      19.000       0.000   90630.000       0.000 -888888.000 -888888.000
 20260731160500
   -30.6335  -67.4682 
  VALLE_FERTIL                               SURFACE                                    
  FM-12 SYNOP       VALLE_FERTIL           900  F     F         1
 -888888.000 -888888.000 -888888.000 -888888.000     900.000       0.000     299.950       0.000       7.099     129.000      -3.311     129.000      14.000       0.000   90440.000       0.000 -888888.000 -888888.000
 20260731160500
   -30.1833  -69.0667 
  CUESTA_Viento                              SURFACE                                    
  FM-12 SYNOP       CUESTA_Viento         1530  F     F         1
 -888888.000 -888888.000 -888888.000 -888888.000    1530.000       0.000     290.550       0.000      -0.893     129.000       0.206     129.000      25.000       0.000   84470.000       0.000 -888888.000 -888888.000
 20260731161000
   -31.6500  -68.5833 
  INTA_POCITO                                SURFACE                                    
  FM-12 SYNOP       INTA_POCITO            615  F     F         1
 -888888.000 -888888.000 -888888.000 -888888.000     615.000       0.000     298.950       0.000       1.445     129.000      -2.405     129.000      17.000       0.000   92840.000       0.000 -888888.000 -888888.000
 20260731161000
   -31.6500  -68.3000 
  ECOHUMUS                                   SURFACE                                    
  FM-12 SYNOP       ECOHUMUS               600  F     F         1
 -888888.000 -888888.000 -888888.000 -888888.000     600.000       0.000     299.650       0.000       4.999     129.000      -1.063     129.000      15.000       0.000   93730.000       0.000 -888888.000 -888888.000
 20260731161000
   -31.5192  -68.8178 
  PUNTA_NEGRA                                SURFACE                                    
  FM-12 SYNOP       PUNTA_NEGRA            800  F     F         1
 -888888.000 -888888.000 -888888.000 -888888.000     800.000       0.000     296.050       0.000      -1.421     129.000       1.635     129.000      19.000       0.000   90590.000       0.000 -888888.000 -888888.000
 20260731161000
   -30.6335  -67.4682 
  VALLE_FERTIL                               SURFACE                                    
  FM-12 SYNOP       VALLE_FERTIL           900  F     F         1
 -888888.000 -888888.000 -888888.000 -888888.000     900.000       0.000     299.950       0.000       7.400     129.000      -3.771     129.000      14.000       0.000   90440.000       0.000 -888888.000 -888888.000
 20260731161000
   -30.1833  -69.0667 
  CUESTA_Viento                              SURFACE                                    
  FM-12 SYNOP       CUESTA_Viento         1530  F     F         1
 -888888.000 -888888.000 -888888.000 -888888.000    1530.000       0.000     290.150       0.000      -0.714     129.000      -0.851     129.000      26.000       0.000   84500.000       0.000 -888888.000 -888888.000
 20260731161500
   -31.6500  -68.5833 
  INTA_POCITO                                SURFACE                                    
  FM-12 SYNOP       INTA_POCITO            615  F     F         1
 -888888.000 -888888.000 -888888.000 -888888.000     615.000       0.000     298.150       0.000       2.992     129.000      -1.270     129.000      16.000       0.000   92840.000       0.000 -888888.000 -888888.000
 20260731161500
   -31.6500  -68.3000 
  ECOHUMUS                                   SURFACE                                    
  FM-12 SYNOP       ECOHUMUS               600  F     F         1
 -888888.000 -888888.000 -888888.000 -888888.000     600.000       0.000     299.450       0.000       5.147     129.000      -3.878     129.000      15.000       0.000   93740.000       0.000 -888888.000 -888888.000
 20260731161500
   -31.5192  -68.8178 
  PUNTA_NEGRA                                SURFACE                                    
  FM-12 SYNOP       PUNTA_NEGRA            800  F     F         1
 -888888.000 -888888.000 -888888.000 -888888.000     800.000       0.000     295.550       0.000       1.991     129.000       0.387     129.000      18.000       0.000   90590.000       0.000 -888888.000 -888888.000
 20260731161500
   -30.6335  -67.4682 
  VALLE_FERTIL                               SURFACE                                    
  FM-12 SYNOP       VALLE_FERTIL           900  F     F         1
 -888888.000 -888888.000 -888888.000 -888888.000     900.000       0.000     299.950       0.000       7.365     129.000      -2.827     129.000      14.000       0.000   90450.000       0.000 -888888.000 -888888.000
 20260731161500
   -30.1833  -69.0667 
  CUESTA_Viento                              SURFACE                                    
  FM-12 SYNOP       CUESTA_Viento         1530  F     F         1
 -888888.000 -888888.000 -888888.000 -888888.000    1530.000       0.000     289.850       0.000      -1.852     129.000       1.069     129.000      27.000       0.000   84510.000       0.000 -888888.000 -888888.000
 20260731162000
   -31.6500  -68.5833 
  INTA_POCITO                                SURFACE                                    
  FM-12 SYNOP       INTA_POCITO            615  F     F         1
 -888888.000 -888888.000 -888888.000 -888888.000     615.000       0.000     297.950       0.000       2.500     129.000      -1.502     129.000      17.000       0.000   92840.000       0.000 -888888.000 -888888.000
 20260731162000
   -31.6500  -68.3000 
  ECOHUMUS                                   SURFACE                                    
  FM-12 SYNOP       ECOHUMUS               600  F     F         1
 -888888.000 -888888.000 -888888.000 -888888.000     600.000       0.000     299.250       0.000       3.901     129.000      -3.637     129.000      16.000       0.000   93740.000       0.000 -888888.000 -888888.000
 20260731162000
   -31.5192  -68.8178 
  PUNTA_NEGRA                                SURFACE                                    
  FM-12 SYNOP       PUNTA_NEGRA            800  F     F         1
 -888888.000 -888888.000 -888888.000 -888888.000     800.000       0.000     295.950       0.000       1.608     129.000      -1.986     129.000      16.000       0.000   90630.000       0.000 -888888.000 -888888.000
 20260731162000
   -30.6335  -67.4682 
  VALLE_FERTIL                               SURFACE                                    
  FM-12 SYNOP       VALLE_FERTIL           900  F     F         1
 -888888.000 -888888.000 -888888.000 -888888.000     900.000       0.000     299.850       0.000       7.742     129.000      -1.365     129.000      15.000       0.000   90460.000       0.000 -888888.000 -888888.000
 20260731162000
   -30.1833  -69.0667 
  CUESTA_Viento                              SURFACE                                    
  FM-12 SYNOP       CUESTA_Viento         1530  F     F         1
 -888888.000 -888888.000 -888888.000 -888888.000    1530.000       0.000     289.650       0.000      -0.239     129.000       1.509     129.000      27.000       0.000   84510.000       0.000 -888888.000 -888888.000
 20260731162500
   -31.6500  -68.5833 
  INTA_POCITO                                SURFACE                                    
  FM-12 SYNOP       INTA_POCITO            615  F     F         1
 -888888.000 -888888.000 -888888.000 -888888.000     615.000       0.000     297.850       0.000       3.508     129.000       0.369     129.000      17.000       0.000   92860.000       0.000 -888888.000 -888888.000
 20260731162500
   -31.6500  -68.3000 
  ECOHUMUS                                   SURFACE                                    
  FM-12 SYNOP       ECOHUMUS               600  F     F         1
 -888888.000 -888888.000 -888888.000 -888888.000     600.000       0.000     299.350       0.000       2.970     129.000      -3.417     129.000      15.000       0.000   93750.000       0.000 -888888.000 -888888.000
 20260731162500
   -31.5192  -68.8178 
  PUNTA_NEGRA                                SURFACE                                    
  FM-12 SYNOP       PUNTA_NEGRA            800  F     F         1
 -888888.000 -888888.000 -888888.000 -888888.000     800.000       0.000     295.650       0.000      -0.261     129.000       2.989     129.000      17.000       0.000   90660.000       0.000 -888888.000 -888888.000
 20260731162500
   -30.6335  -67.4682 
  VALLE_FERTIL                               SURFACE                                    
  FM-12 SYNOP       VALLE_FERTIL           900  F     F         1
 -888888.000 -888888.000 -888888.000 -888888.000     900.000       0.000     299.650       0.000       8.106     129.000       0.283     129.000      15.000       0.000   90470.000       0.000 -888888.000 -888888.000
 20260731162500
   -30.1833  -69.0667 
  CUESTA_Viento                              SURFACE                                    
  FM-12 SYNOP       CUESTA_Viento         1530  F     F         1
 -888888.000 -888888.000 -888888.000 -888888.000    1530.000       0.000     289.250       0.000      -2.395     129.000       0.968     129.000      28.000       0.000   84520.000       0.000 -888888.000 -888888.000
 20260731163000
   -31.6500  -68.5833 
  INTA_POCITO                                SURFACE                                    
  FM-12 SYNOP       INTA_POCITO            615  F     F         1
 -888888.000 -888888.000 -888888.000 -888888.000     615.000       0.000     298.250       0.000       3.415     129.000       0.119     129.000      16.000       0.000   92880.000       0.000 -888888.000 -888888.000
 20260731163000
   -31.6500  -68.3000 
  ECOHUMUS                                   SURFACE                                    
  FM-12 SYNOP       ECOHUMUS               600  F     F         1
 -888888.000 -888888.000 -888888.000 -888888.000     600.000       0.000     299.250       0.000       3.999     129.000      -5.711     129.000      14.000       0.000   93750.000       0.000 -888888.000 -888888.000
 20260731163000
   -31.5192  -68.8178 
  PUNTA_NEGRA                                SURFACE                                    
  FM-12 SYNOP       PUNTA_NEGRA            800  F     F         1
 -888888.000 -888888.000 -888888.000 -888888.000     800.000       0.000     295.550       0.000      -1.717     129.000       0.913     129.000      17.000       0.000   90680.000       0.000 -888888.000 -888888.000
 20260731163000
   -30.6335  -67.4682 
  VALLE_FERTIL                               SURFACE                                    
  FM-12 SYNOP       VALLE_FERTIL           900  F     F         1
 -888888.000 -888888.000 -888888.000 -888888.000     900.000       0.000     299.650       0.000       7.223     129.000      -1.801     129.000      15.000       0.000   90490.000       0.000 -888888.000 -888888.000
 20260731163000
   -30.1833  -69.0667 
  CUESTA_Viento                              SURFACE                                    
  FM-12 SYNOP       CUESTA_Viento         1530  F     F         1
 -888888.000 -888888.000 -888888.000 -888888.000    1530.000       0.000     288.850       0.000      -1.241     129.000      -0.152     129.000      29.000       0.000   84520.000       0.000 -888888.000 -888888.000
 20260731163500
   -31.6500  -68.5833 
  INTA_POCITO                                SURFACE                                    
  FM-12 SYNOP       INTA_POCITO            615  F     F         1
 -888888.000 -888888.000 -888888.000 -888888.000     615.000       0.000     298.450       0.000       2.324     129.000       0.203     129.000      17.000       0.000   92880.000       0.000 -888888.000 -888888.000
 20260731163500
   -31.6500  -68.3000 
  ECOHUMUS                                   SURFACE                                    
  FM-12 SYNOP       ECOHUMUS               600  F     F         1
 -888888.000 -888888.000 -888888.000 -888888.000     600.000       0.000     298.950       0.000       4.568     129.000      -2.034     129.000      14.000       0.000   93790.000       0.000 -888888.000 -888888.000
 20260731163500
   -31.5192  -68.8178 
  PUNTA_NEGRA                                SURFACE                                    
  FM-12 SYNOP       PUNTA_NEGRA            800  F     F         1
 -888888.000 -888888.000 -888888.000 -888888.000     800.000       0.000     295.450       0.000       1.521     129.000       1.878     129.000      16.000       0.000   90660.000       0.000 -888888.000 -888888.000
 20260731163500
   -30.6335  -67.4682 
  VALLE_FERTIL                               SURFACE                                    
  FM-12 SYNOP       VALLE_FERTIL           900  F     F         1
 -888888.000 -888888.000 -888888.000 -888888.000     900.000       0.000     299.650       0.000       6.331     129.000      -5.504     129.000      15.000       0.000   90510.000       0.000 -888888.000 -888888.000
 20260731163500
   -30.1833  -69.0667 
  CUESTA_Viento                              SURFACE                                    
  FM-12 SYNOP       CUESTA_Viento         1530  F     F         1
 -888888.000 -888888.000 -888888.000 -888888.000    1530.000       0.000     288.550       0.000      -1.743     129.000      -1.869     129.000      31.000       0.000   84550.000       0.000 -888888.000 -888888.000
 20260731164000
   -31.6500  -68.5833 
  INTA_POCITO                                SURFACE                                    
  FM-12 SYNOP       INTA_POCITO            615  F     F         1
 -888888.000 -888888.000 -888888.000 -888888.000     615.000       0.000     297.950       0.000       2.129     129.000      -0.531     129.000      17.000       0.000   92880.000       0.000 -888888.000 -888888.000
 20260731164000
   -31.6500  -68.3000 
  ECOHUMUS                                   SURFACE                                    
  FM-12 SYNOP       ECOHUMUS               600  F     F         1
 -888888.000 -888888.000 -888888.000 -888888.000     600.000       0.000     299.150       0.000       2.652     129.000      -2.652     129.000      15.000       0.000   93780.000       0.000 -888888.000 -888888.000
 20260731164000
   -31.5192  -68.8178 
  PUNTA_NEGRA                                SURFACE                                    
  FM-12 SYNOP       PUNTA_NEGRA            800  F     F         1
 -888888.000 -888888.000 -888888.000 -888888.000     800.000       0.000     295.150       0.000      -2.565     129.000       2.849     129.000      15.000       0.000   90640.000       0.000 -888888.000 -888888.000
 20260731164000
   -30.6335  -67.4682 
  VALLE_FERTIL                               SURFACE                                    
  FM-12 SYNOP       VALLE_FERTIL           900  F     F         1
 -888888.000 -888888.000 -888888.000 -888888.000     900.000       0.000     299.550       0.000       7.570     129.000      -2.755     129.000      15.000       0.000   90520.000       0.000 -888888.000 -888888.000
 20260731164000
   -30.1833  -69.0667 
  CUESTA_Viento                              SURFACE                                    
  FM-12 SYNOP       CUESTA_Viento         1530  F     F         1
 -888888.000 -888888.000 -888888.000 -888888.000    1530.000       0.000     288.350       0.000      -3.088     129.000      -3.311     129.000      31.000       0.000   84560.000       0.000 -888888.000 -888888.000
 20260731164500
   -31.6500  -68.5833 
  INTA_POCITO                                SURFACE                                    
  FM-12 SYNOP       INTA_POCITO            615  F     F         1
 -888888.000 -888888.000 -888888.000 -888888.000     615.000       0.000     297.850       0.000       3.144     129.000       1.021     129.000      16.000       0.000   92880.000       0.000 -888888.000 -888888.000
 20260731164500
   -31.6500  -68.3000 
  ECOHUMUS                                   SURFACE                                    
  FM-12 SYNOP       ECOHUMUS               600  F     F         1
 -888888.000 -888888.000 -888888.000 -888888.000     600.000       0.000     299.150       0.000       2.742     129.000      -3.638     129.000      15.000       0.000   93790.000       0.000 -888888.000 -888888.000
 20260731164500
   -31.5192  -68.8178 
  PUNTA_NEGRA                                SURFACE                                    
  FM-12 SYNOP       PUNTA_NEGRA            800  F     F         1
 -888888.000 -888888.000 -888888.000 -888888.000     800.000       0.000     295.350       0.000       2.258     129.000       0.690     129.000      16.000       0.000   90660.000       0.000 -888888.000 -888888.000
 20260731164500
   -30.6335  -67.4682 
  VALLE_FERTIL                               SURFACE                                    
  FM-12 SYNOP       VALLE_FERTIL           900  F     F         1
 -888888.000 -888888.000 -888888.000 -888888.000     900.000       0.000     299.350       0.000       5.177     129.000      -2.092     129.000      16.000       0.000   90530.000       0.000 -888888.000 -888888.000
 20260731164500
   -30.1833  -69.0667 
  CUESTA_Viento                              SURFACE                                    
  FM-12 SYNOP       CUESTA_Viento         1530  F     F         1
 -888888.000 -888888.000 -888888.000 -888888.000    1530.000       0.000     288.150       0.000      -4.124     129.000      -3.846     129.000      31.000       0.000   84580.000       0.000 -888888.000 -888888.000
 20260731165000
   -31.6500  -68.5833 
  INTA_POCITO                                SURFACE                                    
  FM-12 SYNOP       INTA_POCITO            615  F     F         1
 -888888.000 -888888.000 -888888.000 -888888.000     615.000       0.000     297.550       0.000       2.179     129.000      -2.336     129.000      16.000       0.000   92910.000       0.000 -888888.000 -888888.000
 20260731165000
   -31.6500  -68.3000 
  ECOHUMUS                                   SURFACE                                    
  FM-12 SYNOP       ECOHUMUS               600  F     F         1
 -888888.000 -888888.000 -888888.000 -888888.000     600.000       0.000     299.250       0.000       2.797     129.000      -2.701     129.000      15.000       0.000   93810.000       0.000 -888888.000 -888888.000
 20260731165000
   -31.5192  -68.8178 
  PUNTA_NEGRA                                SURFACE                                    
  FM-12 SYNOP       PUNTA_NEGRA            800  F     F         1
 -888888.000 -888888.000 -888888.000 -888888.000     800.000       0.000     295.250       0.000       1.159     129.000       1.596     129.000      15.000       0.000   90630.000       0.000 -888888.000 -888888.000
 20260731165000
   -30.6335  -67.4682 
  VALLE_FERTIL                               SURFACE                                    
  FM-12 SYNOP       VALLE_FERTIL           900  F     F         1
 -888888.000 -888888.000 -888888.000 -888888.000     900.000       0.000     299.450       0.000       6.395     129.000      -2.847     129.000      16.000       0.000   90540.000       0.000 -888888.000 -888888.000
 20260731165000
   -30.1833  -69.0667 
  CUESTA_Viento                              SURFACE                                    
  FM-12 SYNOP       CUESTA_Viento         1530  F     F         1
 -888888.000 -888888.000 -888888.000 -888888.000    1530.000       0.000     288.050       0.000      -3.724     129.000      -3.856     129.000      32.000       0.000   84580.000       0.000 -888888.000 -888888.000
 20260731165500
   -31.6500  -68.5833 
  INTA_POCITO                                SURFACE                                    
  FM-12 SYNOP       INTA_POCITO            615  F     F         1
 -888888.000 -888888.000 -888888.000 -888888.000     615.000       0.000     298.050       0.000       3.369     129.000      -0.840     129.000      15.000       0.000   92930.000       0.000 -888888.000 -888888.000
 20260731165500
   -31.6500  -68.3000 
  ECOHUMUS                                   SURFACE                                    
  FM-12 SYNOP       ECOHUMUS               600  F     F         1
 -888888.000 -888888.000 -888888.000 -888888.000     600.000       0.000     299.150       0.000       3.109     129.000      -2.097     129.000      14.000       0.000   93830.000       0.000 -888888.000 -888888.000
 20260731165500
   -31.5192  -68.8178 
  PUNTA_NEGRA                                SURFACE                                    
  FM-12 SYNOP       PUNTA_NEGRA            800  F     F         1
 -888888.000 -888888.000 -888888.000 -888888.000     800.000       0.000     294.950       0.000       1.202     129.000       0.345     129.000      15.000       0.000   90630.000       0.000 -888888.000 -888888.000
 20260731165500
   -30.6335  -67.4682 
  VALLE_FERTIL                               SURFACE                                    
  FM-12 SYNOP       VALLE_FERTIL           900  F     F         1
 -888888.000 -888888.000 -888888.000 -888888.000     900.000       0.000     299.450       0.000       6.435     129.000      -1.251     129.000      15.000       0.000   90530.000       0.000 -888888.000 -888888.000
 20260731165500
   -30.1833  -69.0667 
  CUESTA_Viento                              SURFACE                                    
  FM-12 SYNOP       CUESTA_Viento         1530  F     F         1
 -888888.000 -888888.000 -888888.000 -888888.000    1530.000       0.000     287.650       0.000      -3.000     129.000      -2.518     129.000      33.000       0.000   84600.000       0.000 -888888.000 -888888.000
 20260731170000
   -31.6500  -68.5833 
  INTA_POCITO                                SURFACE                                    
  FM-12 SYNOP       INTA_POCITO            615  F     F         1
 -888888.000 -888888.000 -888888.000 -888888.000     615.000       0.000     298.350       0.000       2.366     129.000      -0.332     129.000      14.000       0.000   92940.000       0.000 -888888.000 -888888.000
 20260731170000
   -31.6500  -68.3000 
  ECOHUMUS                                   SURFACE                                    
  FM-12 SYNOP       ECOHUMUS               600  F     F         1
 -888888.000 -888888.000 -888888.000 -888888.000     600.000       0.000     299.150       0.000       3.311     129.000      -3.088     129.000      12.000       0.000   93840.000       0.000 -888888.000 -888888.000
 20260731170000
   -31.5192  -68.8178 
  PUNTA_NEGRA                                SURFACE                                    
  FM-12 SYNOP       PUNTA_NEGRA            800  F     F         1
 -888888.000 -888888.000 -888888.000 -888888.000     800.000       0.000     294.950       0.000       1.905     129.000      -0.694     129.000      15.000       0.000   90650.000       0.000 -888888.000 -888888.000
 20260731170000
   -30.6335  -67.4682 
  VALLE_FERTIL                               SURFACE                                    
  FM-12 SYNOP       VALLE_FERTIL           900  F     F         1
 -888888.000 -888888.000 -888888.000 -888888.000     900.000       0.000     299.550       0.000       4.702     129.000      -1.437     129.000      16.000       0.000   90540.000       0.000 -888888.000 -888888.000
 20260731170000
   -30.1833  -69.0667 
  CUESTA_Viento                              SURFACE                                    
  FM-12 SYNOP       CUESTA_Viento         1530  F     F         1
 -888888.000 -888888.000 -888888.000 -888888.000    1530.000       0.000     287.450       0.000      -1.377     129.000      -2.120     129.000      34.000       0.000   84590.000       0.000 -888888.000 -888888.000
 20260731170500
   -31.6500  -68.5833 
  INTA_POCITO                                SURFACE                                    
  FM-12 SYNOP       INTA_POCITO            615  F     F         1
 -888888.000 -888888.000 -888888.000 -888888.000     615.000       0.000     298.450       0.000       2.495     129.000      -0.669     129.000      14.000       0.000   92950.000       0.000 -888888.000 -888888.000
 20260731170500
   -31.6500  -68.3000 
  ECOHUMUS                                   SURFACE                                    
  FM-12 SYNOP       ECOHUMUS               600  F     F         1
 -888888.000 -888888.000 -888888.000 -888888.000     600.000       0.000     299.050       0.000       4.217     129.000      -2.738     129.000      12.000       0.000   93840.000       0.000 -888888.000 -888888.000
 20260731170500
   -31.5192  -68.8178 
  PUNTA_NEGRA                                SURFACE                                    
  FM-12 SYNOP       PUNTA_NEGRA            800  F     F         1
 -888888.000 -888888.000 -888888.000 -888888.000     800.000       0.000     294.850       0.000      -0.424     129.000       1.583     129.000      15.000       0.000   90680.000       0.000 -888888.000 -888888.000
 20260731170500
   -30.6335  -67.4682 
  VALLE_FERTIL                               SURFACE                                    
  FM-12 SYNOP       VALLE_FERTIL           900  F     F         1
 -888888.000 -888888.000 -888888.000 -888888.000     900.000       0.000     299.450       0.000       4.542     129.000      -2.022     129.000      15.000       0.000   90530.000       0.000 -888888.000 -888888.000
 20260731170500
   -30.1833  -69.0667 
  CUESTA_Viento                              SURFACE                                    
  FM-12 SYNOP       CUESTA_Viento         1530  F     F         1
 -888888.000 -888888.000 -888888.000 -888888.000    1530.000       0.000     287.350       0.000      -2.052     129.000      -1.913     129.000      34.000       0.000   84580.000       0.000 -888888.000 -888888.000
 20260731171000
   -31.6500  -68.5833 
  INTA_POCITO                                SURFACE                                    
  FM-12 SYNOP       INTA_POCITO            615  F     F         1
 -888888.000 -888888.000 -888888.000 -888888.000     615.000       0.000     298.750       0.000       2.072     129.000      -1.932     129.000      15.000       0.000   92950.000       0.000 -888888.000 -888888.000
 20260731171000
   -31.6500  -68.3000 
  ECOHUMUS                                   SURFACE                                    
  FM-12 SYNOP       ECOHUMUS               600  F     F         1
 -888888.000 -888888.000 -888888.000 -888888.000     600.000       0.000     298.850       0.000       4.979     129.000      -0.700     129.000      11.000       0.000   93830.000       0.000 -888888.000 -888888.000
 20260731171000
   -31.5192  -68.8178 
  PUNTA_NEGRA                                SURFACE                                    
  FM-12 SYNOP       PUNTA_NEGRA            800  F     F         1
 -888888.000 -888888.000 -888888.000 -888888.000     800.000       0.000     294.850       0.000       2.309     129.000       1.333     129.000      15.000       0.000   90710.000       0.000 -888888.000 -888888.000
 20260731171000
   -30.6335  -67.4682 
  VALLE_FERTIL                               SURFACE                                    
  FM-12 SYNOP       VALLE_FERTIL           900  F     F         1
 -888888.000 -888888.000 -888888.000 -888888.000     900.000       0.000     299.250       0.000       6.365     129.000      -3.528     129.000      16.000       0.000   90530.000       0.000 -888888.000 -888888.000
 20260731171000
   -30.1833  -69.0667 
  CUESTA_Viento                              SURFACE                                    
  FM-12 SYNOP       CUESTA_Viento         1530  F     F         1
 -888888.000 -888888.000 -888888.000 -888888.000    1530.000       0.000     287.450       0.000      -2.725     129.000      -3.616     129.000      32.000       0.000   84560.000       0.000 -888888.000 -888888.000
 20260731171500
   -31.6500  -68.5833 
  INTA_POCITO                                SURFACE                                    
  FM-12 SYNOP       INTA_POCITO            615  F     F         1
 -888888.000 -888888.000 -888888.000 -888888.000     615.000       0.000     298.250       0.000       2.558     129.000      -0.931     129.000      14.000       0.000   92960.000       0.000 -888888.000 -888888.000
 20260731171500
   -31.6500  -68.3000 
  ECOHUMUS                                   SURFACE                                    
  FM-12 SYNOP       ECOHUMUS               600  F     F         1
 -888888.000 -888888.000 -888888.000 -888888.000     600.000       0.000     298.750       0.000       5.339     129.000      -1.431     129.000      11.000       0.000   93870.000       0.000 -888888.000 -888888.000
 20260731171500
   -31.5192  -68.8178 
  PUNTA_NEGRA                                SURFACE                                    
  FM-12 SYNOP       PUNTA_NEGRA            800  F     F         1
 -888888.000 -888888.000 -888888.000 -888888.000     800.000       0.000     294.550       0.000      -0.332     129.000       2.366     129.000      15.000       0.000   90710.000       0.000 -888888.000 -888888.000
 20260731171500
   -30.6335  -67.4682 
  VALLE_FERTIL                               SURFACE                                    
  FM-12 SYNOP       VALLE_FERTIL           900  F     F         1
 -888888.000 -888888.000 -888888.000 -888888.000     900.000       0.000     298.950       0.000       6.292     129.000      -3.069     129.000      16.000       0.000   90550.000       0.000 -888888.000 -888888.000
 20260731171500
   -30.1833  -69.0667 
  CUESTA_Viento                              SURFACE                                    
  FM-12 SYNOP       CUESTA_Viento         1530  F     F         1
 -888888.000 -888888.000 -888888.000 -888888.000    1530.000       0.000     287.650       0.000      -1.906     129.000      -2.529     129.000      30.000       0.000   84560.000       0.000 -888888.000 -888888.000
 20260731172000
   -31.6500  -68.5833 
  INTA_POCITO                                SURFACE                                    
  FM-12 SYNOP       INTA_POCITO            615  F     F         1
 -888888.000 -888888.000 -888888.000 -888888.000     615.000       0.000     298.150       0.000       2.344     129.000      -1.641     129.000      14.000       0.000   92960.000       0.000 -888888.000 -888888.000
 20260731172000
   -31.6500  -68.3000 
  ECOHUMUS                                   SURFACE                                    
  FM-12 SYNOP       ECOHUMUS               600  F     F         1
 -888888.000 -888888.000 -888888.000 -888888.000     600.000       0.000     298.650       0.000       4.372     129.000      -1.856     129.000      11.000       0.000   93870.000       0.000 -888888.000 -888888.000
 20260731172000
   -31.5192  -68.8178 
  PUNTA_NEGRA                                SURFACE                                    
  FM-12 SYNOP       PUNTA_NEGRA            800  F     F         1
 -888888.000 -888888.000 -888888.000 -888888.000     800.000       0.000     294.550       0.000       2.421     129.000       0.978     129.000      14.000       0.000   90710.000       0.000 -888888.000 -888888.000
 20260731172000
   -30.6335  -67.4682 
  VALLE_FERTIL                               SURFACE                                    
  FM-12 SYNOP       VALLE_FERTIL           900  F     F         1
 -888888.000 -888888.000 -888888.000 -888888.000     900.000       0.000     299.150       0.000       5.238     129.000      -3.147     129.000      16.000       0.000   90550.000       0.000 -888888.000 -888888.000
 20260731172000
   -30.1833  -69.0667 
  CUESTA_Viento                              SURFACE                                    
  FM-12 SYNOP       CUESTA_Viento         1530  F     F         1
 -888888.000 -888888.000 -888888.000 -888888.000    1530.000       0.000     287.650       0.000      -0.493     129.000      -2.536     129.000      30.000       0.000   84560.000       0.000 -888888.000 -888888.000
 20260731172500
   -31.6500  -68.5833 
  INTA_POCITO                                SURFACE                                    
  FM-12 SYNOP       INTA_POCITO            615  F     F         1
 -888888.000 -888888.000 -888888.000 -888888.000     615.000       0.000     297.950       0.000       2.553     129.000      -3.043     129.000      14.000       0.000   92970.000       0.000 -888888.000 -888888.000
 20260731172500
   -31.6500  -68.3000 
  ECOHUMUS                                   SURFACE                                    
  FM-12 SYNOP       ECOHUMUS               600  F     F         1
 -888888.000 -888888.000 -888888.000 -888888.000     600.000       0.000     298.750       0.000       3.738     129.000      -3.486     129.000      11.000       0.000   93880.000       0.000 -888888.000 -888888.000
 20260731172500
   -31.5192  -68.8178 
  PUNTA_NEGRA                                SURFACE                                    
  FM-12 SYNOP       PUNTA_NEGRA            800  F     F         1
 -888888.000 -888888.000 -888888.000 -888888.000     800.000       0.000     294.550       0.000       1.426     129.000       1.239     129.000      13.000       0.000   90730.000       0.000 -888888.000 -888888.000
 20260731172500
   -30.6335  -67.4682 
  VALLE_FERTIL                               SURFACE                                    
  FM-12 SYNOP       VALLE_FERTIL           900  F     F         1
 -888888.000 -888888.000 -888888.000 -888888.000     900.000       0.000     298.850       0.000       7.805     129.000      -2.841     129.000      16.000       0.000   90570.000       0.000 -888888.000 -888888.000
 20260731172500
   -30.1833  -69.0667 
  CUESTA_Viento                              SURFACE                                    
  FM-12 SYNOP       CUESTA_Viento         1530  F     F         1
 -888888.000 -888888.000 -888888.000 -888888.000    1530.000       0.000     287.650       0.000      -2.787     129.000      -2.025     129.000      30.000       0.000   84550.000       0.000 -888888.000 -888888.000
 20260731173000
   -31.6500  -68.5833 
  INTA_POCITO                                SURFACE                                    
  FM-12 SYNOP       INTA_POCITO            615  F     F         1
 -888888.000 -888888.000 -888888.000 -888888.000     615.000       0.000     297.850       0.000       0.972     129.000      -2.182     129.000      14.000       0.000   92990.000       0.000 -888888.000 -888888.000
 20260731173000
   -31.6500  -68.3000 
  ECOHUMUS                                   SURFACE                                    
  FM-12 SYNOP       ECOHUMUS               600  F     F         1
 -888888.000 -888888.000 -888888.000 -888888.000     600.000       0.000     298.650       0.000       3.240     129.000      -2.531     129.000      11.000       0.000   93890.000       0.000 -888888.000 -888888.000
 20260731173000
   -31.5192  -68.8178 
  PUNTA_NEGRA                                SURFACE                                    
  FM-12 SYNOP       PUNTA_NEGRA            800  F     F         1
 -888888.000 -888888.000 -888888.000 -888888.000     800.000       0.000     294.450       0.000      -2.111     129.000       0.487     129.000      13.000       0.000   90750.000       0.000 -888888.000 -888888.000
 20260731173000
   -30.6335  -67.4682 
  VALLE_FERTIL                               SURFACE                                    
  FM-12 SYNOP       VALLE_FERTIL           900  F     F         1
 -888888.000 -888888.000 -888888.000 -888888.000     900.000       0.000     298.050       0.000       6.848     129.000       1.581     129.000      16.000       0.000   90590.000       0.000 -888888.000 -888888.000
 20260731173000
   -30.1833  -69.0667 
  CUESTA_Viento                              SURFACE                                    
  FM-12 SYNOP       CUESTA_Viento         1530  F     F         1
 -888888.000 -888888.000 -888888.000 -888888.000    1530.000       0.000     287.450       0.000      -2.539     129.000      -2.368     129.000      30.000       0.000   84550.000       0.000 -888888.000 -888888.000
 20260731173500
   -31.6500  -68.5833 
  INTA_POCITO                                SURFACE                                    
  FM-12 SYNOP       INTA_POCITO            615  F     F         1
 -888888.000 -888888.000 -888888.000 -888888.000     615.000       0.000     297.750       0.000       1.216     129.000      -2.864     129.000      14.000       0.000   92990.000       0.000 -888888.000 -888888.000
 20260731173500
   -31.6500  -68.3000 
  ECOHUMUS                                   SURFACE                                    
  FM-12 SYNOP       ECOHUMUS               600  F     F         1
 -888888.000 -888888.000 -888888.000 -888888.000     600.000       0.000     298.650       0.000       3.731     129.000      -2.516     129.000      11.000       0.000   93900.000       0.000 -888888.000 -888888.000
 20260731173500
   -31.5192  -68.8178 
  PUNTA_NEGRA                                SURFACE                                    
  FM-12 SYNOP       PUNTA_NEGRA            800  F     F         1
 -888888.000 -888888.000 -888888.000 -888888.000     800.000       0.000     294.450       0.000       0.922     129.000       0.802     129.000      13.000       0.000   90780.000       0.000 -888888.000 -888888.000
 20260731173500
   -30.6335  -67.4682 
  VALLE_FERTIL                               SURFACE                                    
  FM-12 SYNOP       VALLE_FERTIL           900  F     F         1
 -888888.000 -888888.000 -888888.000 -888888.000     900.000       0.000     297.550       0.000       7.916     129.000       2.420     129.000      17.000       0.000   90610.000       0.000 -888888.000 -888888.000
 20260731173500
   -30.1833  -69.0667 
  CUESTA_Viento                              SURFACE                                    
  FM-12 SYNOP       CUESTA_Viento         1530  F     F         1
 -888888.000 -888888.000 -888888.000 -888888.000    1530.000       0.000     287.550       0.000      -1.978     129.000      -1.910     129.000      30.000       0.000   84550.000       0.000 -888888.000 -888888.000
 20260731174000
   -31.6500  -68.5833 
  INTA_POCITO                                SURFACE                                    
  FM-12 SYNOP       INTA_POCITO            615  F     F         1
 -888888.000 -888888.000 -888888.000 -888888.000     615.000       0.000     297.550       0.000       2.890     129.000      -2.023     129.000      13.000       0.000   93000.000       0.000 -888888.000 -888888.000
 20260731174000
   -31.6500  -68.3000 
  ECOHUMUS                                   SURFACE                                    
  FM-12 SYNOP       ECOHUMUS               600  F     F         1
 -888888.000 -888888.000 -888888.000 -888888.000     600.000       0.000     298.450       0.000       4.245     129.000      -1.802     129.000      11.000       0.000   93910.000       0.000 -888888.000 -888888.000
 20260731174000
   -31.5192  -68.8178 
  PUNTA_NEGRA                                SURFACE                                    
  FM-12 SYNOP       PUNTA_NEGRA            800  F     F         1
 -888888.000 -888888.000 -888888.000 -888888.000     800.000       0.000     294.350       0.000       0.431     129.000       1.610     129.000      13.000       0.000   90800.000       0.000 -888888.000 -888888.000
 20260731174000
   -30.6335  -67.4682 
  VALLE_FERTIL                               SURFACE                                    
  FM-12 SYNOP       VALLE_FERTIL           900  F     F         1
 -888888.000 -888888.000 -888888.000 -888888.000     900.000       0.000     297.250       0.000       7.490     129.000       1.186     129.000      17.000       0.000   90630.000       0.000 -888888.000 -888888.000
 20260731174000
   -30.1833  -69.0667 
  CUESTA_Viento                              SURFACE                                    
  FM-12 SYNOP       CUESTA_Viento         1530  F     F         1
 -888888.000 -888888.000 -888888.000 -888888.000    1530.000       0.000     287.550       0.000      -1.222     129.000      -2.117     129.000      30.000       0.000   84550.000       0.000 -888888.000 -888888.000
 20260731174500
   -31.6500  -68.5833 
  INTA_POCITO                                SURFACE                                    
  FM-12 SYNOP       INTA_POCITO            615  F     F         1
 -888888.000 -888888.000 -888888.000 -888888.000     615.000       0.000     297.550       0.000       2.194     129.000      -2.046     129.000      14.000       0.000   93000.000       0.000 -888888.000 -888888.000
 20260731174500
   -31.6500  -68.3000 
  ECOHUMUS                                   SURFACE                                    
  FM-12 SYNOP       ECOHUMUS               600  F     F         1
 -888888.000 -888888.000 -888888.000 -888888.000     600.000       0.000     298.250       0.000       3.816     129.000      -3.686     129.000      11.000       0.000   93920.000       0.000 -888888.000 -888888.000
 20260731174500
   -31.5192  -68.8178 
  PUNTA_NEGRA                                SURFACE                                    
  FM-12 SYNOP       PUNTA_NEGRA            800  F     F         1
 -888888.000 -888888.000 -888888.000 -888888.000     800.000       0.000     294.150       0.000      -0.018     129.000       1.028     129.000      14.000       0.000   90810.000       0.000 -888888.000 -888888.000
 20260731174500
   -30.6335  -67.4682 
  VALLE_FERTIL                               SURFACE                                    
  FM-12 SYNOP       VALLE_FERTIL           900  F     F         1
 -888888.000 -888888.000 -888888.000 -888888.000     900.000       0.000     297.150       0.000       6.022     129.000       0.633     129.000      18.000       0.000   90650.000       0.000 -888888.000 -888888.000
 20260731174500
   -30.1833  -69.0667 
  CUESTA_Viento                              SURFACE                                    
  FM-12 SYNOP       CUESTA_Viento         1530  F     F         1
 -888888.000 -888888.000 -888888.000 -888888.000    1530.000       0.000     287.850       0.000      -2.721     129.000      -2.817     129.000      29.000       0.000   84550.000       0.000 -888888.000 -888888.000
 20260731175000
   -31.6500  -68.5833 
  INTA_POCITO                                SURFACE                                    
  FM-12 SYNOP       INTA_POCITO            615  F     F         1
 -888888.000 -888888.000 -888888.000 -888888.000     615.000       0.000     297.250       0.000       0.999     129.000      -2.472     129.000      14.000       0.000   93000.000       0.000 -888888.000 -888888.000
 20260731175000
   -31.6500  -68.3000 
  ECOHUMUS                                   SURFACE                                    
  FM-12 SYNOP       ECOHUMUS               600  F     F         1
 -888888.000 -888888.000 -888888.000 -888888.000     600.000       0.000     298.050       0.000       3.000     129.000      -3.575     129.000      11.000       0.000   93910.000       0.000 -888888.000 -888888.000
 20260731175000
   -31.5192  -68.8178 
  PUNTA_NEGRA                                SURFACE                                    
  FM-12 SYNOP       PUNTA_NEGRA            800  F     F         1
 -888888.000 -888888.000 -888888.000 -888888.000     800.000       0.000     293.850       0.000       0.805     129.000       0.805     129.000      14.000       0.000   90830.000       0.000 -888888.000 -888888.000
 20260731175000
   -30.6335  -67.4682 
  VALLE_FERTIL                               SURFACE                                    
  FM-12 SYNOP       VALLE_FERTIL           900  F     F         1
 -888888.000 -888888.000 -888888.000 -888888.000     900.000       0.000     296.750       0.000       7.082     129.000      -0.124     129.000      18.000       0.000   90670.000       0.000 -888888.000 -888888.000
 20260731175000
   -30.1833  -69.0667 
  CUESTA_Viento                              SURFACE                                    
  FM-12 SYNOP       CUESTA_Viento         1530  F     F         1
 -888888.000 -888888.000 -888888.000 -888888.000    1530.000       0.000     288.050       0.000      -2.690     129.000      -2.885     129.000      26.000       0.000   84550.000       0.000 -888888.000 -888888.000
 20260731175500
   -31.6500  -68.5833 
  INTA_POCITO                                SURFACE                                    
  FM-12 SYNOP       INTA_POCITO            615  F     F         1
 -888888.000 -888888.000 -888888.000 -888888.000     615.000       0.000     297.150       0.000       1.522     129.000      -1.948     129.000      14.000       0.000   93020.000       0.000 -888888.000 -888888.000
 20260731175500
   -31.6500  -68.3000 
  ECOHUMUS                                   SURFACE                                    
  FM-12 SYNOP       ECOHUMUS               600  F     F         1
 -888888.000 -888888.000 -888888.000 -888888.000     600.000       0.000     297.850       0.000       2.894     129.000      -2.428     129.000      11.000       0.000   93930.000       0.000 -888888.000 -888888.000
 20260731175500
   -31.5192  -68.8178 
  PUNTA_NEGRA                                SURFACE                                    
  FM-12 SYNOP       PUNTA_NEGRA            800  F     F         1
 -888888.000 -888888.000 -888888.000 -888888.000     800.000       0.000     293.850       0.000      -1.225     129.000      -1.887     129.000      14.000       0.000   90840.000       0.000 -888888.000 -888888.000
 20260731175500
   -30.6335  -67.4682 
  VALLE_FERTIL                               SURFACE                                    
  FM-12 SYNOP       VALLE_FERTIL           900  F     F         1
 -888888.000 -888888.000 -888888.000 -888888.000     900.000       0.000     296.350       0.000       7.652     129.000       0.804     129.000      17.000       0.000   90680.000       0.000 -888888.000 -888888.000
 20260731175500
   -30.1833  -69.0667 
  CUESTA_Viento                              SURFACE                                    
  FM-12 SYNOP       CUESTA_Viento         1530  F     F         1
 -888888.000 -888888.000 -888888.000 -888888.000    1530.000       0.000     288.150       0.000      -0.295     129.000      -0.809     129.000      27.000       0.000   84550.000       0.000 -888888.000 -888888.000
 20260731180000
   -31.6500  -68.5833 
  INTA_POCITO                                SURFACE                                    
  FM-12 SYNOP       INTA_POCITO            615  F     F         1
 -888888.000 -888888.000 -888888.000 -888888.000     615.000       0.000     297.150       0.000       2.064     129.000      -1.732     129.000      14.000       0.000   93030.000       0.000 -888888.000 -888888.000
 20260731180000
   -31.6500  -68.3000 
  ECOHUMUS                                   SURFACE                                    
  FM-12 SYNOP       ECOHUMUS               600  F     F         1
 -888888.000 -888888.000 -888888.000 -888888.000     600.000       0.000     297.850       0.000       2.493     129.000      -1.619     129.000      11.000       0.000   93930.000       0.000 -888888.000 -888888.000
 20260731180000
   -31.5192  -68.8178 
  PUNTA_NEGRA                                SURFACE                                    
  FM-12 SYNOP       PUNTA_NEGRA            800  F     F         1
 -888888.000 -888888.000 -888888.000 -888888.000     800.000       0.000     293.850       0.000       1.214     129.000       1.554     129.000      14.000       0.000   90840.000       0.000 -888888.000 -888888.000
 20260731180000
   -30.6335  -67.4682 
  VALLE_FERTIL                               SURFACE                                    
  FM-12 SYNOP       VALLE_FERTIL           900  F     F         1
 -888888.000 -888888.000 -888888.000 -888888.000     900.000       0.000     296.050       0.000       7.196     129.000       0.884     129.000      17.000       0.000   90690.000       0.000 -888888.000 -888888.000
 20260731180000
   -30.1833  -69.0667 
  CUESTA_Viento                              SURFACE                                    
  FM-12 SYNOP       CUESTA_Viento         1530  F     F         1
 -888888.000 -888888.000 -888888.000 -888888.000    1530.000       0.000     288.150       0.000      -0.569     129.000      -0.398     129.000      26.000       0.000   84560.000       0.000 -888888.000 -888888.000
 20260731180500
   -31.6500  -68.5833 
  INTA_POCITO                                SURFACE                                    
  FM-12 SYNOP       INTA_POCITO            615  F     F         1
 -888888.000 -888888.000 -888888.000 -888888.000     615.000       0.000     296.850       0.000       1.382     129.000      -2.050     129.000      14.000       0.000   93030.000       0.000 -888888.000 -888888.000
 20260731180500
   -31.6500  -68.3000 
  ECOHUMUS                                   SURFACE                                    
  FM-12 SYNOP       ECOHUMUS               600  F     F         1
 -888888.000 -888888.000 -888888.000 -888888.000     600.000       0.000     297.850       0.000       2.272     129.000      -1.108     129.000      11.000       0.000   93930.000       0.000 -888888.000 -888888.000
 20260731180500
   -31.5192  -68.8178 
  PUNTA_NEGRA                                SURFACE                                    
  FM-12 SYNOP       PUNTA_NEGRA            800  F     F         1
 -888888.000 -888888.000 -888888.000 -888888.000     800.000       0.000     293.750       0.000       0.474     129.000       2.991     129.000      15.000       0.000   90860.000       0.000 -888888.000 -888888.000
 20260731180500
   -30.6335  -67.4682 
  VALLE_FERTIL                               SURFACE                                    
  FM-12 SYNOP       VALLE_FERTIL           900  F     F         1
 -888888.000 -888888.000 -888888.000 -888888.000     900.000       0.000     295.850       0.000       5.957     129.000       1.485     129.000      17.000       0.000   90700.000       0.000 -888888.000 -888888.000
 20260731180500
   -30.1833  -69.0667 
  CUESTA_Viento                              SURFACE                                    
  FM-12 SYNOP       CUESTA_Viento         1530  F     F         1
 -888888.000 -888888.000 -888888.000 -888888.000    1530.000       0.000     288.350       0.000      -1.574     129.000      -2.619     129.000      25.000       0.000   84550.000       0.000 -888888.000 -888888.000
 20260731181000
   -31.6500  -68.5833 
  INTA_POCITO                                SURFACE                                    
  FM-12 SYNOP       INTA_POCITO            615  F     F         1
 -888888.000 -888888.000 -888888.000 -888888.000     615.000       0.000     296.950       0.000       1.139     129.000      -1.973     129.000      14.000       0.000   93040.000       0.000 -888888.000 -888888.000
 20260731181000
   -31.6500  -68.3000 
  ECOHUMUS                                   SURFACE                                    
  FM-12 SYNOP       ECOHUMUS               600  F     F         1
 -888888.000 -888888.000 -888888.000 -888888.000     600.000       0.000     297.750       0.000       2.284     129.000      -1.266     129.000      12.000       0.000   93950.000       0.000 -888888.000 -888888.000
 20260731181000
   -31.5192  -68.8178 
  PUNTA_NEGRA                                SURFACE                                    
  FM-12 SYNOP       PUNTA_NEGRA            800  F     F         1
 -888888.000 -888888.000 -888888.000 -888888.000     800.000       0.000     293.550       0.000      -0.900     129.000       1.692     129.000      15.000       0.000   90860.000       0.000 -888888.000 -888888.000
 20260731181000
   -30.6335  -67.4682 
  VALLE_FERTIL                               SURFACE                                    
  FM-12 SYNOP       VALLE_FERTIL           900  F     F         1
 -888888.000 -888888.000 -888888.000 -888888.000     900.000       0.000     295.750       0.000       6.420     129.000       0.562     129.000      17.000       0.000   90710.000       0.000 -888888.000 -888888.000
 20260731181000
   -30.1833  -69.0667 
  CUESTA_Viento                              SURFACE                                    
  FM-12 SYNOP       CUESTA_Viento         1530  F     F         1
 -888888.000 -888888.000 -888888.000 -888888.000    1530.000       0.000     288.350       0.000      -1.077     129.000      -1.379     129.000      25.000       0.000   84560.000       0.000 -888888.000 -888888.000
 20260731181500
   -31.6500  -68.5833 
  INTA_POCITO                                SURFACE                                    
  FM-12 SYNOP       INTA_POCITO            615  F     F         1
 -888888.000 -888888.000 -888888.000 -888888.000     615.000       0.000     296.750       0.000       1.749     129.000      -1.416     129.000      14.000       0.000   93060.000       0.000 -888888.000 -888888.000
 20260731181500
   -31.6500  -68.3000 
  ECOHUMUS                                   SURFACE                                    
  FM-12 SYNOP       ECOHUMUS               600  F     F         1
 -888888.000 -888888.000 -888888.000 -888888.000     600.000       0.000     297.650       0.000       2.256     129.000      -1.893     129.000      12.000       0.000   93970.000       0.000 -888888.000 -888888.000
 20260731181500
   -31.5192  -68.8178 
  PUNTA_NEGRA                                SURFACE                                    
  FM-12 SYNOP       PUNTA_NEGRA            800  F     F         1
 -888888.000 -888888.000 -888888.000 -888888.000     800.000       0.000     293.450       0.000      -2.178     129.000       2.103     129.000      16.000       0.000   90850.000       0.000 -888888.000 -888888.000
 20260731181500
   -30.6335  -67.4682 
  VALLE_FERTIL                               SURFACE                                    
  FM-12 SYNOP       VALLE_FERTIL           900  F     F         1
 -888888.000 -888888.000 -888888.000 -888888.000     900.000       0.000     295.550       0.000       5.995     129.000       0.630     129.000      17.000       0.000   90710.000       0.000 -888888.000 -888888.000
 20260731181500
   -30.1833  -69.0667 
  CUESTA_Viento                              SURFACE                                    
  FM-12 SYNOP       CUESTA_Viento         1530  F     F         1
 -888888.000 -888888.000 -888888.000 -888888.000    1530.000       0.000     288.150       0.000      -0.706     129.000      -0.784     129.000      26.000       0.000   84560.000       0.000 -888888.000 -888888.000
 20260731182000
   -31.6500  -68.5833 
  INTA_POCITO                                SURFACE                                    
  FM-12 SYNOP       INTA_POCITO            615  F     F         1
 -888888.000 -888888.000 -888888.000 -888888.000     615.000       0.000     296.450       0.000       1.342     129.000      -1.208     129.000      14.000       0.000   93070.000       0.000 -888888.000 -888888.000
 20260731182000
   -31.6500  -68.3000 
  ECOHUMUS                                   SURFACE                                    
  FM-12 SYNOP       ECOHUMUS               600  F     F         1
 -888888.000 -888888.000 -888888.000 -888888.000     600.000       0.000     297.450       0.000       1.795     129.000      -1.402     129.000      13.000       0.000   93990.000       0.000 -888888.000 -888888.000
 20260731182000
   -31.5192  -68.8178 
  PUNTA_NEGRA                                SURFACE                                    
  FM-12 SYNOP       PUNTA_NEGRA            800  F     F         1
 -888888.000 -888888.000 -888888.000 -888888.000     800.000       0.000     293.450       0.000      -0.450     129.000       2.119     129.000      15.000       0.000   90870.000       0.000 -888888.000 -888888.000
 20260731182000
   -30.6335  -67.4682 
  VALLE_FERTIL                               SURFACE                                    
  FM-12 SYNOP       VALLE_FERTIL           900  F     F         1
 -888888.000 -888888.000 -888888.000 -888888.000     900.000       0.000     295.450       0.000       4.783     129.000       2.543     129.000      17.000       0.000   90730.000       0.000 -888888.000 -888888.000
 20260731182000
   -30.1833  -69.0667 
  CUESTA_Viento                              SURFACE                                    
  FM-12 SYNOP       CUESTA_Viento         1530  F     F         1
 -888888.000 -888888.000 -888888.000 -888888.000    1530.000       0.000     287.950       0.000      -0.084     129.000      -0.073     129.000      26.000       0.000   84590.000       0.000 -888888.000 -888888.000
 20260731182500
   -31.6500  -68.5833 
  INTA_POCITO                                SURFACE                                    
  FM-12 SYNOP       INTA_POCITO            615  F     F         1
 -888888.000 -888888.000 -888888.000 -888888.000     615.000       0.000     296.050       0.000       1.094     129.000      -0.855     129.000      15.000       0.000   93090.000       0.000 -888888.000 -888888.000
 20260731182500
   -31.6500  -68.3000 
  ECOHUMUS                                   SURFACE                                    
  FM-12 SYNOP       ECOHUMUS               600  F     F         1
 -888888.000 -888888.000 -888888.000 -888888.000     600.000       0.000     297.250       0.000       1.472     129.000      -2.356     129.000      12.000       0.000   93990.000       0.000 -888888.000 -888888.000
 20260731182500
   -31.5192  -68.8178 
  PUNTA_NEGRA                                SURFACE                                    
  FM-12 SYNOP       PUNTA_NEGRA            800  F     F         1
 -888888.000 -888888.000 -888888.000 -888888.000     800.000       0.000     293.450       0.000       2.054     129.000       1.786     129.000      16.000       0.000   90870.000       0.000 -888888.000 -888888.000
 20260731182500
   -30.6335  -67.4682 
  VALLE_FERTIL                               SURFACE                                    
  FM-12 SYNOP       VALLE_FERTIL           900  F     F         1
 -888888.000 -888888.000 -888888.000 -888888.000     900.000       0.000     295.250       0.000       4.474     129.000       1.116     129.000      17.000       0.000   90720.000       0.000 -888888.000 -888888.000
 20260731182500
   -30.1833  -69.0667 
  CUESTA_Viento                              SURFACE                                    
  FM-12 SYNOP       CUESTA_Viento         1530  F     F         1
 -888888.000 -888888.000 -888888.000 -888888.000    1530.000       0.000     287.750       0.000      -0.000     129.000       0.000     129.000      26.000       0.000   84610.000       0.000 -888888.000 -888888.000
 20260731183000
   -31.6500  -68.5833 
  INTA_POCITO                                SURFACE                                    
  FM-12 SYNOP       INTA_POCITO            615  F     F         1
 -888888.000 -888888.000 -888888.000 -888888.000     615.000       0.000     295.750       0.000       0.208     129.000      -0.361     129.000      15.000       0.000   93110.000       0.000 -888888.000 -888888.000
 20260731183000
   -31.6500  -68.3000 
  ECOHUMUS                                   SURFACE                                    
  FM-12 SYNOP       ECOHUMUS               600  F     F         1
 -888888.000 -888888.000 -888888.000 -888888.000     600.000       0.000     297.050       0.000       2.511     129.000      -2.107     129.000      11.000       0.000   93990.000       0.000 -888888.000 -888888.000
 20260731183000
   -31.5192  -68.8178 
  PUNTA_NEGRA                                SURFACE                                    
  FM-12 SYNOP       PUNTA_NEGRA            800  F     F         1
 -888888.000 -888888.000 -888888.000 -888888.000     800.000       0.000     293.250       0.000       2.390     129.000       2.078     129.000      16.000       0.000   90880.000       0.000 -888888.000 -888888.000
 20260731183000
   -30.6335  -67.4682 
  VALLE_FERTIL                               SURFACE                                    
  FM-12 SYNOP       VALLE_FERTIL           900  F     F         1
 -888888.000 -888888.000 -888888.000 -888888.000     900.000       0.000     295.050       0.000       4.870     129.000       0.426     129.000      17.000       0.000   90740.000       0.000 -888888.000 -888888.000
 20260731183000
   -30.1833  -69.0667 
  CUESTA_Viento                              SURFACE                                    
  FM-12 SYNOP       CUESTA_Viento         1530  F     F         1
 -888888.000 -888888.000 -888888.000 -888888.000    1530.000       0.000     287.550       0.000       0.000     129.000       0.000     129.000      26.000       0.000   84620.000       0.000 -888888.000 -888888.000
 20260731183500
   -31.6500  -68.5833 
  INTA_POCITO                                SURFACE                                    
  FM-12 SYNOP       INTA_POCITO            615  F     F         1
 -888888.000 -888888.000 -888888.000 -888888.000     615.000       0.000     295.350       0.000       0.991     129.000      -0.892     129.000      15.000       0.000   93110.000       0.000 -888888.000 -888888.000
 20260731183500
   -31.6500  -68.3000 
  ECOHUMUS                                   SURFACE                                    
  FM-12 SYNOP       ECOHUMUS               600  F     F         1
 -888888.000 -888888.000 -888888.000 -888888.000     600.000       0.000     296.750       0.000       2.498     129.000      -2.249     129.000      11.000       0.000   94010.000       0.000 -888888.000 -888888.000
 20260731183500
   -31.5192  -68.8178 
  PUNTA_NEGRA                                SURFACE                                    
  FM-12 SYNOP       PUNTA_NEGRA            800  F     F         1
 -888888.000 -888888.000 -888888.000 -888888.000     800.000       0.000     293.350       0.000      -0.080     129.000       4.555     129.000      16.000       0.000   90880.000       0.000 -888888.000 -888888.000
 20260731183500
   -30.6335  -67.4682 
  VALLE_FERTIL                               SURFACE                                    
  FM-12 SYNOP       VALLE_FERTIL           900  F     F         1
 -888888.000 -888888.000 -888888.000 -888888.000     900.000       0.000     294.950       0.000       4.701     129.000       1.619     129.000      16.000       0.000   90750.000       0.000 -888888.000 -888888.000
 20260731183500
   -30.1833  -69.0667 
  CUESTA_Viento                              SURFACE                                    
  FM-12 SYNOP       CUESTA_Viento         1530  F     F         1
 -888888.000 -888888.000 -888888.000 -888888.000    1530.000       0.000     287.450       0.000       0.000     129.000       0.000     129.000      26.000       0.000   84620.000       0.000 -888888.000 -888888.000
 20260731184000
   -31.6500  -68.5833 
  INTA_POCITO                                SURFACE                                    
  FM-12 SYNOP       INTA_POCITO            615  F     F         1
 -888888.000 -888888.000 -888888.000 -888888.000     615.000       0.000     295.150       0.000       0.349     129.000      -0.227     129.000      15.000       0.000   93130.000       0.000 -888888.000 -888888.000
 20260731184000
   -31.6500  -68.3000 
  ECOHUMUS                                   SURFACE                                    
  FM-12 SYNOP       ECOHUMUS               600  F     F         1
 -888888.000 -888888.000 -888888.000 -888888.000     600.000       0.000     296.350       0.000       1.910     129.000      -1.241     129.000      11.000       0.000   94010.000       0.000 -888888.000 -888888.000
 20260731184000
   -31.5192  -68.8178 
  PUNTA_NEGRA                                SURFACE                                    
  FM-12 SYNOP       PUNTA_NEGRA            800  F     F         1
 -888888.000 -888888.000 -888888.000 -888888.000     800.000       0.000     293.350       0.000      -2.165     129.000      -1.250     129.000      16.000       0.000   90890.000       0.000 -888888.000 -888888.000
 20260731184000
   -30.6335  -67.4682 
  VALLE_FERTIL                               SURFACE                                    
  FM-12 SYNOP       VALLE_FERTIL           900  F     F         1
 -888888.000 -888888.000 -888888.000 -888888.000     900.000       0.000     294.950       0.000       5.161     129.000       2.407     129.000      16.000       0.000   90740.000       0.000 -888888.000 -888888.000
 20260731184000
   -30.1833  -69.0667 
  CUESTA_Viento                              SURFACE                                    
  FM-12 SYNOP       CUESTA_Viento         1530  F     F         1
 -888888.000 -888888.000 -888888.000 -888888.000    1530.000       0.000     287.350       0.000       0.000     129.000       0.000     129.000      26.000       0.000   84610.000       0.000 -888888.000 -888888.000
 20260731184500
   -31.6500  -68.5833 
  INTA_POCITO                                SURFACE                                    
  FM-12 SYNOP       INTA_POCITO            615  F     F         1
 -888888.000 -888888.000 -888888.000 -888888.000     615.000       0.000     294.750       0.000       0.110     129.000      -0.017     129.000      15.000       0.000   93130.000       0.000 -888888.000 -888888.000
 20260731184500
   -31.6500  -68.3000 
  ECOHUMUS                                   SURFACE                                    
  FM-12 SYNOP       ECOHUMUS               600  F     F         1
 -888888.000 -888888.000 -888888.000 -888888.000     600.000       0.000     295.950       0.000       1.616     129.000      -2.225     129.000      11.000       0.000   93990.000       0.000 -888888.000 -888888.000
 20260731184500
   -31.5192  -68.8178 
  PUNTA_NEGRA                                SURFACE                                    
  FM-12 SYNOP       PUNTA_NEGRA            800  F     F         1
 -888888.000 -888888.000 -888888.000 -888888.000     800.000       0.000     293.150       0.000       2.372     129.000       1.600     129.000      16.000       0.000   90930.000       0.000 -888888.000 -888888.000
 20260731184500
   -30.6335  -67.4682 
  VALLE_FERTIL                               SURFACE                                    
  FM-12 SYNOP       VALLE_FERTIL           900  F     F         1
 -888888.000 -888888.000 -888888.000 -888888.000     900.000       0.000     294.850       0.000       5.162     129.000       1.097     129.000      16.000       0.000   90750.000       0.000 -888888.000 -888888.000
 20260731184500
   -30.1833  -69.0667 
  CUESTA_Viento                              SURFACE                                    
  FM-12 SYNOP       CUESTA_Viento         1530  F     F         1
 -888888.000 -888888.000 -888888.000 -888888.000    1530.000       0.000     287.250       0.000       0.000     129.000       0.000     129.000      27.000       0.000   84620.000       0.000 -888888.000 -888888.000
 20260731185000
   -31.6500  -68.5833 
  INTA_POCITO                                SURFACE                                    
  FM-12 SYNOP       INTA_POCITO            615  F     F         1
 -888888.000 -888888.000 -888888.000 -888888.000     615.000       0.000     294.550       0.000      -0.004     129.000       0.028     129.000      15.000       0.000   93130.000       0.000 -888888.000 -888888.000
 20260731185000
   -31.6500  -68.3000 
  ECOHUMUS                                   SURFACE                                    
  FM-12 SYNOP       ECOHUMUS               600  F     F         1
 -888888.000 -888888.000 -888888.000 -888888.000     600.000       0.000     295.650       0.000       0.352     129.000      -1.997     129.000      12.000       0.000   94000.000       0.000 -888888.000 -888888.000
 20260731185000
   -31.5192  -68.8178 
  PUNTA_NEGRA                                SURFACE                                    
  FM-12 SYNOP       PUNTA_NEGRA            800  F     F         1
 -888888.000 -888888.000 -888888.000 -888888.000     800.000       0.000     293.250       0.000      -1.653     129.000       2.863     129.000      16.000       0.000   90940.000       0.000 -888888.000 -888888.000
 20260731185000
   -30.6335  -67.4682 
  VALLE_FERTIL                               SURFACE                                    
  FM-12 SYNOP       VALLE_FERTIL           900  F     F         1
 -888888.000 -888888.000 -888888.000 -888888.000     900.000       0.000     294.750       0.000       4.110     129.000       0.072     129.000      16.000       0.000   90760.000       0.000 -888888.000 -888888.000
 20260731185000
   -30.1833  -69.0667 
  CUESTA_Viento                              SURFACE                                    
  FM-12 SYNOP       CUESTA_Viento         1530  F     F         1
 -888888.000 -888888.000 -888888.000 -888888.000    1530.000       0.000     287.450       0.000       0.000     129.000       0.000     129.000      25.000       0.000   84630.000       0.000 -888888.000 -888888.000
 20260731185500
   -31.6500  -68.5833 
  INTA_POCITO                                SURFACE                                    
  FM-12 SYNOP       INTA_POCITO            615  F     F         1
 -888888.000 -888888.000 -888888.000 -888888.000     615.000       0.000     294.550       0.000       0.056     129.000       0.001     129.000      15.000       0.000   93130.000       0.000 -888888.000 -888888.000
 20260731185500
   -31.6500  -68.3000 
  ECOHUMUS                                   SURFACE                                    
  FM-12 SYNOP       ECOHUMUS               600  F     F         1
 -888888.000 -888888.000 -888888.000 -888888.000     600.000       0.000     295.350       0.000       0.551     129.000      -2.210     129.000      12.000       0.000   94010.000       0.000 -888888.000 -888888.000
 20260731185500
   -31.5192  -68.8178 
  PUNTA_NEGRA                                SURFACE                                    
  FM-12 SYNOP       PUNTA_NEGRA            800  F     F         1
 -888888.000 -888888.000 -888888.000 -888888.000     800.000       0.000     293.050       0.000      -0.228     129.000       2.601     129.000      16.000       0.000   90950.000       0.000 -888888.000 -888888.000
 20260731185500
   -30.6335  -67.4682 
  VALLE_FERTIL                               SURFACE                                    
  FM-12 SYNOP       VALLE_FERTIL           900  F     F         1
 -888888.000 -888888.000 -888888.000 -888888.000     900.000       0.000     294.650       0.000       3.257     129.000       1.121     129.000      16.000       0.000   90750.000       0.000 -888888.000 -888888.000
 20260731185500
   -30.1833  -69.0667 
  CUESTA_Viento                              SURFACE                                    
  FM-12 SYNOP       CUESTA_Viento         1530  F     F         1
 -888888.000 -888888.000 -888888.000 -888888.000    1530.000       0.000     287.450       0.000       0.008     129.000      -0.027     129.000      26.000       0.000   84630.000       0.000 -888888.000 -888888.000
 20260731190000
   -31.6500  -68.5833 
  INTA_POCITO                                SURFACE                                    
  FM-12 SYNOP       INTA_POCITO            615  F     F         1
 -888888.000 -888888.000 -888888.000 -888888.000     615.000       0.000     294.550       0.000      -0.022     129.000       0.017     129.000      14.000       0.000   93150.000       0.000 -888888.000 -888888.000
 20260731190000
   -31.6500  -68.3000 
  ECOHUMUS                                   SURFACE                                    
  FM-12 SYNOP       ECOHUMUS               600  F     F         1
 -888888.000 -888888.000 -888888.000 -888888.000     600.000       0.000     295.150       0.000       0.889     129.000      -1.823     129.000      13.000       0.000   94020.000       0.000 -888888.000 -888888.000
 20260731190000
   -31.5192  -68.8178 
  PUNTA_NEGRA                                SURFACE                                    
  FM-12 SYNOP       PUNTA_NEGRA            800  F     F         1
 -888888.000 -888888.000 -888888.000 -888888.000     800.000       0.000     292.850       0.000       1.481     129.000       2.672     129.000      17.000       0.000   90940.000       0.000 -888888.000 -888888.000
 20260731190000
   -30.6335  -67.4682 
  VALLE_FERTIL                               SURFACE                                    
  FM-12 SYNOP       VALLE_FERTIL           900  F     F         1
 -888888.000 -888888.000 -888888.000 -888888.000     900.000       0.000     294.450       0.000       5.711     129.000       1.318     129.000      16.000       0.000   90760.000       0.000 -888888.000 -888888.000
 20260731190000
   -30.1833  -69.0667 
  CUESTA_Viento                              SURFACE                                    
  FM-12 SYNOP       CUESTA_Viento         1530  F     F         1
 -888888.000 -888888.000 -888888.000 -888888.000    1530.000       0.000     287.450       0.000      -0.009     129.000      -0.026     129.000      26.000       0.000   84630.000       0.000 -888888.000 -888888.000
 20260731190500
   -31.6500  -68.5833 
  INTA_POCITO                                SURFACE                                    
  FM-12 SYNOP       INTA_POCITO            615  F     F         1
 -888888.000 -888888.000 -888888.000 -888888.000     615.000       0.000     294.250       0.000      -0.061     129.000       0.093     129.000      16.000       0.000   93180.000       0.000 -888888.000 -888888.000
 20260731190500
   -31.6500  -68.3000 
  ECOHUMUS                                   SURFACE                                    
  FM-12 SYNOP       ECOHUMUS               600  F     F         1
 -888888.000 -888888.000 -888888.000 -888888.000     600.000       0.000     294.650       0.000       0.791     129.000      -1.776     129.000      13.000       0.000   94010.000       0.000 -888888.000 -888888.000
 20260731190500
   -31.5192  -68.8178 
  PUNTA_NEGRA                                SURFACE                                    
  FM-12 SYNOP       PUNTA_NEGRA            800  F     F         1
 -888888.000 -888888.000 -888888.000 -888888.000     800.000       0.000     292.950       0.000      -2.845     129.000      -1.036     129.000      17.000       0.000   90980.000       0.000 -888888.000 -888888.000
 20260731190500
   -30.6335  -67.4682 
  VALLE_FERTIL                               SURFACE                                    
  FM-12 SYNOP       VALLE_FERTIL           900  F     F         1
 -888888.000 -888888.000 -888888.000 -888888.000     900.000       0.000     294.450       0.000       4.569     129.000       1.397     129.000      16.000       0.000   90760.000       0.000 -888888.000 -888888.000
 20260731190500
   -30.1833  -69.0667 
  CUESTA_Viento                              SURFACE                                    
  FM-12 SYNOP       CUESTA_Viento         1530  F     F         1
 -888888.000 -888888.000 -888888.000 -888888.000    1530.000       0.000     287.250       0.000      -0.000     129.000       0.000     129.000      26.000       0.000   84660.000       0.000 -888888.000 -888888.000
 20260731191000
   -31.6500  -68.5833 
  INTA_POCITO                                SURFACE                                    
  FM-12 SYNOP       INTA_POCITO            615  F     F         1
 -888888.000 -888888.000 -888888.000 -888888.000     615.000       0.000     293.650       0.000       0.011     129.000      -0.025     129.000      15.000       0.000   93200.000       0.000 -888888.000 -888888.000
 20260731191000
   -31.6500  -68.3000 
  ECOHUMUS                                   SURFACE                                    
  FM-12 SYNOP       ECOHUMUS               600  F     F         1
 -888888.000 -888888.000 -888888.000 -888888.000     600.000       0.000     294.150       0.000       0.239     129.000      -1.509     129.000      13.000       0.000   94030.000       0.000 -888888.000 -888888.000
 20260731191000
   -31.5192  -68.8178 
  PUNTA_NEGRA                                SURFACE                                    
  FM-12 SYNOP       PUNTA_NEGRA            800  F     F         1
 -888888.000 -888888.000 -888888.000 -888888.000     800.000       0.000     292.750       0.000       0.886     129.000       1.176     129.000      17.000       0.000   90990.000       0.000 -888888.000 -888888.000
 20260731191000
   -30.6335  -67.4682 
  VALLE_FERTIL                               SURFACE                                    
  FM-12 SYNOP       VALLE_FERTIL           900  F     F         1
 -888888.000 -888888.000 -888888.000 -888888.000     900.000       0.000     294.350       0.000       5.441     129.000       0.190     129.000      16.000       0.000   90750.000       0.000 -888888.000 -888888.000
 20260731191000
   -30.1833  -69.0667 
  CUESTA_Viento                              SURFACE                                    
  FM-12 SYNOP       CUESTA_Viento         1530  F     F         1
 -888888.000 -888888.000 -888888.000 -888888.000    1530.000       0.000     287.050       0.000      -0.013     129.000       0.250     129.000      27.000       0.000   84660.000       0.000 -888888.000 -888888.000
 20260731191500
   -31.6500  -68.5833 
  INTA_POCITO                                SURFACE                                    
  FM-12 SYNOP       INTA_POCITO            615  F     F         1
 -888888.000 -888888.000 -888888.000 -888888.000     615.000       0.000     293.650       0.000      -0.000     129.000       0.000     129.000      16.000       0.000   93190.000       0.000 -888888.000 -888888.000
 20260731191500
   -31.6500  -68.3000 
  ECOHUMUS                                   SURFACE                                    
  FM-12 SYNOP       ECOHUMUS               600  F     F         1
 -888888.000 -888888.000 -888888.000 -888888.000     600.000       0.000     293.850       0.000       0.681     129.000      -1.048     129.000      14.000       0.000   94030.000       0.000 -888888.000 -888888.000
 20260731191500
   -31.5192  -68.8178 
  PUNTA_NEGRA                                SURFACE                                    
  FM-12 SYNOP       PUNTA_NEGRA            800  F     F         1
 -888888.000 -888888.000 -888888.000 -888888.000     800.000       0.000     292.550       0.000       0.598     129.000       0.127     129.000      17.000       0.000   90980.000       0.000 -888888.000 -888888.000
 20260731191500
   -30.6335  -67.4682 
  VALLE_FERTIL                               SURFACE                                    
  FM-12 SYNOP       VALLE_FERTIL           900  F     F         1
 -888888.000 -888888.000 -888888.000 -888888.000     900.000       0.000     294.450       0.000       4.593     129.000       2.045     129.000      16.000       0.000   90740.000       0.000 -888888.000 -888888.000
 20260731191500
   -30.1833  -69.0667 
  CUESTA_Viento                              SURFACE                                    
  FM-12 SYNOP       CUESTA_Viento         1530  F     F         1
 -888888.000 -888888.000 -888888.000 -888888.000    1530.000       0.000     286.950       0.000      -0.397     129.000       0.636     129.000      26.000       0.000   84670.000       0.000 -888888.000 -888888.000
 20260731192000
   -31.6500  -68.5833 
  INTA_POCITO                                SURFACE                                    
  FM-12 SYNOP       INTA_POCITO            615  F     F         1
 -888888.000 -888888.000 -888888.000 -888888.000     615.000       0.000     292.850       0.000      -0.166     129.000       0.009     129.000      17.000       0.000   93190.000       0.000 -888888.000 -888888.000
 20260731192000
   -31.6500  -68.3000 
  ECOHUMUS                                   SURFACE                                    
  FM-12 SYNOP       ECOHUMUS               600  F     F         1
 -888888.000 -888888.000 -888888.000 -888888.000     600.000       0.000     293.650       0.000       0.388     129.000      -1.011     129.000      14.000       0.000   94030.000       0.000 -888888.000 -888888.000
 20260731192000
   -31.5192  -68.8178 
  PUNTA_NEGRA                                SURFACE                                    
  FM-12 SYNOP       PUNTA_NEGRA            800  F     F         1
 -888888.000 -888888.000 -888888.000 -888888.000     800.000       0.000     292.350       0.000       0.230     129.000       0.859     129.000      16.000       0.000   91010.000       0.000 -888888.000 -888888.000
 20260731192000
   -30.6335  -67.4682 
  VALLE_FERTIL                               SURFACE                                    
  FM-12 SYNOP       VALLE_FERTIL           900  F     F         1
 -888888.000 -888888.000 -888888.000 -888888.000     900.000       0.000     294.250       0.000       4.072     129.000       1.482     129.000      16.000       0.000   90750.000       0.000 -888888.000 -888888.000
 20260731192000
   -30.1833  -69.0667 
  CUESTA_Viento                              SURFACE                                    
  FM-12 SYNOP       CUESTA_Viento         1530  F     F         1
 -888888.000 -888888.000 -888888.000 -888888.000    1530.000       0.000     286.950       0.000      -0.944     129.000       1.571     129.000      26.000       0.000   84670.000       0.000 -888888.000 -888888.000
 20260731192500
   -31.6500  -68.5833 
  INTA_POCITO                                SURFACE                                    
  FM-12 SYNOP       INTA_POCITO            615  F     F         1
 -888888.000 -888888.000 -888888.000 -888888.000     615.000       0.000     292.750       0.000      -0.220     129.000       0.031     129.000      17.000       0.000   93190.000       0.000 -888888.000 -888888.000
 20260731192500
   -31.6500  -68.3000 
  ECOHUMUS                                   SURFACE                                    
  FM-12 SYNOP       ECOHUMUS               600  F     F         1
 -888888.000 -888888.000 -888888.000 -888888.000     600.000       0.000     293.350       0.000       0.306     129.000      -1.068     129.000      14.000       0.000   94040.000       0.000 -888888.000 -888888.000
 20260731192500
   -31.5192  -68.8178 
  PUNTA_NEGRA                                SURFACE                                    
  FM-12 SYNOP       PUNTA_NEGRA            800  F     F         1
 -888888.000 -888888.000 -888888.000 -888888.000     800.000       0.000     292.350       0.000       0.159     129.000       0.903     129.000      16.000       0.000   91010.000       0.000 -888888.000 -888888.000
 20260731192500
   -30.6335  -67.4682 
  VALLE_FERTIL                               SURFACE                                    
  FM-12 SYNOP       VALLE_FERTIL           900  F     F         1
 -888888.000 -888888.000 -888888.000 -888888.000     900.000       0.000     294.150       0.000       3.913     129.000       1.347     129.000      16.000       0.000   90750.000       0.000 -888888.000 -888888.000
 20260731192500
   -30.1833  -69.0667 
  CUESTA_Viento                              SURFACE                                    
  FM-12 SYNOP       CUESTA_Viento         1530  F     F         1
 -888888.000 -888888.000 -888888.000 -888888.000    1530.000       0.000     286.850       0.000      -0.924     129.000       1.320     129.000      27.000       0.000   84660.000       0.000 -888888.000 -888888.000
 20260731193000
   -31.6500  -68.5833 
  INTA_POCITO                                SURFACE                                    
  FM-12 SYNOP       INTA_POCITO            615  F     F         1
 -888888.000 -888888.000 -888888.000 -888888.000     615.000       0.000     293.950       0.000       0.028     129.000      -0.002     129.000      15.000       0.000   93210.000       0.000 -888888.000 -888888.000
 20260731193000
   -31.6500  -68.3000 
  ECOHUMUS                                   SURFACE                                    
  FM-12 SYNOP       ECOHUMUS               600  F     F         1
 -888888.000 -888888.000 -888888.000 -888888.000     600.000       0.000     293.150       0.000      -0.091     129.000      -1.302     129.000      14.000       0.000   94060.000       0.000 -888888.000 -888888.000
 20260731193000
   -31.5192  -68.8178 
  PUNTA_NEGRA                                SURFACE                                    
  FM-12 SYNOP       PUNTA_NEGRA            800  F     F         1
 -888888.000 -888888.000 -888888.000 -888888.000     800.000       0.000     292.150       0.000       0.617     129.000       0.518     129.000      16.000       0.000   91010.000       0.000 -888888.000 -888888.000
 20260731193000
   -30.6335  -67.4682 
  VALLE_FERTIL                               SURFACE                                    
  FM-12 SYNOP       VALLE_FERTIL           900  F     F         1
 -888888.000 -888888.000 -888888.000 -888888.000     900.000       0.000     293.950       0.000       3.529     129.000       0.622     129.000      16.000       0.000   90760.000       0.000 -888888.000 -888888.000
 20260731193000
   -30.1833  -69.0667 
  CUESTA_Viento                              SURFACE                                    
  FM-12 SYNOP       CUESTA_Viento         1530  F     F         1
 -888888.000 -888888.000 -888888.000 -888888.000    1530.000       0.000     286.750       0.000      -1.198     129.000       0.584     129.000      26.000       0.000   84660.000       0.000 -888888.000 -888888.000
 20260731193500
   -31.6500  -68.5833 
  INTA_POCITO                                SURFACE                                    
  FM-12 SYNOP       INTA_POCITO            615  F     F         1
 -888888.000 -888888.000 -888888.000 -888888.000     615.000       0.000     294.650       0.000       0.000     129.000       0.000     129.000      15.000       0.000   93210.000       0.000 -888888.000 -888888.000
 20260731193500
   -31.6500  -68.3000 
  ECOHUMUS                                   SURFACE                                    
  FM-12 SYNOP       ECOHUMUS               600  F     F         1
 -888888.000 -888888.000 -888888.000 -888888.000     600.000       0.000     292.950       0.000      -0.087     129.000      -1.247     129.000      15.000       0.000   94070.000       0.000 -888888.000 -888888.000
 20260731193500
   -31.5192  -68.8178 
  PUNTA_NEGRA                                SURFACE                                    
  FM-12 SYNOP       PUNTA_NEGRA            800  F     F         1
 -888888.000 -888888.000 -888888.000 -888888.000     800.000       0.000     291.850       0.000      -0.729     129.000       0.839     129.000      16.000       0.000   91020.000       0.000 -888888.000 -888888.000
 20260731193500
   -30.6335  -67.4682 
  VALLE_FERTIL                               SURFACE                                    
  FM-12 SYNOP       VALLE_FERTIL           900  F     F         1
 -888888.000 -888888.000 -888888.000 -888888.000     900.000       0.000     293.950       0.000       3.887     129.000       1.650     129.000      16.000       0.000   90770.000       0.000 -888888.000 -888888.000
 20260731193500
   -30.1833  -69.0667 
  CUESTA_Viento                              SURFACE                                    
  FM-12 SYNOP       CUESTA_Viento         1530  F     F         1
 -888888.000 -888888.000 -888888.000 -888888.000    1530.000       0.000     286.850       0.000      -0.192     129.000       0.161     129.000      25.000       0.000   84670.000       0.000 -888888.000 -888888.000
 20260731194000
   -31.6500  -68.5833 
  INTA_POCITO                                SURFACE                                    
  FM-12 SYNOP       INTA_POCITO            615  F     F         1
 -888888.000 -888888.000 -888888.000 -888888.000     615.000       0.000     293.750       0.000      -0.000     129.000       0.000     129.000      17.000       0.000   93230.000       0.000 -888888.000 -888888.000
 20260731194000
   -31.6500  -68.3000 
  ECOHUMUS                                   SURFACE                                    
  FM-12 SYNOP       ECOHUMUS               600  F     F         1
 -888888.000 -888888.000 -888888.000 -888888.000     600.000       0.000     292.550       0.000       0.470     129.000      -1.366     129.000      15.000       0.000   94080.000       0.000 -888888.000 -888888.000
 20260731194000
   -31.5192  -68.8178 
  PUNTA_NEGRA                                SURFACE                                    
  FM-12 SYNOP       PUNTA_NEGRA            800  F     F         1
 -888888.000 -888888.000 -888888.000 -888888.000     800.000       0.000     291.950       0.000       0.456     129.000       0.730     129.000      16.000       0.000   91030.000       0.000 -888888.000 -888888.000
 20260731194000
   -30.6335  -67.4682 
  VALLE_FERTIL                               SURFACE                                    
  FM-12 SYNOP       VALLE_FERTIL           900  F     F         1
 -888888.000 -888888.000 -888888.000 -888888.000     900.000       0.000     294.050       0.000       4.472     129.000       0.869     129.000      16.000       0.000   90790.000       0.000 -888888.000 -888888.000
 20260731194000
   -30.1833  -69.0667 
  CUESTA_Viento                              SURFACE                                    
  FM-12 SYNOP       CUESTA_Viento         1530  F     F         1
 -888888.000 -888888.000 -888888.000 -888888.000    1530.000       0.000     286.950       0.000      -0.587     129.000      -0.168     129.000      25.000       0.000   84670.000       0.000 -888888.000 -888888.000
 20260731194500
   -31.6500  -68.5833 
  INTA_POCITO                                SURFACE                                    
  FM-12 SYNOP       INTA_POCITO            615  F     F         1
 -888888.000 -888888.000 -888888.000 -888888.000     615.000       0.000     292.350       0.000      -0.011     129.000      -0.055     129.000      18.000       0.000   93240.000       0.000 -888888.000 -888888.000
 20260731194500
   -31.6500  -68.3000 
  ECOHUMUS                                   SURFACE                                    
  FM-12 SYNOP       ECOHUMUS               600  F     F         1
 -888888.000 -888888.000 -888888.000 -888888.000     600.000       0.000     292.450       0.000       0.769     129.000      -0.950     129.000      15.000       0.000   94090.000       0.000 -888888.000 -888888.000
 20260731194500
   -31.5192  -68.8178 
  PUNTA_NEGRA                                SURFACE                                    
  FM-12 SYNOP       PUNTA_NEGRA            800  F     F         1
 -888888.000 -888888.000 -888888.000 -888888.000     800.000       0.000     291.750       0.000      -0.755     129.000      -0.352     129.000      16.000       0.000   91030.000       0.000 -888888.000 -888888.000
 20260731194500
   -30.6335  -67.4682 
  VALLE_FERTIL                               SURFACE                                    
  FM-12 SYNOP       VALLE_FERTIL           900  F     F         1
 -888888.000 -888888.000 -888888.000 -888888.000     900.000       0.000     294.050       0.000       4.117     129.000       1.747     129.000      16.000       0.000   90810.000       0.000 -888888.000 -888888.000
 20260731194500
   -30.1833  -69.0667 
  CUESTA_Viento                              SURFACE                                    
  FM-12 SYNOP       CUESTA_Viento         1530  F     F         1
 -888888.000 -888888.000 -888888.000 -888888.000    1530.000       0.000     286.850       0.000      -0.108     129.000       0.025     129.000      24.000       0.000   84690.000       0.000 -888888.000 -888888.000
 20260731195000
   -31.6500  -68.5833 
  INTA_POCITO                                SURFACE                                    
  FM-12 SYNOP       INTA_POCITO            615  F     F         1
 -888888.000 -888888.000 -888888.000 -888888.000     615.000       0.000     292.550       0.000      -0.024     129.000      -0.015     129.000      18.000       0.000   93250.000       0.000 -888888.000 -888888.000
 20260731195000
   -31.6500  -68.3000 
  ECOHUMUS                                   SURFACE                                    
  FM-12 SYNOP       ECOHUMUS               600  F     F         1
 -888888.000 -888888.000 -888888.000 -888888.000     600.000       0.000     292.350       0.000       0.743     129.000      -1.398     129.000      15.000       0.000   94090.000       0.000 -888888.000 -888888.000
 20260731195000
   -31.5192  -68.8178 
  PUNTA_NEGRA                                SURFACE                                    
  FM-12 SYNOP       PUNTA_NEGRA            800  F     F         1
 -888888.000 -888888.000 -888888.000 -888888.000     800.000       0.000     291.750       0.000      -0.335     129.000       0.478     129.000      16.000       0.000   91050.000       0.000 -888888.000 -888888.000
 20260731195000
   -30.6335  -67.4682 
  VALLE_FERTIL                               SURFACE                                    
  FM-12 SYNOP       VALLE_FERTIL           900  F     F         1
 -888888.000 -888888.000 -888888.000 -888888.000     900.000       0.000     293.750       0.000       3.168     129.000       1.614     129.000      16.000       0.000   90800.000       0.000 -888888.000 -888888.000
 20260731195000
   -30.1833  -69.0667 
  CUESTA_Viento                              SURFACE                                    
  FM-12 SYNOP       CUESTA_Viento         1530  F     F         1
 -888888.000 -888888.000 -888888.000 -888888.000    1530.000       0.000     286.650       0.000      -0.083     129.000      -0.074     129.000      25.000       0.000   84700.000       0.000 -888888.000 -888888.000
 20260731195500
   -31.6500  -68.5833 
  INTA_POCITO                                SURFACE                                    
  FM-12 SYNOP       INTA_POCITO            615  F     F         1
 -888888.000 -888888.000 -888888.000 -888888.000     615.000       0.000     292.750       0.000      -0.026     129.000       0.010     129.000      18.000       0.000   93240.000       0.000 -888888.000 -888888.000
 20260731195500
   -31.6500  -68.3000 
  ECOHUMUS                                   SURFACE                                    
  FM-12 SYNOP       ECOHUMUS               600  F     F         1
 -888888.000 -888888.000 -888888.000 -888888.000     600.000       0.000     292.550       0.000       1.069     129.000      -1.852     129.000      15.000       0.000   94090.000       0.000 -888888.000 -888888.000
 20260731195500
   -31.5192  -68.8178 
  PUNTA_NEGRA                                SURFACE                                    
  FM-12 SYNOP       PUNTA_NEGRA            800  F     F         1
 -888888.000 -888888.000 -888888.000 -888888.000     800.000       0.000     291.550       0.000       0.525     129.000      -1.523     129.000      16.000       0.000   91040.000       0.000 -888888.000 -888888.000
 20260731195500
   -30.6335  -67.4682 
  VALLE_FERTIL                               SURFACE                                    
  FM-12 SYNOP       VALLE_FERTIL           900  F     F         1
 -888888.000 -888888.000 -888888.000 -888888.000     900.000       0.000     293.450       0.000       3.199     129.000       1.847     129.000      16.000       0.000   90790.000       0.000 -888888.000 -888888.000
 20260731195500
   -30.1833  -69.0667 
  CUESTA_Viento                              SURFACE                                    
  FM-12 SYNOP       CUESTA_Viento         1530  F     F         1
 -888888.000 -888888.000 -888888.000 -888888.000    1530.000       0.000     286.450       0.000      -0.000     129.000       0.000     129.000      26.000       0.000   84700.000       0.000 -888888.000 -888888.000
 20260731200000
   -31.6500  -68.5833 
  INTA_POCITO                                SURFACE                                    
  FM-12 SYNOP       INTA_POCITO            615  F     F         1
 -888888.000 -888888.000 -888888.000 -888888.000     615.000       0.000     292.250       0.000      -0.033     129.000      -0.044     129.000      19.000       0.000   93260.000       0.000 -888888.000 -888888.000
 20260731200000
   -31.6500  -68.3000 
  ECOHUMUS                                   SURFACE                                    
  FM-12 SYNOP       ECOHUMUS               600  F     F         1
 -888888.000 -888888.000 -888888.000 -888888.000     600.000       0.000     292.950       0.000       1.531     129.000      -1.761     129.000      14.000       0.000   94100.000       0.000 -888888.000 -888888.000
 20260731200000
   -31.5192  -68.8178 
  PUNTA_NEGRA                                SURFACE                                    
  FM-12 SYNOP       PUNTA_NEGRA            800  F     F         1
 -888888.000 -888888.000 -888888.000 -888888.000     800.000       0.000     291.650       0.000       0.110     129.000       0.516     129.000      17.000       0.000   91070.000       0.000 -888888.000 -888888.000
 20260731200000
   -30.6335  -67.4682 
  VALLE_FERTIL                               SURFACE                                    
  FM-12 SYNOP       VALLE_FERTIL           900  F     F         1
 -888888.000 -888888.000 -888888.000 -888888.000     900.000       0.000     293.250       0.000       3.800     129.000       0.948     129.000      17.000       0.000   90780.000       0.000 -888888.000 -888888.000
 20260731200000
   -30.1833  -69.0667 
  CUESTA_Viento                              SURFACE                                    
  FM-12 SYNOP       CUESTA_Viento         1530  F     F         1
 -888888.000 -888888.000 -888888.000 -888888.000    1530.000       0.000     286.450       0.000      -0.052     129.000      -0.159     129.000      25.000       0.000   84710.000       0.000 -888888.000 -888888.000
 20260731200500
   -31.6500  -68.5833 
  INTA_POCITO                                SURFACE                                    
  FM-12 SYNOP       INTA_POCITO            615  F     F         1
 -888888.000 -888888.000 -888888.000 -888888.000     615.000       0.000     291.850       0.000      -0.545     129.000      -0.277     129.000      20.000       0.000   93270.000       0.000 -888888.000 -888888.000
 20260731200500
   -31.6500  -68.3000 
  ECOHUMUS                                   SURFACE                                    
  FM-12 SYNOP       ECOHUMUS               600  F     F         1
 -888888.000 -888888.000 -888888.000 -888888.000     600.000       0.000     293.850       0.000       0.543     129.000      -2.554     129.000      14.000       0.000   94120.000       0.000 -888888.000 -888888.000
 20260731200500
   -31.5192  -68.8178 
  PUNTA_NEGRA                                SURFACE                                    
  FM-12 SYNOP       PUNTA_NEGRA            800  F     F         1
 -888888.000 -888888.000 -888888.000 -888888.000     800.000       0.000     291.350       0.000      -0.016     129.000       0.222     129.000      18.000       0.000   91090.000       0.000 -888888.000 -888888.000
 20260731200500
   -30.6335  -67.4682 
  VALLE_FERTIL                               SURFACE                                    
  FM-12 SYNOP       VALLE_FERTIL           900  F     F         1
 -888888.000 -888888.000 -888888.000 -888888.000     900.000       0.000     293.350       0.000       4.660     129.000       0.244     129.000      16.000       0.000   90780.000       0.000 -888888.000 -888888.000
 20260731200500
   -30.1833  -69.0667 
  CUESTA_Viento                              SURFACE                                    
  FM-12 SYNOP       CUESTA_Viento         1530  F     F         1
 -888888.000 -888888.000 -888888.000 -888888.000    1530.000       0.000     286.450       0.000       0.000     129.000       0.000     129.000      25.000       0.000   84720.000       0.000 -888888.000 -888888.000
 20260731201000
   -31.6500  -68.5833 
  INTA_POCITO                                SURFACE                                    
  FM-12 SYNOP       INTA_POCITO            615  F     F         1
 -888888.000 -888888.000 -888888.000 -888888.000     615.000       0.000     291.850       0.000      -0.170     129.000      -0.094     129.000      19.000       0.000   93280.000       0.000 -888888.000 -888888.000
 20260731201000
   -31.6500  -68.3000 
  ECOHUMUS                                   SURFACE                                    
  FM-12 SYNOP       ECOHUMUS               600  F     F         1
 -888888.000 -888888.000 -888888.000 -888888.000     600.000       0.000     293.750       0.000       2.058     129.000      -1.608     129.000      14.000       0.000   94120.000       0.000 -888888.000 -888888.000
 20260731201000
   -31.5192  -68.8178 
  PUNTA_NEGRA                                SURFACE                                    
  FM-12 SYNOP       PUNTA_NEGRA            800  F     F         1
 -888888.000 -888888.000 -888888.000 -888888.000     800.000       0.000     291.250       0.000      -0.028     129.000       0.527     129.000      17.000       0.000   91080.000       0.000 -888888.000 -888888.000
 20260731201000
   -30.6335  -67.4682 
  VALLE_FERTIL                               SURFACE                                    
  FM-12 SYNOP       VALLE_FERTIL           900  F     F         1
 -888888.000 -888888.000 -888888.000 -888888.000     900.000       0.000     293.250       0.000       3.989     129.000       0.995     129.000      16.000       0.000   90780.000       0.000 -888888.000 -888888.000
 20260731201000
   -30.1833  -69.0667 
  CUESTA_Viento                              SURFACE                                    
  FM-12 SYNOP       CUESTA_Viento         1530  F     F         1
 -888888.000 -888888.000 -888888.000 -888888.000    1530.000       0.000     286.550       0.000      -0.050     129.000       0.067     129.000      23.000       0.000   84720.000       0.000 -888888.000 -888888.000
 20260731201500
   -31.6500  -68.5833 
  INTA_POCITO                                SURFACE                                    
  FM-12 SYNOP       INTA_POCITO            615  F     F         1
 -888888.000 -888888.000 -888888.000 -888888.000     615.000       0.000     291.950       0.000      -0.166     129.000      -0.012     129.000      19.000       0.000   93270.000       0.000 -888888.000 -888888.000
 20260731201500
   -31.6500  -68.3000 
  ECOHUMUS                                   SURFACE                                    
  FM-12 SYNOP       ECOHUMUS               600  F     F         1
 -888888.000 -888888.000 -888888.000 -888888.000     600.000       0.000     293.350       0.000       0.877     129.000      -2.548     129.000      14.000       0.000   94130.000       0.000 -888888.000 -888888.000
 20260731201500
   -31.5192  -68.8178 
  PUNTA_NEGRA                                SURFACE                                    
  FM-12 SYNOP       PUNTA_NEGRA            800  F     F         1
 -888888.000 -888888.000 -888888.000 -888888.000     800.000       0.000     291.350       0.000       0.118     129.000       0.341     129.000      17.000       0.000   91090.000       0.000 -888888.000 -888888.000
 20260731201500
   -30.6335  -67.4682 
  VALLE_FERTIL                               SURFACE                                    
  FM-12 SYNOP       VALLE_FERTIL           900  F     F         1
 -888888.000 -888888.000 -888888.000 -888888.000     900.000       0.000     293.450       0.000       4.751     129.000       1.729     129.000      16.000       0.000   90780.000       0.000 -888888.000 -888888.000
 20260731201500
   -30.1833  -69.0667 
  CUESTA_Viento                              SURFACE                                    
  FM-12 SYNOP       CUESTA_Viento         1530  F     F         1
 -888888.000 -888888.000 -888888.000 -888888.000    1530.000       0.000     286.250       0.000      -0.024     129.000      -0.014     129.000      24.000       0.000   84720.000       0.000 -888888.000 -888888.000
 20260731202000
   -31.6500  -68.5833 
  INTA_POCITO                                SURFACE                                    
  FM-12 SYNOP       INTA_POCITO            615  F     F         1
 -888888.000 -888888.000 -888888.000 -888888.000     615.000       0.000     292.050       0.000      -0.687     129.000      -0.687     129.000      17.000       0.000   93280.000       0.000 -888888.000 -888888.000
 20260731202000
   -31.6500  -68.3000 
  ECOHUMUS                                   SURFACE                                    
  FM-12 SYNOP       ECOHUMUS               600  F     F         1
 -888888.000 -888888.000 -888888.000 -888888.000     600.000       0.000     293.450       0.000       2.232     129.000      -2.660     129.000      14.000       0.000   94120.000       0.000 -888888.000 -888888.000
 20260731202000
   -31.5192  -68.8178 
  PUNTA_NEGRA                                SURFACE                                    
  FM-12 SYNOP       PUNTA_NEGRA            800  F     F         1
 -888888.000 -888888.000 -888888.000 -888888.000     800.000       0.000     291.450       0.000       0.378     129.000       0.985     129.000      17.000       0.000   91100.000       0.000 -888888.000 -888888.000
 20260731202000
   -30.6335  -67.4682 
  VALLE_FERTIL                               SURFACE                                    
  FM-12 SYNOP       VALLE_FERTIL           900  F     F         1
 -888888.000 -888888.000 -888888.000 -888888.000     900.000       0.000     293.450       0.000       4.622     129.000       1.413     129.000      17.000       0.000   90790.000       0.000 -888888.000 -888888.000
 20260731202000
   -30.1833  -69.0667 
  CUESTA_Viento                              SURFACE                                    
  FM-12 SYNOP       CUESTA_Viento         1530  F     F         1
 -888888.000 -888888.000 -888888.000 -888888.000    1530.000       0.000     286.250       0.000      -0.122     129.000       0.456     129.000      24.000       0.000   84720.000       0.000 -888888.000 -888888.000
 20260731202500
   -31.6500  -68.5833 
  INTA_POCITO                                SURFACE                                    
  FM-12 SYNOP       INTA_POCITO            615  F     F         1
 -888888.000 -888888.000 -888888.000 -888888.000     615.000       0.000     292.750       0.000      -0.451     129.000      -0.924     129.000      17.000       0.000   93290.000       0.000 -888888.000 -888888.000
 20260731202500
   -31.6500  -68.3000 
  ECOHUMUS                                   SURFACE                                    
  FM-12 SYNOP       ECOHUMUS               600  F     F         1
 -888888.000 -888888.000 -888888.000 -888888.000     600.000       0.000     293.550       0.000       2.344     129.000      -1.641     129.000      14.000       0.000   94120.000       0.000 -888888.000 -888888.000
 20260731202500
   -31.5192  -68.8178 
  PUNTA_NEGRA                                SURFACE                                    
  FM-12 SYNOP       PUNTA_NEGRA            800  F     F         1
 -888888.000 -888888.000 -888888.000 -888888.000     800.000       0.000     291.450       0.000       0.563     129.000       0.239     129.000      17.000       0.000   91090.000       0.000 -888888.000 -888888.000
 20260731202500
   -30.6335  -67.4682 
  VALLE_FERTIL                               SURFACE                                    
  FM-12 SYNOP       VALLE_FERTIL           900  F     F         1
 -888888.000 -888888.000 -888888.000 -888888.000     900.000       0.000     293.550       0.000       5.357     129.000       2.164     129.000      17.000       0.000   90790.000       0.000 -888888.000 -888888.000
 20260731202500
   -30.1833  -69.0667 
  CUESTA_Viento                              SURFACE                                    
  FM-12 SYNOP       CUESTA_Viento         1530  F     F         1
 -888888.000 -888888.000 -888888.000 -888888.000    1530.000       0.000     286.250       0.000       0.032     129.000       0.164     129.000      24.000       0.000   84730.000       0.000 -888888.000 -888888.000
 20260731203000
   -31.6500  -68.5833 
  INTA_POCITO                                SURFACE                                    
  FM-12 SYNOP       INTA_POCITO            615  F     F         1
 -888888.000 -888888.000 -888888.000 -888888.000     615.000       0.000     292.250       0.000       0.516     129.000      -0.465     129.000      20.000       0.000   93290.000       0.000 -888888.000 -888888.000
 20260731203000
   -31.6500  -68.3000 
  ECOHUMUS                                   SURFACE                                    
  FM-12 SYNOP       ECOHUMUS               600  F     F         1
 -888888.000 -888888.000 -888888.000 -888888.000     600.000       0.000     293.050       0.000       1.833     129.000      -1.102     129.000      15.000       0.000   94110.000       0.000 -888888.000 -888888.000
 20260731203000
   -31.5192  -68.8178 
  PUNTA_NEGRA                                SURFACE                                    
  FM-12 SYNOP       PUNTA_NEGRA            800  F     F         1
 -888888.000 -888888.000 -888888.000 -888888.000     800.000       0.000     291.050       0.000       0.241     129.000       0.188     129.000      17.000       0.000   91090.000       0.000 -888888.000 -888888.000
 20260731203000
   -30.6335  -67.4682 
  VALLE_FERTIL                               SURFACE                                    
  FM-12 SYNOP       VALLE_FERTIL           900  F     F         1
 -888888.000 -888888.000 -888888.000 -888888.000     900.000       0.000     293.550       0.000       4.179     129.000       2.316     129.000      17.000       0.000   90790.000       0.000 -888888.000 -888888.000
 20260731203000
   -30.1833  -69.0667 
  CUESTA_Viento                              SURFACE                                    
  FM-12 SYNOP       CUESTA_Viento         1530  F     F         1
 -888888.000 -888888.000 -888888.000 -888888.000    1530.000       0.000     286.250       0.000      -0.000     129.000       0.000     129.000      24.000       0.000   84730.000       0.000 -888888.000 -888888.000
 20260731203500
   -31.6500  -68.5833 
  INTA_POCITO                                SURFACE                                    
  FM-12 SYNOP       INTA_POCITO            615  F     F         1
 -888888.000 -888888.000 -888888.000 -888888.000     615.000       0.000     290.650       0.000      -0.166     129.000      -1.183     129.000      23.000       0.000   93320.000       0.000 -888888.000 -888888.000
 20260731203500
   -31.6500  -68.3000 
  ECOHUMUS                                   SURFACE                                    
  FM-12 SYNOP       ECOHUMUS               600  F     F         1
 -888888.000 -888888.000 -888888.000 -888888.000     600.000       0.000     292.450       0.000       1.894     129.000      -1.589     129.000      15.000       0.000   94090.000       0.000 -888888.000 -888888.000
 20260731203500
   -31.5192  -68.8178 
  PUNTA_NEGRA                                SURFACE                                    
  FM-12 SYNOP       PUNTA_NEGRA            800  F     F         1
 -888888.000 -888888.000 -888888.000 -888888.000     800.000       0.000     290.750       0.000       0.638     129.000       0.195     129.000      18.000       0.000   91100.000       0.000 -888888.000 -888888.000
 20260731203500
   -30.6335  -67.4682 
  VALLE_FERTIL                               SURFACE                                    
  FM-12 SYNOP       VALLE_FERTIL           900  F     F         1
 -888888.000 -888888.000 -888888.000 -888888.000     900.000       0.000     293.150       0.000       4.888     129.000       1.494     129.000      17.000       0.000   90790.000       0.000 -888888.000 -888888.000
 20260731203500
   -30.1833  -69.0667 
  CUESTA_Viento                              SURFACE                                    
  FM-12 SYNOP       CUESTA_Viento         1530  F     F         1
 -888888.000 -888888.000 -888888.000 -888888.000    1530.000       0.000     286.050       0.000       0.000     129.000      -0.000     129.000      24.000       0.000   84760.000       0.000 -888888.000 -888888.000
 20260731204000
   -31.6500  -68.5833 
  INTA_POCITO                                SURFACE                                    
  FM-12 SYNOP       INTA_POCITO            615  F     F         1
 -888888.000 -888888.000 -888888.000 -888888.000     615.000       0.000     290.150       0.000       0.176     129.000      -0.614     129.000      22.000       0.000   93340.000       0.000 -888888.000 -888888.000
 20260731204000
   -31.6500  -68.3000 
  ECOHUMUS                                   SURFACE                                    
  FM-12 SYNOP       ECOHUMUS               600  F     F         1
 -888888.000 -888888.000 -888888.000 -888888.000     600.000       0.000     292.250       0.000       2.968     129.000      -1.855     129.000      15.000       0.000   94070.000       0.000 -888888.000 -888888.000
 20260731204000
   -31.5192  -68.8178 
  PUNTA_NEGRA                                SURFACE                                    
  FM-12 SYNOP       PUNTA_NEGRA            800  F     F         1
 -888888.000 -888888.000 -888888.000 -888888.000     800.000       0.000     290.350       0.000       0.354     129.000       0.354     129.000      18.000       0.000   91110.000       0.000 -888888.000 -888888.000
 20260731204000
   -30.6335  -67.4682 
  VALLE_FERTIL                               SURFACE                                    
  FM-12 SYNOP       VALLE_FERTIL           900  F     F         1
 -888888.000 -888888.000 -888888.000 -888888.000     900.000       0.000     293.250       0.000       5.394     129.000       2.071     129.000      17.000       0.000   90770.000       0.000 -888888.000 -888888.000
 20260731204000
   -30.1833  -69.0667 
  CUESTA_Viento                              SURFACE                                    
  FM-12 SYNOP       CUESTA_Viento         1530  F     F         1
 -888888.000 -888888.000 -888888.000 -888888.000    1530.000       0.000     286.450       0.000      -0.500     129.000      -0.482     129.000      23.000       0.000   84770.000       0.000 -888888.000 -888888.000
 20260731204500
   -31.6500  -68.5833 
  INTA_POCITO                                SURFACE                                    
  FM-12 SYNOP       INTA_POCITO            615  F     F         1
 -888888.000 -888888.000 -888888.000 -888888.000     615.000       0.000     291.150       0.000       0.235     129.000      -0.683     129.000      20.000       0.000   93350.000       0.000 -888888.000 -888888.000
 20260731204500
   -31.6500  -68.3000 
  ECOHUMUS                                   SURFACE                                    
  FM-12 SYNOP       ECOHUMUS               600  F     F         1
 -888888.000 -888888.000 -888888.000 -888888.000     600.000       0.000     292.950       0.000       2.721     129.000      -2.817     129.000      14.000       0.000   94050.000       0.000 -888888.000 -888888.000
 20260731204500
   -31.5192  -68.8178 
  PUNTA_NEGRA                                SURFACE                                    
  FM-12 SYNOP       PUNTA_NEGRA            800  F     F         1
 -888888.000 -888888.000 -888888.000 -888888.000     800.000       0.000     290.750       0.000       0.451     129.000      -0.599     129.000      16.000       0.000   91100.000       0.000 -888888.000 -888888.000
 20260731204500
   -30.6335  -67.4682 
  VALLE_FERTIL                               SURFACE                                    
  FM-12 SYNOP       VALLE_FERTIL           900  F     F         1
 -888888.000 -888888.000 -888888.000 -888888.000     900.000       0.000     293.250       0.000       7.022     129.000       2.556     129.000      17.000       0.000   90760.000       0.000 -888888.000 -888888.000
 20260731204500
   -30.1833  -69.0667 
  CUESTA_Viento                              SURFACE                                    
  FM-12 SYNOP       CUESTA_Viento         1530  F     F         1
 -888888.000 -888888.000 -888888.000 -888888.000    1530.000       0.000     286.450       0.000       0.316     129.000       0.711     129.000      23.000       0.000   84770.000       0.000 -888888.000 -888888.000
 20260731205000
   -31.6500  -68.5833 
  INTA_POCITO                                SURFACE                                    
  FM-12 SYNOP       INTA_POCITO            615  F     F         1
 -888888.000 -888888.000 -888888.000 -888888.000     615.000       0.000     291.750       0.000       0.091     129.000      -0.744     129.000      20.000       0.000   93350.000       0.000 -888888.000 -888888.000
 20260731205000
   -31.6500  -68.3000 
  ECOHUMUS                                   SURFACE                                    
  FM-12 SYNOP       ECOHUMUS               600  F     F         1
 -888888.000 -888888.000 -888888.000 -888888.000     600.000       0.000     293.350       0.000       3.219     129.000      -1.301     129.000      14.000       0.000   94060.000       0.000 -888888.000 -888888.000
 20260731205000
   -31.5192  -68.8178 
  PUNTA_NEGRA                                SURFACE                                    
  FM-12 SYNOP       PUNTA_NEGRA            800  F     F         1
 -888888.000 -888888.000 -888888.000 -888888.000     800.000       0.000     291.150       0.000       0.239     129.000       0.306     129.000      16.000       0.000   91120.000       0.000 -888888.000 -888888.000
 20260731205000
   -30.6335  -67.4682 
  VALLE_FERTIL                               SURFACE                                    
  FM-12 SYNOP       VALLE_FERTIL           900  F     F         1
 -888888.000 -888888.000 -888888.000 -888888.000     900.000       0.000     293.350       0.000       7.708     129.000       1.922     129.000      17.000       0.000   90740.000       0.000 -888888.000 -888888.000
 20260731205000
   -30.1833  -69.0667 
  CUESTA_Viento                              SURFACE                                    
  FM-12 SYNOP       CUESTA_Viento         1530  F     F         1
 -888888.000 -888888.000 -888888.000 -888888.000    1530.000       0.000     286.750       0.000      -0.216     129.000      -0.175     129.000      21.000       0.000   84770.000       0.000 -888888.000 -888888.000
 20260731205500
   -31.6500  -68.5833 
  INTA_POCITO                                SURFACE                                    
  FM-12 SYNOP       INTA_POCITO            615  F     F         1
 -888888.000 -888888.000 -888888.000 -888888.000     615.000       0.000     292.050       0.000       0.159     129.000      -0.818     129.000      19.000       0.000   93360.000       0.000 -888888.000 -888888.000
 20260731205500
   -31.6500  -68.3000 
  ECOHUMUS                                   SURFACE                                    
  FM-12 SYNOP       ECOHUMUS               600  F     F         1
 -888888.000 -888888.000 -888888.000 -888888.000     600.000       0.000     293.650       0.000       2.697     129.000      -1.959     129.000      13.000       0.000   94060.000       0.000 -888888.000 -888888.000
 20260731205500
   -31.5192  -68.8178 
  PUNTA_NEGRA                                SURFACE                                    
  FM-12 SYNOP       PUNTA_NEGRA            800  F     F         1
 -888888.000 -888888.000 -888888.000 -888888.000     800.000       0.000     290.950       0.000       1.045     129.000      -0.147     129.000      16.000       0.000   91150.000       0.000 -888888.000 -888888.000
 20260731205500
   -30.6335  -67.4682 
  VALLE_FERTIL                               SURFACE                                    
  FM-12 SYNOP       VALLE_FERTIL           900  F     F         1
 -888888.000 -888888.000 -888888.000 -888888.000     900.000       0.000     293.250       0.000       7.836     129.000       2.396     129.000      17.000       0.000   90730.000       0.000 -888888.000 -888888.000
 20260731205500
   -30.1833  -69.0667 
  CUESTA_Viento                              SURFACE                                    
  FM-12 SYNOP       CUESTA_Viento         1530  F     F         1
 -888888.000 -888888.000 -888888.000 -888888.000    1530.000       0.000     286.550       0.000       0.085     129.000      -1.219     129.000      22.000       0.000   84780.000       0.000 -888888.000 -888888.000
 20260731210000
   -31.6500  -68.5833 
  INTA_POCITO                                SURFACE                                    
  FM-12 SYNOP       INTA_POCITO            615  F     F         1
 -888888.000 -888888.000 -888888.000 -888888.000     615.000       0.000     292.150       0.000       0.110     129.000      -1.050     129.000      17.000       0.000   93350.000       0.000 -888888.000 -888888.000
 20260731210000
   -31.6500  -68.3000 
  ECOHUMUS                                   SURFACE                                    
  FM-12 SYNOP       ECOHUMUS               600  F     F         1
 -888888.000 -888888.000 -888888.000 -888888.000     600.000       0.000     293.650       0.000       2.357     129.000      -1.416     129.000      13.000       0.000   94060.000       0.000 -888888.000 -888888.000
 20260731210000
   -31.5192  -68.8178 
  PUNTA_NEGRA                                SURFACE                                    
  FM-12 SYNOP       PUNTA_NEGRA            800  F     F         1
 -888888.000 -888888.000 -888888.000 -888888.000     800.000       0.000     290.950       0.000       0.660     129.000       0.215     129.000      16.000       0.000   91160.000       0.000 -888888.000 -888888.000
 20260731210000
   -30.6335  -67.4682 
  VALLE_FERTIL                               SURFACE                                    
  FM-12 SYNOP       VALLE_FERTIL           900  F     F         1
 -888888.000 -888888.000 -888888.000 -888888.000     900.000       0.000     293.250       0.000       7.461     129.000       3.322     129.000      17.000       0.000   90710.000       0.000 -888888.000 -888888.000
 20260731210000
   -30.1833  -69.0667 
  CUESTA_Viento                              SURFACE                                    
  FM-12 SYNOP       CUESTA_Viento         1530  F     F         1
 -888888.000 -888888.000 -888888.000 -888888.000    1530.000       0.000     286.450       0.000       0.037     129.000      -0.162     129.000      22.000       0.000   84780.000       0.000 -888888.000 -888888.000
 20260731210500
   -31.6500  -68.5833 
  INTA_POCITO                                SURFACE                                    
  FM-12 SYNOP       INTA_POCITO            615  F     F         1
 -888888.000 -888888.000 -888888.000 -888888.000     615.000       0.000     292.150       0.000       0.706     129.000      -1.386     129.000      17.000       0.000   93330.000       0.000 -888888.000 -888888.000
 20260731210500
   -31.6500  -68.3000 
  ECOHUMUS                                   SURFACE                                    
  FM-12 SYNOP       ECOHUMUS               600  F     F         1
 -888888.000 -888888.000 -888888.000 -888888.000     600.000       0.000     293.750       0.000       1.388     129.000      -0.398     129.000      13.000       0.000   94110.000       0.000 -888888.000 -888888.000
 20260731210500
   -31.5192  -68.8178 
  PUNTA_NEGRA                                SURFACE                                    
  FM-12 SYNOP       PUNTA_NEGRA            800  F     F         1
 -888888.000 -888888.000 -888888.000 -888888.000     800.000       0.000     291.250       0.000       0.936     129.000      -1.242     129.000      15.000       0.000   91150.000       0.000 -888888.000 -888888.000
 20260731210500
   -30.6335  -67.4682 
  VALLE_FERTIL                               SURFACE                                    
  FM-12 SYNOP       VALLE_FERTIL           900  F     F         1
 -888888.000 -888888.000 -888888.000 -888888.000     900.000       0.000     293.250       0.000       6.703     129.000       5.624     129.000      17.000       0.000   90680.000       0.000 -888888.000 -888888.000
 20260731210500
   -30.1833  -69.0667 
  CUESTA_Viento                              SURFACE                                    
  FM-12 SYNOP       CUESTA_Viento         1530  F     F         1
 -888888.000 -888888.000 -888888.000 -888888.000    1530.000       0.000     285.950       0.000       0.000     129.000       0.000     129.000      22.000       0.000   84800.000       0.000 -888888.000 -888888.000
 20260731211000
   -31.6500  -68.5833 
  INTA_POCITO                                SURFACE                                    
  FM-12 SYNOP       INTA_POCITO            615  F     F         1
 -888888.000 -888888.000 -888888.000 -888888.000     615.000       0.000     292.050       0.000       0.652     129.000      -0.139     129.000      19.000       0.000   93340.000       0.000 -888888.000 -888888.000
 20260731211000
   -31.6500  -68.3000 
  ECOHUMUS                                   SURFACE                                    
  FM-12 SYNOP       ECOHUMUS               600  F     F         1
 -888888.000 -888888.000 -888888.000 -888888.000     600.000       0.000     293.650       0.000       0.619     129.000       0.315     129.000      13.000       0.000   94130.000       0.000 -888888.000 -888888.000
 20260731211000
   -31.5192  -68.8178 
  PUNTA_NEGRA                                SURFACE                                    
  FM-12 SYNOP       PUNTA_NEGRA            800  F     F         1
 -888888.000 -888888.000 -888888.000 -888888.000     800.000       0.000     291.750       0.000       0.619     129.000       0.315     129.000      15.000       0.000   91110.000       0.000 -888888.000 -888888.000
 20260731211000
   -30.6335  -67.4682 
  VALLE_FERTIL                               SURFACE                                    
  FM-12 SYNOP       VALLE_FERTIL           900  F     F         1
 -888888.000 -888888.000 -888888.000 -888888.000     900.000       0.000     293.250       0.000       7.172     129.000       2.193     129.000      17.000       0.000   90680.000       0.000 -888888.000 -888888.000
 20260731211000
   -30.1833  -69.0667 
  CUESTA_Viento                              SURFACE                                    
  FM-12 SYNOP       CUESTA_Viento         1530  F     F         1
 -888888.000 -888888.000 -888888.000 -888888.000    1530.000       0.000     286.050       0.000       0.265     129.000      -0.424     129.000      21.000       0.000   84810.000       0.000 -888888.000 -888888.000
 20260731211500
   -31.6500  -68.5833 
  INTA_POCITO                                SURFACE                                    
  FM-12 SYNOP       INTA_POCITO            615  F     F         1
 -888888.000 -888888.000 -888888.000 -888888.000     615.000       0.000     291.650       0.000       0.793     129.000      -0.258     129.000      18.000       0.000   93330.000       0.000 -888888.000 -888888.000
 20260731211500
   -31.6500  -68.3000 
  ECOHUMUS                                   SURFACE                                    
  FM-12 SYNOP       ECOHUMUS               600  F     F         1
 -888888.000 -888888.000 -888888.000 -888888.000     600.000       0.000     293.350       0.000       0.434     129.000      -0.390     129.000      13.000       0.000   94170.000       0.000 -888888.000 -888888.000
 20260731211500
   -31.5192  -68.8178 
  PUNTA_NEGRA                                SURFACE                                    
  FM-12 SYNOP       PUNTA_NEGRA            800  F     F         1
 -888888.000 -888888.000 -888888.000 -888888.000     800.000       0.000     291.550       0.000       1.494     129.000       0.318     129.000      15.000       0.000   91120.000       0.000 -888888.000 -888888.000
 20260731211500
   -30.6335  -67.4682 
  VALLE_FERTIL                               SURFACE                                    
  FM-12 SYNOP       VALLE_FERTIL           900  F     F         1
 -888888.000 -888888.000 -888888.000 -888888.000     900.000       0.000     293.150       0.000       8.692     129.000       3.164     129.000      17.000       0.000   90690.000       0.000 -888888.000 -888888.000
 20260731211500
   -30.1833  -69.0667 
  CUESTA_Viento                              SURFACE                                    
  FM-12 SYNOP       CUESTA_Viento         1530  F     F         1
 -888888.000 -888888.000 -888888.000 -888888.000    1530.000       0.000     286.250       0.000      -0.127     129.000      -0.598     129.000      21.000       0.000   84820.000       0.000 -888888.000 -888888.000
 20260731212000
   -31.6500  -68.5833 
  INTA_POCITO                                SURFACE                                    
  FM-12 SYNOP       INTA_POCITO            615  F     F         1
 -888888.000 -888888.000 -888888.000 -888888.000     615.000       0.000     292.450       0.000       0.764     129.000      -0.555     129.000      16.000       0.000   93330.000       0.000 -888888.000 -888888.000
 20260731212000
   -31.6500  -68.3000 
  ECOHUMUS                                   SURFACE                                    
  FM-12 SYNOP       ECOHUMUS               600  F     F         1
 -888888.000 -888888.000 -888888.000 -888888.000     600.000       0.000     292.950       0.000      -0.475     129.000      -0.385     129.000      14.000       0.000   94190.000       0.000 -888888.000 -888888.000
 20260731212000
   -31.5192  -68.8178 
  PUNTA_NEGRA                                SURFACE                                    
  FM-12 SYNOP       PUNTA_NEGRA            800  F     F         1
 -888888.000 -888888.000 -888888.000 -888888.000     800.000       0.000     291.550       0.000       0.350     129.000      -0.170     129.000      15.000       0.000   91100.000       0.000 -888888.000 -888888.000
 20260731212000
   -30.6335  -67.4682 
  VALLE_FERTIL                               SURFACE                                    
  FM-12 SYNOP       VALLE_FERTIL           900  F     F         1
 -888888.000 -888888.000 -888888.000 -888888.000     900.000       0.000     293.250       0.000       8.536     129.000       2.939     129.000      16.000       0.000   90710.000       0.000 -888888.000 -888888.000
 20260731212000
   -30.1833  -69.0667 
  CUESTA_Viento                              SURFACE                                    
  FM-12 SYNOP       CUESTA_Viento         1530  F     F         1
 -888888.000 -888888.000 -888888.000 -888888.000    1530.000       0.000     286.250       0.000      -0.237     129.000      -0.192     129.000      21.000       0.000   84820.000       0.000 -888888.000 -888888.000
 20260731212500
   -31.6500  -68.5833 
  INTA_POCITO                                SURFACE                                    
  FM-12 SYNOP       INTA_POCITO            615  F     F         1
 -888888.000 -888888.000 -888888.000 -888888.000     615.000       0.000     292.350       0.000       0.273     129.000      -0.237     129.000      17.000       0.000   93360.000       0.000 -888888.000 -888888.000
 20260731212500
   -31.6500  -68.3000 
  ECOHUMUS                                   SURFACE                                    
  FM-12 SYNOP       ECOHUMUS               600  F     F         1
 -888888.000 -888888.000 -888888.000 -888888.000     600.000       0.000     292.150       0.000      -0.000     129.000       0.972     129.000      15.000       0.000   94200.000       0.000 -888888.000 -888888.000
 20260731212500
   -31.5192  -68.8178 
  PUNTA_NEGRA                                SURFACE                                    
  FM-12 SYNOP       PUNTA_NEGRA            800  F     F         1
 -888888.000 -888888.000 -888888.000 -888888.000     800.000       0.000     291.050       0.000       0.113     129.000       0.223     129.000      16.000       0.000   91100.000       0.000 -888888.000 -888888.000
 20260731212500
   -30.6335  -67.4682 
  VALLE_FERTIL                               SURFACE                                    
  FM-12 SYNOP       VALLE_FERTIL           900  F     F         1
 -888888.000 -888888.000 -888888.000 -888888.000     900.000       0.000     293.350       0.000       9.426     129.000       2.703     129.000      16.000       0.000   90720.000       0.000 -888888.000 -888888.000
 20260731212500
   -30.1833  -69.0667 
  CUESTA_Viento                              SURFACE                                    
  FM-12 SYNOP       CUESTA_Viento         1530  F     F         1
 -888888.000 -888888.000 -888888.000 -888888.000    1530.000       0.000     285.850       0.000       0.037     129.000      -0.526     129.000      21.000       0.000   84830.000       0.000 -888888.000 -888888.000
 20260731213000
   -31.6500  -68.5833 
  INTA_POCITO                                SURFACE                                    
  FM-12 SYNOP       INTA_POCITO            615  F     F         1
 -888888.000 -888888.000 -888888.000 -888888.000     615.000       0.000     292.150       0.000       0.036     129.000      -0.105     129.000      17.000       0.000   93380.000       0.000 -888888.000 -888888.000
 20260731213000
   -31.6500  -68.3000 
  ECOHUMUS                                   SURFACE                                    
  FM-12 SYNOP       ECOHUMUS               600  F     F         1
 -888888.000 -888888.000 -888888.000 -888888.000     600.000       0.000     291.450       0.000      -0.023     129.000       0.333     129.000      16.000       0.000   94240.000       0.000 -888888.000 -888888.000
 20260731213000
   -31.5192  -68.8178 
  PUNTA_NEGRA                                SURFACE                                    
  FM-12 SYNOP       PUNTA_NEGRA            800  F     F         1
 -888888.000 -888888.000 -888888.000 -888888.000     800.000       0.000     290.550       0.000       0.058     129.000       0.300     129.000      17.000       0.000   91130.000       0.000 -888888.000 -888888.000
 20260731213000
   -30.6335  -67.4682 
  VALLE_FERTIL                               SURFACE                                    
  FM-12 SYNOP       VALLE_FERTIL           900  F     F         1
 -888888.000 -888888.000 -888888.000 -888888.000     900.000       0.000     293.350       0.000       7.628     129.000       4.056     129.000      16.000       0.000   90710.000       0.000 -888888.000 -888888.000
 20260731213000
   -30.1833  -69.0667 
  CUESTA_Viento                              SURFACE                                    
  FM-12 SYNOP       CUESTA_Viento         1530  F     F         1
 -888888.000 -888888.000 -888888.000 -888888.000    1530.000       0.000     285.650       0.000       0.243     129.000      -0.405     129.000      22.000       0.000   84830.000       0.000 -888888.000 -888888.000
 20260731213500
   -31.6500  -68.5833 
  INTA_POCITO                                SURFACE                                    
  FM-12 SYNOP       INTA_POCITO            615  F     F         1
 -888888.000 -888888.000 -888888.000 -888888.000     615.000       0.000     291.350       0.000      -0.000     129.000       0.000     129.000      19.000       0.000   93400.000       0.000 -888888.000 -888888.000
 20260731213500
   -31.6500  -68.3000 
  ECOHUMUS                                   SURFACE                                    
  FM-12 SYNOP       ECOHUMUS               600  F     F         1
 -888888.000 -888888.000 -888888.000 -888888.000     600.000       0.000     290.750       0.000      -0.444     129.000       0.770     129.000      16.000       0.000   94250.000       0.000 -888888.000 -888888.000
 20260731213500
   -31.5192  -68.8178 
  PUNTA_NEGRA                                SURFACE                                    
  FM-12 SYNOP       PUNTA_NEGRA            800  F     F         1
 -888888.000 -888888.000 -888888.000 -888888.000     800.000       0.000     290.250       0.000      -0.093     129.000       0.061     129.000      17.000       0.000   91140.000       0.000 -888888.000 -888888.000
 20260731213500
   -30.6335  -67.4682 
  VALLE_FERTIL                               SURFACE                                    
  FM-12 SYNOP       VALLE_FERTIL           900  F     F         1
 -888888.000 -888888.000 -888888.000 -888888.000     900.000       0.000     293.150       0.000       7.360     129.000       0.128     129.000      16.000       0.000   90730.000       0.000 -888888.000 -888888.000
 20260731213500
   -30.1833  -69.0667 
  CUESTA_Viento                              SURFACE                                    
  FM-12 SYNOP       CUESTA_Viento         1530  F     F         1
 -888888.000 -888888.000 -888888.000 -888888.000    1530.000       0.000     285.650       0.000       0.039     129.000      -0.749     129.000      21.000       0.000   84820.000       0.000 -888888.000 -888888.000
 20260731214000
   -31.6500  -68.5833 
  INTA_POCITO                                SURFACE                                    
  FM-12 SYNOP       INTA_POCITO            615  F     F         1
 -888888.000 -888888.000 -888888.000 -888888.000     615.000       0.000     290.450       0.000      -0.000     129.000       0.000     129.000      20.000       0.000   93420.000       0.000 -888888.000 -888888.000
 20260731214000
   -31.6500  -68.3000 
  ECOHUMUS                                   SURFACE                                    
  FM-12 SYNOP       ECOHUMUS               600  F     F         1
 -888888.000 -888888.000 -888888.000 -888888.000     600.000       0.000     290.750       0.000      -0.203     129.000      -1.149     129.000      16.000       0.000   94280.000       0.000 -888888.000 -888888.000
 20260731214000
   -31.5192  -68.8178 
  PUNTA_NEGRA                                SURFACE                                    
  FM-12 SYNOP       PUNTA_NEGRA            800  F     F         1
 -888888.000 -888888.000 -888888.000 -888888.000     800.000       0.000     290.150       0.000       0.485     129.000      -0.121     129.000      17.000       0.000   91140.000       0.000 -888888.000 -888888.000
 20260731214000
   -30.6335  -67.4682 
  VALLE_FERTIL                               SURFACE                                    
  FM-12 SYNOP       VALLE_FERTIL           900  F     F         1
 -888888.000 -888888.000 -888888.000 -888888.000     900.000       0.000     293.250       0.000       7.741     129.000       1.787     129.000      16.000       0.000   90750.000       0.000 -888888.000 -888888.000
 20260731214000
   -30.1833  -69.0667 
  CUESTA_Viento                              SURFACE                                    
  FM-12 SYNOP       CUESTA_Viento         1530  F     F         1
 -888888.000 -888888.000 -888888.000 -888888.000    1530.000       0.000     285.950       0.000      -2.482     129.000      -2.661     129.000      21.000       0.000   84800.000       0.000 -888888.000 -888888.000
 20260731214500
   -31.6500  -68.5833 
  INTA_POCITO                                SURFACE                                    
  FM-12 SYNOP       INTA_POCITO            615  F     F         1
 -888888.000 -888888.000 -888888.000 -888888.000     615.000       0.000     289.750       0.000      -0.000     129.000       0.000     129.000      20.000       0.000   93450.000       0.000 -888888.000 -888888.000
 20260731214500
   -31.6500  -68.3000 
  ECOHUMUS                                   SURFACE                                    
  FM-12 SYNOP       ECOHUMUS               600  F     F         1
 -888888.000 -888888.000 -888888.000 -888888.000     600.000       0.000     291.550       0.000       0.230     129.000      -0.801     129.000      15.000       0.000   94300.000       0.000 -888888.000 -888888.000
 20260731214500
   -31.5192  -68.8178 
  PUNTA_NEGRA                                SURFACE                                    
  FM-12 SYNOP       PUNTA_NEGRA            800  F     F         1
 -888888.000 -888888.000 -888888.000 -888888.000     800.000       0.000     290.250       0.000       0.355     129.000       0.158     129.000      17.000       0.000   91140.000       0.000 -888888.000 -888888.000
 20260731214500
   -30.6335  -67.4682 
  VALLE_FERTIL                               SURFACE                                    
  FM-12 SYNOP       VALLE_FERTIL           900  F     F         1
 -888888.000 -888888.000 -888888.000 -888888.000     900.000       0.000     293.150       0.000       6.082     129.000       2.214     129.000      15.000       0.000   90780.000       0.000 -888888.000 -888888.000
 20260731214500
   -30.1833  -69.0667 
  CUESTA_Viento                              SURFACE                                    
  FM-12 SYNOP       CUESTA_Viento         1530  F     F         1
 -888888.000 -888888.000 -888888.000 -888888.000    1530.000       0.000     286.150       0.000      -4.191     129.000      -2.518     129.000      23.000       0.000   84790.000       0.000 -888888.000 -888888.000
 20260731215000
   -31.6500  -68.5833 
  INTA_POCITO                                SURFACE                                    
  FM-12 SYNOP       INTA_POCITO            615  F     F         1
 -888888.000 -888888.000 -888888.000 -888888.000     615.000       0.000     289.650       0.000      -0.000     129.000       0.000     129.000      19.000       0.000   93470.000       0.000 -888888.000 -888888.000
 20260731215000
   -31.6500  -68.3000 
  ECOHUMUS                                   SURFACE                                    
  FM-12 SYNOP       ECOHUMUS               600  F     F         1
 -888888.000 -888888.000 -888888.000 -888888.000     600.000       0.000     292.350       0.000       0.099     129.000       0.939     129.000      14.000       0.000   94310.000       0.000 -888888.000 -888888.000
 20260731215000
   -31.5192  -68.8178 
  PUNTA_NEGRA                                SURFACE                                    
  FM-12 SYNOP       PUNTA_NEGRA            800  F     F         1
 -888888.000 -888888.000 -888888.000 -888888.000     800.000       0.000     289.950       0.000       0.667     129.000      -0.012     129.000      18.000       0.000   91140.000       0.000 -888888.000 -888888.000
 20260731215000
   -30.6335  -67.4682 
  VALLE_FERTIL                               SURFACE                                    
  FM-12 SYNOP       VALLE_FERTIL           900  F     F         1
 -888888.000 -888888.000 -888888.000 -888888.000     900.000       0.000     293.050       0.000       4.979     129.000       1.911     129.000      15.000       0.000   90790.000       0.000 -888888.000 -888888.000
 20260731215000
   -30.1833  -69.0667 
  CUESTA_Viento                              SURFACE                                    
  FM-12 SYNOP       CUESTA_Viento         1530  F     F         1
 -888888.000 -888888.000 -888888.000 -888888.000    1530.000       0.000     286.150       0.000      -3.273     129.000      -1.526     129.000      25.000       0.000   84800.000       0.000 -888888.000 -888888.000
 20260731215500
   -31.6500  -68.5833 
  INTA_POCITO                                SURFACE                                    
  FM-12 SYNOP       INTA_POCITO            615  F     F         1
 -888888.000 -888888.000 -888888.000 -888888.000     615.000       0.000     290.850       0.000       0.011     129.000       0.025     129.000      17.000       0.000   93480.000       0.000 -888888.000 -888888.000
 20260731215500
   -31.6500  -68.3000 
  ECOHUMUS                                   SURFACE                                    
  FM-12 SYNOP       ECOHUMUS               600  F     F         1
 -888888.000 -888888.000 -888888.000 -888888.000     600.000       0.000     293.150       0.000       1.051     129.000      -0.821     129.000      14.000       0.000   94320.000       0.000 -888888.000 -888888.000
 20260731215500
   -31.5192  -68.8178 
  PUNTA_NEGRA                                SURFACE                                    
  FM-12 SYNOP       PUNTA_NEGRA            800  F     F         1
 -888888.000 -888888.000 -888888.000 -888888.000     800.000       0.000     290.350       0.000       0.827     129.000      -0.102     129.000      16.000       0.000   91150.000       0.000 -888888.000 -888888.000
 20260731215500
   -30.6335  -67.4682 
  VALLE_FERTIL                               SURFACE                                    
  FM-12 SYNOP       VALLE_FERTIL           900  F     F         1
 -888888.000 -888888.000 -888888.000 -888888.000     900.000       0.000     292.850       0.000       4.018     129.000       1.623     129.000      15.000       0.000   90800.000       0.000 -888888.000 -888888.000
 20260731215500
   -30.1833  -69.0667 
  CUESTA_Viento                              SURFACE                                    
  FM-12 SYNOP       CUESTA_Viento         1530  F     F         1
 -888888.000 -888888.000 -888888.000 -888888.000    1530.000       0.000     286.050       0.000      -0.781     129.000      -2.404     129.000      23.000       0.000   84800.000       0.000 -888888.000 -888888.000
 20260731220000
   -31.6500  -68.5833 
  INTA_POCITO                                SURFACE                                    
  FM-12 SYNOP       INTA_POCITO            615  F     F         1
 -888888.000 -888888.000 -888888.000 -888888.000     615.000       0.000     291.650       0.000       0.000     129.000       0.000     129.000      16.000       0.000   93470.000       0.000 -888888.000 -888888.000
 20260731220000
   -31.6500  -68.3000 
  ECOHUMUS                                   SURFACE                                    
  FM-12 SYNOP       ECOHUMUS               600  F     F         1
 -888888.000 -888888.000 -888888.000 -888888.000     600.000       0.000     292.350       0.000       0.196     129.000      -1.009     129.000      15.000       0.000   94330.000       0.000 -888888.000 -888888.000
 20260731220000
   -31.5192  -68.8178 
  PUNTA_NEGRA                                SURFACE                                    
  FM-12 SYNOP       PUNTA_NEGRA            800  F     F         1
 -888888.000 -888888.000 -888888.000 -888888.000     800.000       0.000     291.050       0.000       0.774     129.000       0.377     129.000      16.000       0.000   91140.000       0.000 -888888.000 -888888.000
 20260731220000
   -30.6335  -67.4682 
  VALLE_FERTIL                               SURFACE                                    
  FM-12 SYNOP       VALLE_FERTIL           900  F     F         1
 -888888.000 -888888.000 -888888.000 -888888.000     900.000       0.000     292.750       0.000       4.786     129.000       0.673     129.000      15.000       0.000   90820.000       0.000 -888888.000 -888888.000
 20260731220000
   -30.1833  -69.0667 
  CUESTA_Viento                              SURFACE                                    
  FM-12 SYNOP       CUESTA_Viento         1530  F     F         1
 -888888.000 -888888.000 -888888.000 -888888.000    1530.000       0.000     286.350       0.000      -0.916     129.000      -1.652     129.000      20.000       0.000   84820.000       0.000 -888888.000 -888888.000
 20260731220500
   -31.6500  -68.5833 
  INTA_POCITO                                SURFACE                                    
  FM-12 SYNOP       INTA_POCITO            615  F     F         1
 -888888.000 -888888.000 -888888.000 -888888.000     615.000       0.000     291.150       0.000      -0.000     129.000       0.000     129.000      18.000       0.000   93490.000       0.000 -888888.000 -888888.000
 20260731220500
   -31.6500  -68.3000 
  ECOHUMUS                                   SURFACE                                    
  FM-12 SYNOP       ECOHUMUS               600  F     F         1
 -888888.000 -888888.000 -888888.000 -888888.000     600.000       0.000     291.850       0.000      -0.818     129.000      -0.472     129.000      15.000       0.000   94320.000       0.000 -888888.000 -888888.000
 20260731220500
   -31.5192  -68.8178 
  PUNTA_NEGRA                                SURFACE                                    
  FM-12 SYNOP       PUNTA_NEGRA            800  F     F         1
 -888888.000 -888888.000 -888888.000 -888888.000     800.000       0.000     291.050       0.000       0.117     129.000       0.252     129.000      17.000       0.000   91140.000       0.000 -888888.000 -888888.000
 20260731220500
   -30.6335  -67.4682 
  VALLE_FERTIL                               SURFACE                                    
  FM-12 SYNOP       VALLE_FERTIL           900  F     F         1
 -888888.000 -888888.000 -888888.000 -888888.000     900.000       0.000     293.150       0.000       4.688     129.000       2.929     129.000      15.000       0.000   90790.000       0.000 -888888.000 -888888.000
 20260731220500
   -30.1833  -69.0667 
  CUESTA_Viento                              SURFACE                                    
  FM-12 SYNOP       CUESTA_Viento         1530  F     F         1
 -888888.000 -888888.000 -888888.000 -888888.000    1530.000       0.000     286.450       0.000       0.000     129.000      -1.611     129.000      19.000       0.000   84840.000       0.000 -888888.000 -888888.000
 20260731221000
   -31.6500  -68.5833 
  INTA_POCITO                                SURFACE                                    
  FM-12 SYNOP       INTA_POCITO            615  F     F         1
 -888888.000 -888888.000 -888888.000 -888888.000     615.000       0.000     290.750       0.000      -0.000     129.000       0.000     129.000      18.000       0.000   93500.000       0.000 -888888.000 -888888.000
 20260731221000
   -31.6500  -68.3000 
  ECOHUMUS                                   SURFACE                                    
  FM-12 SYNOP       ECOHUMUS               600  F     F         1
 -888888.000 -888888.000 -888888.000 -888888.000     600.000       0.000     291.450       0.000      -0.540     129.000      -0.287     129.000      16.000       0.000   94330.000       0.000 -888888.000 -888888.000
 20260731221000
   -31.5192  -68.8178 
  PUNTA_NEGRA                                SURFACE                                    
  FM-12 SYNOP       PUNTA_NEGRA            800  F     F         1
 -888888.000 -888888.000 -888888.000 -888888.000     800.000       0.000     290.650       0.000       0.393     129.000       0.468     129.000      18.000       0.000   91180.000       0.000 -888888.000 -888888.000
 20260731221000
   -30.6335  -67.4682 
  VALLE_FERTIL                               SURFACE                                    
  FM-12 SYNOP       VALLE_FERTIL           900  F     F         1
 -888888.000 -888888.000 -888888.000 -888888.000     900.000       0.000     293.150       0.000       5.142     129.000       1.872     129.000      14.000       0.000   90810.000       0.000 -888888.000 -888888.000
 20260731221000
   -30.1833  -69.0667 
  CUESTA_Viento                              SURFACE                                    
  FM-12 SYNOP       CUESTA_Viento         1530  F     F         1
 -888888.000 -888888.000 -888888.000 -888888.000    1530.000       0.000     286.250       0.000      -0.698     129.000       0.403     129.000      19.000       0.000   84860.000       0.000 -888888.000 -888888.000
 20260731221500
   -31.6500  -68.5833 
  INTA_POCITO                                SURFACE                                    
  FM-12 SYNOP       INTA_POCITO            615  F     F         1
 -888888.000 -888888.000 -888888.000 -888888.000     615.000       0.000     290.950       0.000       0.073     129.000      -0.239     129.000      18.000       0.000   93490.000       0.000 -888888.000 -888888.000
 20260731221500
   -31.6500  -68.3000 
  ECOHUMUS                                   SURFACE                                    
  FM-12 SYNOP       ECOHUMUS               600  F     F         1
 -888888.000 -888888.000 -888888.000 -888888.000     600.000       0.000     291.350       0.000      -0.579     129.000      -0.270     129.000      16.000       0.000   94330.000       0.000 -888888.000 -888888.000
 20260731221500
   -31.5192  -68.8178 
  PUNTA_NEGRA                                SURFACE                                    
  FM-12 SYNOP       PUNTA_NEGRA            800  F     F         1
 -888888.000 -888888.000 -888888.000 -888888.000     800.000       0.000     290.450       0.000      -0.391     129.000       0.736     129.000      18.000       0.000   91200.000       0.000 -888888.000 -888888.000
 20260731221500
   -30.6335  -67.4682 
  VALLE_FERTIL                               SURFACE                                    
  FM-12 SYNOP       VALLE_FERTIL           900  F     F         1
 -888888.000 -888888.000 -888888.000 -888888.000     900.000       0.000     293.150       0.000       6.802     129.000       2.342     129.000      14.000       0.000   90840.000       0.000 -888888.000 -888888.000
 20260731221500
   -30.1833  -69.0667 
  CUESTA_Viento                              SURFACE                                    
  FM-12 SYNOP       CUESTA_Viento         1530  F     F         1
 -888888.000 -888888.000 -888888.000 -888888.000    1530.000       0.000     285.850       0.000      -0.097     129.000      -0.200     129.000      19.000       0.000   84850.000       0.000 -888888.000 -888888.000
 20260731222000
   -31.6500  -68.5833 
  INTA_POCITO                                SURFACE                                    
  FM-12 SYNOP       INTA_POCITO            615  F     F         1
 -888888.000 -888888.000 -888888.000 -888888.000     615.000       0.000     290.650       0.000       0.091     129.000      -0.064     129.000      19.000       0.000   93500.000       0.000 -888888.000 -888888.000
 20260731222000
   -31.6500  -68.3000 
  ECOHUMUS                                   SURFACE                                    
  FM-12 SYNOP       ECOHUMUS               600  F     F         1
 -888888.000 -888888.000 -888888.000 -888888.000     600.000       0.000     290.750       0.000       0.690     129.000       0.293     129.000      17.000       0.000   94340.000       0.000 -888888.000 -888888.000
 20260731222000
   -31.5192  -68.8178 
  PUNTA_NEGRA                                SURFACE                                    
  FM-12 SYNOP       PUNTA_NEGRA            800  F     F         1
 -888888.000 -888888.000 -888888.000 -888888.000     800.000       0.000     289.750       0.000       0.135     129.000       0.766     129.000      18.000       0.000   91210.000       0.000 -888888.000 -888888.000
 20260731222000
   -30.6335  -67.4682 
  VALLE_FERTIL                               SURFACE                                    
  FM-12 SYNOP       VALLE_FERTIL           900  F     F         1
 -888888.000 -888888.000 -888888.000 -888888.000     900.000       0.000     293.150       0.000       4.304     129.000       3.243     129.000      15.000       0.000   90850.000       0.000 -888888.000 -888888.000
 20260731222000
   -30.1833  -69.0667 
  CUESTA_Viento                              SURFACE                                    
  FM-12 SYNOP       CUESTA_Viento         1530  F     F         1
 -888888.000 -888888.000 -888888.000 -888888.000    1530.000       0.000     285.550       0.000       0.079     129.000       0.295     129.000      19.000       0.000   84850.000       0.000 -888888.000 -888888.000
 20260731222500
   -31.6500  -68.5833 
  INTA_POCITO                                SURFACE                                    
  FM-12 SYNOP       INTA_POCITO            615  F     F         1
 -888888.000 -888888.000 -888888.000 -888888.000     615.000       0.000     290.350       0.000       0.000     129.000       0.000     129.000      20.000       0.000   93500.000       0.000 -888888.000 -888888.000
 20260731222500
   -31.6500  -68.3000 
  ECOHUMUS                                   SURFACE                                    
  FM-12 SYNOP       ECOHUMUS               600  F     F         1
 -888888.000 -888888.000 -888888.000 -888888.000     600.000       0.000     290.450       0.000       0.584     129.000      -0.260     129.000      17.000       0.000   94340.000       0.000 -888888.000 -888888.000
 20260731222500
   -31.5192  -68.8178 
  PUNTA_NEGRA                                SURFACE                                    
  FM-12 SYNOP       PUNTA_NEGRA            800  F     F         1
 -888888.000 -888888.000 -888888.000 -888888.000     800.000       0.000     289.950       0.000       0.302     129.000      -0.048     129.000      18.000       0.000   91220.000       0.000 -888888.000 -888888.000
 20260731222500
   -30.6335  -67.4682 
  VALLE_FERTIL                               SURFACE                                    
  FM-12 SYNOP       VALLE_FERTIL           900  F     F         1
 -888888.000 -888888.000 -888888.000 -888888.000     900.000       0.000     293.350       0.000       5.085     129.000       2.371     129.000      14.000       0.000   90860.000       0.000 -888888.000 -888888.000
 20260731222500
   -30.1833  -69.0667 
  CUESTA_Viento                              SURFACE                                    
  FM-12 SYNOP       CUESTA_Viento         1530  F     F         1
 -888888.000 -888888.000 -888888.000 -888888.000    1530.000       0.000     285.850       0.000      -1.083     129.000      -0.250     129.000      18.000       0.000   84850.000       0.000 -888888.000 -888888.000
 20260731223000
   -31.6500  -68.5833 
  INTA_POCITO                                SURFACE                                    
  FM-12 SYNOP       INTA_POCITO            615  F     F         1
 -888888.000 -888888.000 -888888.000 -888888.000     615.000       0.000     290.050       0.000       0.000     129.000       0.000     129.000      19.000       0.000   93510.000       0.000 -888888.000 -888888.000
 20260731223000
   -31.6500  -68.3000 
  ECOHUMUS                                   SURFACE                                    
  FM-12 SYNOP       ECOHUMUS               600  F     F         1
 -888888.000 -888888.000 -888888.000 -888888.000     600.000       0.000     290.550       0.000       0.431     129.000      -0.192     129.000      17.000       0.000   94350.000       0.000 -888888.000 -888888.000
 20260731223000
   -31.5192  -68.8178 
  PUNTA_NEGRA                                SURFACE                                    
  FM-12 SYNOP       PUNTA_NEGRA            800  F     F         1
 -888888.000 -888888.000 -888888.000 -888888.000     800.000       0.000     289.550       0.000       0.478     129.000       0.223     129.000      19.000       0.000   91220.000       0.000 -888888.000 -888888.000
 20260731223000
   -30.6335  -67.4682 
  VALLE_FERTIL                               SURFACE                                    
  FM-12 SYNOP       VALLE_FERTIL           900  F     F         1
 -888888.000 -888888.000 -888888.000 -888888.000     900.000       0.000     293.250       0.000       4.143     129.000       2.489     129.000      14.000       0.000   90880.000       0.000 -888888.000 -888888.000
 20260731223000
   -30.1833  -69.0667 
  CUESTA_Viento                              SURFACE                                    
  FM-12 SYNOP       CUESTA_Viento         1530  F     F         1
 -888888.000 -888888.000 -888888.000 -888888.000    1530.000       0.000     285.950       0.000      -0.636     129.000       0.056     129.000      19.000       0.000   84860.000       0.000 -888888.000 -888888.000
 20260731223500
   -31.6500  -68.5833 
  INTA_POCITO                                SURFACE                                    
  FM-12 SYNOP       INTA_POCITO            615  F     F         1
 -888888.000 -888888.000 -888888.000 -888888.000     615.000       0.000     289.450       0.000      -0.000     129.000       0.000     129.000      21.000       0.000   93530.000       0.000 -888888.000 -888888.000
 20260731223500
   -31.6500  -68.3000 
  ECOHUMUS                                   SURFACE                                    
  FM-12 SYNOP       ECOHUMUS               600  F     F         1
 -888888.000 -888888.000 -888888.000 -888888.000     600.000       0.000     290.450       0.000       0.304     129.000      -0.027     129.000      17.000       0.000   94350.000       0.000 -888888.000 -888888.000
 20260731223500
   -31.5192  -68.8178 
  PUNTA_NEGRA                                SURFACE                                    
  FM-12 SYNOP       PUNTA_NEGRA            800  F     F         1
 -888888.000 -888888.000 -888888.000 -888888.000     800.000       0.000     289.450       0.000       0.339     129.000       0.404     129.000      18.000       0.000   91210.000       0.000 -888888.000 -888888.000
 20260731223500
   -30.6335  -67.4682 
  VALLE_FERTIL                               SURFACE                                    
  FM-12 SYNOP       VALLE_FERTIL           900  F     F         1
 -888888.000 -888888.000 -888888.000 -888888.000     900.000       0.000     293.250       0.000       3.512     129.000       2.028     129.000      14.000       0.000   90870.000       0.000 -888888.000 -888888.000
 20260731223500
   -30.1833  -69.0667 
  CUESTA_Viento                              SURFACE                                    
  FM-12 SYNOP       CUESTA_Viento         1530  F     F         1
 -888888.000 -888888.000 -888888.000 -888888.000    1530.000       0.000     285.750       0.000      -0.444     129.000      -0.162     129.000      19.000       0.000   84860.000       0.000 -888888.000 -888888.000
 20260731224000
   -31.6500  -68.5833 
  INTA_POCITO                                SURFACE                                    
  FM-12 SYNOP       INTA_POCITO            615  F     F         1
 -888888.000 -888888.000 -888888.000 -888888.000     615.000       0.000     288.550       0.000      -0.000     129.000       0.000     129.000      22.000       0.000   93540.000       0.000 -888888.000 -888888.000
 20260731224000
   -31.6500  -68.3000 
  ECOHUMUS                                   SURFACE                                    
  FM-12 SYNOP       ECOHUMUS               600  F     F         1
 -888888.000 -888888.000 -888888.000 -888888.000     600.000       0.000     290.750       0.000       0.028     129.000      -0.002     129.000      17.000       0.000   94350.000       0.000 -888888.000 -888888.000
 20260731224000
   -31.5192  -68.8178 
  PUNTA_NEGRA                                SURFACE                                    
  FM-12 SYNOP       PUNTA_NEGRA            800  F     F         1
 -888888.000 -888888.000 -888888.000 -888888.000     800.000       0.000     290.150       0.000       0.207     129.000       0.721     129.000      17.000       0.000   91230.000       0.000 -888888.000 -888888.000
 20260731224000
   -30.6335  -67.4682 
  VALLE_FERTIL                               SURFACE                                    
  FM-12 SYNOP       VALLE_FERTIL           900  F     F         1
 -888888.000 -888888.000 -888888.000 -888888.000     900.000       0.000     293.150       0.000       4.698     129.000       3.169     129.000      15.000       0.000   90900.000       0.000 -888888.000 -888888.000
 20260731224000
   -30.1833  -69.0667 
  CUESTA_Viento                              SURFACE                                    
  FM-12 SYNOP       CUESTA_Viento         1530  F     F         1
 -888888.000 -888888.000 -888888.000 -888888.000    1530.000       0.000     285.850       0.000      -0.650     129.000      -0.375     129.000      19.000       0.000   84860.000       0.000 -888888.000 -888888.000
 20260731224500
   -31.6500  -68.5833 
  INTA_POCITO                                SURFACE                                    
  FM-12 SYNOP       INTA_POCITO            615  F     F         1
 -888888.000 -888888.000 -888888.000 -888888.000     615.000       0.000     288.450       0.000      -0.000     129.000       0.000     129.000      21.000       0.000   93530.000       0.000 -888888.000 -888888.000
 20260731224500
   -31.6500  -68.3000 
  ECOHUMUS                                   SURFACE                                    
  FM-12 SYNOP       ECOHUMUS               600  F     F         1
 -888888.000 -888888.000 -888888.000 -888888.000     600.000       0.000     290.150       0.000       0.360     129.000      -0.031     129.000      18.000       0.000   94350.000       0.000 -888888.000 -888888.000
 20260731224500
   -31.5192  -68.8178 
  PUNTA_NEGRA                                SURFACE                                    
  FM-12 SYNOP       PUNTA_NEGRA            800  F     F         1
 -888888.000 -888888.000 -888888.000 -888888.000     800.000       0.000     290.050       0.000       0.489     129.000       0.198     129.000      19.000       0.000   91250.000       0.000 -888888.000 -888888.000
 20260731224500
   -30.6335  -67.4682 
  VALLE_FERTIL                               SURFACE                                    
  FM-12 SYNOP       VALLE_FERTIL           900  F     F         1
 -888888.000 -888888.000 -888888.000 -888888.000     900.000       0.000     293.150       0.000       3.123     129.000       3.468     129.000      15.000       0.000   90920.000       0.000 -888888.000 -888888.000
 20260731224500
   -30.1833  -69.0667 
  CUESTA_Viento                              SURFACE                                    
  FM-12 SYNOP       CUESTA_Viento         1530  F     F         1
 -888888.000 -888888.000 -888888.000 -888888.000    1530.000       0.000     285.450       0.000       0.638     129.000      -0.033     129.000      20.000       0.000   84850.000       0.000 -888888.000 -888888.000
 20260731225000
   -31.6500  -68.5833 
  INTA_POCITO                                SURFACE                                    
  FM-12 SYNOP       INTA_POCITO            615  F     F         1
 -888888.000 -888888.000 -888888.000 -888888.000     615.000       0.000     289.050       0.000      -0.000     129.000       0.000     129.000      21.000       0.000   93530.000       0.000 -888888.000 -888888.000
 20260731225000
   -31.6500  -68.3000 
  ECOHUMUS                                   SURFACE                                    
  FM-12 SYNOP       ECOHUMUS               600  F     F         1
 -888888.000 -888888.000 -888888.000 -888888.000     600.000       0.000     289.350       0.000       0.427     129.000      -0.123     129.000      19.000       0.000   94360.000       0.000 -888888.000 -888888.000
 20260731225000
   -31.5192  -68.8178 
  PUNTA_NEGRA                                SURFACE                                    
  FM-12 SYNOP       PUNTA_NEGRA            800  F     F         1
 -888888.000 -888888.000 -888888.000 -888888.000     800.000       0.000     289.950       0.000       0.851     129.000       0.135     129.000      19.000       0.000   91260.000       0.000 -888888.000 -888888.000
 20260731225000
   -30.6335  -67.4682 
  VALLE_FERTIL                               SURFACE                                    
  FM-12 SYNOP       VALLE_FERTIL           900  F     F         1
 -888888.000 -888888.000 -888888.000 -888888.000     900.000       0.000     292.950       0.000       1.429     129.000       4.150     129.000      15.000       0.000   90940.000       0.000 -888888.000 -888888.000
 20260731225000
   -30.1833  -69.0667 
  CUESTA_Viento                              SURFACE                                    
  FM-12 SYNOP       CUESTA_Viento         1530  F     F         1
 -888888.000 -888888.000 -888888.000 -888888.000    1530.000       0.000     285.550       0.000       0.229     129.000       0.596     129.000      20.000       0.000   84830.000       0.000 -888888.000 -888888.000
 20260731225500
   -31.6500  -68.5833 
  INTA_POCITO                                SURFACE                                    
  FM-12 SYNOP       INTA_POCITO            615  F     F         1
 -888888.000 -888888.000 -888888.000 -888888.000     615.000       0.000     288.350       0.000      -0.000     129.000       0.000     129.000      23.000       0.000   93540.000       0.000 -888888.000 -888888.000
 20260731225500
   -31.6500  -68.3000 
  ECOHUMUS                                   SURFACE                                    
  FM-12 SYNOP       ECOHUMUS               600  F     F         1
 -888888.000 -888888.000 -888888.000 -888888.000     600.000       0.000     288.850       0.000       0.000     129.000      -0.000     129.000      19.000       0.000   94350.000       0.000 -888888.000 -888888.000
 20260731225500
   -30.6335  -67.4682 
  VALLE_FERTIL                               SURFACE                                    
  FM-12 SYNOP       VALLE_FERTIL           900  F     F         1
 -888888.000 -888888.000 -888888.000 -888888.000     900.000       0.000     293.150       0.000       1.693     129.000       2.167     129.000      15.000       0.000   90960.000       0.000 -888888.000 -888888.000
 20260731225500
   -30.1833  -69.0667 
  CUESTA_Viento                              SURFACE                                    
  FM-12 SYNOP       CUESTA_Viento         1530  F     F         1
 -888888.000 -888888.000 -888888.000 -888888.000    1530.000       0.000     285.450       0.000      -0.847     129.000       1.903     129.000      20.000       0.000   84830.000       0.000 -888888.000 -888888.000
 20260731230000
   -31.6500  -68.5833 
  INTA_POCITO                                SURFACE                                    
  FM-12 SYNOP       INTA_POCITO            615  F     F         1
 -888888.000 -888888.000 -888888.000 -888888.000     615.000       0.000     287.850       0.000      -0.000     129.000       0.000     129.000      22.000       0.000   93510.000       0.000 -888888.000 -888888.000
 20260731230000
   -31.6500  -68.3000 
  ECOHUMUS                                   SURFACE                                    
  FM-12 SYNOP       ECOHUMUS               600  F     F         1
 -888888.000 -888888.000 -888888.000 -888888.000     600.000       0.000     288.650       0.000       0.210     129.000      -0.072     129.000      20.000       0.000   94330.000       0.000 -888888.000 -888888.000
 20260731230000
   -31.5192  -68.8178 
  PUNTA_NEGRA                                SURFACE                                    
  FM-12 SYNOP       PUNTA_NEGRA            800  F     F         1
 -888888.000 -888888.000 -888888.000 -888888.000     800.000       0.000     289.450       0.000       0.665     129.000       0.047     129.000      19.000       0.000   91270.000       0.000 -888888.000 -888888.000
 20260731230000
   -30.6335  -67.4682 
  VALLE_FERTIL                               SURFACE                                    
  FM-12 SYNOP       VALLE_FERTIL           900  F     F         1
 -888888.000 -888888.000 -888888.000 -888888.000     900.000       0.000     292.650       0.000       2.261     129.000       1.413     129.000      15.000       0.000   90960.000       0.000 -888888.000 -888888.000
 20260731230000
   -30.1833  -69.0667 
  CUESTA_Viento                              SURFACE                                    
  FM-12 SYNOP       CUESTA_Viento         1530  F     F         1
 -888888.000 -888888.000 -888888.000 -888888.000    1530.000       0.000     285.450       0.000      -1.635     129.000       1.421     129.000      20.000       0.000   84840.000       0.000 -888888.000 -888888.000
 20260731230500
   -31.6500  -68.5833 
  INTA_POCITO                                SURFACE                                    
  FM-12 SYNOP       INTA_POCITO            615  F     F         1
 -888888.000 -888888.000 -888888.000 -888888.000     615.000       0.000     288.250       0.000       0.135     129.000       0.031     129.000      23.000       0.000   93520.000       0.000 -888888.000 -888888.000
 20260731230500
   -31.6500  -68.3000 
  ECOHUMUS                                   SURFACE                                    
  FM-12 SYNOP       ECOHUMUS               600  F     F         1
 -888888.000 -888888.000 -888888.000 -888888.000     600.000       0.000     287.950       0.000       0.098     129.000      -0.052     129.000      21.000       0.000   94330.000       0.000 -888888.000 -888888.000
 20260731230500
   -31.5192  -68.8178 
  PUNTA_NEGRA                                SURFACE                                    
  FM-12 SYNOP       PUNTA_NEGRA            800  F     F         1
 -888888.000 -888888.000 -888888.000 -888888.000     800.000       0.000     290.150       0.000       0.604     129.000       0.489     129.000      18.000       0.000   91280.000       0.000 -888888.000 -888888.000
 20260731230500
   -30.6335  -67.4682 
  VALLE_FERTIL                               SURFACE                                    
  FM-12 SYNOP       VALLE_FERTIL           900  F     F         1
 -888888.000 -888888.000 -888888.000 -888888.000     900.000       0.000     292.750       0.000       2.518     129.000       1.174     129.000      15.000       0.000   90970.000       0.000 -888888.000 -888888.000
 20260731230500
   -30.1833  -69.0667 
  CUESTA_Viento                              SURFACE                                    
  FM-12 SYNOP       CUESTA_Viento         1530  F     F         1
 -888888.000 -888888.000 -888888.000 -888888.000    1530.000       0.000     285.450       0.000      -0.650     129.000       0.565     129.000      20.000       0.000   84860.000       0.000 -888888.000 -888888.000
 20260731231000
   -31.6500  -68.5833 
  INTA_POCITO                                SURFACE                                    
  FM-12 SYNOP       INTA_POCITO            615  F     F         1
 -888888.000 -888888.000 -888888.000 -888888.000     615.000       0.000     288.150       0.000      -0.000     129.000       0.000     129.000      22.000       0.000   93510.000       0.000 -888888.000 -888888.000
 20260731231000
   -31.6500  -68.3000 
  ECOHUMUS                                   SURFACE                                    
  FM-12 SYNOP       ECOHUMUS               600  F     F         1
 -888888.000 -888888.000 -888888.000 -888888.000     600.000       0.000     287.650       0.000       0.210     129.000      -0.072     129.000      21.000       0.000   94340.000       0.000 -888888.000 -888888.000
 20260731231000
   -31.5192  -68.8178 
  PUNTA_NEGRA                                SURFACE                                    
  FM-12 SYNOP       PUNTA_NEGRA            800  F     F         1
 -888888.000 -888888.000 -888888.000 -888888.000     800.000       0.000     290.250       0.000       0.469     129.000       0.058     129.000      18.000       0.000   91260.000       0.000 -888888.000 -888888.000
 20260731231000
   -30.6335  -67.4682 
  VALLE_FERTIL                               SURFACE                                    
  FM-12 SYNOP       VALLE_FERTIL           900  F     F         1
 -888888.000 -888888.000 -888888.000 -888888.000     900.000       0.000     291.950       0.000       1.059     129.000       0.715     129.000      16.000       0.000   90970.000       0.000 -888888.000 -888888.000
 20260731231000
   -30.1833  -69.0667 
  CUESTA_Viento                              SURFACE                                    
  FM-12 SYNOP       CUESTA_Viento         1530  F     F         1
 -888888.000 -888888.000 -888888.000 -888888.000    1530.000       0.000     285.250       0.000      -0.020     129.000      -0.052     129.000      20.000       0.000   84880.000       0.000 -888888.000 -888888.000
 20260731231500
   -31.6500  -68.5833 
  INTA_POCITO                                SURFACE                                    
  FM-12 SYNOP       INTA_POCITO            615  F     F         1
 -888888.000 -888888.000 -888888.000 -888888.000     615.000       0.000     288.450       0.000      -0.000     129.000       0.000     129.000      22.000       0.000   93510.000       0.000 -888888.000 -888888.000
 20260731231500
   -31.6500  -68.3000 
  ECOHUMUS                                   SURFACE                                    
  FM-12 SYNOP       ECOHUMUS               600  F     F         1
 -888888.000 -888888.000 -888888.000 -888888.000     600.000       0.000     287.350       0.000       0.000     129.000      -0.000     129.000      21.000       0.000   94340.000       0.000 -888888.000 -888888.000
 20260731231500
   -31.5192  -68.8178 
  PUNTA_NEGRA                                SURFACE                                    
  FM-12 SYNOP       PUNTA_NEGRA            800  F     F         1
 -888888.000 -888888.000 -888888.000 -888888.000     800.000       0.000     289.950       0.000       0.895     129.000       0.559     129.000      18.000       0.000   91260.000       0.000 -888888.000 -888888.000
 20260731231500
   -30.6335  -67.4682 
  VALLE_FERTIL                               SURFACE                                    
  FM-12 SYNOP       VALLE_FERTIL           900  F     F         1
 -888888.000 -888888.000 -888888.000 -888888.000     900.000       0.000     291.750       0.000       2.745     129.000       1.522     129.000      16.000       0.000   90990.000       0.000 -888888.000 -888888.000
 20260731231500
   -30.1833  -69.0667 
  CUESTA_Viento                              SURFACE                                    
  FM-12 SYNOP       CUESTA_Viento         1530  F     F         1
 -888888.000 -888888.000 -888888.000 -888888.000    1530.000       0.000     284.850       0.000       0.000     129.000       0.000     129.000      21.000       0.000   84910.000       0.000 -888888.000 -888888.000
 20260731232000
   -31.6500  -68.5833 
  INTA_POCITO                                SURFACE                                    
  FM-12 SYNOP       INTA_POCITO            615  F     F         1
 -888888.000 -888888.000 -888888.000 -888888.000     615.000       0.000     287.950       0.000      -0.000     129.000       0.000     129.000      24.000       0.000   93520.000       0.000 -888888.000 -888888.000
 20260731232000
   -31.6500  -68.3000 
  ECOHUMUS                                   SURFACE                                    
  FM-12 SYNOP       ECOHUMUS               600  F     F         1
 -888888.000 -888888.000 -888888.000 -888888.000     600.000       0.000     287.150       0.000       0.000     129.000      -0.000     129.000      21.000       0.000   94340.000       0.000 -888888.000 -888888.000
 20260731232000
   -31.5192  -68.8178 
  PUNTA_NEGRA                                SURFACE                                    
  FM-12 SYNOP       PUNTA_NEGRA            800  F     F         1
 -888888.000 -888888.000 -888888.000 -888888.000     800.000       0.000     290.250       0.000       0.697     129.000       0.506     129.000      17.000       0.000   91260.000       0.000 -888888.000 -888888.000
 20260731232000
   -30.6335  -67.4682 
  VALLE_FERTIL                               SURFACE                                    
  FM-12 SYNOP       VALLE_FERTIL           900  F     F         1
 -888888.000 -888888.000 -888888.000 -888888.000     900.000       0.000     292.150       0.000       1.438     129.000       1.045     129.000      16.000       0.000   90990.000       0.000 -888888.000 -888888.000
 20260731232000
   -30.1833  -69.0667 
  CUESTA_Viento                              SURFACE                                    
  FM-12 SYNOP       CUESTA_Viento         1530  F     F         1
 -888888.000 -888888.000 -888888.000 -888888.000    1530.000       0.000     284.450       0.000      -0.021     129.000      -0.018     129.000      21.000       0.000   84900.000       0.000 -888888.000 -888888.000
 20260731232500
   -31.6500  -68.5833 
  INTA_POCITO                                SURFACE                                    
  FM-12 SYNOP       INTA_POCITO            615  F     F         1
 -888888.000 -888888.000 -888888.000 -888888.000     615.000       0.000     287.750       0.000      -0.000     129.000       0.000     129.000      22.000       0.000   93510.000       0.000 -888888.000 -888888.000
 20260731232500
   -31.6500  -68.3000 
  ECOHUMUS                                   SURFACE                                    
  FM-12 SYNOP       ECOHUMUS               600  F     F         1
 -888888.000 -888888.000 -888888.000 -888888.000     600.000       0.000     286.750       0.000       0.026     129.000      -0.009     129.000      22.000       0.000   94320.000       0.000 -888888.000 -888888.000
 20260731232500
   -31.5192  -68.8178 
  PUNTA_NEGRA                                SURFACE                                    
  FM-12 SYNOP       PUNTA_NEGRA            800  F     F         1
 -888888.000 -888888.000 -888888.000 -888888.000     800.000       0.000     290.050       0.000       0.792     129.000       0.514     129.000      18.000       0.000   91270.000       0.000 -888888.000 -888888.000
 20260731232500
   -30.6335  -67.4682 
  VALLE_FERTIL                               SURFACE                                    
  FM-12 SYNOP       VALLE_FERTIL           900  F     F         1
 -888888.000 -888888.000 -888888.000 -888888.000     900.000       0.000     291.850       0.000       1.512     129.000       1.512     129.000      15.000       0.000   91010.000       0.000 -888888.000 -888888.000
 20260731232500
   -30.1833  -69.0667 
  CUESTA_Viento                              SURFACE                                    
  FM-12 SYNOP       CUESTA_Viento         1530  F     F         1
 -888888.000 -888888.000 -888888.000 -888888.000    1530.000       0.000     284.350       0.000       0.000     129.000       0.000     129.000      21.000       0.000   84920.000       0.000 -888888.000 -888888.000
 20260731233000
   -31.6500  -68.5833 
  INTA_POCITO                                SURFACE                                    
  FM-12 SYNOP       INTA_POCITO            615  F     F         1
 -888888.000 -888888.000 -888888.000 -888888.000     615.000       0.000     288.650       0.000       0.106     129.000      -0.034     129.000      21.000       0.000   93500.000       0.000 -888888.000 -888888.000
 20260731233000
   -31.6500  -68.3000 
  ECOHUMUS                                   SURFACE                                    
  FM-12 SYNOP       ECOHUMUS               600  F     F         1
 -888888.000 -888888.000 -888888.000 -888888.000     600.000       0.000     286.450       0.000       0.158     129.000      -0.054     129.000      22.000       0.000   94330.000       0.000 -888888.000 -888888.000
 20260731233000
   -31.5192  -68.8178 
  PUNTA_NEGRA                                SURFACE                                    
  FM-12 SYNOP       PUNTA_NEGRA            800  F     F         1
 -888888.000 -888888.000 -888888.000 -888888.000     800.000       0.000     289.850       0.000       0.394     129.000       0.308     129.000      18.000       0.000   91260.000       0.000 -888888.000 -888888.000
 20260731233000
   -30.6335  -67.4682 
  VALLE_FERTIL                               SURFACE                                    
  FM-12 SYNOP       VALLE_FERTIL           900  F     F         1
 -888888.000 -888888.000 -888888.000 -888888.000     900.000       0.000     292.250       0.000       2.008     129.000       0.282     129.000      16.000       0.000   91040.000       0.000 -888888.000 -888888.000
 20260731233000
   -30.1833  -69.0667 
  CUESTA_Viento                              SURFACE                                    
  FM-12 SYNOP       CUESTA_Viento         1530  F     F         1
 -888888.000 -888888.000 -888888.000 -888888.000    1530.000       0.000     284.450       0.000       0.000     129.000       0.000     129.000      21.000       0.000   84940.000       0.000 -888888.000 -888888.000
 20260731233500
   -31.6500  -68.5833 
  INTA_POCITO                                SURFACE                                    
  FM-12 SYNOP       INTA_POCITO            615  F     F         1
 -888888.000 -888888.000 -888888.000 -888888.000     615.000       0.000     289.450       0.000      -0.101     129.000      -0.404     129.000      19.000       0.000   93480.000       0.000 -888888.000 -888888.000
 20260731233500
   -31.6500  -68.3000 
  ECOHUMUS                                   SURFACE                                    
  FM-12 SYNOP       ECOHUMUS               600  F     F         1
 -888888.000 -888888.000 -888888.000 -888888.000     600.000       0.000     286.550       0.000       0.270     129.000      -0.579     129.000      22.000       0.000   94340.000       0.000 -888888.000 -888888.000
 20260731233500
   -31.5192  -68.8178 
  PUNTA_NEGRA                                SURFACE                                    
  FM-12 SYNOP       PUNTA_NEGRA            800  F     F         1
 -888888.000 -888888.000 -888888.000 -888888.000     800.000       0.000     289.650       0.000       0.377     129.000       0.328     129.000      18.000       0.000   91270.000       0.000 -888888.000 -888888.000
 20260731233500
   -30.6335  -67.4682 
  VALLE_FERTIL                               SURFACE                                    
  FM-12 SYNOP       VALLE_FERTIL           900  F     F         1
 -888888.000 -888888.000 -888888.000 -888888.000     900.000       0.000     291.750       0.000       0.998     129.000      -0.070     129.000      15.000       0.000   91040.000       0.000 -888888.000 -888888.000
 20260731233500
   -30.1833  -69.0667 
  CUESTA_Viento                              SURFACE                                    
  FM-12 SYNOP       CUESTA_Viento         1530  F     F         1
 -888888.000 -888888.000 -888888.000 -888888.000    1530.000       0.000     284.650       0.000      -0.000     129.000       0.000     129.000      19.000       0.000   84950.000       0.000 -888888.000 -888888.000
 20260731234000
   -31.6500  -68.5833 
  INTA_POCITO                                SURFACE                                    
  FM-12 SYNOP       INTA_POCITO            615  F     F         1
 -888888.000 -888888.000 -888888.000 -888888.000     615.000       0.000     290.050       0.000       0.195     129.000      -0.399     129.000      18.000       0.000   93510.000       0.000 -888888.000 -888888.000
 20260731234000
   -31.6500  -68.3000 
  ECOHUMUS                                   SURFACE                                    
  FM-12 SYNOP       ECOHUMUS               600  F     F         1
 -888888.000 -888888.000 -888888.000 -888888.000     600.000       0.000     286.950       0.000      -0.818     129.000      -0.347     129.000      21.000       0.000   94360.000       0.000 -888888.000 -888888.000
 20260731234000
   -31.5192  -68.8178 
  PUNTA_NEGRA                                SURFACE                                    
  FM-12 SYNOP       PUNTA_NEGRA            800  F     F         1
 -888888.000 -888888.000 -888888.000 -888888.000     800.000       0.000     289.650       0.000       1.111     129.000      -0.019     129.000      18.000       0.000   91270.000       0.000 -888888.000 -888888.000
 20260731234000
   -30.6335  -67.4682 
  VALLE_FERTIL                               SURFACE                                    
  FM-12 SYNOP       VALLE_FERTIL           900  F     F         1
 -888888.000 -888888.000 -888888.000 -888888.000     900.000       0.000     291.850       0.000       1.713     129.000       0.180     129.000      16.000       0.000   91050.000       0.000 -888888.000 -888888.000
 20260731234000
   -30.1833  -69.0667 
  CUESTA_Viento                              SURFACE                                    
  FM-12 SYNOP       CUESTA_Viento         1530  F     F         1
 -888888.000 -888888.000 -888888.000 -888888.000    1530.000       0.000     285.250       0.000      -0.231     129.000       1.001     129.000      18.000       0.000   84950.000       0.000 -888888.000 -888888.000
 20260731234500
   -31.6500  -68.5833 
  INTA_POCITO                                SURFACE                                    
  FM-12 SYNOP       INTA_POCITO            615  F     F         1
 -888888.000 -888888.000 -888888.000 -888888.000     615.000       0.000     290.150       0.000      -0.063     129.000      -0.055     129.000      19.000       0.000   93500.000       0.000 -888888.000 -888888.000
 20260731234500
   -31.6500  -68.3000 
  ECOHUMUS                                   SURFACE                                    
  FM-12 SYNOP       ECOHUMUS               600  F     F         1
 -888888.000 -888888.000 -888888.000 -888888.000     600.000       0.000     286.050       0.000      -0.583     129.000       0.671     129.000      23.000       0.000   94350.000       0.000 -888888.000 -888888.000
 20260731234500
   -31.5192  -68.8178 
  PUNTA_NEGRA                                SURFACE                                    
  FM-12 SYNOP       PUNTA_NEGRA            800  F     F         1
 -888888.000 -888888.000 -888888.000 -888888.000     800.000       0.000     289.950       0.000       0.511     129.000       0.511     129.000      17.000       0.000   91280.000       0.000 -888888.000 -888888.000
 20260731234500
   -30.6335  -67.4682 
  VALLE_FERTIL                               SURFACE                                    
  FM-12 SYNOP       VALLE_FERTIL           900  F     F         1
 -888888.000 -888888.000 -888888.000 -888888.000     900.000       0.000     291.250       0.000       2.138     129.000       0.494     129.000      17.000       0.000   91040.000       0.000 -888888.000 -888888.000
 20260731234500
   -30.1833  -69.0667 
  CUESTA_Viento                              SURFACE                                    
  FM-12 SYNOP       CUESTA_Viento         1530  F     F         1
 -888888.000 -888888.000 -888888.000 -888888.000    1530.000       0.000     285.750       0.000      -1.964     129.000       0.916     129.000      17.000       0.000   84960.000       0.000 -888888.000 -888888.000
 20260731235000
   -31.6500  -68.5833 
  INTA_POCITO                                SURFACE                                    
  FM-12 SYNOP       INTA_POCITO            615  F     F         1
 -888888.000 -888888.000 -888888.000 -888888.000     615.000       0.000     289.950       0.000      -0.026     129.000      -0.010     129.000      17.000       0.000   93530.000       0.000 -888888.000 -888888.000
 20260731235000
   -31.6500  -68.3000 
  ECOHUMUS                                   SURFACE                                    
  FM-12 SYNOP       ECOHUMUS               600  F     F         1
 -888888.000 -888888.000 -888888.000 -888888.000     600.000       0.000     284.850       0.000      -0.262     129.000       0.762     129.000      25.000       0.000   94370.000       0.000 -888888.000 -888888.000
 20260731235000
   -31.5192  -68.8178 
  PUNTA_NEGRA                                SURFACE                                    
  FM-12 SYNOP       PUNTA_NEGRA            800  F     F         1
 -888888.000 -888888.000 -888888.000 -888888.000     800.000       0.000     289.850       0.000       0.200     129.000       0.231     129.000      18.000       0.000   91280.000       0.000 -888888.000 -888888.000
 20260731235000
   -30.6335  -67.4682 
  VALLE_FERTIL                               SURFACE                                    
  FM-12 SYNOP       VALLE_FERTIL           900  F     F         1
 -888888.000 -888888.000 -888888.000 -888888.000     900.000       0.000     291.350       0.000       1.798     129.000       1.259     129.000      16.000       0.000   91050.000       0.000 -888888.000 -888888.000
 20260731235000
   -30.1833  -69.0667 
  CUESTA_Viento                              SURFACE                                    
  FM-12 SYNOP       CUESTA_Viento         1530  F     F         1
 -888888.000 -888888.000 -888888.000 -888888.000    1530.000       0.000     285.750       0.000      -1.745     129.000       1.464     129.000      17.000       0.000   84970.000       0.000 -888888.000 -888888.000
 20260731235500
   -31.6500  -68.5833 
  INTA_POCITO                                SURFACE                                    
  FM-12 SYNOP       INTA_POCITO            615  F     F         1
 -888888.000 -888888.000 -888888.000 -888888.000     615.000       0.000     290.350       0.000      -0.086     129.000      -0.109     129.000      17.000       0.000   93530.000       0.000 -888888.000 -888888.000
 20260731235500
   -31.6500  -68.3000 
  ECOHUMUS                                   SURFACE                                    
  FM-12 SYNOP       ECOHUMUS               600  F     F         1
 -888888.000 -888888.000 -888888.000 -888888.000     600.000       0.000     285.150       0.000      -0.282     129.000       0.604     129.000      24.000       0.000   94380.000       0.000 -888888.000 -888888.000
 20260731235500
   -31.5192  -68.8178 
  PUNTA_NEGRA                                SURFACE                                    
  FM-12 SYNOP       PUNTA_NEGRA            800  F     F         1
 -888888.000 -888888.000 -888888.000 -888888.000     800.000       0.000     289.050       0.000       0.147     129.000       0.202     129.000      19.000       0.000   91270.000       0.000 -888888.000 -888888.000
 20260731235500
   -30.6335  -67.4682 
  VALLE_FERTIL                               SURFACE                                    
  FM-12 SYNOP       VALLE_FERTIL           900  F     F         1
 -888888.000 -888888.000 -888888.000 -888888.000     900.000       0.000     291.350       0.000       2.863     129.000       0.986     129.000      16.000       0.000   91040.000       0.000 -888888.000 -888888.000
 20260731235500
   -30.1833  -69.0667 
  CUESTA_Viento                              SURFACE                                    
  FM-12 SYNOP       CUESTA_Viento         1530  F     F         1
 -888888.000 -888888.000 -888888.000 -888888.000    1530.000       0.000     285.550       0.000      -0.643     129.000       2.243     129.000      18.000       0.000   84970.000       0.000 -888888.000 -888888.000
