 20260101000000
   -31.6500  -68.5833 
  INTA_POCITO                                SURFACE                                    
  FM-12 SYNOP       INTA_POCITO            615  F     F         1
 -888888.000 -888888.000 -888888.000 -888888.000     615.000       0.000     298.350       0.000      -0.000     129.000       0.000     129.000      55.000       0.000   93870.000       0.000 -888888.000 -888888.000
 20260101000000
   -31.4667  -68.6667 
  ULLUM_EMBALSE                              SURFACE                                    
  FM-12 SYNOP       ULLUM_EMBALSE          768  F     F         1
 -888888.000 -888888.000 -888888.000 -888888.000     768.000       0.000     298.550       0.000       1.410     129.000       0.657     129.000      53.000       0.000   92290.000       0.000 -888888.000 -888888.000
 20260101000000
   -31.6500  -68.3000 
  ECOHUMUS                                   SURFACE                                    
  FM-12 SYNOP       ECOHUMUS               600  F     F         1
 -888888.000 -888888.000 -888888.000 -888888.000     600.000       0.000     299.050       0.000      -1.238     129.000       3.065     129.000      50.000       0.000   94520.000       0.000 -888888.000 -888888.000
 20260101000000
   -31.5192  -68.8178 
  PUNTA_NEGRA                                SURFACE                                    
  FM-12 SYNOP       PUNTA_NEGRA            800  F     F         1
 -888888.000 -888888.000 -888888.000 -888888.000     800.000       0.000     294.950       0.000       0.343     129.000       0.183     129.000      76.000       0.000   91720.000       0.000 -888888.000 -888888.000
 20260101000000
   -30.6335  -67.4682 
  VALLE_FERTIL                               SURFACE                                    
  FM-12 SYNOP       VALLE_FERTIL           900  F     F         1
 -888888.000 -888888.000 -888888.000 -888888.000     900.000       0.000     295.650       0.000       1.024     129.000      -0.499     129.000      75.000       0.000   91610.000       0.000 -888888.000 -888888.000
 20260101000000
   -30.1833  -69.0667 
  CUESTA_Viento                              SURFACE                                    
  FM-12 SYNOP       CUESTA_Viento         1530  F     F         1
 -888888.000 -888888.000 -888888.000 -888888.000    1530.000       0.000     298.750       0.000       2.105     129.000       3.369     129.000      42.000       0.000   85010.000       0.000 -888888.000 -888888.000
 20260101000000
   -31.5194  -68.9851 
  CARACOLES                                  SURFACE                                    
  FM-12 SYNOP       CARACOLES              942  F     F         1
 -888888.000 -888888.000 -888888.000 -888888.000     942.000       0.000     296.450       0.000      -0.076     129.000       0.034     129.000      65.000       0.000   90390.000       0.000 -888888.000 -888888.000
 20260101003000
   -31.6500  -68.5833 
  INTA_POCITO                                SURFACE                                    
  FM-12 SYNOP       INTA_POCITO            615  F     F         1
 -888888.000 -888888.000 -888888.000 -888888.000     615.000       0.000     295.450       0.000      -0.000     129.000       0.000     129.000      77.000       0.000   93870.000       0.000 -888888.000 -888888.000
 20260101003000
   -31.4667  -68.6667 
  ULLUM_EMBALSE                              SURFACE                                    
  FM-12 SYNOP       ULLUM_EMBALSE          768  F     F         1
 -888888.000 -888888.000 -888888.000 -888888.000     768.000       0.000     298.650       0.000       2.405     129.000       1.445     129.000      51.000       0.000   92290.000       0.000 -888888.000 -888888.000
 20260101003000
   -31.6500  -68.3000 
  ECOHUMUS                                   SURFACE                                    
  FM-12 SYNOP       ECOHUMUS               600  F     F         1
 -888888.000 -888888.000 -888888.000 -888888.000     600.000       0.000     299.950       0.000       0.590     129.000       0.875     129.000      44.000       0.000   94600.000       0.000 -888888.000 -888888.000
 20260101003000
   -31.5192  -68.8178 
  PUNTA_NEGRA                                SURFACE                                    
  FM-12 SYNOP       PUNTA_NEGRA            800  F     F         1
 -888888.000 -888888.000 -888888.000 -888888.000     800.000       0.000     297.550       0.000       0.701     129.000       0.752     129.000      57.000       0.000   91700.000       0.000 -888888.000 -888888.000
 20260101003000
   -30.6335  -67.4682 
  VALLE_FERTIL                               SURFACE                                    
  FM-12 SYNOP       VALLE_FERTIL           900  F     F         1
 -888888.000 -888888.000 -888888.000 -888888.000     900.000       0.000     295.550       0.000       0.007     129.000      -0.027     129.000      75.000       0.000   91570.000       0.000 -888888.000 -888888.000
 20260101003000
   -30.1833  -69.0667 
  CUESTA_Viento                              SURFACE                                    
  FM-12 SYNOP       CUESTA_Viento         1530  F     F         1
 -888888.000 -888888.000 -888888.000 -888888.000    1530.000       0.000     298.350       0.000       1.207     129.000       2.988     129.000      42.000       0.000   85030.000       0.000 -888888.000 -888888.000
 20260101003000
   -31.5194  -68.9851 
  CARACOLES                                  SURFACE                                    
  FM-12 SYNOP       CARACOLES              942  F     F         1
 -888888.000 -888888.000 -888888.000 -888888.000     942.000       0.000     296.550       0.000      -0.086     129.000       0.109     129.000      64.000       0.000   90390.000       0.000 -888888.000 -888888.000
 20260101010000
   -31.4667  -68.6667 
  ULLUM_EMBALSE                              SURFACE                                    
  FM-12 SYNOP       ULLUM_EMBALSE          768  F     F         1
 -888888.000 -888888.000 -888888.000 -888888.000     768.000       0.000     297.650       0.000      -1.220     129.000      -0.919     129.000      58.000       0.000   92270.000       0.000 -888888.000 -888888.000
 20260101010000
   -31.6500  -68.3000 
  ECOHUMUS                                   SURFACE                                    
  FM-12 SYNOP       ECOHUMUS               600  F     F         1
 -888888.000 -888888.000 -888888.000 -888888.000     600.000       0.000     298.650       0.000       0.432     129.000       0.432     129.000      52.000       0.000   94600.000       0.000 -888888.000 -888888.000
 20260101010000
   -31.5192  -68.8178 
  PUNTA_NEGRA                                SURFACE                                    
  FM-12 SYNOP       PUNTA_NEGRA            800  F     F         1
 -888888.000 -888888.000 -888888.000 -888888.000     800.000       0.000     296.750       0.000       0.046     129.000       0.442     129.000      65.000       0.000   91670.000       0.000 -888888.000 -888888.000
 20260101010000
   -30.6335  -67.4682 
  VALLE_FERTIL                               SURFACE                                    
  FM-12 SYNOP       VALLE_FERTIL           900  F     F         1
 -888888.000 -888888.000 -888888.000 -888888.000     900.000       0.000     294.550       0.000       0.058     129.000      -0.060     129.000      79.000       0.000   91550.000       0.000 -888888.000 -888888.000
 20260101010000
   -30.1833  -69.0667 
  CUESTA_Viento                              SURFACE                                    
  FM-12 SYNOP       CUESTA_Viento         1530  F     F         1
 -888888.000 -888888.000 -888888.000 -888888.000    1530.000       0.000     298.250       0.000       1.115     129.000       2.904     129.000      40.000       0.000   85020.000       0.000 -888888.000 -888888.000
 20260101010000
   -31.5194  -68.9851 
  CARACOLES                                  SURFACE                                    
  FM-12 SYNOP       CARACOLES              942  F     F         1
 -888888.000 -888888.000 -888888.000 -888888.000     942.000       0.000     296.650       0.000      -0.013     129.000       0.025     129.000      63.000       0.000   90370.000       0.000 -888888.000 -888888.000
 20260101013000
   -31.4667  -68.6667 
  ULLUM_EMBALSE                              SURFACE                                    
  FM-12 SYNOP       ULLUM_EMBALSE          768  F     F         1
 -888888.000 -888888.000 -888888.000 -888888.000     768.000       0.000     297.750       0.000       0.620     129.000      -0.713     129.000      58.000       0.000   92240.000       0.000 -888888.000 -888888.000
 20260101013000
   -31.6500  -68.3000 
  ECOHUMUS                                   SURFACE                                    
  FM-12 SYNOP       ECOHUMUS               600  F     F         1
 -888888.000 -888888.000 -888888.000 -888888.000     600.000       0.000     296.750       0.000       0.257     129.000       0.328     129.000      61.000       0.000   94580.000       0.000 -888888.000 -888888.000
 20260101013000
   -31.5192  -68.8178 
  PUNTA_NEGRA                                SURFACE                                    
  FM-12 SYNOP       PUNTA_NEGRA            800  F     F         1
 -888888.000 -888888.000 -888888.000 -888888.000     800.000       0.000     296.950       0.000       0.276     129.000      -0.034     129.000      62.000       0.000   91640.000       0.000 -888888.000 -888888.000
 20260101013000
   -30.6335  -67.4682 
  VALLE_FERTIL                               SURFACE                                    
  FM-12 SYNOP       VALLE_FERTIL           900  F     F         1
 -888888.000 -888888.000 -888888.000 -888888.000     900.000       0.000     294.550       0.000       0.246     129.000      -0.264     129.000      79.000       0.000   91560.000       0.000 -888888.000 -888888.000
 20260101013000
   -30.1833  -69.0667 
  CUESTA_Viento                              SURFACE                                    
  FM-12 SYNOP       CUESTA_Viento         1530  F     F         1
 -888888.000 -888888.000 -888888.000 -888888.000    1530.000       0.000     297.950       0.000       2.458     129.000       3.934     129.000      40.000       0.000   85020.000       0.000 -888888.000 -888888.000
 20260101013000
   -31.5194  -68.9851 
  CARACOLES                                  SURFACE                                    
  FM-12 SYNOP       CARACOLES              942  F     F         1
 -888888.000 -888888.000 -888888.000 -888888.000     942.000       0.000     296.450       0.000      -0.064     129.000       0.091     129.000      65.000       0.000   90330.000       0.000 -888888.000 -888888.000
 20260101020000
   -31.4667  -68.6667 
  ULLUM_EMBALSE                              SURFACE                                    
  FM-12 SYNOP       ULLUM_EMBALSE          768  F     F         1
 -888888.000 -888888.000 -888888.000 -888888.000     768.000       0.000     297.350       0.000      -0.044     129.000      -1.249     129.000      61.000       0.000   92220.000       0.000 -888888.000 -888888.000
 20260101020000
   -31.6500  -68.3000 
  ECOHUMUS                                   SURFACE                                    
  FM-12 SYNOP       ECOHUMUS               600  F     F         1
 -888888.000 -888888.000 -888888.000 -888888.000     600.000       0.000     295.250       0.000       0.010     129.000       0.026     129.000      73.000       0.000   94560.000       0.000 -888888.000 -888888.000
 20260101020000
   -31.5192  -68.8178 
  PUNTA_NEGRA                                SURFACE                                    
  FM-12 SYNOP       PUNTA_NEGRA            800  F     F         1
 -888888.000 -888888.000 -888888.000 -888888.000     800.000       0.000     296.950       0.000       0.146     129.000       0.081     129.000      63.000       0.000   91620.000       0.000 -888888.000 -888888.000
 20260101020000
   -30.6335  -67.4682 
  VALLE_FERTIL                               SURFACE                                    
  FM-12 SYNOP       VALLE_FERTIL           900  F     F         1
 -888888.000 -888888.000 -888888.000 -888888.000     900.000       0.000     294.450       0.000       0.109     129.000      -0.315     129.000      82.000       0.000   91550.000       0.000 -888888.000 -888888.000
 20260101020000
   -30.1833  -69.0667 
  CUESTA_Viento                              SURFACE                                    
  FM-12 SYNOP       CUESTA_Viento         1530  F     F         1
 -888888.000 -888888.000 -888888.000 -888888.000    1530.000       0.000     296.850       0.000       1.696     129.000       4.198     129.000      44.000       0.000   85020.000       0.000 -888888.000 -888888.000
 20260101020000
   -31.5194  -68.9851 
  CARACOLES                                  SURFACE                                    
  FM-12 SYNOP       CARACOLES              942  F     F         1
 -888888.000 -888888.000 -888888.000 -888888.000     942.000       0.000     296.550       0.000      -0.175     129.000       0.250     129.000      66.000       0.000   90310.000       0.000 -888888.000 -888888.000
 20260101023000
   -31.4667  -68.6667 
  ULLUM_EMBALSE                              SURFACE                                    
  FM-12 SYNOP       ULLUM_EMBALSE          768  F     F         1
 -888888.000 -888888.000 -888888.000 -888888.000     768.000       0.000     297.250       0.000       0.392     129.000      -2.018     129.000      61.000       0.000   92190.000       0.000 -888888.000 -888888.000
 20260101023000
   -31.6500  -68.3000 
  ECOHUMUS                                   SURFACE                                    
  FM-12 SYNOP       ECOHUMUS               600  F     F         1
 -888888.000 -888888.000 -888888.000 -888888.000     600.000       0.000     294.750       0.000      -0.261     129.000       0.491     129.000      75.000       0.000   94570.000       0.000 -888888.000 -888888.000
 20260101023000
   -31.5192  -68.8178 
  PUNTA_NEGRA                                SURFACE                                    
  FM-12 SYNOP       PUNTA_NEGRA            800  F     F         1
 -888888.000 -888888.000 -888888.000 -888888.000     800.000       0.000     296.750       0.000       0.357     129.000       0.215     129.000      65.000       0.000   91580.000       0.000 -888888.000 -888888.000
 20260101023000
   -30.6335  -67.4682 
  VALLE_FERTIL                               SURFACE                                    
  FM-12 SYNOP       VALLE_FERTIL           900  F     F         1
 -888888.000 -888888.000 -888888.000 -888888.000     900.000       0.000     293.950       0.000       0.529     129.000      -0.306     129.000      86.000       0.000   91480.000       0.000 -888888.000 -888888.000
 20260101023000
   -30.1833  -69.0667 
  CUESTA_Viento                              SURFACE                                    
  FM-12 SYNOP       CUESTA_Viento         1530  F     F         1
 -888888.000 -888888.000 -888888.000 -888888.000    1530.000       0.000     296.550       0.000       1.050     129.000       3.917     129.000      43.000       0.000   85020.000       0.000 -888888.000 -888888.000
 20260101023000
   -31.5194  -68.9851 
  CARACOLES                                  SURFACE                                    
  FM-12 SYNOP       CARACOLES              942  F     F         1
 -888888.000 -888888.000 -888888.000 -888888.000     942.000       0.000     296.350       0.000      -0.000     129.000       0.000     129.000      68.000       0.000   90280.000       0.000 -888888.000 -888888.000
 20260101030000
   -31.4667  -68.6667 
  ULLUM_EMBALSE                              SURFACE                                    
  FM-12 SYNOP       ULLUM_EMBALSE          768  F     F         1
 -888888.000 -888888.000 -888888.000 -888888.000     768.000       0.000     296.950       0.000      -1.003     129.000      -1.039     129.000      63.000       0.000   92180.000       0.000 -888888.000 -888888.000
 20260101030000
   -31.6500  -68.3000 
  ECOHUMUS                                   SURFACE                                    
  FM-12 SYNOP       ECOHUMUS               600  F     F         1
 -888888.000 -888888.000 -888888.000 -888888.000     600.000       0.000     294.850       0.000      -0.267     129.000       0.355     129.000      72.000       0.000   94530.000       0.000 -888888.000 -888888.000
 20260101030000
   -31.5192  -68.8178 
  PUNTA_NEGRA                                SURFACE                                    
  FM-12 SYNOP       PUNTA_NEGRA            800  F     F         1
 -888888.000 -888888.000 -888888.000 -888888.000     800.000       0.000     297.350       0.000       0.842     129.000       0.486     129.000      60.000       0.000   91550.000       0.000 -888888.000 -888888.000
 20260101030000
   -30.6335  -67.4682 
  VALLE_FERTIL                               SURFACE                                    
  FM-12 SYNOP       VALLE_FERTIL           900  F     F         1
 -888888.000 -888888.000 -888888.000 -888888.000     900.000       0.000     294.150       0.000       0.294     129.000      -0.156     129.000      85.000       0.000   91420.000       0.000 -888888.000 -888888.000
 20260101030000
   -30.1833  -69.0667 
  CUESTA_Viento                              SURFACE                                    
  FM-12 SYNOP       CUESTA_Viento         1530  F     F         1
 -888888.000 -888888.000 -888888.000 -888888.000    1530.000       0.000     296.150       0.000       2.412     129.000       2.979     129.000      42.000       0.000   85010.000       0.000 -888888.000 -888888.000
 20260101030000
   -31.5194  -68.9851 
  CARACOLES                                  SURFACE                                    
  FM-12 SYNOP       CARACOLES              942  F     F         1
 -888888.000 -888888.000 -888888.000 -888888.000     942.000       0.000     295.950       0.000       0.010     129.000       0.111     129.000      70.000       0.000   90230.000       0.000 -888888.000 -888888.000
 20260101033000
   -31.4667  -68.6667 
  ULLUM_EMBALSE                              SURFACE                                    
  FM-12 SYNOP       ULLUM_EMBALSE          768  F     F         1
 -888888.000 -888888.000 -888888.000 -888888.000     768.000       0.000     296.350       0.000      -0.736     129.000      -0.328     129.000      66.000       0.000   92160.000       0.000 -888888.000 -888888.000
 20260101033000
   -31.6500  -68.3000 
  ECOHUMUS                                   SURFACE                                    
  FM-12 SYNOP       ECOHUMUS               600  F     F         1
 -888888.000 -888888.000 -888888.000 -888888.000     600.000       0.000     294.750       0.000      -0.061     129.000       0.384     129.000      70.000       0.000   94490.000       0.000 -888888.000 -888888.000
 20260101033000
   -31.5192  -68.8178 
  PUNTA_NEGRA                                SURFACE                                    
  FM-12 SYNOP       PUNTA_NEGRA            800  F     F         1
 -888888.000 -888888.000 -888888.000 -888888.000     800.000       0.000     296.750       0.000      -0.000     129.000       0.111     129.000      64.000       0.000   91530.000       0.000 -888888.000 -888888.000
 20260101033000
   -30.6335  -67.4682 
  VALLE_FERTIL                               SURFACE                                    
  FM-12 SYNOP       VALLE_FERTIL           900  F     F         1
 -888888.000 -888888.000 -888888.000 -888888.000     900.000       0.000     293.450       0.000       0.489     129.000      -0.411     129.000      87.000       0.000   91380.000       0.000 -888888.000 -888888.000
 20260101033000
   -30.1833  -69.0667 
  CUESTA_Viento                              SURFACE                                    
  FM-12 SYNOP       CUESTA_Viento         1530  F     F         1
 -888888.000 -888888.000 -888888.000 -888888.000    1530.000       0.000     295.750       0.000       1.681     129.000       2.911     129.000      43.000       0.000   85000.000       0.000 -888888.000 -888888.000
 20260101033000
   -31.5194  -68.9851 
  CARACOLES                                  SURFACE                                    
  FM-12 SYNOP       CARACOLES              942  F     F         1
 -888888.000 -888888.000 -888888.000 -888888.000     942.000       0.000     295.650       0.000      -0.023     129.000       0.015     129.000      71.000       0.000   90210.000       0.000 -888888.000 -888888.000
 20260101040000
   -31.4667  -68.6667 
  ULLUM_EMBALSE                              SURFACE                                    
  FM-12 SYNOP       ULLUM_EMBALSE          768  F     F         1
 -888888.000 -888888.000 -888888.000 -888888.000     768.000       0.000     296.550       0.000      -0.209     129.000      -0.392     129.000      62.000       0.000   92140.000       0.000 -888888.000 -888888.000
 20260101040000
   -31.6500  -68.3000 
  ECOHUMUS                                   SURFACE                                    
  FM-12 SYNOP       ECOHUMUS               600  F     F         1
 -888888.000 -888888.000 -888888.000 -888888.000     600.000       0.000     293.250       0.000      -0.001     129.000       0.028     129.000      81.000       0.000   94450.000       0.000 -888888.000 -888888.000
 20260101040000
   -31.5192  -68.8178 
  PUNTA_NEGRA                                SURFACE                                    
  FM-12 SYNOP       PUNTA_NEGRA            800  F     F         1
 -888888.000 -888888.000 -888888.000 -888888.000     800.000       0.000     295.950       0.000       0.037     129.000       0.075     129.000      70.000       0.000   91510.000       0.000 -888888.000 -888888.000
 20260101040000
   -30.6335  -67.4682 
  VALLE_FERTIL                               SURFACE                                    
  FM-12 SYNOP       VALLE_FERTIL           900  F     F         1
 -888888.000 -888888.000 -888888.000 -888888.000     900.000       0.000     294.050       0.000       0.287     129.000      -0.410     129.000      82.000       0.000   91350.000       0.000 -888888.000 -888888.000
 20260101040000
   -30.1833  -69.0667 
  CUESTA_Viento                              SURFACE                                    
  FM-12 SYNOP       CUESTA_Viento         1530  F     F         1
 -888888.000 -888888.000 -888888.000 -888888.000    1530.000       0.000     295.250       0.000       1.467     129.000       3.631     129.000      45.000       0.000   84990.000       0.000 -888888.000 -888888.000
 20260101040000
   -31.5194  -68.9851 
  CARACOLES                                  SURFACE                                    
  FM-12 SYNOP       CARACOLES              942  F     F         1
 -888888.000 -888888.000 -888888.000 -888888.000     942.000       0.000     295.350       0.000      -0.053     129.000       0.016     129.000      74.000       0.000   90200.000       0.000 -888888.000 -888888.000
 20260101043000
   -31.4667  -68.6667 
  ULLUM_EMBALSE                              SURFACE                                    
  FM-12 SYNOP       ULLUM_EMBALSE          768  F     F         1
 -888888.000 -888888.000 -888888.000 -888888.000     768.000       0.000     296.250       0.000      -0.023     129.000      -0.666     129.000      66.000       0.000   92110.000       0.000 -888888.000 -888888.000
 20260101043000
   -31.6500  -68.3000 
  ECOHUMUS                                   SURFACE                                    
  FM-12 SYNOP       ECOHUMUS               600  F     F         1
 -888888.000 -888888.000 -888888.000 -888888.000     600.000       0.000     292.350       0.000       0.004     129.000       0.055     129.000      85.000       0.000   94430.000       0.000 -888888.000 -888888.000
 20260101043000
   -31.5192  -68.8178 
  PUNTA_NEGRA                                SURFACE                                    
  FM-12 SYNOP       PUNTA_NEGRA            800  F     F         1
 -888888.000 -888888.000 -888888.000 -888888.000     800.000       0.000     295.550       0.000       0.027     129.000       0.136     129.000      73.000       0.000   91500.000       0.000 -888888.000 -888888.000
 20260101043000
   -30.6335  -67.4682 
  VALLE_FERTIL                               SURFACE                                    
  FM-12 SYNOP       VALLE_FERTIL           900  F     F         1
 -888888.000 -888888.000 -888888.000 -888888.000     900.000       0.000     292.950       0.000       0.726     129.000      -0.279     129.000      88.000       0.000   91320.000       0.000 -888888.000 -888888.000
 20260101043000
   -30.1833  -69.0667 
  CUESTA_Viento                              SURFACE                                    
  FM-12 SYNOP       CUESTA_Viento         1530  F     F         1
 -888888.000 -888888.000 -888888.000 -888888.000    1530.000       0.000     295.350       0.000       1.461     129.000       2.747     129.000      45.000       0.000   84990.000       0.000 -888888.000 -888888.000
 20260101043000
   -31.5194  -68.9851 
  CARACOLES                                  SURFACE                                    
  FM-12 SYNOP       CARACOLES              942  F     F         1
 -888888.000 -888888.000 -888888.000 -888888.000     942.000       0.000     294.950       0.000       0.012     129.000       0.111     129.000      75.000       0.000   90180.000       0.000 -888888.000 -888888.000
 20260101050000
   -31.4667  -68.6667 
  ULLUM_EMBALSE                              SURFACE                                    
  FM-12 SYNOP       ULLUM_EMBALSE          768  F     F         1
 -888888.000 -888888.000 -888888.000 -888888.000     768.000       0.000     295.650       0.000      -0.515     129.000      -0.824     129.000      67.000       0.000   92090.000       0.000 -888888.000 -888888.000
 20260101050000
   -31.6500  -68.3000 
  ECOHUMUS                                   SURFACE                                    
  FM-12 SYNOP       ECOHUMUS               600  F     F         1
 -888888.000 -888888.000 -888888.000 -888888.000     600.000       0.000     291.750       0.000       0.108     129.000       0.087     129.000      87.000       0.000   94430.000       0.000 -888888.000 -888888.000
 20260101050000
   -31.5192  -68.8178 
  PUNTA_NEGRA                                SURFACE                                    
  FM-12 SYNOP       PUNTA_NEGRA            800  F     F         1
 -888888.000 -888888.000 -888888.000 -888888.000     800.000       0.000     295.150       0.000       0.082     129.000       0.112     129.000      75.000       0.000   91480.000       0.000 -888888.000 -888888.000
 20260101050000
   -30.6335  -67.4682 
  VALLE_FERTIL                               SURFACE                                    
  FM-12 SYNOP       VALLE_FERTIL           900  F     F         1
 -888888.000 -888888.000 -888888.000 -888888.000     900.000       0.000     293.450       0.000       0.881     129.000      -0.529     129.000      83.000       0.000   91280.000       0.000 -888888.000 -888888.000
 20260101050000
   -30.1833  -69.0667 
  CUESTA_Viento                              SURFACE                                    
  FM-12 SYNOP       CUESTA_Viento         1530  F     F         1
 -888888.000 -888888.000 -888888.000 -888888.000    1530.000       0.000     295.550       0.000       1.197     129.000       2.568     129.000      44.000       0.000   84990.000       0.000 -888888.000 -888888.000
 20260101050000
   -31.5194  -68.9851 
  CARACOLES                                  SURFACE                                    
  FM-12 SYNOP       CARACOLES              942  F     F         1
 -888888.000 -888888.000 -888888.000 -888888.000     942.000       0.000     294.850       0.000      -0.003     129.000       0.028     129.000      75.000       0.000   90180.000       0.000 -888888.000 -888888.000
 20260101053000
   -31.4667  -68.6667 
  ULLUM_EMBALSE                              SURFACE                                    
  FM-12 SYNOP       ULLUM_EMBALSE          768  F     F         1
 -888888.000 -888888.000 -888888.000 -888888.000     768.000       0.000     296.150       0.000       1.371     129.000      -1.819     129.000      67.000       0.000   92080.000       0.000 -888888.000 -888888.000
 20260101053000
   -31.6500  -68.3000 
  ECOHUMUS                                   SURFACE                                    
  FM-12 SYNOP       ECOHUMUS               600  F     F         1
 -888888.000 -888888.000 -888888.000 -888888.000     600.000       0.000     290.950       0.000       0.000     129.000       0.000     129.000      88.000       0.000   94430.000       0.000 -888888.000 -888888.000
 20260101053000
   -31.5192  -68.8178 
  PUNTA_NEGRA                                SURFACE                                    
  FM-12 SYNOP       PUNTA_NEGRA            800  F     F         1
 -888888.000 -888888.000 -888888.000 -888888.000     800.000       0.000     296.150       0.000       0.435     129.000       0.645     129.000      64.000       0.000   91460.000       0.000 -888888.000 -888888.000
 20260101053000
   -30.6335  -67.4682 
  VALLE_FERTIL                               SURFACE                                    
  FM-12 SYNOP       VALLE_FERTIL           900  F     F         1
 -888888.000 -888888.000 -888888.000 -888888.000     900.000       0.000     294.450       0.000       1.177     129.000      -0.626     129.000      77.000       0.000   91280.000       0.000 -888888.000 -888888.000
 20260101053000
   -30.1833  -69.0667 
  CUESTA_Viento                              SURFACE                                    
  FM-12 SYNOP       CUESTA_Viento         1530  F     F         1
 -888888.000 -888888.000 -888888.000 -888888.000    1530.000       0.000     295.550       0.000       0.673     129.000       1.585     129.000      44.000       0.000   85000.000       0.000 -888888.000 -888888.000
 20260101053000
   -31.5194  -68.9851 
  CARACOLES                                  SURFACE                                    
  FM-12 SYNOP       CARACOLES              942  F     F         1
 -888888.000 -888888.000 -888888.000 -888888.000     942.000       0.000     294.450       0.000      -0.015     129.000       0.053     129.000      75.000       0.000   90170.000       0.000 -888888.000 -888888.000
 20260101060000
   -31.4667  -68.6667 
  ULLUM_EMBALSE                              SURFACE                                    
  FM-12 SYNOP       ULLUM_EMBALSE          768  F     F         1
 -888888.000 -888888.000 -888888.000 -888888.000     768.000       0.000     296.250       0.000       2.190     129.000      -1.021     129.000      68.000       0.000   92060.000       0.000 -888888.000 -888888.000
 20260101060000
   -31.6500  -68.3000 
  ECOHUMUS                                   SURFACE                                    
  FM-12 SYNOP       ECOHUMUS               600  F     F         1
 -888888.000 -888888.000 -888888.000 -888888.000     600.000       0.000     290.550       0.000       0.000     129.000       0.000     129.000      88.000       0.000   94410.000       0.000 -888888.000 -888888.000
 20260101060000
   -31.5192  -68.8178 
  PUNTA_NEGRA                                SURFACE                                    
  FM-12 SYNOP       PUNTA_NEGRA            800  F     F         1
 -888888.000 -888888.000 -888888.000 -888888.000     800.000       0.000     296.650       0.000       1.000     129.000       0.601     129.000      63.000       0.000   91440.000       0.000 -888888.000 -888888.000
 20260101060000
   -30.6335  -67.4682 
  VALLE_FERTIL                               SURFACE                                    
  FM-12 SYNOP       VALLE_FERTIL           900  F     F         1
 -888888.000 -888888.000 -888888.000 -888888.000     900.000       0.000     293.050       0.000       0.304     129.000      -0.362     129.000      82.000       0.000   91280.000       0.000 -888888.000 -888888.000
 20260101060000
   -30.1833  -69.0667 
  CUESTA_Viento                              SURFACE                                    
  FM-12 SYNOP       CUESTA_Viento         1530  F     F         1
 -888888.000 -888888.000 -888888.000 -888888.000    1530.000       0.000     295.550       0.000       0.022     129.000       0.638     129.000      44.000       0.000   85000.000       0.000 -888888.000 -888888.000
 20260101060000
   -31.5194  -68.9851 
  CARACOLES                                  SURFACE                                    
  FM-12 SYNOP       CARACOLES              942  F     F         1
 -888888.000 -888888.000 -888888.000 -888888.000     942.000       0.000     294.150       0.000      -0.023     129.000       0.051     129.000      76.000       0.000   90170.000       0.000 -888888.000 -888888.000
 20260101063000
   -31.4667  -68.6667 
  ULLUM_EMBALSE                              SURFACE                                    
  FM-12 SYNOP       ULLUM_EMBALSE          768  F     F         1
 -888888.000 -888888.000 -888888.000 -888888.000     768.000       0.000     295.550       0.000       1.604     129.000      -3.017     129.000      73.000       0.000   92050.000       0.000 -888888.000 -888888.000
 20260101063000
   -31.6500  -68.3000 
  ECOHUMUS                                   SURFACE                                    
  FM-12 SYNOP       ECOHUMUS               600  F     F         1
 -888888.000 -888888.000 -888888.000 -888888.000     600.000       0.000     290.550       0.000       0.000     129.000       0.000     129.000      88.000       0.000   94400.000       0.000 -888888.000 -888888.000
 20260101063000
   -31.5192  -68.8178 
  PUNTA_NEGRA                                SURFACE                                    
  FM-12 SYNOP       PUNTA_NEGRA            800  F     F         1
 -888888.000 -888888.000 -888888.000 -888888.000     800.000       0.000     296.350       0.000       0.842     129.000       0.590     129.000      65.000       0.000   91430.000       0.000 -888888.000 -888888.000
 20260101063000
   -30.6335  -67.4682 
  VALLE_FERTIL                               SURFACE                                    
  FM-12 SYNOP       VALLE_FERTIL           900  F     F         1
 -888888.000 -888888.000 -888888.000 -888888.000     900.000       0.000     293.850       0.000       0.112     129.000      -0.124     129.000      76.000       0.000   91270.000       0.000 -888888.000 -888888.000
 20260101063000
   -30.1833  -69.0667 
  CUESTA_Viento                              SURFACE                                    
  FM-12 SYNOP       CUESTA_Viento         1530  F     F         1
 -888888.000 -888888.000 -888888.000 -888888.000    1530.000       0.000     295.350       0.000      -0.019     129.000       0.138     129.000      45.000       0.000   85000.000       0.000 -888888.000 -888888.000
 20260101063000
   -31.5194  -68.9851 
  CARACOLES                                  SURFACE                                    
  FM-12 SYNOP       CARACOLES              942  F     F         1
 -888888.000 -888888.000 -888888.000 -888888.000     942.000       0.000     294.850       0.000       0.051     129.000       0.414     129.000      68.000       0.000   90150.000       0.000 -888888.000 -888888.000
 20260101070000
   -31.4667  -68.6667 
  ULLUM_EMBALSE                              SURFACE                                    
  FM-12 SYNOP       ULLUM_EMBALSE          768  F     F         1
 -888888.000 -888888.000 -888888.000 -888888.000     768.000       0.000     294.950       0.000       0.896     129.000      -3.124     129.000      79.000       0.000   92060.000       0.000 -888888.000 -888888.000
 20260101070000
   -31.6500  -68.3000 
  ECOHUMUS                                   SURFACE                                    
  FM-12 SYNOP       ECOHUMUS               600  F     F         1
 -888888.000 -888888.000 -888888.000 -888888.000     600.000       0.000     292.450       0.000       0.074     129.000       0.083     129.000      82.000       0.000   94410.000       0.000 -888888.000 -888888.000
 20260101070000
   -31.5192  -68.8178 
  PUNTA_NEGRA                                SURFACE                                    
  FM-12 SYNOP       PUNTA_NEGRA            800  F     F         1
 -888888.000 -888888.000 -888888.000 -888888.000     800.000       0.000     296.450       0.000       0.679     129.000       0.656     129.000      64.000       0.000   91420.000       0.000 -888888.000 -888888.000
 20260101070000
   -30.6335  -67.4682 
  VALLE_FERTIL                               SURFACE                                    
  FM-12 SYNOP       VALLE_FERTIL           900  F     F         1
 -888888.000 -888888.000 -888888.000 -888888.000     900.000       0.000     296.750       0.000       0.914     129.000      -0.064     129.000      61.000       0.000   91280.000       0.000 -888888.000 -888888.000
 20260101070000
   -30.1833  -69.0667 
  CUESTA_Viento                              SURFACE                                    
  FM-12 SYNOP       CUESTA_Viento         1530  F     F         1
 -888888.000 -888888.000 -888888.000 -888888.000    1530.000       0.000     295.050       0.000       0.008     129.000       0.111     129.000      46.000       0.000   85010.000       0.000 -888888.000 -888888.000
 20260101070000
   -31.5194  -68.9851 
  CARACOLES                                  SURFACE                                    
  FM-12 SYNOP       CARACOLES              942  F     F         1
 -888888.000 -888888.000 -888888.000 -888888.000     942.000       0.000     296.450       0.000       0.717     129.000       1.349     129.000      54.000       0.000   90140.000       0.000 -888888.000 -888888.000
 20260101073000
   -31.4667  -68.6667 
  ULLUM_EMBALSE                              SURFACE                                    
  FM-12 SYNOP       ULLUM_EMBALSE          768  F     F         1
 -888888.000 -888888.000 -888888.000 -888888.000     768.000       0.000     295.450       0.000       1.403     129.000      -2.430     129.000      75.000       0.000   92080.000       0.000 -888888.000 -888888.000
 20260101073000
   -31.6500  -68.3000 
  ECOHUMUS                                   SURFACE                                    
  FM-12 SYNOP       ECOHUMUS               600  F     F         1
 -888888.000 -888888.000 -888888.000 -888888.000     600.000       0.000     294.550       0.000       0.080     129.000       0.409     129.000      72.000       0.000   94430.000       0.000 -888888.000 -888888.000
 20260101073000
   -31.5192  -68.8178 
  PUNTA_NEGRA                                SURFACE                                    
  FM-12 SYNOP       PUNTA_NEGRA            800  F     F         1
 -888888.000 -888888.000 -888888.000 -888888.000     800.000       0.000     297.650       0.000       0.025     129.000       0.360     129.000      61.000       0.000   91440.000       0.000 -888888.000 -888888.000
 20260101073000
   -30.6335  -67.4682 
  VALLE_FERTIL                               SURFACE                                    
  FM-12 SYNOP       VALLE_FERTIL           900  F     F         1
 -888888.000 -888888.000 -888888.000 -888888.000     900.000       0.000     298.550       0.000       0.134     129.000      -0.036     129.000      55.000       0.000   91330.000       0.000 -888888.000 -888888.000
 20260101073000
   -30.1833  -69.0667 
  CUESTA_Viento                              SURFACE                                    
  FM-12 SYNOP       CUESTA_Viento         1530  F     F         1
 -888888.000 -888888.000 -888888.000 -888888.000    1530.000       0.000     294.150       0.000       0.000     129.000       0.000     129.000      48.000       0.000   85020.000       0.000 -888888.000 -888888.000
 20260101073000
   -31.5194  -68.9851 
  CARACOLES                                  SURFACE                                    
  FM-12 SYNOP       CARACOLES              942  F     F         1
 -888888.000 -888888.000 -888888.000 -888888.000     942.000       0.000     297.550       0.000       2.461     129.000       1.096     129.000      48.000       0.000   90150.000       0.000 -888888.000 -888888.000
 20260101080000
   -31.4667  -68.6667 
  ULLUM_EMBALSE                              SURFACE                                    
  FM-12 SYNOP       ULLUM_EMBALSE          768  F     F         1
 -888888.000 -888888.000 -888888.000 -888888.000     768.000       0.000     296.550       0.000       1.675     129.000      -0.746     129.000      64.000       0.000   92100.000       0.000 -888888.000 -888888.000
 20260101080000
   -31.6500  -68.3000 
  ECOHUMUS                                   SURFACE                                    
  FM-12 SYNOP       ECOHUMUS               600  F     F         1
 -888888.000 -888888.000 -888888.000 -888888.000     600.000       0.000     297.050       0.000      -0.530     129.000      -0.848     129.000      61.000       0.000   94440.000       0.000 -888888.000 -888888.000
 20260101080000
   -31.5192  -68.8178 
  PUNTA_NEGRA                                SURFACE                                    
  FM-12 SYNOP       PUNTA_NEGRA            800  F     F         1
 -888888.000 -888888.000 -888888.000 -888888.000     800.000       0.000     299.450       0.000      -0.175     129.000       0.250     129.000      54.000       0.000   91460.000       0.000 -888888.000 -888888.000
 20260101080000
   -30.6335  -67.4682 
  VALLE_FERTIL                               SURFACE                                    
  FM-12 SYNOP       VALLE_FERTIL           900  F     F         1
 -888888.000 -888888.000 -888888.000 -888888.000     900.000       0.000     298.850       0.000      -0.077     129.000      -0.438     129.000      60.000       0.000   91370.000       0.000 -888888.000 -888888.000
 20260101080000
   -30.1833  -69.0667 
  CUESTA_Viento                              SURFACE                                    
  FM-12 SYNOP       CUESTA_Viento         1530  F     F         1
 -888888.000 -888888.000 -888888.000 -888888.000    1530.000       0.000     294.550       0.000       0.000     129.000       0.000     129.000      48.000       0.000   85040.000       0.000 -888888.000 -888888.000
 20260101080000
   -31.5194  -68.9851 
  CARACOLES                                  SURFACE                                    
  FM-12 SYNOP       CARACOLES              942  F     F         1
 -888888.000 -888888.000 -888888.000 -888888.000     942.000       0.000     298.150       0.000       4.259     129.000       1.062     129.000      46.000       0.000   90150.000       0.000 -888888.000 -888888.000
 20260101083000
   -31.4667  -68.6667 
  ULLUM_EMBALSE                              SURFACE                                    
  FM-12 SYNOP       ULLUM_EMBALSE          768  F     F         1
 -888888.000 -888888.000 -888888.000 -888888.000     768.000       0.000     297.650       0.000       0.410     129.000      -1.644     129.000      58.000       0.000   92100.000       0.000 -888888.000 -888888.000
 20260101083000
   -31.6500  -68.3000 
  ECOHUMUS                                   SURFACE                                    
  FM-12 SYNOP       ECOHUMUS               600  F     F         1
 -888888.000 -888888.000 -888888.000 -888888.000     600.000       0.000     298.550       0.000      -0.406     129.000      -1.004     129.000      56.000       0.000   94460.000       0.000 -888888.000 -888888.000
 20260101083000
   -31.5192  -68.8178 
  PUNTA_NEGRA                                SURFACE                                    
  FM-12 SYNOP       PUNTA_NEGRA            800  F     F         1
 -888888.000 -888888.000 -888888.000 -888888.000     800.000       0.000     299.650       0.000      -0.292     129.000       0.335     129.000      53.000       0.000   91480.000       0.000 -888888.000 -888888.000
 20260101083000
   -30.6335  -67.4682 
  VALLE_FERTIL                               SURFACE                                    
  FM-12 SYNOP       VALLE_FERTIL           900  F     F         1
 -888888.000 -888888.000 -888888.000 -888888.000     900.000       0.000     300.450       0.000      -0.099     129.000       0.289     129.000      51.000       0.000   91410.000       0.000 -888888.000 -888888.000
 20260101083000
   -30.1833  -69.0667 
  CUESTA_Viento                              SURFACE                                    
  FM-12 SYNOP       CUESTA_Viento         1530  F     F         1
 -888888.000 -888888.000 -888888.000 -888888.000    1530.000       0.000     296.250       0.000      -0.110     129.000       0.015     129.000      45.000       0.000   85040.000       0.000 -888888.000 -888888.000
 20260101083000
   -31.5194  -68.9851 
  CARACOLES                                  SURFACE                                    
  FM-12 SYNOP       CARACOLES              942  F     F         1
 -888888.000 -888888.000 -888888.000 -888888.000     942.000       0.000     299.250       0.000       3.274     129.000       1.457     129.000      45.000       0.000   90130.000       0.000 -888888.000 -888888.000
 20260101090000
   -31.4667  -68.6667 
  ULLUM_EMBALSE                              SURFACE                                    
  FM-12 SYNOP       ULLUM_EMBALSE          768  F     F         1
 -888888.000 -888888.000 -888888.000 -888888.000     768.000       0.000     299.350       0.000       0.016     129.000      -0.472     129.000      52.000       0.000   92100.000       0.000 -888888.000 -888888.000
 20260101090000
   -31.6500  -68.3000 
  ECOHUMUS                                   SURFACE                                    
  FM-12 SYNOP       ECOHUMUS               600  F     F         1
 -888888.000 -888888.000 -888888.000 -888888.000     600.000       0.000     299.850       0.000       0.374     129.000      -1.222     129.000      51.000       0.000   94470.000       0.000 -888888.000 -888888.000
 20260101090000
   -31.5192  -68.8178 
  PUNTA_NEGRA                                SURFACE                                    
  FM-12 SYNOP       PUNTA_NEGRA            800  F     F         1
 -888888.000 -888888.000 -888888.000 -888888.000     800.000       0.000     300.350       0.000      -0.189     129.000       0.371     129.000      50.000       0.000   91480.000       0.000 -888888.000 -888888.000
 20260101090000
   -30.6335  -67.4682 
  VALLE_FERTIL                               SURFACE                                    
  FM-12 SYNOP       VALLE_FERTIL           900  F     F         1
 -888888.000 -888888.000 -888888.000 -888888.000     900.000       0.000     300.950       0.000      -0.327     129.000       0.153     129.000      48.000       0.000   91440.000       0.000 -888888.000 -888888.000
 20260101090000
   -30.1833  -69.0667 
  CUESTA_Viento                              SURFACE                                    
  FM-12 SYNOP       CUESTA_Viento         1530  F     F         1
 -888888.000 -888888.000 -888888.000 -888888.000    1530.000       0.000     298.350       0.000      -0.189     129.000       0.047     129.000      40.000       0.000   85030.000       0.000 -888888.000 -888888.000
 20260101090000
   -31.5194  -68.9851 
  CARACOLES                                  SURFACE                                    
  FM-12 SYNOP       CARACOLES              942  F     F         1
 -888888.000 -888888.000 -888888.000 -888888.000     942.000       0.000     300.250       0.000       1.817     129.000       1.419     129.000      43.000       0.000   90120.000       0.000 -888888.000 -888888.000
 20260101093000
   -31.4667  -68.6667 
  ULLUM_EMBALSE                              SURFACE                                    
  FM-12 SYNOP       ULLUM_EMBALSE          768  F     F         1
 -888888.000 -888888.000 -888888.000 -888888.000     768.000       0.000     300.950       0.000      -0.467     129.000      -1.099     129.000      43.000       0.000   92080.000       0.000 -888888.000 -888888.000
 20260101093000
   -31.6500  -68.3000 
  ECOHUMUS                                   SURFACE                                    
  FM-12 SYNOP       ECOHUMUS               600  F     F         1
 -888888.000 -888888.000 -888888.000 -888888.000     600.000       0.000     301.050       0.000      -0.314     129.000      -1.095     129.000      47.000       0.000   94460.000       0.000 -888888.000 -888888.000
 20260101093000
   -31.5192  -68.8178 
  PUNTA_NEGRA                                SURFACE                                    
  FM-12 SYNOP       PUNTA_NEGRA            800  F     F         1
 -888888.000 -888888.000 -888888.000 -888888.000     800.000       0.000     301.550       0.000      -0.169     129.000       0.381     129.000      44.000       0.000   91470.000       0.000 -888888.000 -888888.000
 20260101093000
   -30.6335  -67.4682 
  VALLE_FERTIL                               SURFACE                                    
  FM-12 SYNOP       VALLE_FERTIL           900  F     F         1
 -888888.000 -888888.000 -888888.000 -888888.000     900.000       0.000     301.650       0.000      -0.500     129.000      -0.000     129.000      46.000       0.000   91440.000       0.000 -888888.000 -888888.000
 20260101093000
   -30.1833  -69.0667 
  CUESTA_Viento                              SURFACE                                    
  FM-12 SYNOP       CUESTA_Viento         1530  F     F         1
 -888888.000 -888888.000 -888888.000 -888888.000    1530.000       0.000     299.050       0.000      -0.136     129.000      -0.305     129.000      38.000       0.000   85010.000       0.000 -888888.000 -888888.000
 20260101093000
   -31.5194  -68.9851 
  CARACOLES                                  SURFACE                                    
  FM-12 SYNOP       CARACOLES              942  F     F         1
 -888888.000 -888888.000 -888888.000 -888888.000     942.000       0.000     300.850       0.000      -1.175     129.000      -0.428     129.000      45.000       0.000   90120.000       0.000 -888888.000 -888888.000
 20260101100000
   -31.4667  -68.6667 
  ULLUM_EMBALSE                              SURFACE                                    
  FM-12 SYNOP       ULLUM_EMBALSE          768  F     F         1
 -888888.000 -888888.000 -888888.000 -888888.000     768.000       0.000     301.950       0.000       0.105     129.000      -0.855     129.000      42.000       0.000   92070.000       0.000 -888888.000 -888888.000
 20260101100000
   -31.6500  -68.3000 
  ECOHUMUS                                   SURFACE                                    
  FM-12 SYNOP       ECOHUMUS               600  F     F         1
 -888888.000 -888888.000 -888888.000 -888888.000     600.000       0.000     302.550       0.000      -0.342     129.000      -0.940     129.000      43.000       0.000   94440.000       0.000 -888888.000 -888888.000
 20260101100000
   -31.5192  -68.8178 
  PUNTA_NEGRA                                SURFACE                                    
  FM-12 SYNOP       PUNTA_NEGRA            800  F     F         1
 -888888.000 -888888.000 -888888.000 -888888.000     800.000       0.000     302.050       0.000      -0.409     129.000       0.236     129.000      46.000       0.000   91450.000       0.000 -888888.000 -888888.000
 20260101100000
   -30.6335  -67.4682 
  VALLE_FERTIL                               SURFACE                                    
  FM-12 SYNOP       VALLE_FERTIL           900  F     F         1
 -888888.000 -888888.000 -888888.000 -888888.000     900.000       0.000     302.150       0.000      -0.524     129.000      -0.064     129.000      44.000       0.000   91440.000       0.000 -888888.000 -888888.000
 20260101100000
   -30.1833  -69.0667 
  CUESTA_Viento                              SURFACE                                    
  FM-12 SYNOP       CUESTA_Viento         1530  F     F         1
 -888888.000 -888888.000 -888888.000 -888888.000    1530.000       0.000     299.850       0.000       0.044     129.000      -0.414     129.000      37.000       0.000   84970.000       0.000 -888888.000 -888888.000
 20260101100000
   -31.5194  -68.9851 
  CARACOLES                                  SURFACE                                    
  FM-12 SYNOP       CARACOLES              942  F     F         1
 -888888.000 -888888.000 -888888.000 -888888.000     942.000       0.000     301.050       0.000      -1.214     129.000      -0.730     129.000      46.000       0.000   90120.000       0.000 -888888.000 -888888.000
 20260101103000
   -31.4667  -68.6667 
  ULLUM_EMBALSE                              SURFACE                                    
  FM-12 SYNOP       ULLUM_EMBALSE          768  F     F         1
 -888888.000 -888888.000 -888888.000 -888888.000     768.000       0.000     302.550       0.000      -1.048     129.000       0.681     129.000      39.000       0.000   92060.000       0.000 -888888.000 -888888.000
 20260101103000
   -31.6500  -68.3000 
  ECOHUMUS                                   SURFACE                                    
  FM-12 SYNOP       ECOHUMUS               600  F     F         1
 -888888.000 -888888.000 -888888.000 -888888.000     600.000       0.000     303.950       0.000       0.380     129.000      -0.895     129.000      38.000       0.000   94420.000       0.000 -888888.000 -888888.000
 20260101103000
   -31.5192  -68.8178 
  PUNTA_NEGRA                                SURFACE                                    
  FM-12 SYNOP       PUNTA_NEGRA            800  F     F         1
 -888888.000 -888888.000 -888888.000 -888888.000     800.000       0.000     302.450       0.000      -0.638     129.000       0.033     129.000      43.000       0.000   91430.000       0.000 -888888.000 -888888.000
 20260101103000
   -30.6335  -67.4682 
  VALLE_FERTIL                               SURFACE                                    
  FM-12 SYNOP       VALLE_FERTIL           900  F     F         1
 -888888.000 -888888.000 -888888.000 -888888.000     900.000       0.000     302.850       0.000      -0.405     129.000       0.294     129.000      44.000       0.000   91430.000       0.000 -888888.000 -888888.000
 20260101103000
   -30.1833  -69.0667 
  CUESTA_Viento                              SURFACE                                    
  FM-12 SYNOP       CUESTA_Viento         1530  F     F         1
 -888888.000 -888888.000 -888888.000 -888888.000    1530.000       0.000     300.550       0.000       0.330     129.000       0.147     129.000      36.000       0.000   84930.000       0.000 -888888.000 -888888.000
 20260101103000
   -31.5194  -68.9851 
  CARACOLES                                  SURFACE                                    
  FM-12 SYNOP       CARACOLES              942  F     F         1
 -888888.000 -888888.000 -888888.000 -888888.000     942.000       0.000     301.950       0.000      -1.248     129.000      -0.609     129.000      42.000       0.000   90100.000       0.000 -888888.000 -888888.000
 20260101110000
   -31.4667  -68.6667 
  ULLUM_EMBALSE                              SURFACE                                    
  FM-12 SYNOP       ULLUM_EMBALSE          768  F     F         1
 -888888.000 -888888.000 -888888.000 -888888.000     768.000       0.000     303.650       0.000      -0.911     129.000       1.085     129.000      35.000       0.000   92040.000       0.000 -888888.000 -888888.000
 20260101110000
   -31.6500  -68.3000 
  ECOHUMUS                                   SURFACE                                    
  FM-12 SYNOP       ECOHUMUS               600  F     F         1
 -888888.000 -888888.000 -888888.000 -888888.000     600.000       0.000     305.250       0.000       0.496     129.000      -0.635     129.000      33.000       0.000   94410.000       0.000 -888888.000 -888888.000
 20260101110000
   -31.5192  -68.8178 
  PUNTA_NEGRA                                SURFACE                                    
  FM-12 SYNOP       PUNTA_NEGRA            800  F     F         1
 -888888.000 -888888.000 -888888.000 -888888.000     800.000       0.000     303.550       0.000      -0.724     129.000       0.353     129.000      40.000       0.000   91410.000       0.000 -888888.000 -888888.000
 20260101110000
   -30.6335  -67.4682 
  VALLE_FERTIL                               SURFACE                                    
  FM-12 SYNOP       VALLE_FERTIL           900  F     F         1
 -888888.000 -888888.000 -888888.000 -888888.000     900.000       0.000     303.050       0.000      -0.848     129.000       0.530     129.000      44.000       0.000   91410.000       0.000 -888888.000 -888888.000
 20260101110000
   -30.1833  -69.0667 
  CUESTA_Viento                              SURFACE                                    
  FM-12 SYNOP       CUESTA_Viento         1530  F     F         1
 -888888.000 -888888.000 -888888.000 -888888.000    1530.000       0.000     301.250       0.000       0.552     129.000       1.183     129.000      34.000       0.000   84890.000       0.000 -888888.000 -888888.000
 20260101110000
   -31.5194  -68.9851 
  CARACOLES                                  SURFACE                                    
  FM-12 SYNOP       CARACOLES              942  F     F         1
 -888888.000 -888888.000 -888888.000 -888888.000     942.000       0.000     302.750       0.000      -1.421     129.000      -0.633     129.000      38.000       0.000   90080.000       0.000 -888888.000 -888888.000
 20260101113000
   -31.4667  -68.6667 
  ULLUM_EMBALSE                              SURFACE                                    
  FM-12 SYNOP       ULLUM_EMBALSE          768  F     F         1
 -888888.000 -888888.000 -888888.000 -888888.000     768.000       0.000     304.150       0.000      -1.029     129.000       1.584     129.000      35.000       0.000   92000.000       0.000 -888888.000 -888888.000
 20260101113000
   -31.6500  -68.3000 
  ECOHUMUS                                   SURFACE                                    
  FM-12 SYNOP       ECOHUMUS               600  F     F         1
 -888888.000 -888888.000 -888888.000 -888888.000     600.000       0.000     306.450       0.000      -0.314     129.000       1.095     129.000      30.000       0.000   94370.000       0.000 -888888.000 -888888.000
 20260101113000
   -31.5192  -68.8178 
  PUNTA_NEGRA                                SURFACE                                    
  FM-12 SYNOP       PUNTA_NEGRA            800  F     F         1
 -888888.000 -888888.000 -888888.000 -888888.000     800.000       0.000     304.350       0.000      -0.830     129.000       0.073     129.000      39.000       0.000   91380.000       0.000 -888888.000 -888888.000
 20260101113000
   -30.6335  -67.4682 
  VALLE_FERTIL                               SURFACE                                    
  FM-12 SYNOP       VALLE_FERTIL           900  F     F         1
 -888888.000 -888888.000 -888888.000 -888888.000     900.000       0.000     303.550       0.000      -1.024     129.000       0.499     129.000      46.000       0.000   91380.000       0.000 -888888.000 -888888.000
 20260101113000
   -30.1833  -69.0667 
  CUESTA_Viento                              SURFACE                                    
  FM-12 SYNOP       CUESTA_Viento         1530  F     F         1
 -888888.000 -888888.000 -888888.000 -888888.000    1530.000       0.000     301.350       0.000       1.243     129.000       2.791     129.000      34.000       0.000   84870.000       0.000 -888888.000 -888888.000
 20260101113000
   -31.5194  -68.9851 
  CARACOLES                                  SURFACE                                    
  FM-12 SYNOP       CARACOLES              942  F     F         1
 -888888.000 -888888.000 -888888.000 -888888.000     942.000       0.000     303.550       0.000      -1.381     129.000      -0.422     129.000      36.000       0.000   90050.000       0.000 -888888.000 -888888.000
 20260101120000
   -31.4667  -68.6667 
  ULLUM_EMBALSE                              SURFACE                                    
  FM-12 SYNOP       ULLUM_EMBALSE          768  F     F         1
 -888888.000 -888888.000 -888888.000 -888888.000     768.000       0.000     304.550       0.000      -0.513     129.000       1.410     129.000      35.000       0.000   91960.000       0.000 -888888.000 -888888.000
 20260101120000
   -31.6500  -68.3000 
  ECOHUMUS                                   SURFACE                                    
  FM-12 SYNOP       ECOHUMUS               600  F     F         1
 -888888.000 -888888.000 -888888.000 -888888.000     600.000       0.000     306.950       0.000       0.309     129.000       1.009     129.000      29.000       0.000   94340.000       0.000 -888888.000 -888888.000
 20260101120000
   -31.5192  -68.8178 
  PUNTA_NEGRA                                SURFACE                                    
  FM-12 SYNOP       PUNTA_NEGRA            800  F     F         1
 -888888.000 -888888.000 -888888.000 -888888.000     800.000       0.000     304.950       0.000      -0.829     129.000      -0.087     129.000      38.000       0.000   91340.000       0.000 -888888.000 -888888.000
 20260101120000
   -30.6335  -67.4682 
  VALLE_FERTIL                               SURFACE                                    
  FM-12 SYNOP       VALLE_FERTIL           900  F     F         1
 -888888.000 -888888.000 -888888.000 -888888.000     900.000       0.000     304.050       0.000      -0.849     129.000       0.879     129.000      45.000       0.000   91360.000       0.000 -888888.000 -888888.000
 20260101120000
   -30.1833  -69.0667 
  CUESTA_Viento                              SURFACE                                    
  FM-12 SYNOP       CUESTA_Viento         1530  F     F         1
 -888888.000 -888888.000 -888888.000 -888888.000    1530.000       0.000     301.550       0.000       1.989     129.000       2.640     129.000      34.000       0.000   84840.000       0.000 -888888.000 -888888.000
 20260101120000
   -31.5194  -68.9851 
  CARACOLES                                  SURFACE                                    
  FM-12 SYNOP       CARACOLES              942  F     F         1
 -888888.000 -888888.000 -888888.000 -888888.000     942.000       0.000     303.950       0.000      -1.523     129.000      -0.678     129.000      36.000       0.000   90010.000       0.000 -888888.000 -888888.000
 20260101123000
   -31.4667  -68.6667 
  ULLUM_EMBALSE                              SURFACE                                    
  FM-12 SYNOP       ULLUM_EMBALSE          768  F     F         1
 -888888.000 -888888.000 -888888.000 -888888.000     768.000       0.000     305.150       0.000      -0.112     129.000       2.136     129.000      34.000       0.000   91910.000       0.000 -888888.000 -888888.000
 20260101123000
   -31.6500  -68.3000 
  ECOHUMUS                                   SURFACE                                    
  FM-12 SYNOP       ECOHUMUS               600  F     F         1
 -888888.000 -888888.000 -888888.000 -888888.000     600.000       0.000     307.850       0.000       0.017     129.000       0.972     129.000      27.000       0.000   94300.000       0.000 -888888.000 -888888.000
 20260101123000
   -31.5192  -68.8178 
  PUNTA_NEGRA                                SURFACE                                    
  FM-12 SYNOP       PUNTA_NEGRA            800  F     F         1
 -888888.000 -888888.000 -888888.000 -888888.000     800.000       0.000     305.750       0.000      -0.775     129.000       0.068     129.000      35.000       0.000   91300.000       0.000 -888888.000 -888888.000
 20260101123000
   -30.6335  -67.4682 
  VALLE_FERTIL                               SURFACE                                    
  FM-12 SYNOP       VALLE_FERTIL           900  F     F         1
 -888888.000 -888888.000 -888888.000 -888888.000     900.000       0.000     304.550       0.000      -1.013     129.000       0.633     129.000      44.000       0.000   91330.000       0.000 -888888.000 -888888.000
 20260101123000
   -30.1833  -69.0667 
  CUESTA_Viento                              SURFACE                                    
  FM-12 SYNOP       CUESTA_Viento         1530  F     F         1
 -888888.000 -888888.000 -888888.000 -888888.000    1530.000       0.000     301.950       0.000       1.571     129.000       3.889     129.000      31.000       0.000   84810.000       0.000 -888888.000 -888888.000
 20260101123000
   -31.5194  -68.9851 
  CARACOLES                                  SURFACE                                    
  FM-12 SYNOP       CARACOLES              942  F     F         1
 -888888.000 -888888.000 -888888.000 -888888.000     942.000       0.000     304.350       0.000      -1.698     129.000      -0.423     129.000      35.000       0.000   89990.000       0.000 -888888.000 -888888.000
 20260101130000
   -31.4667  -68.6667 
  ULLUM_EMBALSE                              SURFACE                                    
  FM-12 SYNOP       ULLUM_EMBALSE          768  F     F         1
 -888888.000 -888888.000 -888888.000 -888888.000     768.000       0.000     305.950       0.000      -0.633     129.000       1.839     129.000      32.000       0.000   91870.000       0.000 -888888.000 -888888.000
 20260101130000
   -31.6500  -68.3000 
  ECOHUMUS                                   SURFACE                                    
  FM-12 SYNOP       ECOHUMUS               600  F     F         1
 -888888.000 -888888.000 -888888.000 -888888.000     600.000       0.000     308.450       0.000      -0.135     129.000       0.963     129.000      27.000       0.000   94260.000       0.000 -888888.000 -888888.000
 20260101130000
   -31.5192  -68.8178 
  PUNTA_NEGRA                                SURFACE                                    
  FM-12 SYNOP       PUNTA_NEGRA            800  F     F         1
 -888888.000 -888888.000 -888888.000 -888888.000     800.000       0.000     306.150       0.000      -0.424     129.000       0.652     129.000      33.000       0.000   91260.000       0.000 -888888.000 -888888.000
 20260101130000
   -30.6335  -67.4682 
  VALLE_FERTIL                               SURFACE                                    
  FM-12 SYNOP       VALLE_FERTIL           900  F     F         1
 -888888.000 -888888.000 -888888.000 -888888.000     900.000       0.000     305.250       0.000      -0.583     129.000       0.323     129.000      39.000       0.000   91310.000       0.000 -888888.000 -888888.000
 20260101130000
   -30.1833  -69.0667 
  CUESTA_Viento                              SURFACE                                    
  FM-12 SYNOP       CUESTA_Viento         1530  F     F         1
 -888888.000 -888888.000 -888888.000 -888888.000    1530.000       0.000     302.450       0.000       1.482     129.000       4.072     129.000      31.000       0.000   84760.000       0.000 -888888.000 -888888.000
 20260101130000
   -31.5194  -68.9851 
  CARACOLES                                  SURFACE                                    
  FM-12 SYNOP       CARACOLES              942  F     F         1
 -888888.000 -888888.000 -888888.000 -888888.000     942.000       0.000     304.950       0.000      -1.509     129.000      -0.640     129.000      37.000       0.000   89940.000       0.000 -888888.000 -888888.000
 20260101133000
   -31.4667  -68.6667 
  ULLUM_EMBALSE                              SURFACE                                    
  FM-12 SYNOP       ULLUM_EMBALSE          768  F     F         1
 -888888.000 -888888.000 -888888.000 -888888.000     768.000       0.000     306.550       0.000       0.124     129.000       1.773     129.000      31.000       0.000   91810.000       0.000 -888888.000 -888888.000
 20260101133000
   -31.6500  -68.3000 
  ECOHUMUS                                   SURFACE                                    
  FM-12 SYNOP       ECOHUMUS               600  F     F         1
 -888888.000 -888888.000 -888888.000 -888888.000     600.000       0.000     309.150       0.000      -0.767     129.000       0.391     129.000      25.000       0.000   94200.000       0.000 -888888.000 -888888.000
 20260101133000
   -31.5192  -68.8178 
  PUNTA_NEGRA                                SURFACE                                    
  FM-12 SYNOP       PUNTA_NEGRA            800  F     F         1
 -888888.000 -888888.000 -888888.000 -888888.000     800.000       0.000     306.550       0.000      -0.774     129.000       0.542     129.000      33.000       0.000   91200.000       0.000 -888888.000 -888888.000
 20260101133000
   -30.6335  -67.4682 
  VALLE_FERTIL                               SURFACE                                    
  FM-12 SYNOP       VALLE_FERTIL           900  F     F         1
 -888888.000 -888888.000 -888888.000 -888888.000     900.000       0.000     305.950       0.000      -0.657     129.000      -0.226     129.000      36.000       0.000   91270.000       0.000 -888888.000 -888888.000
 20260101133000
   -30.1833  -69.0667 
  CUESTA_Viento                              SURFACE                                    
  FM-12 SYNOP       CUESTA_Viento         1530  F     F         1
 -888888.000 -888888.000 -888888.000 -888888.000    1530.000       0.000     302.750       0.000       1.661     129.000       3.730     129.000      31.000       0.000   84710.000       0.000 -888888.000 -888888.000
 20260101133000
   -31.5194  -68.9851 
  CARACOLES                                  SURFACE                                    
  FM-12 SYNOP       CARACOLES              942  F     F         1
 -888888.000 -888888.000 -888888.000 -888888.000     942.000       0.000     305.250       0.000      -1.673     129.000      -0.816     129.000      36.000       0.000   89890.000       0.000 -888888.000 -888888.000
 20260101140000
   -31.4667  -68.6667 
  ULLUM_EMBALSE                              SURFACE                                    
  FM-12 SYNOP       ULLUM_EMBALSE          768  F     F         1
 -888888.000 -888888.000 -888888.000 -888888.000     768.000       0.000     307.150       0.000      -0.160     129.000       1.519     129.000      30.000       0.000   91750.000       0.000 -888888.000 -888888.000
 20260101140000
   -31.6500  -68.3000 
  ECOHUMUS                                   SURFACE                                    
  FM-12 SYNOP       ECOHUMUS               600  F     F         1
 -888888.000 -888888.000 -888888.000 -888888.000     600.000       0.000     309.350       0.000      -0.135     129.000       0.851     129.000      25.000       0.000   94130.000       0.000 -888888.000 -888888.000
 20260101140000
   -31.5192  -68.8178 
  PUNTA_NEGRA                                SURFACE                                    
  FM-12 SYNOP       PUNTA_NEGRA            800  F     F         1
 -888888.000 -888888.000 -888888.000 -888888.000     800.000       0.000     306.950       0.000      -0.564     129.000       0.722     129.000      32.000       0.000   91150.000       0.000 -888888.000 -888888.000
 20260101140000
   -30.6335  -67.4682 
  VALLE_FERTIL                               SURFACE                                    
  FM-12 SYNOP       VALLE_FERTIL           900  F     F         1
 -888888.000 -888888.000 -888888.000 -888888.000     900.000       0.000     306.350       0.000      -0.384     129.000       0.163     129.000      35.000       0.000   91230.000       0.000 -888888.000 -888888.000
 20260101140000
   -30.1833  -69.0667 
  CUESTA_Viento                              SURFACE                                    
  FM-12 SYNOP       CUESTA_Viento         1530  F     F         1
 -888888.000 -888888.000 -888888.000 -888888.000    1530.000       0.000     303.350       0.000       1.176     129.000       3.414     129.000      29.000       0.000   84640.000       0.000 -888888.000 -888888.000
 20260101140000
   -31.5194  -68.9851 
  CARACOLES                                  SURFACE                                    
  FM-12 SYNOP       CARACOLES              942  F     F         1
 -888888.000 -888888.000 -888888.000 -888888.000     942.000       0.000     305.850       0.000      -1.575     129.000      -0.452     129.000      34.000       0.000   89850.000       0.000 -888888.000 -888888.000
 20260101143000
   -31.4667  -68.6667 
  ULLUM_EMBALSE                              SURFACE                                    
  FM-12 SYNOP       ULLUM_EMBALSE          768  F     F         1
 -888888.000 -888888.000 -888888.000 -888888.000     768.000       0.000     307.750       0.000      -0.889     129.000       1.823     129.000      29.000       0.000   91700.000       0.000 -888888.000 -888888.000
 20260101143000
   -31.6500  -68.3000 
  ECOHUMUS                                   SURFACE                                    
  FM-12 SYNOP       ECOHUMUS               600  F     F         1
 -888888.000 -888888.000 -888888.000 -888888.000     600.000       0.000     309.950       0.000       0.496     129.000       0.932     129.000      24.000       0.000   94080.000       0.000 -888888.000 -888888.000
 20260101143000
   -31.5192  -68.8178 
  PUNTA_NEGRA                                SURFACE                                    
  FM-12 SYNOP       PUNTA_NEGRA            800  F     F         1
 -888888.000 -888888.000 -888888.000 -888888.000     800.000       0.000     307.450       0.000      -0.632     129.000       0.702     129.000      31.000       0.000   91100.000       0.000 -888888.000 -888888.000
 20260101143000
   -30.6335  -67.4682 
  VALLE_FERTIL                               SURFACE                                    
  FM-12 SYNOP       VALLE_FERTIL           900  F     F         1
 -888888.000 -888888.000 -888888.000 -888888.000     900.000       0.000     306.850       0.000      -0.139     129.000      -0.002     129.000      33.000       0.000   91190.000       0.000 -888888.000 -888888.000
 20260101143000
   -30.1833  -69.0667 
  CUESTA_Viento                              SURFACE                                    
  FM-12 SYNOP       CUESTA_Viento         1530  F     F         1
 -888888.000 -888888.000 -888888.000 -888888.000    1530.000       0.000     303.650       0.000       1.457     129.000       3.606     129.000      28.000       0.000   84600.000       0.000 -888888.000 -888888.000
 20260101143000
   -31.5194  -68.9851 
  CARACOLES                                  SURFACE                                    
  FM-12 SYNOP       CARACOLES              942  F     F         1
 -888888.000 -888888.000 -888888.000 -888888.000     942.000       0.000     306.350       0.000      -1.345     129.000      -0.599     129.000      33.000       0.000   89800.000       0.000 -888888.000 -888888.000
 20260101150000
   -31.4667  -68.6667 
  ULLUM_EMBALSE                              SURFACE                                    
  FM-12 SYNOP       ULLUM_EMBALSE          768  F     F         1
 -888888.000 -888888.000 -888888.000 -888888.000     768.000       0.000     308.150       0.000      -0.435     129.000       2.236     129.000      29.000       0.000   91650.000       0.000 -888888.000 -888888.000
 20260101150000
   -31.6500  -68.3000 
  ECOHUMUS                                   SURFACE                                    
  FM-12 SYNOP       ECOHUMUS               600  F     F         1
 -888888.000 -888888.000 -888888.000 -888888.000     600.000       0.000     310.150       0.000       0.944     129.000       0.637     129.000      24.000       0.000   94040.000       0.000 -888888.000 -888888.000
 20260101150000
   -31.5192  -68.8178 
  PUNTA_NEGRA                                SURFACE                                    
  FM-12 SYNOP       PUNTA_NEGRA            800  F     F         1
 -888888.000 -888888.000 -888888.000 -888888.000     800.000       0.000     308.350       0.000      -0.670     129.000       0.625     129.000      29.000       0.000   91060.000       0.000 -888888.000 -888888.000
 20260101150000
   -30.6335  -67.4682 
  VALLE_FERTIL                               SURFACE                                    
  FM-12 SYNOP       VALLE_FERTIL           900  F     F         1
 -888888.000 -888888.000 -888888.000 -888888.000     900.000       0.000     307.050       0.000      -0.054     129.000       0.012     129.000      35.000       0.000   91160.000       0.000 -888888.000 -888888.000
 20260101150000
   -30.1833  -69.0667 
  CUESTA_Viento                              SURFACE                                    
  FM-12 SYNOP       CUESTA_Viento         1530  F     F         1
 -888888.000 -888888.000 -888888.000 -888888.000    1530.000       0.000     303.950       0.000       1.715     129.000       4.040     129.000      28.000       0.000   84560.000       0.000 -888888.000 -888888.000
 20260101150000
   -31.5194  -68.9851 
  CARACOLES                                  SURFACE                                    
  FM-12 SYNOP       CARACOLES              942  F     F         1
 -888888.000 -888888.000 -888888.000 -888888.000     942.000       0.000     306.850       0.000      -1.348     129.000      -0.336     129.000      31.000       0.000   89760.000       0.000 -888888.000 -888888.000
 20260101153000
   -31.4667  -68.6667 
  ULLUM_EMBALSE                              SURFACE                                    
  FM-12 SYNOP       ULLUM_EMBALSE          768  F     F         1
 -888888.000 -888888.000 -888888.000 -888888.000     768.000       0.000     308.650       0.000      -0.037     129.000       2.111     129.000      27.000       0.000   91620.000       0.000 -888888.000 -888888.000
 20260101153000
   -31.6500  -68.3000 
  ECOHUMUS                                   SURFACE                                    
  FM-12 SYNOP       ECOHUMUS               600  F     F         1
 -888888.000 -888888.000 -888888.000 -888888.000     600.000       0.000     310.550       0.000       0.877     129.000       0.268     129.000      23.000       0.000   93990.000       0.000 -888888.000 -888888.000
 20260101153000
   -31.5192  -68.8178 
  PUNTA_NEGRA                                SURFACE                                    
  FM-12 SYNOP       PUNTA_NEGRA            800  F     F         1
 -888888.000 -888888.000 -888888.000 -888888.000     800.000       0.000     308.350       0.000      -0.427     129.000       0.683     129.000      29.000       0.000   91020.000       0.000 -888888.000 -888888.000
 20260101153000
   -30.6335  -67.4682 
  VALLE_FERTIL                               SURFACE                                    
  FM-12 SYNOP       VALLE_FERTIL           900  F     F         1
 -888888.000 -888888.000 -888888.000 -888888.000     900.000       0.000     307.350       0.000      -0.144     129.000       0.083     129.000      36.000       0.000   91120.000       0.000 -888888.000 -888888.000
 20260101153000
   -30.1833  -69.0667 
  CUESTA_Viento                              SURFACE                                    
  FM-12 SYNOP       CUESTA_Viento         1530  F     F         1
 -888888.000 -888888.000 -888888.000 -888888.000    1530.000       0.000     304.150       0.000       1.413     129.000       4.622     129.000      27.000       0.000   84510.000       0.000 -888888.000 -888888.000
 20260101153000
   -31.5194  -68.9851 
  CARACOLES                                  SURFACE                                    
  FM-12 SYNOP       CARACOLES              942  F     F         1
 -888888.000 -888888.000 -888888.000 -888888.000     942.000       0.000     307.150       0.000      -1.357     129.000      -0.494     129.000      30.000       0.000   89730.000       0.000 -888888.000 -888888.000
 20260101160000
   -31.4667  -68.6667 
  ULLUM_EMBALSE                              SURFACE                                    
  FM-12 SYNOP       ULLUM_EMBALSE          768  F     F         1
 -888888.000 -888888.000 -888888.000 -888888.000     768.000       0.000     308.950       0.000      -0.121     129.000       2.302     129.000      27.000       0.000   91590.000       0.000 -888888.000 -888888.000
 20260101160000
   -31.6500  -68.3000 
  ECOHUMUS                                   SURFACE                                    
  FM-12 SYNOP       ECOHUMUS               600  F     F         1
 -888888.000 -888888.000 -888888.000 -888888.000     600.000       0.000     310.850       0.000       0.217     129.000       1.118     129.000      23.000       0.000   93940.000       0.000 -888888.000 -888888.000
 20260101160000
   -31.5192  -68.8178 
  PUNTA_NEGRA                                SURFACE                                    
  FM-12 SYNOP       PUNTA_NEGRA            800  F     F         1
 -888888.000 -888888.000 -888888.000 -888888.000     800.000       0.000     308.750       0.000      -0.711     129.000       0.663     129.000      28.000       0.000   90990.000       0.000 -888888.000 -888888.000
 20260101160000
   -30.6335  -67.4682 
  VALLE_FERTIL                               SURFACE                                    
  FM-12 SYNOP       VALLE_FERTIL           900  F     F         1
 -888888.000 -888888.000 -888888.000 -888888.000     900.000       0.000     307.450       0.000      -0.022     129.000       0.016     129.000      37.000       0.000   91090.000       0.000 -888888.000 -888888.000
 20260101160000
   -30.1833  -69.0667 
  CUESTA_Viento                              SURFACE                                    
  FM-12 SYNOP       CUESTA_Viento         1530  F     F         1
 -888888.000 -888888.000 -888888.000 -888888.000    1530.000       0.000     304.150       0.000       1.977     129.000       4.893     129.000      27.000       0.000   84480.000       0.000 -888888.000 -888888.000
 20260101160000
   -31.5194  -68.9851 
  CARACOLES                                  SURFACE                                    
  FM-12 SYNOP       CARACOLES              942  F     F         1
 -888888.000 -888888.000 -888888.000 -888888.000     942.000       0.000     307.350       0.000      -1.647     129.000      -0.504     129.000      30.000       0.000   89710.000       0.000 -888888.000 -888888.000
 20260101163000
   -31.4667  -68.6667 
  ULLUM_EMBALSE                              SURFACE                                    
  FM-12 SYNOP       ULLUM_EMBALSE          768  F     F         1
 -888888.000 -888888.000 -888888.000 -888888.000     768.000       0.000     308.850       0.000      -0.054     129.000       3.083     129.000      27.000       0.000   91570.000       0.000 -888888.000 -888888.000
 20260101163000
   -31.6500  -68.3000 
  ECOHUMUS                                   SURFACE                                    
  FM-12 SYNOP       ECOHUMUS               600  F     F         1
 -888888.000 -888888.000 -888888.000 -888888.000     600.000       0.000     310.950       0.000       0.604     129.000       1.494     129.000      24.000       0.000   93900.000       0.000 -888888.000 -888888.000
 20260101163000
   -31.5192  -68.8178 
  PUNTA_NEGRA                                SURFACE                                    
  FM-12 SYNOP       PUNTA_NEGRA            800  F     F         1
 -888888.000 -888888.000 -888888.000 -888888.000     800.000       0.000     309.150       0.000      -0.135     129.000       0.766     129.000      27.000       0.000   90970.000       0.000 -888888.000 -888888.000
 20260101163000
   -30.6335  -67.4682 
  VALLE_FERTIL                               SURFACE                                    
  FM-12 SYNOP       VALLE_FERTIL           900  F     F         1
 -888888.000 -888888.000 -888888.000 -888888.000     900.000       0.000     307.450       0.000      -0.055     129.000       0.005     129.000      36.000       0.000   91060.000       0.000 -888888.000 -888888.000
 20260101163000
   -30.1833  -69.0667 
  CUESTA_Viento                              SURFACE                                    
  FM-12 SYNOP       CUESTA_Viento         1530  F     F         1
 -888888.000 -888888.000 -888888.000 -888888.000    1530.000       0.000     304.150       0.000       2.384     129.000       5.354     129.000      27.000       0.000   84440.000       0.000 -888888.000 -888888.000
 20260101163000
   -31.5194  -68.9851 
  CARACOLES                                  SURFACE                                    
  FM-12 SYNOP       CARACOLES              942  F     F         1
 -888888.000 -888888.000 -888888.000 -888888.000     942.000       0.000     307.450       0.000      -1.381     129.000      -0.422     129.000      30.000       0.000   89690.000       0.000 -888888.000 -888888.000
 20260101170000
   -31.4667  -68.6667 
  ULLUM_EMBALSE                              SURFACE                                    
  FM-12 SYNOP       ULLUM_EMBALSE          768  F     F         1
 -888888.000 -888888.000 -888888.000 -888888.000     768.000       0.000     309.050       0.000       0.150     129.000       2.857     129.000      26.000       0.000   91540.000       0.000 -888888.000 -888888.000
 20260101170000
   -31.6500  -68.3000 
  ECOHUMUS                                   SURFACE                                    
  FM-12 SYNOP       ECOHUMUS               600  F     F         1
 -888888.000 -888888.000 -888888.000 -888888.000     600.000       0.000     311.050       0.000       0.597     129.000       1.733     129.000      24.000       0.000   93860.000       0.000 -888888.000 -888888.000
 20260101170000
   -31.5192  -68.8178 
  PUNTA_NEGRA                                SURFACE                                    
  FM-12 SYNOP       PUNTA_NEGRA            800  F     F         1
 -888888.000 -888888.000 -888888.000 -888888.000     800.000       0.000     307.950       0.000      -0.540     129.000       0.521     129.000      28.000       0.000   90940.000       0.000 -888888.000 -888888.000
 20260101170000
   -30.6335  -67.4682 
  VALLE_FERTIL                               SURFACE                                    
  FM-12 SYNOP       VALLE_FERTIL           900  F     F         1
 -888888.000 -888888.000 -888888.000 -888888.000     900.000       0.000     307.650       0.000      -0.027     129.000       0.007     129.000      34.000       0.000   91020.000       0.000 -888888.000 -888888.000
 20260101170000
   -30.1833  -69.0667 
  CUESTA_Viento                              SURFACE                                    
  FM-12 SYNOP       CUESTA_Viento         1530  F     F         1
 -888888.000 -888888.000 -888888.000 -888888.000    1530.000       0.000     304.250       0.000       2.869     129.000       5.396     129.000      27.000       0.000   84400.000       0.000 -888888.000 -888888.000
 20260101170000
   -31.5194  -68.9851 
  CARACOLES                                  SURFACE                                    
  FM-12 SYNOP       CARACOLES              942  F     F         1
 -888888.000 -888888.000 -888888.000 -888888.000     942.000       0.000     307.650       0.000      -1.057     129.000      -0.343     129.000      30.000       0.000   89650.000       0.000 -888888.000 -888888.000
 20260101173000
   -31.4667  -68.6667 
  ULLUM_EMBALSE                              SURFACE                                    
  FM-12 SYNOP       ULLUM_EMBALSE          768  F     F         1
 -888888.000 -888888.000 -888888.000 -888888.000     768.000       0.000     309.250       0.000      -0.132     129.000       2.524     129.000      25.000       0.000   91510.000       0.000 -888888.000 -888888.000
 20260101173000
   -31.6500  -68.3000 
  ECOHUMUS                                   SURFACE                                    
  FM-12 SYNOP       ECOHUMUS               600  F     F         1
 -888888.000 -888888.000 -888888.000 -888888.000     600.000       0.000     310.850       0.000       0.716     129.000       1.688     129.000      23.000       0.000   93820.000       0.000 -888888.000 -888888.000
 20260101173000
   -31.5192  -68.8178 
  PUNTA_NEGRA                                SURFACE                                    
  FM-12 SYNOP       PUNTA_NEGRA            800  F     F         1
 -888888.000 -888888.000 -888888.000 -888888.000     800.000       0.000     307.850       0.000      -0.767     129.000       0.391     129.000      28.000       0.000   90910.000       0.000 -888888.000 -888888.000
 20260101173000
   -30.6335  -67.4682 
  VALLE_FERTIL                               SURFACE                                    
  FM-12 SYNOP       VALLE_FERTIL           900  F     F         1
 -888888.000 -888888.000 -888888.000 -888888.000     900.000       0.000     307.550       0.000      -0.111     129.000       0.012     129.000      34.000       0.000   90980.000       0.000 -888888.000 -888888.000
 20260101173000
   -30.1833  -69.0667 
  CUESTA_Viento                              SURFACE                                    
  FM-12 SYNOP       CUESTA_Viento         1530  F     F         1
 -888888.000 -888888.000 -888888.000 -888888.000    1530.000       0.000     304.350       0.000       2.279     129.000       5.370     129.000      26.000       0.000   84370.000       0.000 -888888.000 -888888.000
 20260101173000
   -31.5194  -68.9851 
  CARACOLES                                  SURFACE                                    
  FM-12 SYNOP       CARACOLES              942  F     F         1
 -888888.000 -888888.000 -888888.000 -888888.000     942.000       0.000     307.550       0.000      -1.110     129.000      -0.256     129.000      30.000       0.000   89620.000       0.000 -888888.000 -888888.000
 20260101180000
   -31.4667  -68.6667 
  ULLUM_EMBALSE                              SURFACE                                    
  FM-12 SYNOP       ULLUM_EMBALSE          768  F     F         1
 -888888.000 -888888.000 -888888.000 -888888.000     768.000       0.000     308.550       0.000      -0.176     129.000       2.522     129.000      24.000       0.000   91500.000       0.000 -888888.000 -888888.000
 20260101180000
   -31.6500  -68.3000 
  ECOHUMUS                                   SURFACE                                    
  FM-12 SYNOP       ECOHUMUS               600  F     F         1
 -888888.000 -888888.000 -888888.000 -888888.000     600.000       0.000     310.750       0.000       0.674     129.000       2.350     129.000      24.000       0.000   93800.000       0.000 -888888.000 -888888.000
 20260101180000
   -31.5192  -68.8178 
  PUNTA_NEGRA                                SURFACE                                    
  FM-12 SYNOP       PUNTA_NEGRA            800  F     F         1
 -888888.000 -888888.000 -888888.000 -888888.000     800.000       0.000     308.650       0.000      -0.684     129.000       0.121     129.000      27.000       0.000   90900.000       0.000 -888888.000 -888888.000
 20260101180000
   -30.6335  -67.4682 
  VALLE_FERTIL                               SURFACE                                    
  FM-12 SYNOP       VALLE_FERTIL           900  F     F         1
 -888888.000 -888888.000 -888888.000 -888888.000     900.000       0.000     307.450       0.000      -0.111     129.000       0.006     129.000      33.000       0.000   90970.000       0.000 -888888.000 -888888.000
 20260101180000
   -30.1833  -69.0667 
  CUESTA_Viento                              SURFACE                                    
  FM-12 SYNOP       CUESTA_Viento         1530  F     F         1
 -888888.000 -888888.000 -888888.000 -888888.000    1530.000       0.000     304.050       0.000       2.138     129.000       5.873     129.000      27.000       0.000   84370.000       0.000 -888888.000 -888888.000
 20260101180000
   -31.5194  -68.9851 
  CARACOLES                                  SURFACE                                    
  FM-12 SYNOP       CARACOLES              942  F     F         1
 -888888.000 -888888.000 -888888.000 -888888.000     942.000       0.000     307.450       0.000      -1.482     129.000      -0.235     129.000      30.000       0.000   89620.000       0.000 -888888.000 -888888.000
 20260101183000
   -31.4667  -68.6667 
  ULLUM_EMBALSE                              SURFACE                                    
  FM-12 SYNOP       ULLUM_EMBALSE          768  F     F         1
 -888888.000 -888888.000 -888888.000 -888888.000     768.000       0.000     308.050       0.000      -0.238     129.000       2.265     129.000      25.000       0.000   91500.000       0.000 -888888.000 -888888.000
 20260101183000
   -31.6500  -68.3000 
  ECOHUMUS                                   SURFACE                                    
  FM-12 SYNOP       ECOHUMUS               600  F     F         1
 -888888.000 -888888.000 -888888.000 -888888.000     600.000       0.000     310.050       0.000       0.986     129.000       2.115     129.000      25.000       0.000   93790.000       0.000 -888888.000 -888888.000
 20260101183000
   -31.5192  -68.8178 
  PUNTA_NEGRA                                SURFACE                                    
  FM-12 SYNOP       PUNTA_NEGRA            800  F     F         1
 -888888.000 -888888.000 -888888.000 -888888.000     800.000       0.000     308.250       0.000      -0.401     129.000       0.532     129.000      27.000       0.000   90910.000       0.000 -888888.000 -888888.000
 20260101183000
   -30.6335  -67.4682 
  VALLE_FERTIL                               SURFACE                                    
  FM-12 SYNOP       VALLE_FERTIL           900  F     F         1
 -888888.000 -888888.000 -888888.000 -888888.000     900.000       0.000     307.150       0.000      -0.028     129.000       0.003     129.000      33.000       0.000   90980.000       0.000 -888888.000 -888888.000
 20260101183000
   -30.1833  -69.0667 
  CUESTA_Viento                              SURFACE                                    
  FM-12 SYNOP       CUESTA_Viento         1530  F     F         1
 -888888.000 -888888.000 -888888.000 -888888.000    1530.000       0.000     303.650       0.000       3.389     129.000       5.870     129.000      28.000       0.000   84390.000       0.000 -888888.000 -888888.000
 20260101183000
   -31.5194  -68.9851 
  CARACOLES                                  SURFACE                                    
  FM-12 SYNOP       CARACOLES              942  F     F         1
 -888888.000 -888888.000 -888888.000 -888888.000     942.000       0.000     307.250       0.000      -1.020     129.000       0.125     129.000      29.000       0.000   89620.000       0.000 -888888.000 -888888.000
 20260101190000
   -31.4667  -68.6667 
  ULLUM_EMBALSE                              SURFACE                                    
  FM-12 SYNOP       ULLUM_EMBALSE          768  F     F         1
 -888888.000 -888888.000 -888888.000 -888888.000     768.000       0.000     307.650       0.000       0.232     129.000       2.210     129.000      26.000       0.000   91520.000       0.000 -888888.000 -888888.000
 20260101190000
   -31.6500  -68.3000 
  ECOHUMUS                                   SURFACE                                    
  FM-12 SYNOP       ECOHUMUS               600  F     F         1
 -888888.000 -888888.000 -888888.000 -888888.000     600.000       0.000     309.250       0.000       0.597     129.000       1.556     129.000      27.000       0.000   93810.000       0.000 -888888.000 -888888.000
 20260101190000
   -31.5192  -68.8178 
  PUNTA_NEGRA                                SURFACE                                    
  FM-12 SYNOP       PUNTA_NEGRA            800  F     F         1
 -888888.000 -888888.000 -888888.000 -888888.000     800.000       0.000     307.250       0.000      -0.680     129.000       0.317     129.000      27.000       0.000   90940.000       0.000 -888888.000 -888888.000
 20260101190000
   -30.6335  -67.4682 
  VALLE_FERTIL                               SURFACE                                    
  FM-12 SYNOP       VALLE_FERTIL           900  F     F         1
 -888888.000 -888888.000 -888888.000 -888888.000     900.000       0.000     306.750       0.000      -0.079     129.000      -0.026     129.000      33.000       0.000   91010.000       0.000 -888888.000 -888888.000
 20260101190000
   -30.1833  -69.0667 
  CUESTA_Viento                              SURFACE                                    
  FM-12 SYNOP       CUESTA_Viento         1530  F     F         1
 -888888.000 -888888.000 -888888.000 -888888.000    1530.000       0.000     303.550       0.000       2.150     129.000       5.601     129.000      28.000       0.000   84430.000       0.000 -888888.000 -888888.000
 20260101190000
   -31.5194  -68.9851 
  CARACOLES                                  SURFACE                                    
  FM-12 SYNOP       CARACOLES              942  F     F         1
 -888888.000 -888888.000 -888888.000 -888888.000     942.000       0.000     306.750       0.000      -1.024     129.000       0.717     129.000      29.000       0.000   89660.000       0.000 -888888.000 -888888.000
 20260101193000
   -31.4667  -68.6667 
  ULLUM_EMBALSE                              SURFACE                                    
  FM-12 SYNOP       ULLUM_EMBALSE          768  F     F         1
 -888888.000 -888888.000 -888888.000 -888888.000     768.000       0.000     307.450       0.000       0.221     129.000       2.100     129.000      26.000       0.000   91550.000       0.000 -888888.000 -888888.000
 20260101193000
   -31.6500  -68.3000 
  ECOHUMUS                                   SURFACE                                    
  FM-12 SYNOP       ECOHUMUS               600  F     F         1
 -888888.000 -888888.000 -888888.000 -888888.000     600.000       0.000     308.350       0.000       0.370     129.000       1.739     129.000      28.000       0.000   93840.000       0.000 -888888.000 -888888.000
 20260101193000
   -31.5192  -68.8178 
  PUNTA_NEGRA                                SURFACE                                    
  FM-12 SYNOP       PUNTA_NEGRA            800  F     F         1
 -888888.000 -888888.000 -888888.000 -888888.000     800.000       0.000     307.150       0.000      -0.212     129.000       0.292     129.000      26.000       0.000   90970.000       0.000 -888888.000 -888888.000
 20260101193000
   -30.6335  -67.4682 
  VALLE_FERTIL                               SURFACE                                    
  FM-12 SYNOP       VALLE_FERTIL           900  F     F         1
 -888888.000 -888888.000 -888888.000 -888888.000     900.000       0.000     306.050       0.000      -0.349     129.000      -0.227     129.000      33.000       0.000   91040.000       0.000 -888888.000 -888888.000
 20260101193000
   -30.1833  -69.0667 
  CUESTA_Viento                              SURFACE                                    
  FM-12 SYNOP       CUESTA_Viento         1530  F     F         1
 -888888.000 -888888.000 -888888.000 -888888.000    1530.000       0.000     303.350       0.000       2.435     129.000       4.993     129.000      29.000       0.000   84470.000       0.000 -888888.000 -888888.000
 20260101193000
   -31.5194  -68.9851 
  CARACOLES                                  SURFACE                                    
  FM-12 SYNOP       CARACOLES              942  F     F         1
 -888888.000 -888888.000 -888888.000 -888888.000     942.000       0.000     306.150       0.000      -0.848     129.000      -0.150     129.000      30.000       0.000   89690.000       0.000 -888888.000 -888888.000
 20260101200000
   -31.4667  -68.6667 
  ULLUM_EMBALSE                              SURFACE                                    
  FM-12 SYNOP       ULLUM_EMBALSE          768  F     F         1
 -888888.000 -888888.000 -888888.000 -888888.000     768.000       0.000     307.350       0.000       0.506     129.000       2.192     129.000      26.000       0.000   91590.000       0.000 -888888.000 -888888.000
 20260101200000
   -31.6500  -68.3000 
  ECOHUMUS                                   SURFACE                                    
  FM-12 SYNOP       ECOHUMUS               600  F     F         1
 -888888.000 -888888.000 -888888.000 -888888.000     600.000       0.000     307.250       0.000       0.262     129.000       1.051     129.000      30.000       0.000   93870.000       0.000 -888888.000 -888888.000
 20260101200000
   -31.5192  -68.8178 
  PUNTA_NEGRA                                SURFACE                                    
  FM-12 SYNOP       PUNTA_NEGRA            800  F     F         1
 -888888.000 -888888.000 -888888.000 -888888.000     800.000       0.000     306.250       0.000       0.173     129.000       0.088     129.000      27.000       0.000   91020.000       0.000 -888888.000 -888888.000
 20260101200000
   -30.6335  -67.4682 
  VALLE_FERTIL                               SURFACE                                    
  FM-12 SYNOP       VALLE_FERTIL           900  F     F         1
 -888888.000 -888888.000 -888888.000 -888888.000     900.000       0.000     304.550       0.000      -0.000     129.000      -0.000     129.000      38.000       0.000   91060.000       0.000 -888888.000 -888888.000
 20260101200000
   -30.1833  -69.0667 
  CUESTA_Viento                              SURFACE                                    
  FM-12 SYNOP       CUESTA_Viento         1530  F     F         1
 -888888.000 -888888.000 -888888.000 -888888.000    1530.000       0.000     303.050       0.000       3.369     129.000       4.312     129.000      28.000       0.000   84530.000       0.000 -888888.000 -888888.000
 20260101200000
   -31.5194  -68.9851 
  CARACOLES                                  SURFACE                                    
  FM-12 SYNOP       CARACOLES              942  F     F         1
 -888888.000 -888888.000 -888888.000 -888888.000     942.000       0.000     305.850       0.000      -0.595     129.000       0.137     129.000      29.000       0.000   89740.000       0.000 -888888.000 -888888.000
 20260101203000
   -31.4667  -68.6667 
  ULLUM_EMBALSE                              SURFACE                                    
  FM-12 SYNOP       ULLUM_EMBALSE          768  F     F         1
 -888888.000 -888888.000 -888888.000 -888888.000     768.000       0.000     307.050       0.000       0.100     129.000       1.914     129.000      27.000       0.000   91640.000       0.000 -888888.000 -888888.000
 20260101203000
   -31.6500  -68.3000 
  ECOHUMUS                                   SURFACE                                    
  FM-12 SYNOP       ECOHUMUS               600  F     F         1
 -888888.000 -888888.000 -888888.000 -888888.000     600.000       0.000     304.450       0.000       0.266     129.000       0.819     129.000      35.000       0.000   93920.000       0.000 -888888.000 -888888.000
 20260101203000
   -31.5192  -68.8178 
  PUNTA_NEGRA                                SURFACE                                    
  FM-12 SYNOP       PUNTA_NEGRA            800  F     F         1
 -888888.000 -888888.000 -888888.000 -888888.000     800.000       0.000     305.550       0.000       0.105     129.000       0.091     129.000      29.000       0.000   91060.000       0.000 -888888.000 -888888.000
 20260101203000
   -30.6335  -67.4682 
  VALLE_FERTIL                               SURFACE                                    
  FM-12 SYNOP       VALLE_FERTIL           900  F     F         1
 -888888.000 -888888.000 -888888.000 -888888.000     900.000       0.000     302.150       0.000       0.000     129.000      -0.000     129.000      46.000       0.000   91090.000       0.000 -888888.000 -888888.000
 20260101203000
   -30.1833  -69.0667 
  CUESTA_Viento                              SURFACE                                    
  FM-12 SYNOP       CUESTA_Viento         1530  F     F         1
 -888888.000 -888888.000 -888888.000 -888888.000    1530.000       0.000     302.750       0.000       2.008     129.000       2.867     129.000      29.000       0.000   84570.000       0.000 -888888.000 -888888.000
 20260101203000
   -31.5194  -68.9851 
  CARACOLES                                  SURFACE                                    
  FM-12 SYNOP       CARACOLES              942  F     F         1
 -888888.000 -888888.000 -888888.000 -888888.000     942.000       0.000     305.550       0.000      -0.619     129.000       0.372     129.000      30.000       0.000   89770.000       0.000 -888888.000 -888888.000
 20260101210000
   -31.4667  -68.6667 
  ULLUM_EMBALSE                              SURFACE                                    
  FM-12 SYNOP       ULLUM_EMBALSE          768  F     F         1
 -888888.000 -888888.000 -888888.000 -888888.000     768.000       0.000     306.650       0.000      -0.313     129.000       1.609     129.000      27.000       0.000   91640.000       0.000 -888888.000 -888888.000
 20260101210000
   -31.6500  -68.3000 
  ECOHUMUS                                   SURFACE                                    
  FM-12 SYNOP       ECOHUMUS               600  F     F         1
 -888888.000 -888888.000 -888888.000 -888888.000     600.000       0.000     302.850       0.000       0.115     129.000       0.401     129.000      38.000       0.000   93970.000       0.000 -888888.000 -888888.000
 20260101210000
   -31.5192  -68.8178 
  PUNTA_NEGRA                                SURFACE                                    
  FM-12 SYNOP       PUNTA_NEGRA            800  F     F         1
 -888888.000 -888888.000 -888888.000 -888888.000     800.000       0.000     304.650       0.000       0.173     129.000       0.140     129.000      31.000       0.000   91070.000       0.000 -888888.000 -888888.000
 20260101210000
   -30.6335  -67.4682 
  VALLE_FERTIL                               SURFACE                                    
  FM-12 SYNOP       VALLE_FERTIL           900  F     F         1
 -888888.000 -888888.000 -888888.000 -888888.000     900.000       0.000     301.650       0.000       0.000     129.000      -0.000     129.000      46.000       0.000   91110.000       0.000 -888888.000 -888888.000
 20260101210000
   -30.1833  -69.0667 
  CUESTA_Viento                              SURFACE                                    
  FM-12 SYNOP       CUESTA_Viento         1530  F     F         1
 -888888.000 -888888.000 -888888.000 -888888.000    1530.000       0.000     302.450       0.000       1.585     129.000       3.733     129.000      30.000       0.000   84630.000       0.000 -888888.000 -888888.000
 20260101210000
   -31.5194  -68.9851 
  CARACOLES                                  SURFACE                                    
  FM-12 SYNOP       CARACOLES              942  F     F         1
 -888888.000 -888888.000 -888888.000 -888888.000     942.000       0.000     304.750       0.000      -0.304     129.000       0.624     129.000      33.000       0.000   89800.000       0.000 -888888.000 -888888.000
 20260101213000
   -31.4667  -68.6667 
  ULLUM_EMBALSE                              SURFACE                                    
  FM-12 SYNOP       ULLUM_EMBALSE          768  F     F         1
 -888888.000 -888888.000 -888888.000 -888888.000     768.000       0.000     306.250       0.000       0.122     129.000       1.160     129.000      28.000       0.000   91670.000       0.000 -888888.000 -888888.000
 20260101213000
   -31.6500  -68.3000 
  ECOHUMUS                                   SURFACE                                    
  FM-12 SYNOP       ECOHUMUS               600  F     F         1
 -888888.000 -888888.000 -888888.000 -888888.000     600.000       0.000     301.450       0.000       0.023     129.000       0.165     129.000      42.000       0.000   93980.000       0.000 -888888.000 -888888.000
 20260101213000
   -31.5192  -68.8178 
  PUNTA_NEGRA                                SURFACE                                    
  FM-12 SYNOP       PUNTA_NEGRA            800  F     F         1
 -888888.000 -888888.000 -888888.000 -888888.000     800.000       0.000     304.950       0.000       0.446     129.000       0.227     129.000      31.000       0.000   91110.000       0.000 -888888.000 -888888.000
 20260101213000
   -30.6335  -67.4682 
  VALLE_FERTIL                               SURFACE                                    
  FM-12 SYNOP       VALLE_FERTIL           900  F     F         1
 -888888.000 -888888.000 -888888.000 -888888.000     900.000       0.000     300.750       0.000       0.000     129.000      -0.000     129.000      48.000       0.000   91140.000       0.000 -888888.000 -888888.000
 20260101213000
   -30.1833  -69.0667 
  CUESTA_Viento                              SURFACE                                    
  FM-12 SYNOP       CUESTA_Viento         1530  F     F         1
 -888888.000 -888888.000 -888888.000 -888888.000    1530.000       0.000     302.350       0.000       2.323     129.000       2.580     129.000      31.000       0.000   84670.000       0.000 -888888.000 -888888.000
 20260101213000
   -31.5194  -68.9851 
  CARACOLES                                  SURFACE                                    
  FM-12 SYNOP       CARACOLES              942  F     F         1
 -888888.000 -888888.000 -888888.000 -888888.000     942.000       0.000     303.250       0.000      -0.028     129.000       0.002     129.000      38.000       0.000   89830.000       0.000 -888888.000 -888888.000
 20260101220000
   -31.4667  -68.6667 
  ULLUM_EMBALSE                              SURFACE                                    
  FM-12 SYNOP       ULLUM_EMBALSE          768  F     F         1
 -888888.000 -888888.000 -888888.000 -888888.000     768.000       0.000     305.750       0.000      -0.933     129.000       0.653     129.000      28.000       0.000   91730.000       0.000 -888888.000 -888888.000
 20260101220000
   -31.6500  -68.3000 
  ECOHUMUS                                   SURFACE                                    
  FM-12 SYNOP       ECOHUMUS               600  F     F         1
 -888888.000 -888888.000 -888888.000 -888888.000     600.000       0.000     301.750       0.000      -0.053     129.000       0.609     129.000      38.000       0.000   93990.000       0.000 -888888.000 -888888.000
 20260101220000
   -31.5192  -68.8178 
  PUNTA_NEGRA                                SURFACE                                    
  FM-12 SYNOP       PUNTA_NEGRA            800  F     F         1
 -888888.000 -888888.000 -888888.000 -888888.000     800.000       0.000     304.450       0.000       0.129     129.000       0.214     129.000      33.000       0.000   91150.000       0.000 -888888.000 -888888.000
 20260101220000
   -30.6335  -67.4682 
  VALLE_FERTIL                               SURFACE                                    
  FM-12 SYNOP       VALLE_FERTIL           900  F     F         1
 -888888.000 -888888.000 -888888.000 -888888.000     900.000       0.000     300.250       0.000       0.000     129.000      -0.000     129.000      49.000       0.000   91170.000       0.000 -888888.000 -888888.000
 20260101220000
   -30.1833  -69.0667 
  CUESTA_Viento                              SURFACE                                    
  FM-12 SYNOP       CUESTA_Viento         1530  F     F         1
 -888888.000 -888888.000 -888888.000 -888888.000    1530.000       0.000     302.250       0.000       2.303     129.000       2.745     129.000      30.000       0.000   84720.000       0.000 -888888.000 -888888.000
 20260101220000
   -31.5194  -68.9851 
  CARACOLES                                  SURFACE                                    
  FM-12 SYNOP       CARACOLES              942  F     F         1
 -888888.000 -888888.000 -888888.000 -888888.000     942.000       0.000     302.850       0.000      -0.150     129.000       0.200     129.000      38.000       0.000   89870.000       0.000 -888888.000 -888888.000
 20260101223000
   -31.4667  -68.6667 
  ULLUM_EMBALSE                              SURFACE                                    
  FM-12 SYNOP       ULLUM_EMBALSE          768  F     F         1
 -888888.000 -888888.000 -888888.000 -888888.000     768.000       0.000     304.550       0.000       0.021     129.000      -0.611     129.000      34.000       0.000   91760.000       0.000 -888888.000 -888888.000
 20260101223000
   -31.6500  -68.3000 
  ECOHUMUS                                   SURFACE                                    
  FM-12 SYNOP       ECOHUMUS               600  F     F         1
 -888888.000 -888888.000 -888888.000 -888888.000     600.000       0.000     300.750       0.000      -0.027     129.000       0.108     129.000      41.000       0.000   94040.000       0.000 -888888.000 -888888.000
 20260101223000
   -31.5192  -68.8178 
  PUNTA_NEGRA                                SURFACE                                    
  FM-12 SYNOP       PUNTA_NEGRA            800  F     F         1
 -888888.000 -888888.000 -888888.000 -888888.000     800.000       0.000     304.450       0.000       0.316     129.000       0.351     129.000      32.000       0.000   91180.000       0.000 -888888.000 -888888.000
 20260101223000
   -30.6335  -67.4682 
  VALLE_FERTIL                               SURFACE                                    
  FM-12 SYNOP       VALLE_FERTIL           900  F     F         1
 -888888.000 -888888.000 -888888.000 -888888.000     900.000       0.000     301.950       0.000       0.000     129.000       0.000     129.000      43.000       0.000   91180.000       0.000 -888888.000 -888888.000
 20260101223000
   -30.1833  -69.0667 
  CUESTA_Viento                              SURFACE                                    
  FM-12 SYNOP       CUESTA_Viento         1530  F     F         1
 -888888.000 -888888.000 -888888.000 -888888.000    1530.000       0.000     302.050       0.000       1.803     129.000       3.000     129.000      30.000       0.000   84760.000       0.000 -888888.000 -888888.000
 20260101223000
   -31.5194  -68.9851 
  CARACOLES                                  SURFACE                                    
  FM-12 SYNOP       CARACOLES              942  F     F         1
 -888888.000 -888888.000 -888888.000 -888888.000     942.000       0.000     302.150       0.000       0.003     129.000       0.028     129.000      40.000       0.000   89910.000       0.000 -888888.000 -888888.000
 20260101230000
   -31.4667  -68.6667 
  ULLUM_EMBALSE                              SURFACE                                    
  FM-12 SYNOP       ULLUM_EMBALSE          768  F     F         1
 -888888.000 -888888.000 -888888.000 -888888.000     768.000       0.000     305.150       0.000       0.289     129.000       1.641     129.000      30.000       0.000   91770.000       0.000 -888888.000 -888888.000
 20260101230000
   -31.6500  -68.3000 
  ECOHUMUS                                   SURFACE                                    
  FM-12 SYNOP       ECOHUMUS               600  F     F         1
 -888888.000 -888888.000 -888888.000 -888888.000     600.000       0.000     299.550       0.000       0.031     129.000       0.107     129.000      44.000       0.000   94060.000       0.000 -888888.000 -888888.000
 20260101230000
   -31.5192  -68.8178 
  PUNTA_NEGRA                                SURFACE                                    
  FM-12 SYNOP       PUNTA_NEGRA            800  F     F         1
 -888888.000 -888888.000 -888888.000 -888888.000     800.000       0.000     304.150       0.000       0.583     129.000       0.323     129.000      33.000       0.000   91200.000       0.000 -888888.000 -888888.000
 20260101230000
   -30.6335  -67.4682 
  VALLE_FERTIL                               SURFACE                                    
  FM-12 SYNOP       VALLE_FERTIL           900  F     F         1
 -888888.000 -888888.000 -888888.000 -888888.000     900.000       0.000     298.950       0.000       0.000     129.000      -0.000     129.000      53.000       0.000   91200.000       0.000 -888888.000 -888888.000
 20260101230000
   -30.1833  -69.0667 
  CUESTA_Viento                              SURFACE                                    
  FM-12 SYNOP       CUESTA_Viento         1530  F     F         1
 -888888.000 -888888.000 -888888.000 -888888.000    1530.000       0.000     301.050       0.000       1.363     129.000       3.374     129.000      36.000       0.000   84800.000       0.000 -888888.000 -888888.000
 20260101230000
   -31.5194  -68.9851 
  CARACOLES                                  SURFACE                                    
  FM-12 SYNOP       CARACOLES              942  F     F         1
 -888888.000 -888888.000 -888888.000 -888888.000     942.000       0.000     301.750       0.000      -0.008     129.000       0.055     129.000      41.000       0.000   89930.000       0.000 -888888.000 -888888.000
 20260101233000
   -31.4667  -68.6667 
  ULLUM_EMBALSE                              SURFACE                                    
  FM-12 SYNOP       ULLUM_EMBALSE          768  F     F         1
 -888888.000 -888888.000 -888888.000 -888888.000     768.000       0.000     304.050       0.000       0.257     129.000       0.705     129.000      37.000       0.000   91800.000       0.000 -888888.000 -888888.000
 20260101233000
   -31.6500  -68.3000 
  ECOHUMUS                                   SURFACE                                    
  FM-12 SYNOP       ECOHUMUS               600  F     F         1
 -888888.000 -888888.000 -888888.000 -888888.000     600.000       0.000     298.550       0.000       0.000     129.000       0.000     129.000      47.000       0.000   94090.000       0.000 -888888.000 -888888.000
 20260101233000
   -31.5192  -68.8178 
  PUNTA_NEGRA                                SURFACE                                    
  FM-12 SYNOP       PUNTA_NEGRA            800  F     F         1
 -888888.000 -888888.000 -888888.000 -888888.000     800.000       0.000     303.650       0.000       0.906     129.000       0.423     129.000      34.000       0.000   91220.000       0.000 -888888.000 -888888.000
 20260101233000
   -30.6335  -67.4682 
  VALLE_FERTIL                               SURFACE                                    
  FM-12 SYNOP       VALLE_FERTIL           900  F     F         1
 -888888.000 -888888.000 -888888.000 -888888.000     900.000       0.000     296.850       0.000       0.000     129.000      -0.000     129.000      58.000       0.000   91210.000       0.000 -888888.000 -888888.000
 20260101233000
   -30.1833  -69.0667 
  CUESTA_Viento                              SURFACE                                    
  FM-12 SYNOP       CUESTA_Viento         1530  F     F         1
 -888888.000 -888888.000 -888888.000 -888888.000    1530.000       0.000     300.550       0.000       1.832     129.000       3.304     129.000      37.000       0.000   84820.000       0.000 -888888.000 -888888.000
 20260101233000
   -31.5194  -68.9851 
  CARACOLES                                  SURFACE                                    
  FM-12 SYNOP       CARACOLES              942  F     F         1
 -888888.000 -888888.000 -888888.000 -888888.000     942.000       0.000     301.050       0.000      -0.001     129.000       0.028     129.000      44.000       0.000   89940.000       0.000 -888888.000 -888888.000
