 20260806000000
   -31.6500  -68.3000 
  ECOHUMUS                                   SURFACE                                    
  FM-12 SYNOP       ECOHUMUS               600  F     F         1
 -888888.000 -888888.000 -888888.000 -888888.000     600.000       0.000     285.850       0.000       0.128     129.000      -1.829     129.000      71.000       0.000   93510.000       0.000 -888888.000 -888888.000
 20260806000000
   -31.5192  -68.8178 
  PUNTA_NEGRA                                SURFACE                                    
  FM-12 SYNOP       PUNTA_NEGRA            800  F     F         1
 -888888.000 -888888.000 -888888.000 -888888.000     800.000       0.000     297.050       0.000      -1.203     129.000      -1.384     129.000      11.000       0.000   90510.000       0.000 -888888.000 -888888.000
 20260806000000
   -30.6335  -67.4682 
  VALLE_FERTIL                               SURFACE                                    
  FM-12 SYNOP       VALLE_FERTIL           900  F     F         1
 -888888.000 -888888.000 -888888.000 -888888.000     900.000       0.000     286.050       0.000       0.717     129.000      -1.349     129.000      95.000       0.000   90440.000       0.000 -888888.000 -888888.000
 20260806000000
   -30.1833  -69.0667 
  CUESTA_Viento                              SURFACE                                    
  FM-12 SYNOP       CUESTA_Viento         1530  F     F         1
 -888888.000 -888888.000 -888888.000 -888888.000    1530.000       0.000     292.850       0.000      -4.000     129.000      -3.357     129.000      14.000       0.000   84390.000       0.000 -888888.000 -888888.000
 20260806000000
   -31.5194  -68.9851 
  CARACOLES                                  SURFACE                                    
  FM-12 SYNOP       CARACOLES              942  F     F         1
 -888888.000 -888888.000 -888888.000 -888888.000     942.000       0.000     296.950       0.000       3.712     129.000       3.712     129.000      12.000       0.000   89190.000       0.000 -888888.000 -888888.000
 20260806000500
   -31.6500  -68.3000 
  ECOHUMUS                                   SURFACE                                    
  FM-12 SYNOP       ECOHUMUS               600  F     F         1
 -888888.000 -888888.000 -888888.000 -888888.000     600.000       0.000     286.550       0.000       0.345     129.000      -1.288     129.000      69.000       0.000   93520.000       0.000 -888888.000 -888888.000
 20260806000500
   -31.5192  -68.8178 
  PUNTA_NEGRA                                SURFACE                                    
  FM-12 SYNOP       PUNTA_NEGRA            800  F     F         1
 -888888.000 -888888.000 -888888.000 -888888.000     800.000       0.000     297.150       0.000       0.525     129.000       0.410     129.000      11.000       0.000   90510.000       0.000 -888888.000 -888888.000
 20260806000500
   -30.6335  -67.4682 
  VALLE_FERTIL                               SURFACE                                    
  FM-12 SYNOP       VALLE_FERTIL           900  F     F         1
 -888888.000 -888888.000 -888888.000 -888888.000     900.000       0.000     286.150       0.000       0.986     129.000      -1.708     129.000      95.000       0.000   90450.000       0.000 -888888.000 -888888.000
 20260806000500
   -30.1833  -69.0667 
  CUESTA_Viento                              SURFACE                                    
  FM-12 SYNOP       CUESTA_Viento         1530  F     F         1
 -888888.000 -888888.000 -888888.000 -888888.000    1530.000       0.000     292.950       0.000      -4.838     129.000      -3.779     129.000      13.000       0.000   84410.000       0.000 -888888.000 -888888.000
 20260806000500
   -31.5194  -68.9851 
  CARACOLES                                  SURFACE                                    
  FM-12 SYNOP       CARACOLES              942  F     F         1
 -888888.000 -888888.000 -888888.000 -888888.000     942.000       0.000     296.850       0.000       4.272     129.000       1.225     129.000      12.000       0.000   89180.000       0.000 -888888.000 -888888.000
 20260806001000
   -31.6500  -68.3000 
  ECOHUMUS                                   SURFACE                                    
  FM-12 SYNOP       ECOHUMUS               600  F     F         1
 -888888.000 -888888.000 -888888.000 -888888.000     600.000       0.000     286.650       0.000       1.036     129.000      -0.839     129.000      69.000       0.000   93520.000       0.000 -888888.000 -888888.000
 20260806001000
   -31.5192  -68.8178 
  PUNTA_NEGRA                                SURFACE                                    
  FM-12 SYNOP       PUNTA_NEGRA            800  F     F         1
 -888888.000 -888888.000 -888888.000 -888888.000     800.000       0.000     296.950       0.000       0.842     129.000      -0.429     129.000      11.000       0.000   90510.000       0.000 -888888.000 -888888.000
 20260806001000
   -30.6335  -67.4682 
  VALLE_FERTIL                               SURFACE                                    
  FM-12 SYNOP       VALLE_FERTIL           900  F     F         1
 -888888.000 -888888.000 -888888.000 -888888.000     900.000       0.000     286.050       0.000       0.455     129.000      -1.488     129.000      95.000       0.000   90440.000       0.000 -888888.000 -888888.000
 20260806001000
   -30.1833  -69.0667 
  CUESTA_Viento                              SURFACE                                    
  FM-12 SYNOP       CUESTA_Viento         1530  F     F         1
 -888888.000 -888888.000 -888888.000 -888888.000    1530.000       0.000     292.950       0.000      -5.279     129.000      -3.696     129.000      13.000       0.000   84390.000       0.000 -888888.000 -888888.000
 20260806001000
   -31.5194  -68.9851 
  CARACOLES                                  SURFACE                                    
  FM-12 SYNOP       CARACOLES              942  F     F         1
 -888888.000 -888888.000 -888888.000 -888888.000     942.000       0.000     296.850       0.000       4.356     129.000       3.403     129.000      12.000       0.000   89170.000       0.000 -888888.000 -888888.000
 20260806001500
   -31.6500  -68.3000 
  ECOHUMUS                                   SURFACE                                    
  FM-12 SYNOP       ECOHUMUS               600  F     F         1
 -888888.000 -888888.000 -888888.000 -888888.000     600.000       0.000     286.350       0.000       0.786     129.000      -0.786     129.000      70.000       0.000   93510.000       0.000 -888888.000 -888888.000
 20260806001500
   -31.5192  -68.8178 
  PUNTA_NEGRA                                SURFACE                                    
  FM-12 SYNOP       PUNTA_NEGRA            800  F     F         1
 -888888.000 -888888.000 -888888.000 -888888.000     800.000       0.000     296.550       0.000       0.377     129.000       0.284     129.000      11.000       0.000   90500.000       0.000 -888888.000 -888888.000
 20260806001500
   -30.6335  -67.4682 
  VALLE_FERTIL                               SURFACE                                    
  FM-12 SYNOP       VALLE_FERTIL           900  F     F         1
 -888888.000 -888888.000 -888888.000 -888888.000     900.000       0.000     286.050       0.000       0.555     129.000      -1.089     129.000      95.000       0.000   90430.000       0.000 -888888.000 -888888.000
 20260806001500
   -30.1833  -69.0667 
  CUESTA_Viento                              SURFACE                                    
  FM-12 SYNOP       CUESTA_Viento         1530  F     F         1
 -888888.000 -888888.000 -888888.000 -888888.000    1530.000       0.000     292.850       0.000      -3.852     129.000      -3.010     129.000      13.000       0.000   84390.000       0.000 -888888.000 -888888.000
 20260806001500
   -31.5194  -68.9851 
  CARACOLES                                  SURFACE                                    
  FM-12 SYNOP       CARACOLES              942  F     F         1
 -888888.000 -888888.000 -888888.000 -888888.000     942.000       0.000     296.750       0.000       4.783     129.000       2.230     129.000      12.000       0.000   89180.000       0.000 -888888.000 -888888.000
 20260806002000
   -31.6500  -68.3000 
  ECOHUMUS                                   SURFACE                                    
  FM-12 SYNOP       ECOHUMUS               600  F     F         1
 -888888.000 -888888.000 -888888.000 -888888.000     600.000       0.000     286.350       0.000       0.208     129.000      -0.978     129.000      70.000       0.000   93500.000       0.000 -888888.000 -888888.000
 20260806002000
   -31.5192  -68.8178 
  PUNTA_NEGRA                                SURFACE                                    
  FM-12 SYNOP       PUNTA_NEGRA            800  F     F         1
 -888888.000 -888888.000 -888888.000 -888888.000     800.000       0.000     296.450       0.000       0.961     129.000      -0.276     129.000      12.000       0.000   90480.000       0.000 -888888.000 -888888.000
 20260806002000
   -30.6335  -67.4682 
  VALLE_FERTIL                               SURFACE                                    
  FM-12 SYNOP       VALLE_FERTIL           900  F     F         1
 -888888.000 -888888.000 -888888.000 -888888.000     900.000       0.000     286.050       0.000       0.444     129.000      -0.738     129.000      95.000       0.000   90430.000       0.000 -888888.000 -888888.000
 20260806002000
   -30.1833  -69.0667 
  CUESTA_Viento                              SURFACE                                    
  FM-12 SYNOP       CUESTA_Viento         1530  F     F         1
 -888888.000 -888888.000 -888888.000 -888888.000    1530.000       0.000     292.950       0.000      -4.505     129.000      -2.295     129.000      12.000       0.000   84390.000       0.000 -888888.000 -888888.000
 20260806002000
   -31.5194  -68.9851 
  CARACOLES                                  SURFACE                                    
  FM-12 SYNOP       CARACOLES              942  F     F         1
 -888888.000 -888888.000 -888888.000 -888888.000     942.000       0.000     296.650       0.000       3.993     129.000       3.009     129.000      12.000       0.000   89180.000       0.000 -888888.000 -888888.000
 20260806002500
   -31.6500  -68.3000 
  ECOHUMUS                                   SURFACE                                    
  FM-12 SYNOP       ECOHUMUS               600  F     F         1
 -888888.000 -888888.000 -888888.000 -888888.000     600.000       0.000     286.850       0.000      -0.787     129.000      -1.310     129.000      68.000       0.000   93470.000       0.000 -888888.000 -888888.000
 20260806002500
   -31.5192  -68.8178 
  PUNTA_NEGRA                                SURFACE                                    
  FM-12 SYNOP       PUNTA_NEGRA            800  F     F         1
 -888888.000 -888888.000 -888888.000 -888888.000     800.000       0.000     296.850       0.000       1.165     129.000       0.061     129.000      11.000       0.000   90490.000       0.000 -888888.000 -888888.000
 20260806002500
   -30.6335  -67.4682 
  VALLE_FERTIL                               SURFACE                                    
  FM-12 SYNOP       VALLE_FERTIL           900  F     F         1
 -888888.000 -888888.000 -888888.000 -888888.000     900.000       0.000     286.050       0.000       0.439     129.000      -0.676     129.000      95.000       0.000   90440.000       0.000 -888888.000 -888888.000
 20260806002500
   -30.1833  -69.0667 
  CUESTA_Viento                              SURFACE                                    
  FM-12 SYNOP       CUESTA_Viento         1530  F     F         1
 -888888.000 -888888.000 -888888.000 -888888.000    1530.000       0.000     292.850       0.000      -3.663     129.000      -2.565     129.000      13.000       0.000   84380.000       0.000 -888888.000 -888888.000
 20260806002500
   -31.5194  -68.9851 
  CARACOLES                                  SURFACE                                    
  FM-12 SYNOP       CARACOLES              942  F     F         1
 -888888.000 -888888.000 -888888.000 -888888.000     942.000       0.000     296.650       0.000       4.382     129.000       3.184     129.000      12.000       0.000   89200.000       0.000 -888888.000 -888888.000
 20260806003000
   -31.6500  -68.3000 
  ECOHUMUS                                   SURFACE                                    
  FM-12 SYNOP       ECOHUMUS               600  F     F         1
 -888888.000 -888888.000 -888888.000 -888888.000     600.000       0.000     286.850       0.000      -0.243     129.000      -1.141     129.000      68.000       0.000   93470.000       0.000 -888888.000 -888888.000
 20260806003000
   -31.5192  -68.8178 
  PUNTA_NEGRA                                SURFACE                                    
  FM-12 SYNOP       PUNTA_NEGRA            800  F     F         1
 -888888.000 -888888.000 -888888.000 -888888.000     800.000       0.000     296.750       0.000       1.094     129.000       0.193     129.000      11.000       0.000   90480.000       0.000 -888888.000 -888888.000
 20260806003000
   -30.6335  -67.4682 
  VALLE_FERTIL                               SURFACE                                    
  FM-12 SYNOP       VALLE_FERTIL           900  F     F         1
 -888888.000 -888888.000 -888888.000 -888888.000     900.000       0.000     286.050       0.000       0.339     129.000      -0.761     129.000      95.000       0.000   90420.000       0.000 -888888.000 -888888.000
 20260806003000
   -30.1833  -69.0667 
  CUESTA_Viento                              SURFACE                                    
  FM-12 SYNOP       CUESTA_Viento         1530  F     F         1
 -888888.000 -888888.000 -888888.000 -888888.000    1530.000       0.000     292.750       0.000      -5.011     129.000      -3.641     129.000      13.000       0.000   84380.000       0.000 -888888.000 -888888.000
 20260806003000
   -31.5194  -68.9851 
  CARACOLES                                  SURFACE                                    
  FM-12 SYNOP       CARACOLES              942  F     F         1
 -888888.000 -888888.000 -888888.000 -888888.000     942.000       0.000     296.550       0.000       3.169     129.000       2.955     129.000      12.000       0.000   89170.000       0.000 -888888.000 -888888.000
 20260806003500
   -31.6500  -68.3000 
  ECOHUMUS                                   SURFACE                                    
  FM-12 SYNOP       ECOHUMUS               600  F     F         1
 -888888.000 -888888.000 -888888.000 -888888.000     600.000       0.000     286.850       0.000      -0.000     129.000      -0.972     129.000      67.000       0.000   93460.000       0.000 -888888.000 -888888.000
 20260806003500
   -31.5192  -68.8178 
  PUNTA_NEGRA                                SURFACE                                    
  FM-12 SYNOP       PUNTA_NEGRA            800  F     F         1
 -888888.000 -888888.000 -888888.000 -888888.000     800.000       0.000     296.750       0.000       0.385     129.000       0.953     129.000      11.000       0.000   90500.000       0.000 -888888.000 -888888.000
 20260806003500
   -30.6335  -67.4682 
  VALLE_FERTIL                               SURFACE                                    
  FM-12 SYNOP       VALLE_FERTIL           900  F     F         1
 -888888.000 -888888.000 -888888.000 -888888.000     900.000       0.000     285.950       0.000       0.787     129.000      -0.971     129.000      95.000       0.000   90410.000       0.000 -888888.000 -888888.000
 20260806003500
   -30.1833  -69.0667 
  CUESTA_Viento                              SURFACE                                    
  FM-12 SYNOP       CUESTA_Viento         1530  F     F         1
 -888888.000 -888888.000 -888888.000 -888888.000    1530.000       0.000     292.850       0.000      -5.699     129.000      -4.615     129.000      14.000       0.000   84370.000       0.000 -888888.000 -888888.000
 20260806003500
   -31.5194  -68.9851 
  CARACOLES                                  SURFACE                                    
  FM-12 SYNOP       CARACOLES              942  F     F         1
 -888888.000 -888888.000 -888888.000 -888888.000     942.000       0.000     296.550       0.000       1.985     129.000       4.070     129.000      12.000       0.000   89180.000       0.000 -888888.000 -888888.000
 20260806004000
   -31.6500  -68.3000 
  ECOHUMUS                                   SURFACE                                    
  FM-12 SYNOP       ECOHUMUS               600  F     F         1
 -888888.000 -888888.000 -888888.000 -888888.000     600.000       0.000     286.650       0.000      -0.282     129.000      -0.604     129.000      67.000       0.000   93460.000       0.000 -888888.000 -888888.000
 20260806004000
   -31.5192  -68.8178 
  PUNTA_NEGRA                                SURFACE                                    
  FM-12 SYNOP       PUNTA_NEGRA            800  F     F         1
 -888888.000 -888888.000 -888888.000 -888888.000     800.000       0.000     296.750       0.000       0.594     129.000       0.303     129.000      11.000       0.000   90480.000       0.000 -888888.000 -888888.000
 20260806004000
   -30.6335  -67.4682 
  VALLE_FERTIL                               SURFACE                                    
  FM-12 SYNOP       VALLE_FERTIL           900  F     F         1
 -888888.000 -888888.000 -888888.000 -888888.000     900.000       0.000     285.850       0.000       0.734     129.000      -0.907     129.000      95.000       0.000   90410.000       0.000 -888888.000 -888888.000
 20260806004000
   -30.1833  -69.0667 
  CUESTA_Viento                              SURFACE                                    
  FM-12 SYNOP       CUESTA_Viento         1530  F     F         1
 -888888.000 -888888.000 -888888.000 -888888.000    1530.000       0.000     292.750       0.000      -3.875     129.000      -2.060     129.000      14.000       0.000   84380.000       0.000 -888888.000 -888888.000
 20260806004000
   -31.5194  -68.9851 
  CARACOLES                                  SURFACE                                    
  FM-12 SYNOP       CARACOLES              942  F     F         1
 -888888.000 -888888.000 -888888.000 -888888.000     942.000       0.000     296.450       0.000       7.088     129.000       3.769     129.000      12.000       0.000   89180.000       0.000 -888888.000 -888888.000
 20260806004500
   -31.6500  -68.3000 
  ECOHUMUS                                   SURFACE                                    
  FM-12 SYNOP       ECOHUMUS               600  F     F         1
 -888888.000 -888888.000 -888888.000 -888888.000     600.000       0.000     287.150       0.000       0.169     129.000      -0.731     129.000      65.000       0.000   93480.000       0.000 -888888.000 -888888.000
 20260806004500
   -31.5192  -68.8178 
  PUNTA_NEGRA                                SURFACE                                    
  FM-12 SYNOP       PUNTA_NEGRA            800  F     F         1
 -888888.000 -888888.000 -888888.000 -888888.000     800.000       0.000     296.250       0.000      -0.114     129.000       0.458     129.000      12.000       0.000   90490.000       0.000 -888888.000 -888888.000
 20260806004500
   -30.6335  -67.4682 
  VALLE_FERTIL                               SURFACE                                    
  FM-12 SYNOP       VALLE_FERTIL           900  F     F         1
 -888888.000 -888888.000 -888888.000 -888888.000     900.000       0.000     285.850       0.000       1.051     129.000      -0.821     129.000      95.000       0.000   90410.000       0.000 -888888.000 -888888.000
 20260806004500
   -30.1833  -69.0667 
  CUESTA_Viento                              SURFACE                                    
  FM-12 SYNOP       CUESTA_Viento         1530  F     F         1
 -888888.000 -888888.000 -888888.000 -888888.000    1530.000       0.000     292.550       0.000      -4.123     129.000      -2.678     129.000      14.000       0.000   84370.000       0.000 -888888.000 -888888.000
 20260806004500
   -31.5194  -68.9851 
  CARACOLES                                  SURFACE                                    
  FM-12 SYNOP       CARACOLES              942  F     F         1
 -888888.000 -888888.000 -888888.000 -888888.000     942.000       0.000     296.450       0.000       7.134     129.000       3.028     129.000      13.000       0.000   89170.000       0.000 -888888.000 -888888.000
 20260806005000
   -31.6500  -68.3000 
  ECOHUMUS                                   SURFACE                                    
  FM-12 SYNOP       ECOHUMUS               600  F     F         1
 -888888.000 -888888.000 -888888.000 -888888.000     600.000       0.000     286.650       0.000      -0.767     129.000       1.056     129.000      67.000       0.000   93470.000       0.000 -888888.000 -888888.000
 20260806005000
   -31.5192  -68.8178 
  PUNTA_NEGRA                                SURFACE                                    
  FM-12 SYNOP       PUNTA_NEGRA            800  F     F         1
 -888888.000 -888888.000 -888888.000 -888888.000     800.000       0.000     296.250       0.000       1.384     129.000      -0.121     129.000      12.000       0.000   90490.000       0.000 -888888.000 -888888.000
 20260806005000
   -30.6335  -67.4682 
  VALLE_FERTIL                               SURFACE                                    
  FM-12 SYNOP       VALLE_FERTIL           900  F     F         1
 -888888.000 -888888.000 -888888.000 -888888.000     900.000       0.000     285.850       0.000       1.267     129.000      -0.854     129.000      96.000       0.000   90410.000       0.000 -888888.000 -888888.000
 20260806005000
   -30.1833  -69.0667 
  CUESTA_Viento                              SURFACE                                    
  FM-12 SYNOP       CUESTA_Viento         1530  F     F         1
 -888888.000 -888888.000 -888888.000 -888888.000    1530.000       0.000     292.350       0.000      -4.000     129.000      -3.357     129.000      15.000       0.000   84360.000       0.000 -888888.000 -888888.000
 20260806005000
   -31.5194  -68.9851 
  CARACOLES                                  SURFACE                                    
  FM-12 SYNOP       CARACOLES              942  F     F         1
 -888888.000 -888888.000 -888888.000 -888888.000     942.000       0.000     296.350       0.000       6.630     129.000       1.653     129.000      13.000       0.000   89180.000       0.000 -888888.000 -888888.000
 20260806005500
   -31.6500  -68.3000 
  ECOHUMUS                                   SURFACE                                    
  FM-12 SYNOP       ECOHUMUS               600  F     F         1
 -888888.000 -888888.000 -888888.000 -888888.000     600.000       0.000     285.350       0.000      -0.249     129.000       0.648     129.000      70.000       0.000   93470.000       0.000 -888888.000 -888888.000
 20260806005500
   -31.5192  -68.8178 
  PUNTA_NEGRA                                SURFACE                                    
  FM-12 SYNOP       PUNTA_NEGRA            800  F     F         1
 -888888.000 -888888.000 -888888.000 -888888.000     800.000       0.000     296.550       0.000       0.809     129.000      -0.588     129.000      12.000       0.000   90470.000       0.000 -888888.000 -888888.000
 20260806005500
   -30.6335  -67.4682 
  VALLE_FERTIL                               SURFACE                                    
  FM-12 SYNOP       VALLE_FERTIL           900  F     F         1
 -888888.000 -888888.000 -888888.000 -888888.000     900.000       0.000     285.750       0.000       1.296     129.000      -0.810     129.000      96.000       0.000   90420.000       0.000 -888888.000 -888888.000
 20260806005500
   -30.1833  -69.0667 
  CUESTA_Viento                              SURFACE                                    
  FM-12 SYNOP       CUESTA_Viento         1530  F     F         1
 -888888.000 -888888.000 -888888.000 -888888.000    1530.000       0.000     292.250       0.000      -4.263     129.000      -2.769     129.000      15.000       0.000   84370.000       0.000 -888888.000 -888888.000
 20260806005500
   -31.5194  -68.9851 
  CARACOLES                                  SURFACE                                    
  FM-12 SYNOP       CARACOLES              942  F     F         1
 -888888.000 -888888.000 -888888.000 -888888.000     942.000       0.000     296.350       0.000       2.269     129.000       4.268     129.000      13.000       0.000   89160.000       0.000 -888888.000 -888888.000
 20260806010000
   -31.6500  -68.3000 
  ECOHUMUS                                   SURFACE                                    
  FM-12 SYNOP       ECOHUMUS               600  F     F         1
 -888888.000 -888888.000 -888888.000 -888888.000     600.000       0.000     285.250       0.000      -0.100     129.000       0.259     129.000      70.000       0.000   93480.000       0.000 -888888.000 -888888.000
 20260806010000
   -31.5192  -68.8178 
  PUNTA_NEGRA                                SURFACE                                    
  FM-12 SYNOP       PUNTA_NEGRA            800  F     F         1
 -888888.000 -888888.000 -888888.000 -888888.000     800.000       0.000     296.350       0.000       0.830     129.000       0.859     129.000      12.000       0.000   90470.000       0.000 -888888.000 -888888.000
 20260806010000
   -30.6335  -67.4682 
  VALLE_FERTIL                               SURFACE                                    
  FM-12 SYNOP       VALLE_FERTIL           900  F     F         1
 -888888.000 -888888.000 -888888.000 -888888.000     900.000       0.000     285.650       0.000       1.841     129.000      -0.707     129.000      96.000       0.000   90410.000       0.000 -888888.000 -888888.000
 20260806010000
   -30.1833  -69.0667 
  CUESTA_Viento                              SURFACE                                    
  FM-12 SYNOP       CUESTA_Viento         1530  F     F         1
 -888888.000 -888888.000 -888888.000 -888888.000    1530.000       0.000     292.650       0.000      -4.151     129.000      -3.608     129.000      14.000       0.000   84360.000       0.000 -888888.000 -888888.000
 20260806010000
   -31.5194  -68.9851 
  CARACOLES                                  SURFACE                                    
  FM-12 SYNOP       CARACOLES              942  F     F         1
 -888888.000 -888888.000 -888888.000 -888888.000     942.000       0.000     296.150       0.000       4.172     129.000       3.627     129.000      13.000       0.000   89150.000       0.000 -888888.000 -888888.000
 20260806010500
   -31.6500  -68.3000 
  ECOHUMUS                                   SURFACE                                    
  FM-12 SYNOP       ECOHUMUS               600  F     F         1
 -888888.000 -888888.000 -888888.000 -888888.000     600.000       0.000     284.850       0.000       0.163     129.000       0.502     129.000      71.000       0.000   93480.000       0.000 -888888.000 -888888.000
 20260806010500
   -31.5192  -68.8178 
  PUNTA_NEGRA                                SURFACE                                    
  FM-12 SYNOP       PUNTA_NEGRA            800  F     F         1
 -888888.000 -888888.000 -888888.000 -888888.000     800.000       0.000     296.350       0.000       0.271     129.000       0.387     129.000      12.000       0.000   90450.000       0.000 -888888.000 -888888.000
 20260806010500
   -30.6335  -67.4682 
  VALLE_FERTIL                               SURFACE                                    
  FM-12 SYNOP       VALLE_FERTIL           900  F     F         1
 -888888.000 -888888.000 -888888.000 -888888.000     900.000       0.000     285.550       0.000       1.842     129.000      -0.528     129.000      96.000       0.000   90380.000       0.000 -888888.000 -888888.000
 20260806010500
   -30.1833  -69.0667 
  CUESTA_Viento                              SURFACE                                    
  FM-12 SYNOP       CUESTA_Viento         1530  F     F         1
 -888888.000 -888888.000 -888888.000 -888888.000    1530.000       0.000     292.250       0.000      -5.065     129.000      -3.165     129.000      15.000       0.000   84350.000       0.000 -888888.000 -888888.000
 20260806010500
   -31.5194  -68.9851 
  CARACOLES                                  SURFACE                                    
  FM-12 SYNOP       CARACOLES              942  F     F         1
 -888888.000 -888888.000 -888888.000 -888888.000     942.000       0.000     296.150       0.000       5.635     129.000       4.246     129.000      13.000       0.000   89140.000       0.000 -888888.000 -888888.000
 20260806011000
   -31.6500  -68.3000 
  ECOHUMUS                                   SURFACE                                    
  FM-12 SYNOP       ECOHUMUS               600  F     F         1
 -888888.000 -888888.000 -888888.000 -888888.000     600.000       0.000     284.350       0.000       0.184     129.000       0.641     129.000      73.000       0.000   93460.000       0.000 -888888.000 -888888.000
 20260806011000
   -31.5192  -68.8178 
  PUNTA_NEGRA                                SURFACE                                    
  FM-12 SYNOP       PUNTA_NEGRA            800  F     F         1
 -888888.000 -888888.000 -888888.000 -888888.000     800.000       0.000     295.950       0.000       0.110     129.000       0.285     129.000      12.000       0.000   90440.000       0.000 -888888.000 -888888.000
 20260806011000
   -30.6335  -67.4682 
  VALLE_FERTIL                               SURFACE                                    
  FM-12 SYNOP       VALLE_FERTIL           900  F     F         1
 -888888.000 -888888.000 -888888.000 -888888.000     900.000       0.000     285.450       0.000       1.631     129.000      -1.059     129.000      96.000       0.000   90380.000       0.000 -888888.000 -888888.000
 20260806011000
   -30.1833  -69.0667 
  CUESTA_Viento                              SURFACE                                    
  FM-12 SYNOP       CUESTA_Viento         1530  F     F         1
 -888888.000 -888888.000 -888888.000 -888888.000    1530.000       0.000     292.150       0.000      -4.168     129.000      -2.811     129.000      15.000       0.000   84350.000       0.000 -888888.000 -888888.000
 20260806011000
   -31.5194  -68.9851 
  CARACOLES                                  SURFACE                                    
  FM-12 SYNOP       CARACOLES              942  F     F         1
 -888888.000 -888888.000 -888888.000 -888888.000     942.000       0.000     296.150       0.000       6.450     129.000       4.686     129.000      13.000       0.000   89130.000       0.000 -888888.000 -888888.000
 20260806011500
   -31.6500  -68.3000 
  ECOHUMUS                                   SURFACE                                    
  FM-12 SYNOP       ECOHUMUS               600  F     F         1
 -888888.000 -888888.000 -888888.000 -888888.000     600.000       0.000     284.850       0.000      -0.138     129.000       0.452     129.000      72.000       0.000   93470.000       0.000 -888888.000 -888888.000
 20260806011500
   -31.5192  -68.8178 
  PUNTA_NEGRA                                SURFACE                                    
  FM-12 SYNOP       PUNTA_NEGRA            800  F     F         1
 -888888.000 -888888.000 -888888.000 -888888.000     800.000       0.000     296.150       0.000       1.009     129.000      -0.196     129.000      12.000       0.000   90430.000       0.000 -888888.000 -888888.000
 20260806011500
   -30.6335  -67.4682 
  VALLE_FERTIL                               SURFACE                                    
  FM-12 SYNOP       VALLE_FERTIL           900  F     F         1
 -888888.000 -888888.000 -888888.000 -888888.000     900.000       0.000     285.350       0.000       1.048     129.000      -0.911     129.000      96.000       0.000   90390.000       0.000 -888888.000 -888888.000
 20260806011500
   -30.1833  -69.0667 
  CUESTA_Viento                              SURFACE                                    
  FM-12 SYNOP       CUESTA_Viento         1530  F     F         1
 -888888.000 -888888.000 -888888.000 -888888.000    1530.000       0.000     292.350       0.000      -4.822     129.000      -3.132     129.000      14.000       0.000   84340.000       0.000 -888888.000 -888888.000
 20260806011500
   -31.5194  -68.9851 
  CARACOLES                                  SURFACE                                    
  FM-12 SYNOP       CARACOLES              942  F     F         1
 -888888.000 -888888.000 -888888.000 -888888.000     942.000       0.000     296.050       0.000       3.775     129.000       5.596     129.000      13.000       0.000   89130.000       0.000 -888888.000 -888888.000
 20260806012000
   -31.6500  -68.3000 
  ECOHUMUS                                   SURFACE                                    
  FM-12 SYNOP       ECOHUMUS               600  F     F         1
 -888888.000 -888888.000 -888888.000 -888888.000     600.000       0.000     285.050       0.000      -0.310     129.000       0.186     129.000      71.000       0.000   93450.000       0.000 -888888.000 -888888.000
 20260806012000
   -31.5192  -68.8178 
  PUNTA_NEGRA                                SURFACE                                    
  FM-12 SYNOP       PUNTA_NEGRA            800  F     F         1
 -888888.000 -888888.000 -888888.000 -888888.000     800.000       0.000     296.350       0.000       0.198     129.000      -0.489     129.000      12.000       0.000   90420.000       0.000 -888888.000 -888888.000
 20260806012000
   -30.6335  -67.4682 
  VALLE_FERTIL                               SURFACE                                    
  FM-12 SYNOP       VALLE_FERTIL           900  F     F         1
 -888888.000 -888888.000 -888888.000 -888888.000     900.000       0.000     285.250       0.000       0.520     129.000      -1.288     129.000      96.000       0.000   90380.000       0.000 -888888.000 -888888.000
 20260806012000
   -30.1833  -69.0667 
  CUESTA_Viento                              SURFACE                                    
  FM-12 SYNOP       CUESTA_Viento         1530  F     F         1
 -888888.000 -888888.000 -888888.000 -888888.000    1530.000       0.000     292.650       0.000      -4.583     129.000      -4.126     129.000      14.000       0.000   84320.000       0.000 -888888.000 -888888.000
 20260806012000
   -31.5194  -68.9851 
  CARACOLES                                  SURFACE                                    
  FM-12 SYNOP       CARACOLES              942  F     F         1
 -888888.000 -888888.000 -888888.000 -888888.000     942.000       0.000     295.950       0.000       4.728     129.000       4.896     129.000      13.000       0.000   89120.000       0.000 -888888.000 -888888.000
 20260806012500
   -31.6500  -68.3000 
  ECOHUMUS                                   SURFACE                                    
  FM-12 SYNOP       ECOHUMUS               600  F     F         1
 -888888.000 -888888.000 -888888.000 -888888.000     600.000       0.000     285.050       0.000       0.146     129.000       0.361     129.000      70.000       0.000   93450.000       0.000 -888888.000 -888888.000
 20260806012500
   -31.5192  -68.8178 
  PUNTA_NEGRA                                SURFACE                                    
  FM-12 SYNOP       PUNTA_NEGRA            800  F     F         1
 -888888.000 -888888.000 -888888.000 -888888.000     800.000       0.000     295.850       0.000       0.748     129.000       0.214     129.000      12.000       0.000   90440.000       0.000 -888888.000 -888888.000
 20260806012500
   -30.6335  -67.4682 
  VALLE_FERTIL                               SURFACE                                    
  FM-12 SYNOP       VALLE_FERTIL           900  F     F         1
 -888888.000 -888888.000 -888888.000 -888888.000     900.000       0.000     285.250       0.000       0.467     129.000      -0.916     129.000      97.000       0.000   90360.000       0.000 -888888.000 -888888.000
 20260806012500
   -30.1833  -69.0667 
  CUESTA_Viento                              SURFACE                                    
  FM-12 SYNOP       CUESTA_Viento         1530  F     F         1
 -888888.000 -888888.000 -888888.000 -888888.000    1530.000       0.000     292.350       0.000      -5.767     129.000      -2.938     129.000      15.000       0.000   84330.000       0.000 -888888.000 -888888.000
 20260806012500
   -31.5194  -68.9851 
  CARACOLES                                  SURFACE                                    
  FM-12 SYNOP       CARACOLES              942  F     F         1
 -888888.000 -888888.000 -888888.000 -888888.000     942.000       0.000     295.850       0.000       4.892     129.000       3.177     129.000      13.000       0.000   89110.000       0.000 -888888.000 -888888.000
 20260806013000
   -31.6500  -68.3000 
  ECOHUMUS                                   SURFACE                                    
  FM-12 SYNOP       ECOHUMUS               600  F     F         1
 -888888.000 -888888.000 -888888.000 -888888.000     600.000       0.000     285.150       0.000       0.029     129.000       0.276     129.000      70.000       0.000   93440.000       0.000 -888888.000 -888888.000
 20260806013000
   -31.5192  -68.8178 
  PUNTA_NEGRA                                SURFACE                                    
  FM-12 SYNOP       PUNTA_NEGRA            800  F     F         1
 -888888.000 -888888.000 -888888.000 -888888.000     800.000       0.000     295.650       0.000      -0.406     129.000      -0.379     129.000      13.000       0.000   90420.000       0.000 -888888.000 -888888.000
 20260806013000
   -30.6335  -67.4682 
  VALLE_FERTIL                               SURFACE                                    
  FM-12 SYNOP       VALLE_FERTIL           900  F     F         1
 -888888.000 -888888.000 -888888.000 -888888.000     900.000       0.000     285.150       0.000       1.018     129.000      -1.213     129.000      97.000       0.000   90370.000       0.000 -888888.000 -888888.000
 20260806013000
   -30.1833  -69.0667 
  CUESTA_Viento                              SURFACE                                    
  FM-12 SYNOP       CUESTA_Viento         1530  F     F         1
 -888888.000 -888888.000 -888888.000 -888888.000    1530.000       0.000     292.150       0.000      -5.434     129.000      -2.196     129.000      16.000       0.000   84310.000       0.000 -888888.000 -888888.000
 20260806013000
   -31.5194  -68.9851 
  CARACOLES                                  SURFACE                                    
  FM-12 SYNOP       CARACOLES              942  F     F         1
 -888888.000 -888888.000 -888888.000 -888888.000     942.000       0.000     295.750       0.000       5.228     129.000       3.526     129.000      13.000       0.000   89100.000       0.000 -888888.000 -888888.000
 20260806013500
   -31.6500  -68.3000 
  ECOHUMUS                                   SURFACE                                    
  FM-12 SYNOP       ECOHUMUS               600  F     F         1
 -888888.000 -888888.000 -888888.000 -888888.000     600.000       0.000     285.950       0.000       0.579     129.000       0.270     129.000      66.000       0.000   93420.000       0.000 -888888.000 -888888.000
 20260806013500
   -31.5192  -68.8178 
  PUNTA_NEGRA                                SURFACE                                    
  FM-12 SYNOP       PUNTA_NEGRA            800  F     F         1
 -888888.000 -888888.000 -888888.000 -888888.000     800.000       0.000     295.950       0.000       0.667     129.000       0.854     129.000      12.000       0.000   90410.000       0.000 -888888.000 -888888.000
 20260806013500
   -30.6335  -67.4682 
  VALLE_FERTIL                               SURFACE                                    
  FM-12 SYNOP       VALLE_FERTIL           900  F     F         1
 -888888.000 -888888.000 -888888.000 -888888.000     900.000       0.000     285.050       0.000       1.297     129.000      -0.908     129.000      97.000       0.000   90360.000       0.000 -888888.000 -888888.000
 20260806013500
   -30.1833  -69.0667 
  CUESTA_Viento                              SURFACE                                    
  FM-12 SYNOP       CUESTA_Viento         1530  F     F         1
 -888888.000 -888888.000 -888888.000 -888888.000    1530.000       0.000     291.750       0.000      -4.082     129.000      -4.696     129.000      18.000       0.000   84310.000       0.000 -888888.000 -888888.000
 20260806013500
   -31.5194  -68.9851 
  CARACOLES                                  SURFACE                                    
  FM-12 SYNOP       CARACOLES              942  F     F         1
 -888888.000 -888888.000 -888888.000 -888888.000     942.000       0.000     295.750       0.000       5.918     129.000       3.992     129.000      13.000       0.000   89050.000       0.000 -888888.000 -888888.000
 20260806014000
   -31.6500  -68.3000 
  ECOHUMUS                                   SURFACE                                    
  FM-12 SYNOP       ECOHUMUS               600  F     F         1
 -888888.000 -888888.000 -888888.000 -888888.000     600.000       0.000     287.450       0.000       0.270     129.000       0.280     129.000      60.000       0.000   93420.000       0.000 -888888.000 -888888.000
 20260806014000
   -31.5192  -68.8178 
  PUNTA_NEGRA                                SURFACE                                    
  FM-12 SYNOP       PUNTA_NEGRA            800  F     F         1
 -888888.000 -888888.000 -888888.000 -888888.000     800.000       0.000     295.950       0.000      -0.011     129.000       0.639     129.000      12.000       0.000   90380.000       0.000 -888888.000 -888888.000
 20260806014000
   -30.6335  -67.4682 
  VALLE_FERTIL                               SURFACE                                    
  FM-12 SYNOP       VALLE_FERTIL           900  F     F         1
 -888888.000 -888888.000 -888888.000 -888888.000     900.000       0.000     285.050       0.000       1.139     129.000      -1.139     129.000      97.000       0.000   90350.000       0.000 -888888.000 -888888.000
 20260806014000
   -30.1833  -69.0667 
  CUESTA_Viento                              SURFACE                                    
  FM-12 SYNOP       CUESTA_Viento         1530  F     F         1
 -888888.000 -888888.000 -888888.000 -888888.000    1530.000       0.000     291.750       0.000      -5.998     129.000      -4.686     129.000      16.000       0.000   84310.000       0.000 -888888.000 -888888.000
 20260806014000
   -31.5194  -68.9851 
  CARACOLES                                  SURFACE                                    
  FM-12 SYNOP       CARACOLES              942  F     F         1
 -888888.000 -888888.000 -888888.000 -888888.000     942.000       0.000     295.650       0.000       4.619     129.000       3.234     129.000      13.000       0.000   89060.000       0.000 -888888.000 -888888.000
 20260806014500
   -31.6500  -68.3000 
  ECOHUMUS                                   SURFACE                                    
  FM-12 SYNOP       ECOHUMUS               600  F     F         1
 -888888.000 -888888.000 -888888.000 -888888.000     600.000       0.000     286.950       0.000       0.462     129.000       0.098     129.000      61.000       0.000   93410.000       0.000 -888888.000 -888888.000
 20260806014500
   -31.5192  -68.8178 
  PUNTA_NEGRA                                SURFACE                                    
  FM-12 SYNOP       PUNTA_NEGRA            800  F     F         1
 -888888.000 -888888.000 -888888.000 -888888.000     800.000       0.000     295.850       0.000       0.481     129.000      -0.278     129.000      12.000       0.000   90380.000       0.000 -888888.000 -888888.000
 20260806014500
   -30.6335  -67.4682 
  VALLE_FERTIL                               SURFACE                                    
  FM-12 SYNOP       VALLE_FERTIL           900  F     F         1
 -888888.000 -888888.000 -888888.000 -888888.000     900.000       0.000     284.950       0.000       0.826     129.000      -0.743     129.000      97.000       0.000   90330.000       0.000 -888888.000 -888888.000
 20260806014500
   -30.1833  -69.0667 
  CUESTA_Viento                              SURFACE                                    
  FM-12 SYNOP       CUESTA_Viento         1530  F     F         1
 -888888.000 -888888.000 -888888.000 -888888.000    1530.000       0.000     292.150       0.000      -5.709     129.000      -3.165     129.000      15.000       0.000   84310.000       0.000 -888888.000 -888888.000
 20260806014500
   -31.5194  -68.9851 
  CARACOLES                                  SURFACE                                    
  FM-12 SYNOP       CARACOLES              942  F     F         1
 -888888.000 -888888.000 -888888.000 -888888.000     942.000       0.000     295.650       0.000       4.532     129.000       3.803     129.000      13.000       0.000   89060.000       0.000 -888888.000 -888888.000
 20260806015000
   -31.6500  -68.3000 
  ECOHUMUS                                   SURFACE                                    
  FM-12 SYNOP       ECOHUMUS               600  F     F         1
 -888888.000 -888888.000 -888888.000 -888888.000     600.000       0.000     287.450       0.000       0.444     129.000      -0.162     129.000      58.000       0.000   93390.000       0.000 -888888.000 -888888.000
 20260806015000
   -31.5192  -68.8178 
  PUNTA_NEGRA                                SURFACE                                    
  FM-12 SYNOP       PUNTA_NEGRA            800  F     F         1
 -888888.000 -888888.000 -888888.000 -888888.000     800.000       0.000     295.550       0.000       0.111     129.000       0.012     129.000      13.000       0.000   90370.000       0.000 -888888.000 -888888.000
 20260806015000
   -30.6335  -67.4682 
  VALLE_FERTIL                               SURFACE                                    
  FM-12 SYNOP       VALLE_FERTIL           900  F     F         1
 -888888.000 -888888.000 -888888.000 -888888.000     900.000       0.000     284.950       0.000       1.124     129.000      -0.816     129.000      97.000       0.000   90330.000       0.000 -888888.000 -888888.000
 20260806015000
   -30.1833  -69.0667 
  CUESTA_Viento                              SURFACE                                    
  FM-12 SYNOP       CUESTA_Viento         1530  F     F         1
 -888888.000 -888888.000 -888888.000 -888888.000    1530.000       0.000     292.050       0.000      -3.840     129.000      -3.457     129.000      16.000       0.000   84310.000       0.000 -888888.000 -888888.000
 20260806015000
   -31.5194  -68.9851 
  CARACOLES                                  SURFACE                                    
  FM-12 SYNOP       CARACOLES              942  F     F         1
 -888888.000 -888888.000 -888888.000 -888888.000     942.000       0.000     295.550       0.000       4.922     129.000       3.576     129.000      13.000       0.000   89050.000       0.000 -888888.000 -888888.000
 20260806015500
   -31.6500  -68.3000 
  ECOHUMUS                                   SURFACE                                    
  FM-12 SYNOP       ECOHUMUS               600  F     F         1
 -888888.000 -888888.000 -888888.000 -888888.000     600.000       0.000     287.850       0.000       0.752     129.000      -0.289     129.000      55.000       0.000   93390.000       0.000 -888888.000 -888888.000
 20260806015500
   -31.5192  -68.8178 
  PUNTA_NEGRA                                SURFACE                                    
  FM-12 SYNOP       PUNTA_NEGRA            800  F     F         1
 -888888.000 -888888.000 -888888.000 -888888.000     800.000       0.000     295.150       0.000       0.241     129.000       0.139     129.000      13.000       0.000   90360.000       0.000 -888888.000 -888888.000
 20260806015500
   -30.6335  -67.4682 
  VALLE_FERTIL                               SURFACE                                    
  FM-12 SYNOP       VALLE_FERTIL           900  F     F         1
 -888888.000 -888888.000 -888888.000 -888888.000     900.000       0.000     284.850       0.000       1.119     129.000      -1.159     129.000      97.000       0.000   90330.000       0.000 -888888.000 -888888.000
 20260806015500
   -30.1833  -69.0667 
  CUESTA_Viento                              SURFACE                                    
  FM-12 SYNOP       CUESTA_Viento         1530  F     F         1
 -888888.000 -888888.000 -888888.000 -888888.000    1530.000       0.000     292.250       0.000      -4.876     129.000      -4.547     129.000      15.000       0.000   84290.000       0.000 -888888.000 -888888.000
 20260806015500
   -31.5194  -68.9851 
  CARACOLES                                  SURFACE                                    
  FM-12 SYNOP       CARACOLES              942  F     F         1
 -888888.000 -888888.000 -888888.000 -888888.000     942.000       0.000     295.550       0.000       6.143     129.000       3.691     129.000      13.000       0.000   89060.000       0.000 -888888.000 -888888.000
 20260806020000
   -31.6500  -68.3000 
  ECOHUMUS                                   SURFACE                                    
  FM-12 SYNOP       ECOHUMUS               600  F     F         1
 -888888.000 -888888.000 -888888.000 -888888.000     600.000       0.000     288.750       0.000       0.629     129.000      -0.629     129.000      49.000       0.000   93380.000       0.000 -888888.000 -888888.000
 20260806020000
   -31.5192  -68.8178 
  PUNTA_NEGRA                                SURFACE                                    
  FM-12 SYNOP       PUNTA_NEGRA            800  F     F         1
 -888888.000 -888888.000 -888888.000 -888888.000     800.000       0.000     295.450       0.000      -0.328     129.000      -0.058     129.000      13.000       0.000   90370.000       0.000 -888888.000 -888888.000
 20260806020000
   -30.6335  -67.4682 
  VALLE_FERTIL                               SURFACE                                    
  FM-12 SYNOP       VALLE_FERTIL           900  F     F         1
 -888888.000 -888888.000 -888888.000 -888888.000     900.000       0.000     284.850       0.000       1.004     129.000      -1.115     129.000      97.000       0.000   90330.000       0.000 -888888.000 -888888.000
 20260806020000
   -30.1833  -69.0667 
  CUESTA_Viento                              SURFACE                                    
  FM-12 SYNOP       CUESTA_Viento         1530  F     F         1
 -888888.000 -888888.000 -888888.000 -888888.000    1530.000       0.000     292.250       0.000      -6.039     129.000      -3.077     129.000      15.000       0.000   84290.000       0.000 -888888.000 -888888.000
 20260806020000
   -31.5194  -68.9851 
  CARACOLES                                  SURFACE                                    
  FM-12 SYNOP       CARACOLES              942  F     F         1
 -888888.000 -888888.000 -888888.000 -888888.000     942.000       0.000     295.550       0.000       2.122     129.000       2.275     129.000      14.000       0.000   89090.000       0.000 -888888.000 -888888.000
 20260806020500
   -31.6500  -68.3000 
  ECOHUMUS                                   SURFACE                                    
  FM-12 SYNOP       ECOHUMUS               600  F     F         1
 -888888.000 -888888.000 -888888.000 -888888.000     600.000       0.000     288.850       0.000       0.040     129.000      -0.073     129.000      51.000       0.000   93390.000       0.000 -888888.000 -888888.000
 20260806020500
   -31.5192  -68.8178 
  PUNTA_NEGRA                                SURFACE                                    
  FM-12 SYNOP       PUNTA_NEGRA            800  F     F         1
 -888888.000 -888888.000 -888888.000 -888888.000     800.000       0.000     295.450       0.000       0.774     129.000       0.081     129.000      13.000       0.000   90400.000       0.000 -888888.000 -888888.000
 20260806020500
   -30.6335  -67.4682 
  VALLE_FERTIL                               SURFACE                                    
  FM-12 SYNOP       VALLE_FERTIL           900  F     F         1
 -888888.000 -888888.000 -888888.000 -888888.000     900.000       0.000     284.750       0.000       1.171     129.000      -1.301     129.000      97.000       0.000   90320.000       0.000 -888888.000 -888888.000
 20260806020500
   -30.1833  -69.0667 
  CUESTA_Viento                              SURFACE                                    
  FM-12 SYNOP       CUESTA_Viento         1530  F     F         1
 -888888.000 -888888.000 -888888.000 -888888.000    1530.000       0.000     291.650       0.000      -5.393     129.000      -2.630     129.000      16.000       0.000   84280.000       0.000 -888888.000 -888888.000
 20260806020500
   -31.5194  -68.9851 
  CARACOLES                                  SURFACE                                    
  FM-12 SYNOP       CARACOLES              942  F     F         1
 -888888.000 -888888.000 -888888.000 -888888.000     942.000       0.000     295.450       0.000       4.684     129.000       3.793     129.000      13.000       0.000   89080.000       0.000 -888888.000 -888888.000
 20260806021000
   -31.6500  -68.3000 
  ECOHUMUS                                   SURFACE                                    
  FM-12 SYNOP       ECOHUMUS               600  F     F         1
 -888888.000 -888888.000 -888888.000 -888888.000     600.000       0.000     287.950       0.000       0.013     129.000      -0.024     129.000      52.000       0.000   93390.000       0.000 -888888.000 -888888.000
 20260806021000
   -31.5192  -68.8178 
  PUNTA_NEGRA                                SURFACE                                    
  FM-12 SYNOP       PUNTA_NEGRA            800  F     F         1
 -888888.000 -888888.000 -888888.000 -888888.000     800.000       0.000     295.450       0.000       0.828     129.000       0.237     129.000      13.000       0.000   90390.000       0.000 -888888.000 -888888.000
 20260806021000
   -30.6335  -67.4682 
  VALLE_FERTIL                               SURFACE                                    
  FM-12 SYNOP       VALLE_FERTIL           900  F     F         1
 -888888.000 -888888.000 -888888.000 -888888.000     900.000       0.000     284.650       0.000       1.815     129.000      -0.771     129.000      97.000       0.000   90320.000       0.000 -888888.000 -888888.000
 20260806021000
   -30.1833  -69.0667 
  CUESTA_Viento                              SURFACE                                    
  FM-12 SYNOP       CUESTA_Viento         1530  F     F         1
 -888888.000 -888888.000 -888888.000 -888888.000    1530.000       0.000     291.850       0.000      -4.458     129.000      -5.505     129.000      17.000       0.000   84280.000       0.000 -888888.000 -888888.000
 20260806021000
   -31.5194  -68.9851 
  CARACOLES                                  SURFACE                                    
  FM-12 SYNOP       CARACOLES              942  F     F         1
 -888888.000 -888888.000 -888888.000 -888888.000     942.000       0.000     295.450       0.000       4.307     129.000       4.016     129.000      14.000       0.000   89100.000       0.000 -888888.000 -888888.000
 20260806021500
   -31.6500  -68.3000 
  ECOHUMUS                                   SURFACE                                    
  FM-12 SYNOP       ECOHUMUS               600  F     F         1
 -888888.000 -888888.000 -888888.000 -888888.000     600.000       0.000     287.850       0.000       0.736     129.000       0.143     129.000      47.000       0.000   93410.000       0.000 -888888.000 -888888.000
 20260806021500
   -31.5192  -68.8178 
  PUNTA_NEGRA                                SURFACE                                    
  FM-12 SYNOP       PUNTA_NEGRA            800  F     F         1
 -888888.000 -888888.000 -888888.000 -888888.000     800.000       0.000     295.650       0.000       1.162     129.000       0.378     129.000      12.000       0.000   90400.000       0.000 -888888.000 -888888.000
 20260806021500
   -30.6335  -67.4682 
  VALLE_FERTIL                               SURFACE                                    
  FM-12 SYNOP       VALLE_FERTIL           900  F     F         1
 -888888.000 -888888.000 -888888.000 -888888.000     900.000       0.000     284.550       0.000       1.512     129.000      -1.512     129.000      97.000       0.000   90310.000       0.000 -888888.000 -888888.000
 20260806021500
   -30.1833  -69.0667 
  CUESTA_Viento                              SURFACE                                    
  FM-12 SYNOP       CUESTA_Viento         1530  F     F         1
 -888888.000 -888888.000 -888888.000 -888888.000    1530.000       0.000     291.850       0.000      -6.843     129.000      -3.638     129.000      16.000       0.000   84280.000       0.000 -888888.000 -888888.000
 20260806021500
   -31.5194  -68.9851 
  CARACOLES                                  SURFACE                                    
  FM-12 SYNOP       CARACOLES              942  F     F         1
 -888888.000 -888888.000 -888888.000 -888888.000     942.000       0.000     295.350       0.000       6.076     129.000       1.974     129.000      14.000       0.000   89080.000       0.000 -888888.000 -888888.000
 20260806022000
   -31.6500  -68.3000 
  ECOHUMUS                                   SURFACE                                    
  FM-12 SYNOP       ECOHUMUS               600  F     F         1
 -888888.000 -888888.000 -888888.000 -888888.000     600.000       0.000     289.450       0.000       0.647     129.000       0.161     129.000      37.000       0.000   93400.000       0.000 -888888.000 -888888.000
 20260806022000
   -31.5192  -68.8178 
  PUNTA_NEGRA                                SURFACE                                    
  FM-12 SYNOP       PUNTA_NEGRA            800  F     F         1
 -888888.000 -888888.000 -888888.000 -888888.000     800.000       0.000     295.750       0.000      -0.517     129.000      -0.376     129.000      13.000       0.000   90380.000       0.000 -888888.000 -888888.000
 20260806022000
   -30.6335  -67.4682 
  VALLE_FERTIL                               SURFACE                                    
  FM-12 SYNOP       VALLE_FERTIL           900  F     F         1
 -888888.000 -888888.000 -888888.000 -888888.000     900.000       0.000     284.550       0.000       1.283     129.000      -1.424     129.000      98.000       0.000   90310.000       0.000 -888888.000 -888888.000
 20260806022000
   -30.1833  -69.0667 
  CUESTA_Viento                              SURFACE                                    
  FM-12 SYNOP       CUESTA_Viento         1530  F     F         1
 -888888.000 -888888.000 -888888.000 -888888.000    1530.000       0.000     292.050       0.000      -6.841     129.000      -3.336     129.000      16.000       0.000   84250.000       0.000 -888888.000 -888888.000
 20260806022000
   -31.5194  -68.9851 
  CARACOLES                                  SURFACE                                    
  FM-12 SYNOP       CARACOLES              942  F     F         1
 -888888.000 -888888.000 -888888.000 -888888.000     942.000       0.000     295.350       0.000       0.717     129.000       4.527     129.000      14.000       0.000   89080.000       0.000 -888888.000 -888888.000
 20260806022500
   -31.6500  -68.3000 
  ECOHUMUS                                   SURFACE                                    
  FM-12 SYNOP       ECOHUMUS               600  F     F         1
 -888888.000 -888888.000 -888888.000 -888888.000     600.000       0.000     289.050       0.000       0.227     129.000       0.349     129.000      45.000       0.000   93390.000       0.000 -888888.000 -888888.000
 20260806022500
   -31.5192  -68.8178 
  PUNTA_NEGRA                                SURFACE                                    
  FM-12 SYNOP       PUNTA_NEGRA            800  F     F         1
 -888888.000 -888888.000 -888888.000 -888888.000     800.000       0.000     295.550       0.000       0.031     129.000      -1.750     129.000      12.000       0.000   90380.000       0.000 -888888.000 -888888.000
 20260806022500
   -30.6335  -67.4682 
  VALLE_FERTIL                               SURFACE                                    
  FM-12 SYNOP       VALLE_FERTIL           900  F     F         1
 -888888.000 -888888.000 -888888.000 -888888.000     900.000       0.000     284.450       0.000       1.385     129.000      -1.593     129.000      98.000       0.000   90290.000       0.000 -888888.000 -888888.000
 20260806022500
   -30.1833  -69.0667 
  CUESTA_Viento                              SURFACE                                    
  FM-12 SYNOP       CUESTA_Viento         1530  F     F         1
 -888888.000 -888888.000 -888888.000 -888888.000    1530.000       0.000     291.850       0.000      -5.863     129.000      -5.279     129.000      17.000       0.000   84260.000       0.000 -888888.000 -888888.000
 20260806022500
   -31.5194  -68.9851 
  CARACOLES                                  SURFACE                                    
  FM-12 SYNOP       CARACOLES              942  F     F         1
 -888888.000 -888888.000 -888888.000 -888888.000     942.000       0.000     295.350       0.000       5.711     129.000       3.999     129.000      14.000       0.000   89060.000       0.000 -888888.000 -888888.000
 20260806023000
   -31.6500  -68.3000 
  ECOHUMUS                                   SURFACE                                    
  FM-12 SYNOP       ECOHUMUS               600  F     F         1
 -888888.000 -888888.000 -888888.000 -888888.000     600.000       0.000     286.950       0.000       0.886     129.000       1.176     129.000      49.000       0.000   93360.000       0.000 -888888.000 -888888.000
 20260806023000
   -31.5192  -68.8178 
  PUNTA_NEGRA                                SURFACE                                    
  FM-12 SYNOP       PUNTA_NEGRA            800  F     F         1
 -888888.000 -888888.000 -888888.000 -888888.000     800.000       0.000     296.450       0.000       2.712     129.000      -0.237     129.000      12.000       0.000   90380.000       0.000 -888888.000 -888888.000
 20260806023000
   -30.6335  -67.4682 
  VALLE_FERTIL                               SURFACE                                    
  FM-12 SYNOP       VALLE_FERTIL           900  F     F         1
 -888888.000 -888888.000 -888888.000 -888888.000     900.000       0.000     284.250       0.000       1.689     129.000      -1.689     129.000      98.000       0.000   90290.000       0.000 -888888.000 -888888.000
 20260806023000
   -30.1833  -69.0667 
  CUESTA_Viento                              SURFACE                                    
  FM-12 SYNOP       CUESTA_Viento         1530  F     F         1
 -888888.000 -888888.000 -888888.000 -888888.000    1530.000       0.000     291.550       0.000      -6.090     129.000      -2.712     129.000      16.000       0.000   84260.000       0.000 -888888.000 -888888.000
 20260806023000
   -31.5194  -68.9851 
  CARACOLES                                  SURFACE                                    
  FM-12 SYNOP       CARACOLES              942  F     F         1
 -888888.000 -888888.000 -888888.000 -888888.000     942.000       0.000     295.350       0.000       2.302     129.000       3.169     129.000      14.000       0.000   89080.000       0.000 -888888.000 -888888.000
 20260806023500
   -31.6500  -68.3000 
  ECOHUMUS                                   SURFACE                                    
  FM-12 SYNOP       ECOHUMUS               600  F     F         1
 -888888.000 -888888.000 -888888.000 -888888.000     600.000       0.000     288.150       0.000       0.083     129.000      -0.521     129.000      43.000       0.000   93380.000       0.000 -888888.000 -888888.000
 20260806023500
   -31.5192  -68.8178 
  PUNTA_NEGRA                                SURFACE                                    
  FM-12 SYNOP       PUNTA_NEGRA            800  F     F         1
 -888888.000 -888888.000 -888888.000 -888888.000     800.000       0.000     296.450       0.000       1.876     129.000      -0.609     129.000      12.000       0.000   90380.000       0.000 -888888.000 -888888.000
 20260806023500
   -30.6335  -67.4682 
  VALLE_FERTIL                               SURFACE                                    
  FM-12 SYNOP       VALLE_FERTIL           900  F     F         1
 -888888.000 -888888.000 -888888.000 -888888.000     900.000       0.000     284.050       0.000       1.930     129.000      -1.800     129.000      98.000       0.000   90280.000       0.000 -888888.000 -888888.000
 20260806023500
   -30.1833  -69.0667 
  CUESTA_Viento                              SURFACE                                    
  FM-12 SYNOP       CUESTA_Viento         1530  F     F         1
 -888888.000 -888888.000 -888888.000 -888888.000    1530.000       0.000     291.850       0.000      -5.370     129.000      -2.279     129.000      15.000       0.000   84250.000       0.000 -888888.000 -888888.000
 20260806023500
   -31.5194  -68.9851 
  CARACOLES                                  SURFACE                                    
  FM-12 SYNOP       CARACOLES              942  F     F         1
 -888888.000 -888888.000 -888888.000 -888888.000     942.000       0.000     295.350       0.000       4.294     129.000       3.866     129.000      14.000       0.000   89110.000       0.000 -888888.000 -888888.000
 20260806024000
   -31.6500  -68.3000 
  ECOHUMUS                                   SURFACE                                    
  FM-12 SYNOP       ECOHUMUS               600  F     F         1
 -888888.000 -888888.000 -888888.000 -888888.000     600.000       0.000     287.850       0.000       0.175     129.000       0.250     129.000      44.000       0.000   93360.000       0.000 -888888.000 -888888.000
 20260806024000
   -31.5192  -68.8178 
  PUNTA_NEGRA                                SURFACE                                    
  FM-12 SYNOP       PUNTA_NEGRA            800  F     F         1
 -888888.000 -888888.000 -888888.000 -888888.000     800.000       0.000     296.150       0.000      -0.639     129.000      -0.617     129.000      12.000       0.000   90390.000       0.000 -888888.000 -888888.000
 20260806024000
   -30.6335  -67.4682 
  VALLE_FERTIL                               SURFACE                                    
  FM-12 SYNOP       VALLE_FERTIL           900  F     F         1
 -888888.000 -888888.000 -888888.000 -888888.000     900.000       0.000     283.650       0.000       1.838     129.000      -1.971     129.000      98.000       0.000   90270.000       0.000 -888888.000 -888888.000
 20260806024000
   -30.1833  -69.0667 
  CUESTA_Viento                              SURFACE                                    
  FM-12 SYNOP       CUESTA_Viento         1530  F     F         1
 -888888.000 -888888.000 -888888.000 -888888.000    1530.000       0.000     291.850       0.000      -5.635     129.000      -1.510     129.000      16.000       0.000   84250.000       0.000 -888888.000 -888888.000
 20260806024000
   -31.5194  -68.9851 
  CARACOLES                                  SURFACE                                    
  FM-12 SYNOP       CARACOLES              942  F     F         1
 -888888.000 -888888.000 -888888.000 -888888.000     942.000       0.000     295.350       0.000       6.094     129.000       2.339     129.000      14.000       0.000   89100.000       0.000 -888888.000 -888888.000
 20260806024500
   -31.6500  -68.3000 
  ECOHUMUS                                   SURFACE                                    
  FM-12 SYNOP       ECOHUMUS               600  F     F         1
 -888888.000 -888888.000 -888888.000 -888888.000     600.000       0.000     287.950       0.000      -1.013     129.000       0.683     129.000      33.000       0.000   93350.000       0.000 -888888.000 -888888.000
 20260806024500
   -31.5192  -68.8178 
  PUNTA_NEGRA                                SURFACE                                    
  FM-12 SYNOP       PUNTA_NEGRA            800  F     F         1
 -888888.000 -888888.000 -888888.000 -888888.000     800.000       0.000     295.850       0.000       0.214     129.000       0.748     129.000      13.000       0.000   90400.000       0.000 -888888.000 -888888.000
 20260806024500
   -30.6335  -67.4682 
  VALLE_FERTIL                               SURFACE                                    
  FM-12 SYNOP       VALLE_FERTIL           900  F     F         1
 -888888.000 -888888.000 -888888.000 -888888.000     900.000       0.000     283.350       0.000       1.553     129.000      -1.851     129.000      98.000       0.000   90250.000       0.000 -888888.000 -888888.000
 20260806024500
   -30.1833  -69.0667 
  CUESTA_Viento                              SURFACE                                    
  FM-12 SYNOP       CUESTA_Viento         1530  F     F         1
 -888888.000 -888888.000 -888888.000 -888888.000    1530.000       0.000     291.650       0.000      -5.551     129.000      -4.033     129.000      17.000       0.000   84250.000       0.000 -888888.000 -888888.000
 20260806024500
   -31.5194  -68.9851 
  CARACOLES                                  SURFACE                                    
  FM-12 SYNOP       CARACOLES              942  F     F         1
 -888888.000 -888888.000 -888888.000 -888888.000     942.000       0.000     295.250       0.000       7.049     129.000       3.287     129.000      14.000       0.000   89080.000       0.000 -888888.000 -888888.000
 20260806025000
   -31.6500  -68.3000 
  ECOHUMUS                                   SURFACE                                    
  FM-12 SYNOP       ECOHUMUS               600  F     F         1
 -888888.000 -888888.000 -888888.000 -888888.000     600.000       0.000     294.950       0.000       2.163     129.000      -3.331     129.000      15.000       0.000   93350.000       0.000 -888888.000 -888888.000
 20260806025000
   -31.5192  -68.8178 
  PUNTA_NEGRA                                SURFACE                                    
  FM-12 SYNOP       PUNTA_NEGRA            800  F     F         1
 -888888.000 -888888.000 -888888.000 -888888.000     800.000       0.000     295.850       0.000       1.037     129.000       0.398     129.000      12.000       0.000   90390.000       0.000 -888888.000 -888888.000
 20260806025000
   -30.6335  -67.4682 
  VALLE_FERTIL                               SURFACE                                    
  FM-12 SYNOP       VALLE_FERTIL           900  F     F         1
 -888888.000 -888888.000 -888888.000 -888888.000     900.000       0.000     283.150       0.000       1.643     129.000      -2.029     129.000      98.000       0.000   90250.000       0.000 -888888.000 -888888.000
 20260806025000
   -30.1833  -69.0667 
  CUESTA_Viento                              SURFACE                                    
  FM-12 SYNOP       CUESTA_Viento         1530  F     F         1
 -888888.000 -888888.000 -888888.000 -888888.000    1530.000       0.000     291.650       0.000      -5.651     129.000      -2.399     129.000      17.000       0.000   84260.000       0.000 -888888.000 -888888.000
 20260806025000
   -31.5194  -68.9851 
  CARACOLES                                  SURFACE                                    
  FM-12 SYNOP       CARACOLES              942  F     F         1
 -888888.000 -888888.000 -888888.000 -888888.000     942.000       0.000     295.150       0.000       1.853     129.000       6.462     129.000      14.000       0.000   89080.000       0.000 -888888.000 -888888.000
 20260806025500
   -31.6500  -68.3000 
  ECOHUMUS                                   SURFACE                                    
  FM-12 SYNOP       ECOHUMUS               600  F     F         1
 -888888.000 -888888.000 -888888.000 -888888.000     600.000       0.000     296.650       0.000       3.680     129.000      -1.340     129.000      14.000       0.000   93340.000       0.000 -888888.000 -888888.000
 20260806025500
   -31.5192  -68.8178 
  PUNTA_NEGRA                                SURFACE                                    
  FM-12 SYNOP       PUNTA_NEGRA            800  F     F         1
 -888888.000 -888888.000 -888888.000 -888888.000     800.000       0.000     295.950       0.000       0.819     129.000      -0.266     129.000      13.000       0.000   90380.000       0.000 -888888.000 -888888.000
 20260806025500
   -30.6335  -67.4682 
  VALLE_FERTIL                               SURFACE                                    
  FM-12 SYNOP       VALLE_FERTIL           900  F     F         1
 -888888.000 -888888.000 -888888.000 -888888.000     900.000       0.000     282.950       0.000       1.097     129.000      -1.900     129.000      98.000       0.000   90230.000       0.000 -888888.000 -888888.000
 20260806025500
   -30.1833  -69.0667 
  CUESTA_Viento                              SURFACE                                    
  FM-12 SYNOP       CUESTA_Viento         1530  F     F         1
 -888888.000 -888888.000 -888888.000 -888888.000    1530.000       0.000     291.050       0.000      -4.007     129.000      -2.602     129.000      19.000       0.000   84260.000       0.000 -888888.000 -888888.000
 20260806025500
   -31.5194  -68.9851 
  CARACOLES                                  SURFACE                                    
  FM-12 SYNOP       CARACOLES              942  F     F         1
 -888888.000 -888888.000 -888888.000 -888888.000     942.000       0.000     295.150       0.000       3.865     129.000       4.144     129.000      14.000       0.000   89080.000       0.000 -888888.000 -888888.000
 20260806030000
   -31.6500  -68.3000 
  ECOHUMUS                                   SURFACE                                    
  FM-12 SYNOP       ECOHUMUS               600  F     F         1
 -888888.000 -888888.000 -888888.000 -888888.000     600.000       0.000     297.350       0.000       3.960     129.000      -2.195     129.000      13.000       0.000   93340.000       0.000 -888888.000 -888888.000
 20260806030000
   -31.5192  -68.8178 
  PUNTA_NEGRA                                SURFACE                                    
  FM-12 SYNOP       PUNTA_NEGRA            800  F     F         1
 -888888.000 -888888.000 -888888.000 -888888.000     800.000       0.000     295.850       0.000       1.393     129.000      -1.012     129.000      13.000       0.000   90390.000       0.000 -888888.000 -888888.000
 20260806030000
   -30.6335  -67.4682 
  VALLE_FERTIL                               SURFACE                                    
  FM-12 SYNOP       VALLE_FERTIL           900  F     F         1
 -888888.000 -888888.000 -888888.000 -888888.000     900.000       0.000     282.850       0.000       1.052     129.000      -1.502     129.000      98.000       0.000   90220.000       0.000 -888888.000 -888888.000
 20260806030000
   -30.1833  -69.0667 
  CUESTA_Viento                              SURFACE                                    
  FM-12 SYNOP       CUESTA_Viento         1530  F     F         1
 -888888.000 -888888.000 -888888.000 -888888.000    1530.000       0.000     291.350       0.000      -4.515     129.000      -4.676     129.000      17.000       0.000   84250.000       0.000 -888888.000 -888888.000
 20260806030000
   -31.5194  -68.9851 
  CARACOLES                                  SURFACE                                    
  FM-12 SYNOP       CARACOLES              942  F     F         1
 -888888.000 -888888.000 -888888.000 -888888.000     942.000       0.000     295.150       0.000       5.060     129.000       2.360     129.000      14.000       0.000   89070.000       0.000 -888888.000 -888888.000
 20260806030500
   -31.6500  -68.3000 
  ECOHUMUS                                   SURFACE                                    
  FM-12 SYNOP       ECOHUMUS               600  F     F         1
 -888888.000 -888888.000 -888888.000 -888888.000     600.000       0.000     297.450       0.000       4.096     129.000      -3.956     129.000      12.000       0.000   93350.000       0.000 -888888.000 -888888.000
 20260806030500
   -31.5192  -68.8178 
  PUNTA_NEGRA                                SURFACE                                    
  FM-12 SYNOP       PUNTA_NEGRA            800  F     F         1
 -888888.000 -888888.000 -888888.000 -888888.000     800.000       0.000     296.250       0.000       1.320     129.000       0.186     129.000      12.000       0.000   90390.000       0.000 -888888.000 -888888.000
 20260806030500
   -30.6335  -67.4682 
  VALLE_FERTIL                               SURFACE                                    
  FM-12 SYNOP       VALLE_FERTIL           900  F     F         1
 -888888.000 -888888.000 -888888.000 -888888.000     900.000       0.000     282.750       0.000       1.532     129.000      -1.197     129.000      98.000       0.000   90200.000       0.000 -888888.000 -888888.000
 20260806030500
   -30.1833  -69.0667 
  CUESTA_Viento                              SURFACE                                    
  FM-12 SYNOP       CUESTA_Viento         1530  F     F         1
 -888888.000 -888888.000 -888888.000 -888888.000    1530.000       0.000     291.750       0.000      -6.761     129.000      -2.461     129.000      16.000       0.000   84240.000       0.000 -888888.000 -888888.000
 20260806030500
   -31.5194  -68.9851 
  CARACOLES                                  SURFACE                                    
  FM-12 SYNOP       CARACOLES              942  F     F         1
 -888888.000 -888888.000 -888888.000 -888888.000     942.000       0.000     295.050       0.000       2.622     129.000       3.238     129.000      14.000       0.000   89090.000       0.000 -888888.000 -888888.000
 20260806031000
   -31.6500  -68.3000 
  ECOHUMUS                                   SURFACE                                    
  FM-12 SYNOP       ECOHUMUS               600  F     F         1
 -888888.000 -888888.000 -888888.000 -888888.000     600.000       0.000     297.850       0.000       3.109     129.000      -4.126     129.000      12.000       0.000   93350.000       0.000 -888888.000 -888888.000
 20260806031000
   -31.5192  -68.8178 
  PUNTA_NEGRA                                SURFACE                                    
  FM-12 SYNOP       PUNTA_NEGRA            800  F     F         1
 -888888.000 -888888.000 -888888.000 -888888.000     800.000       0.000     295.950       0.000       1.023     129.000       1.059     129.000      12.000       0.000   90380.000       0.000 -888888.000 -888888.000
 20260806031000
   -30.6335  -67.4682 
  VALLE_FERTIL                               SURFACE                                    
  FM-12 SYNOP       VALLE_FERTIL           900  F     F         1
 -888888.000 -888888.000 -888888.000 -888888.000     900.000       0.000     282.550       0.000       1.023     129.000      -1.846     129.000      98.000       0.000   90190.000       0.000 -888888.000 -888888.000
 20260806031000
   -30.1833  -69.0667 
  CUESTA_Viento                              SURFACE                                    
  FM-12 SYNOP       CUESTA_Viento         1530  F     F         1
 -888888.000 -888888.000 -888888.000 -888888.000    1530.000       0.000     291.650       0.000      -5.413     129.000      -4.079     129.000      16.000       0.000   84230.000       0.000 -888888.000 -888888.000
 20260806031000
   -31.5194  -68.9851 
  CARACOLES                                  SURFACE                                    
  FM-12 SYNOP       CARACOLES              942  F     F         1
 -888888.000 -888888.000 -888888.000 -888888.000     942.000       0.000     295.050       0.000       5.618     129.000       2.863     129.000      14.000       0.000   89100.000       0.000 -888888.000 -888888.000
 20260806031500
   -31.6500  -68.3000 
  ECOHUMUS                                   SURFACE                                    
  FM-12 SYNOP       ECOHUMUS               600  F     F         1
 -888888.000 -888888.000 -888888.000 -888888.000     600.000       0.000     297.850       0.000       3.461     129.000      -4.764     129.000      12.000       0.000   93350.000       0.000 -888888.000 -888888.000
 20260806031500
   -31.5192  -68.8178 
  PUNTA_NEGRA                                SURFACE                                    
  FM-12 SYNOP       PUNTA_NEGRA            800  F     F         1
 -888888.000 -888888.000 -888888.000 -888888.000     800.000       0.000     295.750       0.000       0.698     129.000       0.403     129.000      13.000       0.000   90370.000       0.000 -888888.000 -888888.000
 20260806031500
   -30.6335  -67.4682 
  VALLE_FERTIL                               SURFACE                                    
  FM-12 SYNOP       VALLE_FERTIL           900  F     F         1
 -888888.000 -888888.000 -888888.000 -888888.000     900.000       0.000     282.450       0.000       1.237     129.000      -1.642     129.000      98.000       0.000   90160.000       0.000 -888888.000 -888888.000
 20260806031500
   -30.1833  -69.0667 
  CUESTA_Viento                              SURFACE                                    
  FM-12 SYNOP       CUESTA_Viento         1530  F     F         1
 -888888.000 -888888.000 -888888.000 -888888.000    1530.000       0.000     291.750       0.000      -5.285     129.000      -5.668     129.000      16.000       0.000   84230.000       0.000 -888888.000 -888888.000
 20260806031500
   -31.5194  -68.9851 
  CARACOLES                                  SURFACE                                    
  FM-12 SYNOP       CARACOLES              942  F     F         1
 -888888.000 -888888.000 -888888.000 -888888.000     942.000       0.000     294.950       0.000       7.031     129.000       2.841     129.000      14.000       0.000   89070.000       0.000 -888888.000 -888888.000
 20260806032000
   -31.6500  -68.3000 
  ECOHUMUS                                   SURFACE                                    
  FM-12 SYNOP       ECOHUMUS               600  F     F         1
 -888888.000 -888888.000 -888888.000 -888888.000     600.000       0.000     297.550       0.000       1.914     129.000      -4.104     129.000      12.000       0.000   93350.000       0.000 -888888.000 -888888.000
 20260806032000
   -31.5192  -68.8178 
  PUNTA_NEGRA                                SURFACE                                    
  FM-12 SYNOP       PUNTA_NEGRA            800  F     F         1
 -888888.000 -888888.000 -888888.000 -888888.000     800.000       0.000     295.550       0.000       0.576     129.000      -0.091     129.000      13.000       0.000   90380.000       0.000 -888888.000 -888888.000
 20260806032000
   -30.6335  -67.4682 
  VALLE_FERTIL                               SURFACE                                    
  FM-12 SYNOP       VALLE_FERTIL           900  F     F         1
 -888888.000 -888888.000 -888888.000 -888888.000     900.000       0.000     282.350       0.000       1.832     129.000      -0.933     129.000      98.000       0.000   90160.000       0.000 -888888.000 -888888.000
 20260806032000
   -30.1833  -69.0667 
  CUESTA_Viento                              SURFACE                                    
  FM-12 SYNOP       CUESTA_Viento         1530  F     F         1
 -888888.000 -888888.000 -888888.000 -888888.000    1530.000       0.000     291.450       0.000      -4.888     129.000      -5.241     129.000      18.000       0.000   84230.000       0.000 -888888.000 -888888.000
 20260806032000
   -31.5194  -68.9851 
  CARACOLES                                  SURFACE                                    
  FM-12 SYNOP       CARACOLES              942  F     F         1
 -888888.000 -888888.000 -888888.000 -888888.000     942.000       0.000     294.950       0.000       8.607     129.000       1.987     129.000      14.000       0.000   89070.000       0.000 -888888.000 -888888.000
 20260806032500
   -31.6500  -68.3000 
  ECOHUMUS                                   SURFACE                                    
  FM-12 SYNOP       ECOHUMUS               600  F     F         1
 -888888.000 -888888.000 -888888.000 -888888.000     600.000       0.000     297.350       0.000       2.788     129.000      -3.208     129.000      12.000       0.000   93350.000       0.000 -888888.000 -888888.000
 20260806032500
   -31.5192  -68.8178 
  PUNTA_NEGRA                                SURFACE                                    
  FM-12 SYNOP       PUNTA_NEGRA            800  F     F         1
 -888888.000 -888888.000 -888888.000 -888888.000     800.000       0.000     295.550       0.000       1.154     129.000       0.309     129.000      13.000       0.000   90380.000       0.000 -888888.000 -888888.000
 20260806032500
   -30.6335  -67.4682 
  VALLE_FERTIL                               SURFACE                                    
  FM-12 SYNOP       VALLE_FERTIL           900  F     F         1
 -888888.000 -888888.000 -888888.000 -888888.000     900.000       0.000     282.250       0.000       2.714     129.000      -1.631     129.000      98.000       0.000   90150.000       0.000 -888888.000 -888888.000
 20260806032500
   -30.1833  -69.0667 
  CUESTA_Viento                              SURFACE                                    
  FM-12 SYNOP       CUESTA_Viento         1530  F     F         1
 -888888.000 -888888.000 -888888.000 -888888.000    1530.000       0.000     291.550       0.000      -6.697     129.000      -3.123     129.000      17.000       0.000   84220.000       0.000 -888888.000 -888888.000
 20260806032500
   -31.5194  -68.9851 
  CARACOLES                                  SURFACE                                    
  FM-12 SYNOP       CARACOLES              942  F     F         1
 -888888.000 -888888.000 -888888.000 -888888.000     942.000       0.000     294.950       0.000       3.375     129.000       4.022     129.000      14.000       0.000   89090.000       0.000 -888888.000 -888888.000
 20260806033000
   -31.6500  -68.3000 
  ECOHUMUS                                   SURFACE                                    
  FM-12 SYNOP       ECOHUMUS               600  F     F         1
 -888888.000 -888888.000 -888888.000 -888888.000     600.000       0.000     296.950       0.000       2.480     129.000      -1.737     129.000      13.000       0.000   93360.000       0.000 -888888.000 -888888.000
 20260806033000
   -31.5192  -68.8178 
  PUNTA_NEGRA                                SURFACE                                    
  FM-12 SYNOP       PUNTA_NEGRA            800  F     F         1
 -888888.000 -888888.000 -888888.000 -888888.000     800.000       0.000     295.850       0.000      -0.742     129.000      -2.154     129.000      13.000       0.000   90350.000       0.000 -888888.000 -888888.000
 20260806033000
   -30.6335  -67.4682 
  VALLE_FERTIL                               SURFACE                                    
  FM-12 SYNOP       VALLE_FERTIL           900  F     F         1
 -888888.000 -888888.000 -888888.000 -888888.000     900.000       0.000     282.950       0.000       2.123     129.000      -1.659     129.000      89.000       0.000   90130.000       0.000 -888888.000 -888888.000
 20260806033000
   -30.1833  -69.0667 
  CUESTA_Viento                              SURFACE                                    
  FM-12 SYNOP       CUESTA_Viento         1530  F     F         1
 -888888.000 -888888.000 -888888.000 -888888.000    1530.000       0.000     291.550       0.000      -6.572     129.000      -3.949     129.000      17.000       0.000   84230.000       0.000 -888888.000 -888888.000
 20260806033000
   -31.5194  -68.9851 
  CARACOLES                                  SURFACE                                    
  FM-12 SYNOP       CARACOLES              942  F     F         1
 -888888.000 -888888.000 -888888.000 -888888.000     942.000       0.000     294.850       0.000       4.422     129.000       2.982     129.000      14.000       0.000   89080.000       0.000 -888888.000 -888888.000
 20260806033500
   -31.6500  -68.3000 
  ECOHUMUS                                   SURFACE                                    
  FM-12 SYNOP       ECOHUMUS               600  F     F         1
 -888888.000 -888888.000 -888888.000 -888888.000     600.000       0.000     296.950       0.000       3.646     129.000      -1.185     129.000      12.000       0.000   93360.000       0.000 -888888.000 -888888.000
 20260806033500
   -31.5192  -68.8178 
  PUNTA_NEGRA                                SURFACE                                    
  FM-12 SYNOP       PUNTA_NEGRA            800  F     F         1
 -888888.000 -888888.000 -888888.000 -888888.000     800.000       0.000     296.050       0.000       0.943     129.000      -0.235     129.000      13.000       0.000   90360.000       0.000 -888888.000 -888888.000
 20260806033500
   -30.6335  -67.4682 
  VALLE_FERTIL                               SURFACE                                    
  FM-12 SYNOP       VALLE_FERTIL           900  F     F         1
 -888888.000 -888888.000 -888888.000 -888888.000     900.000       0.000     284.050       0.000       0.916     129.000      -1.359     129.000      82.000       0.000   90120.000       0.000 -888888.000 -888888.000
 20260806033500
   -30.1833  -69.0667 
  CUESTA_Viento                              SURFACE                                    
  FM-12 SYNOP       CUESTA_Viento         1530  F     F         1
 -888888.000 -888888.000 -888888.000 -888888.000    1530.000       0.000     291.450       0.000      -6.502     129.000      -4.063     129.000      17.000       0.000   84220.000       0.000 -888888.000 -888888.000
 20260806033500
   -31.5194  -68.9851 
  CARACOLES                                  SURFACE                                    
  FM-12 SYNOP       CARACOLES              942  F     F         1
 -888888.000 -888888.000 -888888.000 -888888.000     942.000       0.000     294.850       0.000       3.828     129.000       5.080     129.000      14.000       0.000   89050.000       0.000 -888888.000 -888888.000
 20260806034000
   -31.6500  -68.3000 
  ECOHUMUS                                   SURFACE                                    
  FM-12 SYNOP       ECOHUMUS               600  F     F         1
 -888888.000 -888888.000 -888888.000 -888888.000     600.000       0.000     296.950       0.000       1.729     129.000      -3.545     129.000      12.000       0.000   93360.000       0.000 -888888.000 -888888.000
 20260806034000
   -31.5192  -68.8178 
  PUNTA_NEGRA                                SURFACE                                    
  FM-12 SYNOP       PUNTA_NEGRA            800  F     F         1
 -888888.000 -888888.000 -888888.000 -888888.000     800.000       0.000     295.850       0.000       1.351     129.000       0.166     129.000      13.000       0.000   90380.000       0.000 -888888.000 -888888.000
 20260806034000
   -30.6335  -67.4682 
  VALLE_FERTIL                               SURFACE                                    
  FM-12 SYNOP       VALLE_FERTIL           900  F     F         1
 -888888.000 -888888.000 -888888.000 -888888.000     900.000       0.000     283.550       0.000       0.917     129.000      -1.588     129.000      79.000       0.000   90120.000       0.000 -888888.000 -888888.000
 20260806034000
   -30.1833  -69.0667 
  CUESTA_Viento                              SURFACE                                    
  FM-12 SYNOP       CUESTA_Viento         1530  F     F         1
 -888888.000 -888888.000 -888888.000 -888888.000    1530.000       0.000     291.550       0.000      -7.873     129.000      -4.186     129.000      16.000       0.000   84230.000       0.000 -888888.000 -888888.000
 20260806034000
   -31.5194  -68.9851 
  CARACOLES                                  SURFACE                                    
  FM-12 SYNOP       CARACOLES              942  F     F         1
 -888888.000 -888888.000 -888888.000 -888888.000     942.000       0.000     294.850       0.000       6.909     129.000       4.660     129.000      14.000       0.000   89070.000       0.000 -888888.000 -888888.000
 20260806034500
   -31.6500  -68.3000 
  ECOHUMUS                                   SURFACE                                    
  FM-12 SYNOP       ECOHUMUS               600  F     F         1
 -888888.000 -888888.000 -888888.000 -888888.000     600.000       0.000     296.950       0.000       0.404     129.000      -3.840     129.000      12.000       0.000   93350.000       0.000 -888888.000 -888888.000
 20260806034500
   -31.5192  -68.8178 
  PUNTA_NEGRA                                SURFACE                                    
  FM-12 SYNOP       PUNTA_NEGRA            800  F     F         1
 -888888.000 -888888.000 -888888.000 -888888.000     800.000       0.000     295.650       0.000       0.458     129.000       0.794     129.000      14.000       0.000   90380.000       0.000 -888888.000 -888888.000
 20260806034500
   -30.6335  -67.4682 
  VALLE_FERTIL                               SURFACE                                    
  FM-12 SYNOP       VALLE_FERTIL           900  F     F         1
 -888888.000 -888888.000 -888888.000 -888888.000     900.000       0.000     284.850       0.000       2.162     129.000      -1.199     129.000      64.000       0.000   90110.000       0.000 -888888.000 -888888.000
 20260806034500
   -30.1833  -69.0667 
  CUESTA_Viento                              SURFACE                                    
  FM-12 SYNOP       CUESTA_Viento         1530  F     F         1
 -888888.000 -888888.000 -888888.000 -888888.000    1530.000       0.000     291.550       0.000      -6.435     129.000      -5.028     129.000      16.000       0.000   84230.000       0.000 -888888.000 -888888.000
 20260806034500
   -31.5194  -68.9851 
  CARACOLES                                  SURFACE                                    
  FM-12 SYNOP       CARACOLES              942  F     F         1
 -888888.000 -888888.000 -888888.000 -888888.000     942.000       0.000     294.750       0.000       5.243     129.000       2.557     129.000      14.000       0.000   89040.000       0.000 -888888.000 -888888.000
 20260806035000
   -31.6500  -68.3000 
  ECOHUMUS                                   SURFACE                                    
  FM-12 SYNOP       ECOHUMUS               600  F     F         1
 -888888.000 -888888.000 -888888.000 -888888.000     600.000       0.000     297.150       0.000       2.119     129.000      -3.026     129.000      12.000       0.000   93350.000       0.000 -888888.000 -888888.000
 20260806035000
   -31.5192  -68.8178 
  PUNTA_NEGRA                                SURFACE                                    
  FM-12 SYNOP       PUNTA_NEGRA            800  F     F         1
 -888888.000 -888888.000 -888888.000 -888888.000     800.000       0.000     295.550       0.000       0.746     129.000       0.078     129.000      13.000       0.000   90360.000       0.000 -888888.000 -888888.000
 20260806035000
   -30.6335  -67.4682 
  VALLE_FERTIL                               SURFACE                                    
  FM-12 SYNOP       VALLE_FERTIL           900  F     F         1
 -888888.000 -888888.000 -888888.000 -888888.000     900.000       0.000     289.650       0.000       3.631     129.000       1.394     129.000      35.000       0.000   90110.000       0.000 -888888.000 -888888.000
 20260806035000
   -30.1833  -69.0667 
  CUESTA_Viento                              SURFACE                                    
  FM-12 SYNOP       CUESTA_Viento         1530  F     F         1
 -888888.000 -888888.000 -888888.000 -888888.000    1530.000       0.000     291.350       0.000      -4.977     129.000      -6.370     129.000      18.000       0.000   84230.000       0.000 -888888.000 -888888.000
 20260806035000
   -31.5194  -68.9851 
  CARACOLES                                  SURFACE                                    
  FM-12 SYNOP       CARACOLES              942  F     F         1
 -888888.000 -888888.000 -888888.000 -888888.000     942.000       0.000     294.750       0.000       5.582     129.000       4.361     129.000      14.000       0.000   89060.000       0.000 -888888.000 -888888.000
 20260806035500
   -31.6500  -68.3000 
  ECOHUMUS                                   SURFACE                                    
  FM-12 SYNOP       ECOHUMUS               600  F     F         1
 -888888.000 -888888.000 -888888.000 -888888.000     600.000       0.000     296.650       0.000       1.659     129.000      -1.718     129.000      13.000       0.000   93360.000       0.000 -888888.000 -888888.000
 20260806035500
   -31.5192  -68.8178 
  PUNTA_NEGRA                                SURFACE                                    
  FM-12 SYNOP       PUNTA_NEGRA            800  F     F         1
 -888888.000 -888888.000 -888888.000 -888888.000     800.000       0.000     295.450       0.000       0.118     129.000       0.188     129.000      14.000       0.000   90370.000       0.000 -888888.000 -888888.000
 20260806035500
   -30.6335  -67.4682 
  VALLE_FERTIL                               SURFACE                                    
  FM-12 SYNOP       VALLE_FERTIL           900  F     F         1
 -888888.000 -888888.000 -888888.000 -888888.000     900.000       0.000     292.150       0.000       4.559     129.000       1.842     129.000      30.000       0.000   90130.000       0.000 -888888.000 -888888.000
 20260806035500
   -30.1833  -69.0667 
  CUESTA_Viento                              SURFACE                                    
  FM-12 SYNOP       CUESTA_Viento         1530  F     F         1
 -888888.000 -888888.000 -888888.000 -888888.000    1530.000       0.000     291.150       0.000      -6.313     129.000      -4.100     129.000      17.000       0.000   84230.000       0.000 -888888.000 -888888.000
 20260806035500
   -31.5194  -68.9851 
  CARACOLES                                  SURFACE                                    
  FM-12 SYNOP       CARACOLES              942  F     F         1
 -888888.000 -888888.000 -888888.000 -888888.000     942.000       0.000     294.650       0.000       4.091     129.000       4.236     129.000      14.000       0.000   89060.000       0.000 -888888.000 -888888.000
 20260806040000
   -31.6500  -68.3000 
  ECOHUMUS                                   SURFACE                                    
  FM-12 SYNOP       ECOHUMUS               600  F     F         1
 -888888.000 -888888.000 -888888.000 -888888.000     600.000       0.000     296.350       0.000       1.837     129.000      -1.654     129.000      13.000       0.000   93380.000       0.000 -888888.000 -888888.000
 20260806040000
   -31.5192  -68.8178 
  PUNTA_NEGRA                                SURFACE                                    
  FM-12 SYNOP       PUNTA_NEGRA            800  F     F         1
 -888888.000 -888888.000 -888888.000 -888888.000     800.000       0.000     295.050       0.000      -0.755     129.000      -0.188     129.000      14.000       0.000   90380.000       0.000 -888888.000 -888888.000
 20260806040000
   -30.6335  -67.4682 
  VALLE_FERTIL                               SURFACE                                    
  FM-12 SYNOP       VALLE_FERTIL           900  F     F         1
 -888888.000 -888888.000 -888888.000 -888888.000     900.000       0.000     292.450       0.000       3.963     129.000       1.682     129.000      28.000       0.000   90110.000       0.000 -888888.000 -888888.000
 20260806040000
   -30.1833  -69.0667 
  CUESTA_Viento                              SURFACE                                    
  FM-12 SYNOP       CUESTA_Viento         1530  F     F         1
 -888888.000 -888888.000 -888888.000 -888888.000    1530.000       0.000     291.050       0.000      -7.858     129.000      -6.140     129.000      18.000       0.000   84220.000       0.000 -888888.000 -888888.000
 20260806040000
   -31.5194  -68.9851 
  CARACOLES                                  SURFACE                                    
  FM-12 SYNOP       CARACOLES              942  F     F         1
 -888888.000 -888888.000 -888888.000 -888888.000     942.000       0.000     294.650       0.000       6.646     129.000       3.099     129.000      14.000       0.000   89050.000       0.000 -888888.000 -888888.000
 20260806040500
   -31.6500  -68.3000 
  ECOHUMUS                                   SURFACE                                    
  FM-12 SYNOP       ECOHUMUS               600  F     F         1
 -888888.000 -888888.000 -888888.000 -888888.000     600.000       0.000     295.950       0.000       1.614     129.000      -0.285     129.000      13.000       0.000   93380.000       0.000 -888888.000 -888888.000
 20260806040500
   -31.5192  -68.8178 
  PUNTA_NEGRA                                SURFACE                                    
  FM-12 SYNOP       PUNTA_NEGRA            800  F     F         1
 -888888.000 -888888.000 -888888.000 -888888.000     800.000       0.000     295.250       0.000       1.581     129.000      -0.083     129.000      14.000       0.000   90370.000       0.000 -888888.000 -888888.000
 20260806040500
   -30.6335  -67.4682 
  VALLE_FERTIL                               SURFACE                                    
  FM-12 SYNOP       VALLE_FERTIL           900  F     F         1
 -888888.000 -888888.000 -888888.000 -888888.000     900.000       0.000     292.450       0.000       3.825     129.000       2.208     129.000      27.000       0.000   90120.000       0.000 -888888.000 -888888.000
 20260806040500
   -30.1833  -69.0667 
  CUESTA_Viento                              SURFACE                                    
  FM-12 SYNOP       CUESTA_Viento         1530  F     F         1
 -888888.000 -888888.000 -888888.000 -888888.000    1530.000       0.000     290.950       0.000      -7.024     129.000      -3.275     129.000      18.000       0.000   84220.000       0.000 -888888.000 -888888.000
 20260806040500
   -31.5194  -68.9851 
  CARACOLES                                  SURFACE                                    
  FM-12 SYNOP       CARACOLES              942  F     F         1
 -888888.000 -888888.000 -888888.000 -888888.000     942.000       0.000     294.650       0.000       5.790     129.000       2.700     129.000      15.000       0.000   89050.000       0.000 -888888.000 -888888.000
 20260806041000
   -31.6500  -68.3000 
  ECOHUMUS                                   SURFACE                                    
  FM-12 SYNOP       ECOHUMUS               600  F     F         1
 -888888.000 -888888.000 -888888.000 -888888.000     600.000       0.000     295.450       0.000       1.079     129.000      -0.094     129.000      14.000       0.000   93370.000       0.000 -888888.000 -888888.000
 20260806041000
   -31.5192  -68.8178 
  PUNTA_NEGRA                                SURFACE                                    
  FM-12 SYNOP       PUNTA_NEGRA            800  F     F         1
 -888888.000 -888888.000 -888888.000 -888888.000     800.000       0.000     295.450       0.000       1.786     129.000      -0.412     129.000      14.000       0.000   90350.000       0.000 -888888.000 -888888.000
 20260806041000
   -30.6335  -67.4682 
  VALLE_FERTIL                               SURFACE                                    
  FM-12 SYNOP       VALLE_FERTIL           900  F     F         1
 -888888.000 -888888.000 -888888.000 -888888.000     900.000       0.000     292.750       0.000       3.849     129.000       2.222     129.000      25.000       0.000   90140.000       0.000 -888888.000 -888888.000
 20260806041000
   -30.1833  -69.0667 
  CUESTA_Viento                              SURFACE                                    
  FM-12 SYNOP       CUESTA_Viento         1530  F     F         1
 -888888.000 -888888.000 -888888.000 -888888.000    1530.000       0.000     291.050       0.000      -7.537     129.000      -3.356     129.000      17.000       0.000   84190.000       0.000 -888888.000 -888888.000
 20260806041000
   -31.5194  -68.9851 
  CARACOLES                                  SURFACE                                    
  FM-12 SYNOP       CARACOLES              942  F     F         1
 -888888.000 -888888.000 -888888.000 -888888.000     942.000       0.000     294.650       0.000       6.115     129.000       1.753     129.000      15.000       0.000   89070.000       0.000 -888888.000 -888888.000
 20260806041500
   -31.6500  -68.3000 
  ECOHUMUS                                   SURFACE                                    
  FM-12 SYNOP       ECOHUMUS               600  F     F         1
 -888888.000 -888888.000 -888888.000 -888888.000     600.000       0.000     294.850       0.000       1.306     129.000       0.000     129.000      14.000       0.000   93370.000       0.000 -888888.000 -888888.000
 20260806041500
   -31.5192  -68.8178 
  PUNTA_NEGRA                                SURFACE                                    
  FM-12 SYNOP       PUNTA_NEGRA            800  F     F         1
 -888888.000 -888888.000 -888888.000 -888888.000     800.000       0.000     295.250       0.000       0.441     129.000      -0.866     129.000      14.000       0.000   90360.000       0.000 -888888.000 -888888.000
 20260806041500
   -30.6335  -67.4682 
  VALLE_FERTIL                               SURFACE                                    
  FM-12 SYNOP       VALLE_FERTIL           900  F     F         1
 -888888.000 -888888.000 -888888.000 -888888.000     900.000       0.000     292.850       0.000       3.825     129.000       2.208     129.000      25.000       0.000   90150.000       0.000 -888888.000 -888888.000
 20260806041500
   -30.1833  -69.0667 
  CUESTA_Viento                              SURFACE                                    
  FM-12 SYNOP       CUESTA_Viento         1530  F     F         1
 -888888.000 -888888.000 -888888.000 -888888.000    1530.000       0.000     291.150       0.000      -8.962     129.000      -4.179     129.000      18.000       0.000   84180.000       0.000 -888888.000 -888888.000
 20260806041500
   -31.5194  -68.9851 
  CARACOLES                                  SURFACE                                    
  FM-12 SYNOP       CARACOLES              942  F     F         1
 -888888.000 -888888.000 -888888.000 -888888.000     942.000       0.000     294.550       0.000       4.562     129.000       3.314     129.000      15.000       0.000   89060.000       0.000 -888888.000 -888888.000
 20260806042000
   -31.6500  -68.3000 
  ECOHUMUS                                   SURFACE                                    
  FM-12 SYNOP       ECOHUMUS               600  F     F         1
 -888888.000 -888888.000 -888888.000 -888888.000     600.000       0.000     294.850       0.000       0.882     129.000      -0.108     129.000      14.000       0.000   93390.000       0.000 -888888.000 -888888.000
 20260806042000
   -31.5192  -68.8178 
  PUNTA_NEGRA                                SURFACE                                    
  FM-12 SYNOP       PUNTA_NEGRA            800  F     F         1
 -888888.000 -888888.000 -888888.000 -888888.000     800.000       0.000     295.150       0.000       0.259     129.000       0.674     129.000      14.000       0.000   90370.000       0.000 -888888.000 -888888.000
 20260806042000
   -30.6335  -67.4682 
  VALLE_FERTIL                               SURFACE                                    
  FM-12 SYNOP       VALLE_FERTIL           900  F     F         1
 -888888.000 -888888.000 -888888.000 -888888.000     900.000       0.000     292.850       0.000       3.741     129.000       0.526     129.000      25.000       0.000   90160.000       0.000 -888888.000 -888888.000
 20260806042000
   -30.1833  -69.0667 
  CUESTA_Viento                              SURFACE                                    
  FM-12 SYNOP       CUESTA_Viento         1530  F     F         1
 -888888.000 -888888.000 -888888.000 -888888.000    1530.000       0.000     290.850       0.000      -7.113     129.000      -3.782     129.000      19.000       0.000   84160.000       0.000 -888888.000 -888888.000
 20260806042000
   -31.5194  -68.9851 
  CARACOLES                                  SURFACE                                    
  FM-12 SYNOP       CARACOLES              942  F     F         1
 -888888.000 -888888.000 -888888.000 -888888.000     942.000       0.000     294.550       0.000       4.279     129.000       1.643     129.000      15.000       0.000   89070.000       0.000 -888888.000 -888888.000
 20260806042500
   -31.6500  -68.3000 
  ECOHUMUS                                   SURFACE                                    
  FM-12 SYNOP       ECOHUMUS               600  F     F         1
 -888888.000 -888888.000 -888888.000 -888888.000     600.000       0.000     294.550       0.000       0.406     129.000      -1.415     129.000      14.000       0.000   93390.000       0.000 -888888.000 -888888.000
 20260806042500
   -31.5192  -68.8178 
  PUNTA_NEGRA                                SURFACE                                    
  FM-12 SYNOP       PUNTA_NEGRA            800  F     F         1
 -888888.000 -888888.000 -888888.000 -888888.000     800.000       0.000     294.950       0.000       0.409     129.000       0.174     129.000      14.000       0.000   90380.000       0.000 -888888.000 -888888.000
 20260806042500
   -30.6335  -67.4682 
  VALLE_FERTIL                               SURFACE                                    
  FM-12 SYNOP       VALLE_FERTIL           900  F     F         1
 -888888.000 -888888.000 -888888.000 -888888.000     900.000       0.000     292.850       0.000       4.069     129.000       1.644     129.000      23.000       0.000   90160.000       0.000 -888888.000 -888888.000
 20260806042500
   -30.1833  -69.0667 
  CUESTA_Viento                              SURFACE                                    
  FM-12 SYNOP       CUESTA_Viento         1530  F     F         1
 -888888.000 -888888.000 -888888.000 -888888.000    1530.000       0.000     290.950       0.000      -7.309     129.000      -2.660     129.000      18.000       0.000   84190.000       0.000 -888888.000 -888888.000
 20260806042500
   -31.5194  -68.9851 
  CARACOLES                                  SURFACE                                    
  FM-12 SYNOP       CARACOLES              942  F     F         1
 -888888.000 -888888.000 -888888.000 -888888.000     942.000       0.000     294.450       0.000       3.821     129.000       5.259     129.000      15.000       0.000   89080.000       0.000 -888888.000 -888888.000
 20260806045500
   -31.5192  -68.8178 
  PUNTA_NEGRA                                SURFACE                                    
  FM-12 SYNOP       PUNTA_NEGRA            800  F     F         1
 -888888.000 -888888.000 -888888.000 -888888.000     800.000       0.000     295.050       0.000       0.410     129.000      -0.287     129.000      16.000       0.000   90390.000       0.000 -888888.000 -888888.000
 20260806045500
   -30.6335  -67.4682 
  VALLE_FERTIL                               SURFACE                                    
  FM-12 SYNOP       VALLE_FERTIL           900  F     F         1
 -888888.000 -888888.000 -888888.000 -888888.000     900.000       0.000     292.650       0.000       3.730     129.000       1.284     129.000      23.000       0.000   90180.000       0.000 -888888.000 -888888.000
 20260806045500
   -31.5194  -68.9851 
  CARACOLES                                  SURFACE                                    
  FM-12 SYNOP       CARACOLES              942  F     F         1
 -888888.000 -888888.000 -888888.000 -888888.000     942.000       0.000     294.350       0.000       2.476     129.000       1.488     129.000      17.000       0.000   89090.000       0.000 -888888.000 -888888.000
 20260806050000
   -31.6500  -68.3000 
  ECOHUMUS                                   SURFACE                                    
  FM-12 SYNOP       ECOHUMUS               600  F     F         1
 -888888.000 -888888.000 -888888.000 -888888.000     600.000       0.000     283.850       0.000      -0.728     129.000       1.803     129.000      72.000       0.000   93490.000       0.000 -888888.000 -888888.000
 20260806050000
   -31.5192  -68.8178 
  PUNTA_NEGRA                                SURFACE                                    
  FM-12 SYNOP       PUNTA_NEGRA            800  F     F         1
 -888888.000 -888888.000 -888888.000 -888888.000     800.000       0.000     295.050       0.000       0.719     129.000       0.695     129.000      16.000       0.000   90390.000       0.000 -888888.000 -888888.000
 20260806050000
   -30.6335  -67.4682 
  VALLE_FERTIL                               SURFACE                                    
  FM-12 SYNOP       VALLE_FERTIL           900  F     F         1
 -888888.000 -888888.000 -888888.000 -888888.000     900.000       0.000     292.750       0.000       3.902     129.000       1.820     129.000      23.000       0.000   90170.000       0.000 -888888.000 -888888.000
 20260806050000
   -30.1833  -69.0667 
  CUESTA_Viento                              SURFACE                                    
  FM-12 SYNOP       CUESTA_Viento         1530  F     F         1
 -888888.000 -888888.000 -888888.000 -888888.000    1530.000       0.000     290.850       0.000      -9.947     129.000      -4.222     129.000      21.000       0.000   84120.000       0.000 -888888.000 -888888.000
 20260806050000
   -31.5194  -68.9851 
  CARACOLES                                  SURFACE                                    
  FM-12 SYNOP       CARACOLES              942  F     F         1
 -888888.000 -888888.000 -888888.000 -888888.000     942.000       0.000     294.350       0.000       6.607     129.000       0.231     129.000      17.000       0.000   89070.000       0.000 -888888.000 -888888.000
 20260806050500
   -31.6500  -68.3000 
  ECOHUMUS                                   SURFACE                                    
  FM-12 SYNOP       ECOHUMUS               600  F     F         1
 -888888.000 -888888.000 -888888.000 -888888.000     600.000       0.000     283.050       0.000      -0.786     129.000       0.786     129.000      77.000       0.000   93530.000       0.000 -888888.000 -888888.000
 20260806050500
   -31.5192  -68.8178 
  PUNTA_NEGRA                                SURFACE                                    
  FM-12 SYNOP       PUNTA_NEGRA            800  F     F         1
 -888888.000 -888888.000 -888888.000 -888888.000     800.000       0.000     295.050       0.000       0.482     129.000       0.500     129.000      16.000       0.000   90430.000       0.000 -888888.000 -888888.000
 20260806050500
   -30.6335  -67.4682 
  VALLE_FERTIL                               SURFACE                                    
  FM-12 SYNOP       VALLE_FERTIL           900  F     F         1
 -888888.000 -888888.000 -888888.000 -888888.000     900.000       0.000     293.850       0.000       4.570     129.000       1.485     129.000      20.000       0.000   90190.000       0.000 -888888.000 -888888.000
 20260806050500
   -30.1833  -69.0667 
  CUESTA_Viento                              SURFACE                                    
  FM-12 SYNOP       CUESTA_Viento         1530  F     F         1
 -888888.000 -888888.000 -888888.000 -888888.000    1530.000       0.000     290.950       0.000      -7.817     129.000      -7.817     129.000      20.000       0.000   84120.000       0.000 -888888.000 -888888.000
 20260806050500
   -31.5194  -68.9851 
  CARACOLES                                  SURFACE                                    
  FM-12 SYNOP       CARACOLES              942  F     F         1
 -888888.000 -888888.000 -888888.000 -888888.000     942.000       0.000     294.250       0.000       2.684     129.000       2.416     129.000      17.000       0.000   89110.000       0.000 -888888.000 -888888.000
 20260806051000
   -31.6500  -68.3000 
  ECOHUMUS                                   SURFACE                                    
  FM-12 SYNOP       ECOHUMUS               600  F     F         1
 -888888.000 -888888.000 -888888.000 -888888.000     600.000       0.000     282.750       0.000      -0.970     129.000       1.287     129.000      80.000       0.000   93550.000       0.000 -888888.000 -888888.000
 20260806051000
   -31.5192  -68.8178 
  PUNTA_NEGRA                                SURFACE                                    
  FM-12 SYNOP       PUNTA_NEGRA            800  F     F         1
 -888888.000 -888888.000 -888888.000 -888888.000     800.000       0.000     294.650       0.000       0.935     129.000       0.871     129.000      16.000       0.000   90420.000       0.000 -888888.000 -888888.000
 20260806051000
   -30.6335  -67.4682 
  VALLE_FERTIL                               SURFACE                                    
  FM-12 SYNOP       VALLE_FERTIL           900  F     F         1
 -888888.000 -888888.000 -888888.000 -888888.000     900.000       0.000     292.850       0.000       3.682     129.000       1.414     129.000      22.000       0.000   90210.000       0.000 -888888.000 -888888.000
 20260806051000
   -30.1833  -69.0667 
  CUESTA_Viento                              SURFACE                                    
  FM-12 SYNOP       CUESTA_Viento         1530  F     F         1
 -888888.000 -888888.000 -888888.000 -888888.000    1530.000       0.000     290.350       0.000      -9.473     129.000      -7.138     129.000      19.000       0.000   84120.000       0.000 -888888.000 -888888.000
 20260806051000
   -31.5194  -68.9851 
  CARACOLES                                  SURFACE                                    
  FM-12 SYNOP       CARACOLES              942  F     F         1
 -888888.000 -888888.000 -888888.000 -888888.000     942.000       0.000     294.250       0.000       2.422     129.000       3.459     129.000      17.000       0.000   89110.000       0.000 -888888.000 -888888.000
 20260806051500
   -31.6500  -68.3000 
  ECOHUMUS                                   SURFACE                                    
  FM-12 SYNOP       ECOHUMUS               600  F     F         1
 -888888.000 -888888.000 -888888.000 -888888.000     600.000       0.000     282.550       0.000      -0.821     129.000       0.979     129.000      81.000       0.000   93550.000       0.000 -888888.000 -888888.000
 20260806051500
   -31.5192  -68.8178 
  PUNTA_NEGRA                                SURFACE                                    
  FM-12 SYNOP       PUNTA_NEGRA            800  F     F         1
 -888888.000 -888888.000 -888888.000 -888888.000     800.000       0.000     294.850       0.000       1.694     129.000      -0.030     129.000      16.000       0.000   90440.000       0.000 -888888.000 -888888.000
 20260806051500
   -30.6335  -67.4682 
  VALLE_FERTIL                               SURFACE                                    
  FM-12 SYNOP       VALLE_FERTIL           900  F     F         1
 -888888.000 -888888.000 -888888.000 -888888.000     900.000       0.000     293.150       0.000       3.897     129.000       2.250     129.000      21.000       0.000   90240.000       0.000 -888888.000 -888888.000
 20260806051500
   -30.1833  -69.0667 
  CUESTA_Viento                              SURFACE                                    
  FM-12 SYNOP       CUESTA_Viento         1530  F     F         1
 -888888.000 -888888.000 -888888.000 -888888.000    1530.000       0.000     290.750       0.000      -8.517     129.000      -6.188     129.000      20.000       0.000   84130.000       0.000 -888888.000 -888888.000
 20260806051500
   -31.5194  -68.9851 
  CARACOLES                                  SURFACE                                    
  FM-12 SYNOP       CARACOLES              942  F     F         1
 -888888.000 -888888.000 -888888.000 -888888.000     942.000       0.000     294.350       0.000       4.005     129.000       1.148     129.000      17.000       0.000   89120.000       0.000 -888888.000 -888888.000
 20260806052000
   -31.6500  -68.3000 
  ECOHUMUS                                   SURFACE                                    
  FM-12 SYNOP       ECOHUMUS               600  F     F         1
 -888888.000 -888888.000 -888888.000 -888888.000     600.000       0.000     282.450       0.000      -0.548     129.000       1.426     129.000      83.000       0.000   93600.000       0.000 -888888.000 -888888.000
 20260806052000
   -31.5192  -68.8178 
  PUNTA_NEGRA                                SURFACE                                    
  FM-12 SYNOP       PUNTA_NEGRA            800  F     F         1
 -888888.000 -888888.000 -888888.000 -888888.000     800.000       0.000     295.150       0.000       1.321     129.000      -0.429     129.000      16.000       0.000   90440.000       0.000 -888888.000 -888888.000
 20260806052000
   -30.6335  -67.4682 
  VALLE_FERTIL                               SURFACE                                    
  FM-12 SYNOP       VALLE_FERTIL           900  F     F         1
 -888888.000 -888888.000 -888888.000 -888888.000     900.000       0.000     293.650       0.000       3.409     129.000       1.813     129.000      20.000       0.000   90220.000       0.000 -888888.000 -888888.000
 20260806052000
   -30.1833  -69.0667 
  CUESTA_Viento                              SURFACE                                    
  FM-12 SYNOP       CUESTA_Viento         1530  F     F         1
 -888888.000 -888888.000 -888888.000 -888888.000    1530.000       0.000     290.850       0.000      -8.832     129.000      -6.417     129.000      19.000       0.000   84140.000       0.000 -888888.000 -888888.000
 20260806052000
   -31.5194  -68.9851 
  CARACOLES                                  SURFACE                                    
  FM-12 SYNOP       CARACOLES              942  F     F         1
 -888888.000 -888888.000 -888888.000 -888888.000     942.000       0.000     294.250       0.000       1.747     129.000       1.135     129.000      17.000       0.000   89130.000       0.000 -888888.000 -888888.000
 20260806052500
   -31.6500  -68.3000 
  ECOHUMUS                                   SURFACE                                    
  FM-12 SYNOP       ECOHUMUS               600  F     F         1
 -888888.000 -888888.000 -888888.000 -888888.000     600.000       0.000     283.050       0.000      -0.101     129.000       2.887     129.000      84.000       0.000   93620.000       0.000 -888888.000 -888888.000
 20260806052500
   -31.5192  -68.8178 
  PUNTA_NEGRA                                SURFACE                                    
  FM-12 SYNOP       PUNTA_NEGRA            800  F     F         1
 -888888.000 -888888.000 -888888.000 -888888.000     800.000       0.000     294.950       0.000       1.220     129.000      -0.919     129.000      16.000       0.000   90470.000       0.000 -888888.000 -888888.000
 20260806052500
   -30.6335  -67.4682 
  VALLE_FERTIL                               SURFACE                                    
  FM-12 SYNOP       VALLE_FERTIL           900  F     F         1
 -888888.000 -888888.000 -888888.000 -888888.000     900.000       0.000     293.450       0.000       3.654     129.000       1.943     129.000      20.000       0.000   90240.000       0.000 -888888.000 -888888.000
 20260806052500
   -30.1833  -69.0667 
  CUESTA_Viento                              SURFACE                                    
  FM-12 SYNOP       CUESTA_Viento         1530  F     F         1
 -888888.000 -888888.000 -888888.000 -888888.000    1530.000       0.000     290.450       0.000      -8.521     129.000      -5.747     129.000      21.000       0.000   84120.000       0.000 -888888.000 -888888.000
 20260806052500
   -31.5194  -68.9851 
  CARACOLES                                  SURFACE                                    
  FM-12 SYNOP       CARACOLES              942  F     F         1
 -888888.000 -888888.000 -888888.000 -888888.000     942.000       0.000     294.150       0.000       2.253     129.000       3.101     129.000      17.000       0.000   89130.000       0.000 -888888.000 -888888.000
 20260806053000
   -31.6500  -68.3000 
  ECOHUMUS                                   SURFACE                                    
  FM-12 SYNOP       ECOHUMUS               600  F     F         1
 -888888.000 -888888.000 -888888.000 -888888.000     600.000       0.000     284.250       0.000      -1.042     129.000       3.891     129.000      87.000       0.000   93650.000       0.000 -888888.000 -888888.000
 20260806053000
   -31.5192  -68.8178 
  PUNTA_NEGRA                                SURFACE                                    
  FM-12 SYNOP       PUNTA_NEGRA            800  F     F         1
 -888888.000 -888888.000 -888888.000 -888888.000     800.000       0.000     294.950       0.000       0.379     129.000       0.406     129.000      17.000       0.000   90480.000       0.000 -888888.000 -888888.000
 20260806053000
   -30.6335  -67.4682 
  VALLE_FERTIL                               SURFACE                                    
  FM-12 SYNOP       VALLE_FERTIL           900  F     F         1
 -888888.000 -888888.000 -888888.000 -888888.000     900.000       0.000     292.950       0.000       3.600     129.000       1.679     129.000      21.000       0.000   90250.000       0.000 -888888.000 -888888.000
 20260806053000
   -30.1833  -69.0667 
  CUESTA_Viento                              SURFACE                                    
  FM-12 SYNOP       CUESTA_Viento         1530  F     F         1
 -888888.000 -888888.000 -888888.000 -888888.000    1530.000       0.000     290.450       0.000      -8.751     129.000      -5.903     129.000      20.000       0.000   84140.000       0.000 -888888.000 -888888.000
 20260806053000
   -31.5194  -68.9851 
  CARACOLES                                  SURFACE                                    
  FM-12 SYNOP       CARACOLES              942  F     F         1
 -888888.000 -888888.000 -888888.000 -888888.000     942.000       0.000     294.150       0.000       1.558     129.000       2.400     129.000      17.000       0.000   89150.000       0.000 -888888.000 -888888.000
 20260806053500
   -31.6500  -68.3000 
  ECOHUMUS                                   SURFACE                                    
  FM-12 SYNOP       ECOHUMUS               600  F     F         1
 -888888.000 -888888.000 -888888.000 -888888.000     600.000       0.000     284.350       0.000      -2.395     129.000       2.957     129.000      91.000       0.000   93670.000       0.000 -888888.000 -888888.000
 20260806053500
   -31.5192  -68.8178 
  PUNTA_NEGRA                                SURFACE                                    
  FM-12 SYNOP       PUNTA_NEGRA            800  F     F         1
 -888888.000 -888888.000 -888888.000 -888888.000     800.000       0.000     294.450       0.000      -0.014     129.000       0.389     129.000      18.000       0.000   90490.000       0.000 -888888.000 -888888.000
 20260806053500
   -30.6335  -67.4682 
  VALLE_FERTIL                               SURFACE                                    
  FM-12 SYNOP       VALLE_FERTIL           900  F     F         1
 -888888.000 -888888.000 -888888.000 -888888.000     900.000       0.000     292.750       0.000       3.323     129.000       1.550     129.000      23.000       0.000   90260.000       0.000 -888888.000 -888888.000
 20260806053500
   -30.1833  -69.0667 
  CUESTA_Viento                              SURFACE                                    
  FM-12 SYNOP       CUESTA_Viento         1530  F     F         1
 -888888.000 -888888.000 -888888.000 -888888.000    1530.000       0.000     290.650       0.000      -8.585     129.000      -6.470     129.000      20.000       0.000   84130.000       0.000 -888888.000 -888888.000
 20260806053500
   -31.5194  -68.9851 
  CARACOLES                                  SURFACE                                    
  FM-12 SYNOP       CARACOLES              942  F     F         1
 -888888.000 -888888.000 -888888.000 -888888.000     942.000       0.000     294.150       0.000       3.825     129.000       1.169     129.000      17.000       0.000   89170.000       0.000 -888888.000 -888888.000
 20260806054000
   -31.6500  -68.3000 
  ECOHUMUS                                   SURFACE                                    
  FM-12 SYNOP       ECOHUMUS               600  F     F         1
 -888888.000 -888888.000 -888888.000 -888888.000     600.000       0.000     284.250       0.000      -2.361     129.000       2.622     129.000      92.000       0.000   93710.000       0.000 -888888.000 -888888.000
 20260806054000
   -31.5192  -68.8178 
  PUNTA_NEGRA                                SURFACE                                    
  FM-12 SYNOP       PUNTA_NEGRA            800  F     F         1
 -888888.000 -888888.000 -888888.000 -888888.000     800.000       0.000     294.250       0.000       0.611     129.000       0.021     129.000      18.000       0.000   90490.000       0.000 -888888.000 -888888.000
 20260806054000
   -30.6335  -67.4682 
  VALLE_FERTIL                               SURFACE                                    
  FM-12 SYNOP       VALLE_FERTIL           900  F     F         1
 -888888.000 -888888.000 -888888.000 -888888.000     900.000       0.000     292.350       0.000       3.028     129.000       0.926     129.000      24.000       0.000   90260.000       0.000 -888888.000 -888888.000
 20260806054000
   -30.1833  -69.0667 
  CUESTA_Viento                              SURFACE                                    
  FM-12 SYNOP       CUESTA_Viento         1530  F     F         1
 -888888.000 -888888.000 -888888.000 -888888.000    1530.000       0.000     290.850       0.000      -8.585     129.000      -6.470     129.000      19.000       0.000   84130.000       0.000 -888888.000 -888888.000
 20260806054000
   -31.5194  -68.9851 
  CARACOLES                                  SURFACE                                    
  FM-12 SYNOP       CARACOLES              942  F     F         1
 -888888.000 -888888.000 -888888.000 -888888.000     942.000       0.000     294.150       0.000       1.748     129.000       1.748     129.000      17.000       0.000   89180.000       0.000 -888888.000 -888888.000
 20260806054500
   -31.6500  -68.3000 
  ECOHUMUS                                   SURFACE                                    
  FM-12 SYNOP       ECOHUMUS               600  F     F         1
 -888888.000 -888888.000 -888888.000 -888888.000     600.000       0.000     284.350       0.000      -3.034     129.000       2.204     129.000      93.000       0.000   93740.000       0.000 -888888.000 -888888.000
 20260806054500
   -31.5192  -68.8178 
  PUNTA_NEGRA                                SURFACE                                    
  FM-12 SYNOP       PUNTA_NEGRA            800  F     F         1
 -888888.000 -888888.000 -888888.000 -888888.000     800.000       0.000     294.150       0.000       0.143     129.000       0.205     129.000      18.000       0.000   90510.000       0.000 -888888.000 -888888.000
 20260806054500
   -30.6335  -67.4682 
  VALLE_FERTIL                               SURFACE                                    
  FM-12 SYNOP       VALLE_FERTIL           900  F     F         1
 -888888.000 -888888.000 -888888.000 -888888.000     900.000       0.000     291.950       0.000       0.687     129.000       0.223     129.000      24.000       0.000   90250.000       0.000 -888888.000 -888888.000
 20260806054500
   -30.1833  -69.0667 
  CUESTA_Viento                              SURFACE                                    
  FM-12 SYNOP       CUESTA_Viento         1530  F     F         1
 -888888.000 -888888.000 -888888.000 -888888.000    1530.000       0.000     291.050       0.000      -8.797     129.000      -5.934     129.000      18.000       0.000   84130.000       0.000 -888888.000 -888888.000
 20260806054500
   -31.5194  -68.9851 
  CARACOLES                                  SURFACE                                    
  FM-12 SYNOP       CARACOLES              942  F     F         1
 -888888.000 -888888.000 -888888.000 -888888.000     942.000       0.000     294.050       0.000       2.497     129.000       1.560     129.000      18.000       0.000   89200.000       0.000 -888888.000 -888888.000
 20260806055000
   -31.6500  -68.3000 
  ECOHUMUS                                   SURFACE                                    
  FM-12 SYNOP       ECOHUMUS               600  F     F         1
 -888888.000 -888888.000 -888888.000 -888888.000     600.000       0.000     284.450       0.000      -2.531     129.000       3.240     129.000      94.000       0.000   93740.000       0.000 -888888.000 -888888.000
 20260806055000
   -31.5192  -68.8178 
  PUNTA_NEGRA                                SURFACE                                    
  FM-12 SYNOP       PUNTA_NEGRA            800  F     F         1
 -888888.000 -888888.000 -888888.000 -888888.000     800.000       0.000     294.050       0.000      -0.676     129.000       0.439     129.000      19.000       0.000   90520.000       0.000 -888888.000 -888888.000
 20260806055000
   -30.6335  -67.4682 
  VALLE_FERTIL                               SURFACE                                    
  FM-12 SYNOP       VALLE_FERTIL           900  F     F         1
 -888888.000 -888888.000 -888888.000 -888888.000     900.000       0.000     291.950       0.000       0.333     129.000       0.000     129.000      22.000       0.000   90260.000       0.000 -888888.000 -888888.000
 20260806055000
   -30.1833  -69.0667 
  CUESTA_Viento                              SURFACE                                    
  FM-12 SYNOP       CUESTA_Viento         1530  F     F         1
 -888888.000 -888888.000 -888888.000 -888888.000    1530.000       0.000     290.850       0.000      -7.575     129.000      -6.356     129.000      17.000       0.000   84120.000       0.000 -888888.000 -888888.000
 20260806055000
   -31.5194  -68.9851 
  CARACOLES                                  SURFACE                                    
  FM-12 SYNOP       CARACOLES              942  F     F         1
 -888888.000 -888888.000 -888888.000 -888888.000     942.000       0.000     294.150       0.000       4.746     129.000       1.822     129.000      18.000       0.000   89200.000       0.000 -888888.000 -888888.000
 20260806055500
   -31.6500  -68.3000 
  ECOHUMUS                                   SURFACE                                    
  FM-12 SYNOP       ECOHUMUS               600  F     F         1
 -888888.000 -888888.000 -888888.000 -888888.000     600.000       0.000     284.350       0.000      -2.098     129.000       2.026     129.000      94.000       0.000   93750.000       0.000 -888888.000 -888888.000
 20260806055500
   -31.5192  -68.8178 
  PUNTA_NEGRA                                SURFACE                                    
  FM-12 SYNOP       PUNTA_NEGRA            800  F     F         1
 -888888.000 -888888.000 -888888.000 -888888.000     800.000       0.000     294.050       0.000       1.895     129.000      -0.437     129.000      19.000       0.000   90550.000       0.000 -888888.000 -888888.000
 20260806055500
   -30.6335  -67.4682 
  VALLE_FERTIL                               SURFACE                                    
  FM-12 SYNOP       VALLE_FERTIL           900  F     F         1
 -888888.000 -888888.000 -888888.000 -888888.000     900.000       0.000     292.050       0.000       0.458     129.000       0.114     129.000      24.000       0.000   90260.000       0.000 -888888.000 -888888.000
 20260806055500
   -30.1833  -69.0667 
  CUESTA_Viento                              SURFACE                                    
  FM-12 SYNOP       CUESTA_Viento         1530  F     F         1
 -888888.000 -888888.000 -888888.000 -888888.000    1530.000       0.000     290.950       0.000      -8.405     129.000      -5.050     129.000      17.000       0.000   84110.000       0.000 -888888.000 -888888.000
 20260806055500
   -31.5194  -68.9851 
  CARACOLES                                  SURFACE                                    
  FM-12 SYNOP       CARACOLES              942  F     F         1
 -888888.000 -888888.000 -888888.000 -888888.000     942.000       0.000     294.150       0.000       2.290     129.000       0.445     129.000      18.000       0.000   89260.000       0.000 -888888.000 -888888.000
 20260806060000
   -31.6500  -68.3000 
  ECOHUMUS                                   SURFACE                                    
  FM-12 SYNOP       ECOHUMUS               600  F     F         1
 -888888.000 -888888.000 -888888.000 -888888.000     600.000       0.000     283.450       0.000      -2.144     129.000       1.340     129.000      95.000       0.000   93770.000       0.000 -888888.000 -888888.000
 20260806060000
   -31.5192  -68.8178 
  PUNTA_NEGRA                                SURFACE                                    
  FM-12 SYNOP       PUNTA_NEGRA            800  F     F         1
 -888888.000 -888888.000 -888888.000 -888888.000     800.000       0.000     294.550       0.000       1.681     129.000      -0.579     129.000      19.000       0.000   90550.000       0.000 -888888.000 -888888.000
 20260806060000
   -30.6335  -67.4682 
  VALLE_FERTIL                               SURFACE                                    
  FM-12 SYNOP       VALLE_FERTIL           900  F     F         1
 -888888.000 -888888.000 -888888.000 -888888.000     900.000       0.000     291.550       0.000       0.554     129.000       0.258     129.000      24.000       0.000   90270.000       0.000 -888888.000 -888888.000
 20260806060000
   -30.1833  -69.0667 
  CUESTA_Viento                              SURFACE                                    
  FM-12 SYNOP       CUESTA_Viento         1530  F     F         1
 -888888.000 -888888.000 -888888.000 -888888.000    1530.000       0.000     290.950       0.000      -9.729     129.000      -6.079     129.000      18.000       0.000   84110.000       0.000 -888888.000 -888888.000
 20260806060000
   -31.5194  -68.9851 
  CARACOLES                                  SURFACE                                    
  FM-12 SYNOP       CARACOLES              942  F     F         1
 -888888.000 -888888.000 -888888.000 -888888.000     942.000       0.000     293.950       0.000      -1.413     129.000       2.896     129.000      19.000       0.000   89270.000       0.000 -888888.000 -888888.000
 20260806060500
   -31.6500  -68.3000 
  ECOHUMUS                                   SURFACE                                    
  FM-12 SYNOP       ECOHUMUS               600  F     F         1
 -888888.000 -888888.000 -888888.000 -888888.000     600.000       0.000     283.750       0.000      -2.102     129.000       2.102     129.000      95.000       0.000   93790.000       0.000 -888888.000 -888888.000
 20260806060500
   -31.5192  -68.8178 
  PUNTA_NEGRA                                SURFACE                                    
  FM-12 SYNOP       PUNTA_NEGRA            800  F     F         1
 -888888.000 -888888.000 -888888.000 -888888.000     800.000       0.000     294.550       0.000       2.442     129.000       0.387     129.000      20.000       0.000   90580.000       0.000 -888888.000 -888888.000
 20260806060500
   -30.6335  -67.4682 
  VALLE_FERTIL                               SURFACE                                    
  FM-12 SYNOP       VALLE_FERTIL           900  F     F         1
 -888888.000 -888888.000 -888888.000 -888888.000     900.000       0.000     291.650       0.000       0.326     129.000       0.069     129.000      23.000       0.000   90280.000       0.000 -888888.000 -888888.000
 20260806060500
   -30.1833  -69.0667 
  CUESTA_Viento                              SURFACE                                    
  FM-12 SYNOP       CUESTA_Viento         1530  F     F         1
 -888888.000 -888888.000 -888888.000 -888888.000    1530.000       0.000     290.850       0.000      -8.601     129.000      -6.023     129.000      18.000       0.000   84120.000       0.000 -888888.000 -888888.000
 20260806060500
   -31.5194  -68.9851 
  CARACOLES                                  SURFACE                                    
  FM-12 SYNOP       CARACOLES              942  F     F         1
 -888888.000 -888888.000 -888888.000 -888888.000     942.000       0.000     293.950       0.000       1.409     129.000       1.459     129.000      19.000       0.000   89280.000       0.000 -888888.000 -888888.000
 20260806061000
   -31.6500  -68.3000 
  ECOHUMUS                                   SURFACE                                    
  FM-12 SYNOP       ECOHUMUS               600  F     F         1
 -888888.000 -888888.000 -888888.000 -888888.000     600.000       0.000     283.950       0.000      -1.135     129.000       2.134     129.000      95.000       0.000   93810.000       0.000 -888888.000 -888888.000
 20260806061000
   -31.5192  -68.8178 
  PUNTA_NEGRA                                SURFACE                                    
  FM-12 SYNOP       PUNTA_NEGRA            800  F     F         1
 -888888.000 -888888.000 -888888.000 -888888.000     800.000       0.000     294.250       0.000       1.605     129.000       2.130     129.000      20.000       0.000   90600.000       0.000 -888888.000 -888888.000
 20260806061000
   -30.6335  -67.4682 
  VALLE_FERTIL                               SURFACE                                    
  FM-12 SYNOP       VALLE_FERTIL           900  F     F         1
 -888888.000 -888888.000 -888888.000 -888888.000     900.000       0.000     291.450       0.000       0.402     129.000       0.108     129.000      24.000       0.000   90280.000       0.000 -888888.000 -888888.000
 20260806061000
   -30.1833  -69.0667 
  CUESTA_Viento                              SURFACE                                    
  FM-12 SYNOP       CUESTA_Viento         1530  F     F         1
 -888888.000 -888888.000 -888888.000 -888888.000    1530.000       0.000     290.850       0.000      -6.698     129.000      -5.233     129.000      18.000       0.000   84150.000       0.000 -888888.000 -888888.000
 20260806061000
   -31.5194  -68.9851 
  CARACOLES                                  SURFACE                                    
  FM-12 SYNOP       CARACOLES              942  F     F         1
 -888888.000 -888888.000 -888888.000 -888888.000     942.000       0.000     293.950       0.000       2.092     129.000       1.951     129.000      19.000       0.000   89280.000       0.000 -888888.000 -888888.000
 20260806061500
   -31.6500  -68.3000 
  ECOHUMUS                                   SURFACE                                    
  FM-12 SYNOP       ECOHUMUS               600  F     F         1
 -888888.000 -888888.000 -888888.000 -888888.000     600.000       0.000     284.250       0.000      -1.674     129.000       2.786     129.000      96.000       0.000   93820.000       0.000 -888888.000 -888888.000
 20260806061500
   -31.5192  -68.8178 
  PUNTA_NEGRA                                SURFACE                                    
  FM-12 SYNOP       PUNTA_NEGRA            800  F     F         1
 -888888.000 -888888.000 -888888.000 -888888.000     800.000       0.000     293.850       0.000      -0.167     129.000       1.909     129.000      21.000       0.000   90610.000       0.000 -888888.000 -888888.000
 20260806061500
   -30.6335  -67.4682 
  VALLE_FERTIL                               SURFACE                                    
  FM-12 SYNOP       VALLE_FERTIL           900  F     F         1
 -888888.000 -888888.000 -888888.000 -888888.000     900.000       0.000     291.450       0.000       0.629     129.000       0.293     129.000      24.000       0.000   90310.000       0.000 -888888.000 -888888.000
 20260806061500
   -30.1833  -69.0667 
  CUESTA_Viento                              SURFACE                                    
  FM-12 SYNOP       CUESTA_Viento         1530  F     F         1
 -888888.000 -888888.000 -888888.000 -888888.000    1530.000       0.000     290.650       0.000      -6.758     129.000      -4.732     129.000      20.000       0.000   84150.000       0.000 -888888.000 -888888.000
 20260806061500
   -31.5194  -68.9851 
  CARACOLES                                  SURFACE                                    
  FM-12 SYNOP       CARACOLES              942  F     F         1
 -888888.000 -888888.000 -888888.000 -888888.000     942.000       0.000     294.050       0.000       0.889     129.000       1.603     129.000      20.000       0.000   89290.000       0.000 -888888.000 -888888.000
 20260806062000
   -31.6500  -68.3000 
  ECOHUMUS                                   SURFACE                                    
  FM-12 SYNOP       ECOHUMUS               600  F     F         1
 -888888.000 -888888.000 -888888.000 -888888.000     600.000       0.000     284.350       0.000      -1.856     129.000       2.462     129.000      95.000       0.000   93840.000       0.000 -888888.000 -888888.000
 20260806062000
   -31.5192  -68.8178 
  PUNTA_NEGRA                                SURFACE                                    
  FM-12 SYNOP       PUNTA_NEGRA            800  F     F         1
 -888888.000 -888888.000 -888888.000 -888888.000     800.000       0.000     293.750       0.000       0.224     129.000       1.595     129.000      21.000       0.000   90610.000       0.000 -888888.000 -888888.000
 20260806062000
   -30.6335  -67.4682 
  VALLE_FERTIL                               SURFACE                                    
  FM-12 SYNOP       VALLE_FERTIL           900  F     F         1
 -888888.000 -888888.000 -888888.000 -888888.000     900.000       0.000     291.650       0.000       2.090     129.000       0.974     129.000      22.000       0.000   90300.000       0.000 -888888.000 -888888.000
 20260806062000
   -30.1833  -69.0667 
  CUESTA_Viento                              SURFACE                                    
  FM-12 SYNOP       CUESTA_Viento         1530  F     F         1
 -888888.000 -888888.000 -888888.000 -888888.000    1530.000       0.000     290.850       0.000      -8.851     129.000      -6.198     129.000      18.000       0.000   84140.000       0.000 -888888.000 -888888.000
 20260806062000
   -31.5194  -68.9851 
  CARACOLES                                  SURFACE                                    
  FM-12 SYNOP       CARACOLES              942  F     F         1
 -888888.000 -888888.000 -888888.000 -888888.000     942.000       0.000     293.950       0.000       3.434     129.000       1.826     129.000      20.000       0.000   89310.000       0.000 -888888.000 -888888.000
 20260806062500
   -31.6500  -68.3000 
  ECOHUMUS                                   SURFACE                                    
  FM-12 SYNOP       ECOHUMUS               600  F     F         1
 -888888.000 -888888.000 -888888.000 -888888.000     600.000       0.000     284.650       0.000      -1.039     129.000       3.197     129.000      94.000       0.000   93860.000       0.000 -888888.000 -888888.000
 20260806062500
   -31.5192  -68.8178 
  PUNTA_NEGRA                                SURFACE                                    
  FM-12 SYNOP       PUNTA_NEGRA            800  F     F         1
 -888888.000 -888888.000 -888888.000 -888888.000     800.000       0.000     293.850       0.000       0.661     129.000       0.595     129.000      22.000       0.000   90640.000       0.000 -888888.000 -888888.000
 20260806062500
   -30.6335  -67.4682 
  VALLE_FERTIL                               SURFACE                                    
  FM-12 SYNOP       VALLE_FERTIL           900  F     F         1
 -888888.000 -888888.000 -888888.000 -888888.000     900.000       0.000     291.950       0.000       3.004     129.000       0.694     129.000      23.000       0.000   90300.000       0.000 -888888.000 -888888.000
 20260806062500
   -30.1833  -69.0667 
  CUESTA_Viento                              SURFACE                                    
  FM-12 SYNOP       CUESTA_Viento         1530  F     F         1
 -888888.000 -888888.000 -888888.000 -888888.000    1530.000       0.000     290.950       0.000      -7.774     129.000      -4.309     129.000      18.000       0.000   84140.000       0.000 -888888.000 -888888.000
 20260806062500
   -31.5194  -68.9851 
  CARACOLES                                  SURFACE                                    
  FM-12 SYNOP       CARACOLES              942  F     F         1
 -888888.000 -888888.000 -888888.000 -888888.000     942.000       0.000     293.950       0.000       0.916     129.000       1.524     129.000      20.000       0.000   89330.000       0.000 -888888.000 -888888.000
 20260806063000
   -31.6500  -68.3000 
  ECOHUMUS                                   SURFACE                                    
  FM-12 SYNOP       ECOHUMUS               600  F     F         1
 -888888.000 -888888.000 -888888.000 -888888.000     600.000       0.000     285.250       0.000      -2.086     129.000       2.670     129.000      93.000       0.000   93880.000       0.000 -888888.000 -888888.000
 20260806063000
   -31.5192  -68.8178 
  PUNTA_NEGRA                                SURFACE                                    
  FM-12 SYNOP       PUNTA_NEGRA            800  F     F         1
 -888888.000 -888888.000 -888888.000 -888888.000     800.000       0.000     293.750       0.000       0.126     129.000       1.439     129.000      21.000       0.000   90650.000       0.000 -888888.000 -888888.000
 20260806063000
   -30.6335  -67.4682 
  VALLE_FERTIL                               SURFACE                                    
  FM-12 SYNOP       VALLE_FERTIL           900  F     F         1
 -888888.000 -888888.000 -888888.000 -888888.000     900.000       0.000     291.650       0.000       2.618     129.000       0.509     129.000      23.000       0.000   90280.000       0.000 -888888.000 -888888.000
 20260806063000
   -30.1833  -69.0667 
  CUESTA_Viento                              SURFACE                                    
  FM-12 SYNOP       CUESTA_Viento         1530  F     F         1
 -888888.000 -888888.000 -888888.000 -888888.000    1530.000       0.000     290.650       0.000      -8.182     129.000      -6.625     129.000      19.000       0.000   84130.000       0.000 -888888.000 -888888.000
 20260806063000
   -31.5194  -68.9851 
  CARACOLES                                  SURFACE                                    
  FM-12 SYNOP       CARACOLES              942  F     F         1
 -888888.000 -888888.000 -888888.000 -888888.000     942.000       0.000     293.850       0.000       2.563     129.000       1.664     129.000      20.000       0.000   89340.000       0.000 -888888.000 -888888.000
 20260806063500
   -31.6500  -68.3000 
  ECOHUMUS                                   SURFACE                                    
  FM-12 SYNOP       ECOHUMUS               600  F     F         1
 -888888.000 -888888.000 -888888.000 -888888.000     600.000       0.000     285.550       0.000      -2.098     129.000       2.590     129.000      92.000       0.000   93910.000       0.000 -888888.000 -888888.000
 20260806063500
   -31.5192  -68.8178 
  PUNTA_NEGRA                                SURFACE                                    
  FM-12 SYNOP       PUNTA_NEGRA            800  F     F         1
 -888888.000 -888888.000 -888888.000 -888888.000     800.000       0.000     293.850       0.000       0.196     129.000       2.241     129.000      21.000       0.000   90650.000       0.000 -888888.000 -888888.000
 20260806063500
   -30.6335  -67.4682 
  VALLE_FERTIL                               SURFACE                                    
  FM-12 SYNOP       VALLE_FERTIL           900  F     F         1
 -888888.000 -888888.000 -888888.000 -888888.000     900.000       0.000     291.650       0.000       2.656     129.000       0.812     129.000      23.000       0.000   90290.000       0.000 -888888.000 -888888.000
 20260806063500
   -30.1833  -69.0667 
  CUESTA_Viento                              SURFACE                                    
  FM-12 SYNOP       CUESTA_Viento         1530  F     F         1
 -888888.000 -888888.000 -888888.000 -888888.000    1530.000       0.000     290.750       0.000      -9.350     129.000      -6.306     129.000      18.000       0.000   84130.000       0.000 -888888.000 -888888.000
 20260806063500
   -31.5194  -68.9851 
  CARACOLES                                  SURFACE                                    
  FM-12 SYNOP       CARACOLES              942  F     F         1
 -888888.000 -888888.000 -888888.000 -888888.000     942.000       0.000     293.850       0.000       1.853     129.000       2.288     129.000      20.000       0.000   89360.000       0.000 -888888.000 -888888.000
 20260806064000
   -31.6500  -68.3000 
  ECOHUMUS                                   SURFACE                                    
  FM-12 SYNOP       ECOHUMUS               600  F     F         1
 -888888.000 -888888.000 -888888.000 -888888.000     600.000       0.000     285.850       0.000      -2.119     129.000       3.026     129.000      91.000       0.000   93940.000       0.000 -888888.000 -888888.000
 20260806064000
   -31.5192  -68.8178 
  PUNTA_NEGRA                                SURFACE                                    
  FM-12 SYNOP       PUNTA_NEGRA            800  F     F         1
 -888888.000 -888888.000 -888888.000 -888888.000     800.000       0.000     294.150       0.000      -0.074     129.000       2.110     129.000      21.000       0.000   90670.000       0.000 -888888.000 -888888.000
 20260806064000
   -30.6335  -67.4682 
  VALLE_FERTIL                               SURFACE                                    
  FM-12 SYNOP       VALLE_FERTIL           900  F     F         1
 -888888.000 -888888.000 -888888.000 -888888.000     900.000       0.000     291.950       0.000       2.122     129.000       0.901     129.000      23.000       0.000   90310.000       0.000 -888888.000 -888888.000
 20260806064000
   -30.1833  -69.0667 
  CUESTA_Viento                              SURFACE                                    
  FM-12 SYNOP       CUESTA_Viento         1530  F     F         1
 -888888.000 -888888.000 -888888.000 -888888.000    1530.000       0.000     290.750       0.000      -9.881     129.000      -5.937     129.000      20.000       0.000   84150.000       0.000 -888888.000 -888888.000
 20260806064000
   -31.5194  -68.9851 
  CARACOLES                                  SURFACE                                    
  FM-12 SYNOP       CARACOLES              942  F     F         1
 -888888.000 -888888.000 -888888.000 -888888.000     942.000       0.000     293.950       0.000       2.904     129.000       1.115     129.000      20.000       0.000   89380.000       0.000 -888888.000 -888888.000
 20260806064500
   -31.6500  -68.3000 
  ECOHUMUS                                   SURFACE                                    
  FM-12 SYNOP       ECOHUMUS               600  F     F         1
 -888888.000 -888888.000 -888888.000 -888888.000     600.000       0.000     286.050       0.000      -1.629     129.000       2.940     129.000      91.000       0.000   93970.000       0.000 -888888.000 -888888.000
 20260806064500
   -31.5192  -68.8178 
  PUNTA_NEGRA                                SURFACE                                    
  FM-12 SYNOP       PUNTA_NEGRA            800  F     F         1
 -888888.000 -888888.000 -888888.000 -888888.000     800.000       0.000     293.950       0.000       0.452     129.000       1.313     129.000      21.000       0.000   90670.000       0.000 -888888.000 -888888.000
 20260806064500
   -30.6335  -67.4682 
  VALLE_FERTIL                               SURFACE                                    
  FM-12 SYNOP       VALLE_FERTIL           900  F     F         1
 -888888.000 -888888.000 -888888.000 -888888.000     900.000       0.000     292.050       0.000       2.673     129.000       1.421     129.000      22.000       0.000   90330.000       0.000 -888888.000 -888888.000
 20260806064500
   -30.1833  -69.0667 
  CUESTA_Viento                              SURFACE                                    
  FM-12 SYNOP       CUESTA_Viento         1530  F     F         1
 -888888.000 -888888.000 -888888.000 -888888.000    1530.000       0.000     290.650       0.000      -8.852     129.000      -7.428     129.000      20.000       0.000   84170.000       0.000 -888888.000 -888888.000
 20260806064500
   -31.5194  -68.9851 
  CARACOLES                                  SURFACE                                    
  FM-12 SYNOP       CARACOLES              942  F     F         1
 -888888.000 -888888.000 -888888.000 -888888.000     942.000       0.000     293.750       0.000       1.709     129.000       1.709     129.000      20.000       0.000   89380.000       0.000 -888888.000 -888888.000
 20260806065000
   -31.6500  -68.3000 
  ECOHUMUS                                   SURFACE                                    
  FM-12 SYNOP       ECOHUMUS               600  F     F         1
 -888888.000 -888888.000 -888888.000 -888888.000     600.000       0.000     286.150       0.000      -0.610     129.000       3.136     129.000      91.000       0.000   93980.000       0.000 -888888.000 -888888.000
 20260806065000
   -31.5192  -68.8178 
  PUNTA_NEGRA                                SURFACE                                    
  FM-12 SYNOP       PUNTA_NEGRA            800  F     F         1
 -888888.000 -888888.000 -888888.000 -888888.000     800.000       0.000     293.750       0.000      -0.941     129.000       2.731     129.000      22.000       0.000   90680.000       0.000 -888888.000 -888888.000
 20260806065000
   -30.6335  -67.4682 
  VALLE_FERTIL                               SURFACE                                    
  FM-12 SYNOP       VALLE_FERTIL           900  F     F         1
 -888888.000 -888888.000 -888888.000 -888888.000     900.000       0.000     292.250       0.000       2.820     129.000       1.315     129.000      21.000       0.000   90360.000       0.000 -888888.000 -888888.000
 20260806065000
   -30.1833  -69.0667 
  CUESTA_Viento                              SURFACE                                    
  FM-12 SYNOP       CUESTA_Viento         1530  F     F         1
 -888888.000 -888888.000 -888888.000 -888888.000    1530.000       0.000     290.750       0.000      -7.574     129.000      -5.917     129.000      20.000       0.000   84180.000       0.000 -888888.000 -888888.000
 20260806065000
   -31.5194  -68.9851 
  CARACOLES                                  SURFACE                                    
  FM-12 SYNOP       CARACOLES              942  F     F         1
 -888888.000 -888888.000 -888888.000 -888888.000     942.000       0.000     293.850       0.000       0.958     129.000       1.226     129.000      20.000       0.000   89410.000       0.000 -888888.000 -888888.000
 20260806065500
   -31.6500  -68.3000 
  ECOHUMUS                                   SURFACE                                    
  FM-12 SYNOP       ECOHUMUS               600  F     F         1
 -888888.000 -888888.000 -888888.000 -888888.000     600.000       0.000     286.150       0.000      -2.041     129.000       2.809     129.000      91.000       0.000   94010.000       0.000 -888888.000 -888888.000
 20260806065500
   -31.5192  -68.8178 
  PUNTA_NEGRA                                SURFACE                                    
  FM-12 SYNOP       PUNTA_NEGRA            800  F     F         1
 -888888.000 -888888.000 -888888.000 -888888.000     800.000       0.000     293.450       0.000       1.310     129.000       0.787     129.000      22.000       0.000   90710.000       0.000 -888888.000 -888888.000
 20260806065500
   -30.6335  -67.4682 
  VALLE_FERTIL                               SURFACE                                    
  FM-12 SYNOP       VALLE_FERTIL           900  F     F         1
 -888888.000 -888888.000 -888888.000 -888888.000     900.000       0.000     292.250       0.000       2.378     129.000       1.009     129.000      21.000       0.000   90370.000       0.000 -888888.000 -888888.000
 20260806065500
   -30.1833  -69.0667 
  CUESTA_Viento                              SURFACE                                    
  FM-12 SYNOP       CUESTA_Viento         1530  F     F         1
 -888888.000 -888888.000 -888888.000 -888888.000    1530.000       0.000     290.550       0.000      -9.281     129.000      -5.144     129.000      21.000       0.000   84180.000       0.000 -888888.000 -888888.000
 20260806065500
   -31.5194  -68.9851 
  CARACOLES                                  SURFACE                                    
  FM-12 SYNOP       CARACOLES              942  F     F         1
 -888888.000 -888888.000 -888888.000 -888888.000     942.000       0.000     293.750       0.000       0.979     129.000       1.451     129.000      21.000       0.000   89420.000       0.000 -888888.000 -888888.000
 20260806070000
   -31.6500  -68.3000 
  ECOHUMUS                                   SURFACE                                    
  FM-12 SYNOP       ECOHUMUS               600  F     F         1
 -888888.000 -888888.000 -888888.000 -888888.000     600.000       0.000     286.250       0.000      -1.039     129.000       2.335     129.000      91.000       0.000   94050.000       0.000 -888888.000 -888888.000
 20260806070000
   -31.5192  -68.8178 
  PUNTA_NEGRA                                SURFACE                                    
  FM-12 SYNOP       PUNTA_NEGRA            800  F     F         1
 -888888.000 -888888.000 -888888.000 -888888.000     800.000       0.000     293.350       0.000       0.079     129.000       0.079     129.000      22.000       0.000   90710.000       0.000 -888888.000 -888888.000
 20260806070000
   -30.6335  -67.4682 
  VALLE_FERTIL                               SURFACE                                    
  FM-12 SYNOP       VALLE_FERTIL           900  F     F         1
 -888888.000 -888888.000 -888888.000 -888888.000     900.000       0.000     292.250       0.000       2.443     129.000       0.841     129.000      21.000       0.000   90380.000       0.000 -888888.000 -888888.000
 20260806070000
   -30.1833  -69.0667 
  CUESTA_Viento                              SURFACE                                    
  FM-12 SYNOP       CUESTA_Viento         1530  F     F         1
 -888888.000 -888888.000 -888888.000 -888888.000    1530.000       0.000     290.550       0.000     -10.082     129.000      -6.300     129.000      19.000       0.000   84210.000       0.000 -888888.000 -888888.000
 20260806070000
   -31.5194  -68.9851 
  CARACOLES                                  SURFACE                                    
  FM-12 SYNOP       CARACOLES              942  F     F         1
 -888888.000 -888888.000 -888888.000 -888888.000     942.000       0.000     293.650       0.000       2.679     129.000       0.922     129.000      22.000       0.000   89450.000       0.000 -888888.000 -888888.000
 20260806070500
   -31.6500  -68.3000 
  ECOHUMUS                                   SURFACE                                    
  FM-12 SYNOP       ECOHUMUS               600  F     F         1
 -888888.000 -888888.000 -888888.000 -888888.000     600.000       0.000     286.350       0.000      -0.466     129.000       2.400     129.000      91.000       0.000   94080.000       0.000 -888888.000 -888888.000
 20260806070500
   -31.5192  -68.8178 
  PUNTA_NEGRA                                SURFACE                                    
  FM-12 SYNOP       PUNTA_NEGRA            800  F     F         1
 -888888.000 -888888.000 -888888.000 -888888.000     800.000       0.000     293.050       0.000       0.854     129.000       0.667     129.000      22.000       0.000   90730.000       0.000 -888888.000 -888888.000
 20260806070500
   -30.6335  -67.4682 
  VALLE_FERTIL                               SURFACE                                    
  FM-12 SYNOP       VALLE_FERTIL           900  F     F         1
 -888888.000 -888888.000 -888888.000 -888888.000     900.000       0.000     292.350       0.000       3.041     129.000       1.617     129.000      21.000       0.000   90400.000       0.000 -888888.000 -888888.000
 20260806070500
   -30.1833  -69.0667 
  CUESTA_Viento                              SURFACE                                    
  FM-12 SYNOP       CUESTA_Viento         1530  F     F         1
 -888888.000 -888888.000 -888888.000 -888888.000    1530.000       0.000     290.650       0.000      -8.510     129.000      -5.959     129.000      20.000       0.000   84210.000       0.000 -888888.000 -888888.000
 20260806070500
   -31.5194  -68.9851 
  CARACOLES                                  SURFACE                                    
  FM-12 SYNOP       CARACOLES              942  F     F         1
 -888888.000 -888888.000 -888888.000 -888888.000     942.000       0.000     293.350       0.000       1.986     129.000       1.608     129.000      23.000       0.000   89460.000       0.000 -888888.000 -888888.000
 20260806071000
   -31.6500  -68.3000 
  ECOHUMUS                                   SURFACE                                    
  FM-12 SYNOP       ECOHUMUS               600  F     F         1
 -888888.000 -888888.000 -888888.000 -888888.000     600.000       0.000     286.350       0.000      -0.986     129.000       2.022     129.000      91.000       0.000   94110.000       0.000 -888888.000 -888888.000
 20260806071000
   -31.5192  -68.8178 
  PUNTA_NEGRA                                SURFACE                                    
  FM-12 SYNOP       PUNTA_NEGRA            800  F     F         1
 -888888.000 -888888.000 -888888.000 -888888.000     800.000       0.000     293.050       0.000       0.306     129.000       1.068     129.000      23.000       0.000   90730.000       0.000 -888888.000 -888888.000
 20260806071000
   -30.6335  -67.4682 
  VALLE_FERTIL                               SURFACE                                    
  FM-12 SYNOP       VALLE_FERTIL           900  F     F         1
 -888888.000 -888888.000 -888888.000 -888888.000     900.000       0.000     292.850       0.000       2.992     129.000       1.591     129.000      19.000       0.000   90400.000       0.000 -888888.000 -888888.000
 20260806071000
   -30.1833  -69.0667 
  CUESTA_Viento                              SURFACE                                    
  FM-12 SYNOP       CUESTA_Viento         1530  F     F         1
 -888888.000 -888888.000 -888888.000 -888888.000    1530.000       0.000     290.150       0.000      -8.083     129.000      -4.667     129.000      22.000       0.000   84240.000       0.000 -888888.000 -888888.000
 20260806071000
   -31.5194  -68.9851 
  CARACOLES                                  SURFACE                                    
  FM-12 SYNOP       CARACOLES              942  F     F         1
 -888888.000 -888888.000 -888888.000 -888888.000     942.000       0.000     293.450       0.000      -0.634     129.000       0.206     129.000      23.000       0.000   89470.000       0.000 -888888.000 -888888.000
 20260806071500
   -31.6500  -68.3000 
  ECOHUMUS                                   SURFACE                                    
  FM-12 SYNOP       ECOHUMUS               600  F     F         1
 -888888.000 -888888.000 -888888.000 -888888.000     600.000       0.000     286.350       0.000      -1.352     129.000       2.771     129.000      91.000       0.000   94130.000       0.000 -888888.000 -888888.000
 20260806071500
   -31.5192  -68.8178 
  PUNTA_NEGRA                                SURFACE                                    
  FM-12 SYNOP       PUNTA_NEGRA            800  F     F         1
 -888888.000 -888888.000 -888888.000 -888888.000     800.000       0.000     292.750       0.000      -1.107     129.000      -0.447     129.000      32.000       0.000   90780.000       0.000 -888888.000 -888888.000
 20260806071500
   -30.6335  -67.4682 
  VALLE_FERTIL                               SURFACE                                    
  FM-12 SYNOP       VALLE_FERTIL           900  F     F         1
 -888888.000 -888888.000 -888888.000 -888888.000     900.000       0.000     292.950       0.000       2.653     129.000       1.072     129.000      19.000       0.000   90390.000       0.000 -888888.000 -888888.000
 20260806071500
   -30.1833  -69.0667 
  CUESTA_Viento                              SURFACE                                    
  FM-12 SYNOP       CUESTA_Viento         1530  F     F         1
 -888888.000 -888888.000 -888888.000 -888888.000    1530.000       0.000     290.350       0.000      -7.939     129.000      -4.961     129.000      21.000       0.000   84270.000       0.000 -888888.000 -888888.000
 20260806071500
   -31.5194  -68.9851 
  CARACOLES                                  SURFACE                                    
  FM-12 SYNOP       CARACOLES              942  F     F         1
 -888888.000 -888888.000 -888888.000 -888888.000     942.000       0.000     293.250       0.000       0.502     129.000       0.666     129.000      23.000       0.000   89480.000       0.000 -888888.000 -888888.000
 20260806072000
   -31.6500  -68.3000 
  ECOHUMUS                                   SURFACE                                    
  FM-12 SYNOP       ECOHUMUS               600  F     F         1
 -888888.000 -888888.000 -888888.000 -888888.000     600.000       0.000     286.350       0.000      -0.808     129.000       2.219     129.000      91.000       0.000   94150.000       0.000 -888888.000 -888888.000
 20260806072000
   -31.5192  -68.8178 
  PUNTA_NEGRA                                SURFACE                                    
  FM-12 SYNOP       PUNTA_NEGRA            800  F     F         1
 -888888.000 -888888.000 -888888.000 -888888.000     800.000       0.000     289.250       0.000       0.376     129.000       0.517     129.000      54.000       0.000   90850.000       0.000 -888888.000 -888888.000
 20260806072000
   -30.6335  -67.4682 
  VALLE_FERTIL                               SURFACE                                    
  FM-12 SYNOP       VALLE_FERTIL           900  F     F         1
 -888888.000 -888888.000 -888888.000 -888888.000     900.000       0.000     292.650       0.000       2.837     129.000       0.977     129.000      19.000       0.000   90410.000       0.000 -888888.000 -888888.000
 20260806072000
   -30.1833  -69.0667 
  CUESTA_Viento                              SURFACE                                    
  FM-12 SYNOP       CUESTA_Viento         1530  F     F         1
 -888888.000 -888888.000 -888888.000 -888888.000    1530.000       0.000     290.250       0.000      -7.922     129.000      -4.212     129.000      23.000       0.000   84280.000       0.000 -888888.000 -888888.000
 20260806072000
   -31.5194  -68.9851 
  CARACOLES                                  SURFACE                                    
  FM-12 SYNOP       CARACOLES              942  F     F         1
 -888888.000 -888888.000 -888888.000 -888888.000     942.000       0.000     293.250       0.000      -0.156     129.000      -0.060     129.000      24.000       0.000   89490.000       0.000 -888888.000 -888888.000
 20260806072500
   -31.6500  -68.3000 
  ECOHUMUS                                   SURFACE                                    
  FM-12 SYNOP       ECOHUMUS               600  F     F         1
 -888888.000 -888888.000 -888888.000 -888888.000     600.000       0.000     286.450       0.000      -0.595     129.000       2.799     129.000      90.000       0.000   94150.000       0.000 -888888.000 -888888.000
 20260806072500
   -31.5192  -68.8178 
  PUNTA_NEGRA                                SURFACE                                    
  FM-12 SYNOP       PUNTA_NEGRA            800  F     F         1
 -888888.000 -888888.000 -888888.000 -888888.000     800.000       0.000     287.950       0.000      -0.555     129.000      -0.019     129.000      61.000       0.000   90890.000       0.000 -888888.000 -888888.000
 20260806072500
   -30.6335  -67.4682 
  VALLE_FERTIL                               SURFACE                                    
  FM-12 SYNOP       VALLE_FERTIL           900  F     F         1
 -888888.000 -888888.000 -888888.000 -888888.000     900.000       0.000     292.950       0.000       2.211     129.000       1.225     129.000      19.000       0.000   90440.000       0.000 -888888.000 -888888.000
 20260806072500
   -30.1833  -69.0667 
  CUESTA_Viento                              SURFACE                                    
  FM-12 SYNOP       CUESTA_Viento         1530  F     F         1
 -888888.000 -888888.000 -888888.000 -888888.000    1530.000       0.000     290.050       0.000      -8.033     129.000      -5.020     129.000      23.000       0.000   84270.000       0.000 -888888.000 -888888.000
 20260806072500
   -31.5194  -68.9851 
  CARACOLES                                  SURFACE                                    
  FM-12 SYNOP       CARACOLES              942  F     F         1
 -888888.000 -888888.000 -888888.000 -888888.000     942.000       0.000     292.750       0.000      -0.162     129.000       0.292     129.000      24.000       0.000   89510.000       0.000 -888888.000 -888888.000
 20260806073000
   -31.6500  -68.5833 
  INTA_POCITO                                SURFACE                                    
  FM-12 SYNOP       INTA_POCITO            615  F     F         1
 -888888.000 -888888.000 -888888.000 -888888.000     615.000       0.000     287.250       0.000      -0.066     129.000       1.888     129.000      80.000       0.000   93340.000       0.000 -888888.000 -888888.000
 20260806073000
   -31.6500  -68.3000 
  ECOHUMUS                                   SURFACE                                    
  FM-12 SYNOP       ECOHUMUS               600  F     F         1
 -888888.000 -888888.000 -888888.000 -888888.000     600.000       0.000     286.550       0.000      -1.619     129.000       2.591     129.000      90.000       0.000   94170.000       0.000 -888888.000 -888888.000
 20260806073000
   -31.5192  -68.8178 
  PUNTA_NEGRA                                SURFACE                                    
  FM-12 SYNOP       PUNTA_NEGRA            800  F     F         1
 -888888.000 -888888.000 -888888.000 -888888.000     800.000       0.000     287.250       0.000      -0.549     129.000      -0.268     129.000      63.000       0.000   90910.000       0.000 -888888.000 -888888.000
 20260806073000
   -30.6335  -67.4682 
  VALLE_FERTIL                               SURFACE                                    
  FM-12 SYNOP       VALLE_FERTIL           900  F     F         1
 -888888.000 -888888.000 -888888.000 -888888.000     900.000       0.000     292.950       0.000       2.120     129.000       1.325     129.000      18.000       0.000   90440.000       0.000 -888888.000 -888888.000
 20260806073000
   -30.1833  -69.0667 
  CUESTA_Viento                              SURFACE                                    
  FM-12 SYNOP       CUESTA_Viento         1530  F     F         1
 -888888.000 -888888.000 -888888.000 -888888.000    1530.000       0.000     289.850       0.000      -7.668     129.000      -5.369     129.000      23.000       0.000   84290.000       0.000 -888888.000 -888888.000
 20260806073000
   -31.5194  -68.9851 
  CARACOLES                                  SURFACE                                    
  FM-12 SYNOP       CARACOLES              942  F     F         1
 -888888.000 -888888.000 -888888.000 -888888.000     942.000       0.000     292.850       0.000       2.005     129.000       1.021     129.000      24.000       0.000   89520.000       0.000 -888888.000 -888888.000
 20260806073500
   -31.6500  -68.3000 
  ECOHUMUS                                   SURFACE                                    
  FM-12 SYNOP       ECOHUMUS               600  F     F         1
 -888888.000 -888888.000 -888888.000 -888888.000     600.000       0.000     286.650       0.000      -0.886     129.000       2.308     129.000      90.000       0.000   94190.000       0.000 -888888.000 -888888.000
 20260806073500
   -31.5192  -68.8178 
  PUNTA_NEGRA                                SURFACE                                    
  FM-12 SYNOP       PUNTA_NEGRA            800  F     F         1
 -888888.000 -888888.000 -888888.000 -888888.000     800.000       0.000     286.850       0.000      -0.039     129.000       0.749     129.000      67.000       0.000   90940.000       0.000 -888888.000 -888888.000
 20260806073500
   -31.5000  -68.2500 
  INTA_SANMARTIN                             SURFACE                                    
  FM-12 SYNOP       INTA_SANMARTIN         600  F     F         1
 -888888.000 -888888.000 -888888.000 -888888.000     600.000       0.000 -999999.000 -888888.000 -888888.000       0.000 -888888.000       0.000 -999999.000 -888888.000   94450.000       0.000 -888888.000 -888888.000
 20260806073500
   -30.6335  -67.4682 
  VALLE_FERTIL                               SURFACE                                    
  FM-12 SYNOP       VALLE_FERTIL           900  F     F         1
 -888888.000 -888888.000 -888888.000 -888888.000     900.000       0.000     293.150       0.000       2.454     129.000       1.360     129.000      18.000       0.000   90470.000       0.000 -888888.000 -888888.000
 20260806073500
   -30.1833  -69.0667 
  CUESTA_Viento                              SURFACE                                    
  FM-12 SYNOP       CUESTA_Viento         1530  F     F         1
 -888888.000 -888888.000 -888888.000 -888888.000    1530.000       0.000     290.050       0.000      -5.015     129.000      -4.843     129.000      23.000       0.000   84290.000       0.000 -888888.000 -888888.000
 20260806073500
   -31.5194  -68.9851 
  CARACOLES                                  SURFACE                                    
  FM-12 SYNOP       CARACOLES              942  F     F         1
 -888888.000 -888888.000 -888888.000 -888888.000     942.000       0.000     293.050       0.000       2.221     129.000       0.078     129.000      25.000       0.000   89540.000       0.000 -888888.000 -888888.000
 20260806074000
   -31.6500  -68.3000 
  ECOHUMUS                                   SURFACE                                    
  FM-12 SYNOP       ECOHUMUS               600  F     F         1
 -888888.000 -888888.000 -888888.000 -888888.000     600.000       0.000     286.650       0.000      -0.271     129.000       3.099     129.000      90.000       0.000   94230.000       0.000 -888888.000 -888888.000
 20260806074000
   -31.5192  -68.8178 
  PUNTA_NEGRA                                SURFACE                                    
  FM-12 SYNOP       PUNTA_NEGRA            800  F     F         1
 -888888.000 -888888.000 -888888.000 -888888.000     800.000       0.000     286.450       0.000      -0.347     129.000       0.818     129.000      70.000       0.000   90960.000       0.000 -888888.000 -888888.000
 20260806074000
   -31.5000  -68.2500 
  INTA_SANMARTIN                             SURFACE                                    
  FM-12 SYNOP       INTA_SANMARTIN         600  F     F         1
 -888888.000 -888888.000 -888888.000 -888888.000     600.000       0.000 -999999.000 -888888.000 -888888.000       0.000 -888888.000       0.000 -999999.000 -888888.000   94450.000       0.000 -888888.000 -888888.000
 20260806074000
   -30.6335  -67.4682 
  VALLE_FERTIL                               SURFACE                                    
  FM-12 SYNOP       VALLE_FERTIL           900  F     F         1
 -888888.000 -888888.000 -888888.000 -888888.000     900.000       0.000     293.350       0.000       1.871     129.000       1.037     129.000      18.000       0.000   90480.000       0.000 -888888.000 -888888.000
 20260806074000
   -30.1833  -69.0667 
  CUESTA_Viento                              SURFACE                                    
  FM-12 SYNOP       CUESTA_Viento         1530  F     F         1
 -888888.000 -888888.000 -888888.000 -888888.000    1530.000       0.000     289.950       0.000      -6.929     129.000      -4.163     129.000      24.000       0.000   84310.000       0.000 -888888.000 -888888.000
 20260806074000
   -31.5194  -68.9851 
  CARACOLES                                  SURFACE                                    
  FM-12 SYNOP       CARACOLES              942  F     F         1
 -888888.000 -888888.000 -888888.000 -888888.000     942.000       0.000     292.950       0.000       1.363     129.000      -0.265     129.000      25.000       0.000   89560.000       0.000 -888888.000 -888888.000
 20260806074500
   -31.6500  -68.3000 
  ECOHUMUS                                   SURFACE                                    
  FM-12 SYNOP       ECOHUMUS               600  F     F         1
 -888888.000 -888888.000 -888888.000 -888888.000     600.000       0.000     286.650       0.000      -0.114     129.000       3.276     129.000      90.000       0.000   94250.000       0.000 -888888.000 -888888.000
 20260806074500
   -31.5192  -68.8178 
  PUNTA_NEGRA                                SURFACE                                    
  FM-12 SYNOP       PUNTA_NEGRA            800  F     F         1
 -888888.000 -888888.000 -888888.000 -888888.000     800.000       0.000     286.350       0.000      -0.972     129.000       0.017     129.000      71.000       0.000   90990.000       0.000 -888888.000 -888888.000
 20260806074500
   -31.5000  -68.2500 
  INTA_SANMARTIN                             SURFACE                                    
  FM-12 SYNOP       INTA_SANMARTIN         600  F     F         1
 -888888.000 -888888.000 -888888.000 -888888.000     600.000       0.000 -999999.000 -888888.000 -888888.000       0.000 -888888.000       0.000 -999999.000 -888888.000   94470.000       0.000 -888888.000 -888888.000
 20260806074500
   -30.6335  -67.4682 
  VALLE_FERTIL                               SURFACE                                    
  FM-12 SYNOP       VALLE_FERTIL           900  F     F         1
 -888888.000 -888888.000 -888888.000 -888888.000     900.000       0.000     293.450       0.000       2.441     129.000       1.647     129.000      17.000       0.000   90500.000       0.000 -888888.000 -888888.000
 20260806074500
   -30.1833  -69.0667 
  CUESTA_Viento                              SURFACE                                    
  FM-12 SYNOP       CUESTA_Viento         1530  F     F         1
 -888888.000 -888888.000 -888888.000 -888888.000    1530.000       0.000     289.850       0.000      -6.379     129.000      -4.303     129.000      21.000       0.000   84300.000       0.000 -888888.000 -888888.000
 20260806074500
   -31.5194  -68.9851 
  CARACOLES                                  SURFACE                                    
  FM-12 SYNOP       CARACOLES              942  F     F         1
 -888888.000 -888888.000 -888888.000 -888888.000     942.000       0.000     292.850       0.000       1.744     129.000       0.567     129.000      25.000       0.000   89560.000       0.000 -888888.000 -888888.000
 20260806075000
   -31.6500  -68.3000 
  ECOHUMUS                                   SURFACE                                    
  FM-12 SYNOP       ECOHUMUS               600  F     F         1
 -888888.000 -888888.000 -888888.000 -888888.000     600.000       0.000     286.650       0.000       0.126     129.000       3.609     129.000      91.000       0.000   94270.000       0.000 -888888.000 -888888.000
 20260806075000
   -31.5192  -68.8178 
  PUNTA_NEGRA                                SURFACE                                    
  FM-12 SYNOP       PUNTA_NEGRA            800  F     F         1
 -888888.000 -888888.000 -888888.000 -888888.000     800.000       0.000     286.250       0.000      -0.583     129.000      -0.472     129.000      72.000       0.000   91010.000       0.000 -888888.000 -888888.000
 20260806075000
   -31.5000  -68.2500 
  INTA_SANMARTIN                             SURFACE                                    
  FM-12 SYNOP       INTA_SANMARTIN         600  F     F         1
 -888888.000 -888888.000 -888888.000 -888888.000     600.000       0.000 -999999.000 -888888.000 -888888.000       0.000 -888888.000       0.000 -999999.000 -888888.000   94480.000       0.000 -888888.000 -888888.000
 20260806075000
   -30.6335  -67.4682 
  VALLE_FERTIL                               SURFACE                                    
  FM-12 SYNOP       VALLE_FERTIL           900  F     F         1
 -888888.000 -888888.000 -888888.000 -888888.000     900.000       0.000     293.150       0.000       2.309     129.000       1.333     129.000      18.000       0.000   90510.000       0.000 -888888.000 -888888.000
 20260806075000
   -30.1833  -69.0667 
  CUESTA_Viento                              SURFACE                                    
  FM-12 SYNOP       CUESTA_Viento         1530  F     F         1
 -888888.000 -888888.000 -888888.000 -888888.000    1530.000       0.000     290.050       0.000      -5.865     129.000      -4.261     129.000      23.000       0.000   84300.000       0.000 -888888.000 -888888.000
 20260806075000
   -31.5194  -68.9851 
  CARACOLES                                  SURFACE                                    
  FM-12 SYNOP       CARACOLES              942  F     F         1
 -888888.000 -888888.000 -888888.000 -888888.000     942.000       0.000     292.850       0.000       1.683     129.000       0.858     129.000      25.000       0.000   89570.000       0.000 -888888.000 -888888.000
 20260806075500
   -31.6500  -68.3000 
  ECOHUMUS                                   SURFACE                                    
  FM-12 SYNOP       ECOHUMUS               600  F     F         1
 -888888.000 -888888.000 -888888.000 -888888.000     600.000       0.000     286.550       0.000       0.307     129.000       3.514     129.000      91.000       0.000   94290.000       0.000 -888888.000 -888888.000
 20260806075500
   -31.5192  -68.8178 
  PUNTA_NEGRA                                SURFACE                                    
  FM-12 SYNOP       PUNTA_NEGRA            800  F     F         1
 -888888.000 -888888.000 -888888.000 -888888.000     800.000       0.000     286.050       0.000       0.114     129.000       0.283     129.000      73.000       0.000   91010.000       0.000 -888888.000 -888888.000
 20260806075500
   -31.5000  -68.2500 
  INTA_SANMARTIN                             SURFACE                                    
  FM-12 SYNOP       INTA_SANMARTIN         600  F     F         1
 -888888.000 -888888.000 -888888.000 -888888.000     600.000       0.000 -999999.000 -888888.000 -888888.000       0.000 -888888.000       0.000 -999999.000 -888888.000   94510.000       0.000 -888888.000 -888888.000
 20260806075500
   -30.6335  -67.4682 
  VALLE_FERTIL                               SURFACE                                    
  FM-12 SYNOP       VALLE_FERTIL           900  F     F         1
 -888888.000 -888888.000 -888888.000 -888888.000     900.000       0.000     293.350       0.000       0.863     129.000       0.699     129.000      18.000       0.000   90510.000       0.000 -888888.000 -888888.000
 20260806075500
   -30.1833  -69.0667 
  CUESTA_Viento                              SURFACE                                    
  FM-12 SYNOP       CUESTA_Viento         1530  F     F         1
 -888888.000 -888888.000 -888888.000 -888888.000    1530.000       0.000     290.050       0.000      -7.578     129.000      -4.375     129.000      23.000       0.000   84330.000       0.000 -888888.000 -888888.000
 20260806075500
   -31.5194  -68.9851 
  CARACOLES                                  SURFACE                                    
  FM-12 SYNOP       CARACOLES              942  F     F         1
 -888888.000 -888888.000 -888888.000 -888888.000     942.000       0.000     292.950       0.000       1.107     129.000       0.928     129.000      25.000       0.000   89590.000       0.000 -888888.000 -888888.000
 20260806080000
   -31.6500  -68.3000 
  ECOHUMUS                                   SURFACE                                    
  FM-12 SYNOP       ECOHUMUS               600  F     F         1
 -888888.000 -888888.000 -888888.000 -888888.000     600.000       0.000     286.450       0.000       0.108     129.000       3.081     129.000      91.000       0.000   94300.000       0.000 -888888.000 -888888.000
 20260806080000
   -31.5192  -68.8178 
  PUNTA_NEGRA                                SURFACE                                    
  FM-12 SYNOP       PUNTA_NEGRA            800  F     F         1
 -888888.000 -888888.000 -888888.000 -888888.000     800.000       0.000     286.050       0.000      -0.161     129.000       0.561     129.000      74.000       0.000   91050.000       0.000 -888888.000 -888888.000
 20260806080000
   -31.5000  -68.2500 
  INTA_SANMARTIN                             SURFACE                                    
  FM-12 SYNOP       INTA_SANMARTIN         600  F     F         1
 -888888.000 -888888.000 -888888.000 -888888.000     600.000       0.000 -999999.000 -888888.000 -888888.000       0.000 -888888.000       0.000 -999999.000 -888888.000   94530.000       0.000 -888888.000 -888888.000
 20260806080000
   -30.6335  -67.4682 
  VALLE_FERTIL                               SURFACE                                    
  FM-12 SYNOP       VALLE_FERTIL           900  F     F         1
 -888888.000 -888888.000 -888888.000 -888888.000     900.000       0.000     293.350       0.000       0.151     129.000       0.070     129.000      18.000       0.000   90540.000       0.000 -888888.000 -888888.000
 20260806080000
   -30.1833  -69.0667 
  CUESTA_Viento                              SURFACE                                    
  FM-12 SYNOP       CUESTA_Viento         1530  F     F         1
 -888888.000 -888888.000 -888888.000 -888888.000    1530.000       0.000     290.150       0.000      -4.703     129.000      -3.544     129.000      23.000       0.000   84320.000       0.000 -888888.000 -888888.000
 20260806080000
   -31.5194  -68.9851 
  CARACOLES                                  SURFACE                                    
  FM-12 SYNOP       CARACOLES              942  F     F         1
 -888888.000 -888888.000 -888888.000 -888888.000     942.000       0.000     292.950       0.000       1.188     129.000       0.125     129.000      25.000       0.000   89560.000       0.000 -888888.000 -888888.000
 20260806080500
   -31.6500  -68.3000 
  ECOHUMUS                                   SURFACE                                    
  FM-12 SYNOP       ECOHUMUS               600  F     F         1
 -888888.000 -888888.000 -888888.000 -888888.000     600.000       0.000     286.350       0.000       0.125     129.000       3.581     129.000      91.000       0.000   94320.000       0.000 -888888.000 -888888.000
 20260806080500
   -31.5192  -68.8178 
  PUNTA_NEGRA                                SURFACE                                    
  FM-12 SYNOP       PUNTA_NEGRA            800  F     F         1
 -888888.000 -888888.000 -888888.000 -888888.000     800.000       0.000     286.050       0.000       0.385     129.000       0.054     129.000      74.000       0.000   91070.000       0.000 -888888.000 -888888.000
 20260806080500
   -31.5000  -68.2500 
  INTA_SANMARTIN                             SURFACE                                    
  FM-12 SYNOP       INTA_SANMARTIN         600  F     F         1
 -888888.000 -888888.000 -888888.000 -888888.000     600.000       0.000 -999999.000 -888888.000 -888888.000       0.000 -888888.000       0.000 -999999.000 -888888.000   94560.000       0.000 -888888.000 -888888.000
 20260806080500
   -30.6335  -67.4682 
  VALLE_FERTIL                               SURFACE                                    
  FM-12 SYNOP       VALLE_FERTIL           900  F     F         1
 -888888.000 -888888.000 -888888.000 -888888.000     900.000       0.000     293.150       0.000       0.386     129.000       0.360     129.000      17.000       0.000   90550.000       0.000 -888888.000 -888888.000
 20260806080500
   -30.1833  -69.0667 
  CUESTA_Viento                              SURFACE                                    
  FM-12 SYNOP       CUESTA_Viento         1530  F     F         1
 -888888.000 -888888.000 -888888.000 -888888.000    1530.000       0.000     290.350       0.000      -7.015     129.000      -3.730     129.000      22.000       0.000   84330.000       0.000 -888888.000 -888888.000
 20260806080500
   -31.5194  -68.9851 
  CARACOLES                                  SURFACE                                    
  FM-12 SYNOP       CARACOLES              942  F     F         1
 -888888.000 -888888.000 -888888.000 -888888.000     942.000       0.000     292.350       0.000      -1.084     129.000      -2.222     129.000      36.000       0.000   89580.000       0.000 -888888.000 -888888.000
 20260806081000
   -31.6500  -68.3000 
  ECOHUMUS                                   SURFACE                                    
  FM-12 SYNOP       ECOHUMUS               600  F     F         1
 -888888.000 -888888.000 -888888.000 -888888.000     600.000       0.000     286.350       0.000      -1.072     129.000       3.506     129.000      91.000       0.000   94330.000       0.000 -888888.000 -888888.000
 20260806081000
   -31.5000  -68.2500 
  INTA_SANMARTIN                             SURFACE                                    
  FM-12 SYNOP       INTA_SANMARTIN         600  F     F         1
 -888888.000 -888888.000 -888888.000 -888888.000     600.000       0.000 -999999.000 -888888.000 -888888.000       0.000 -888888.000       0.000 -999999.000 -888888.000   94560.000       0.000 -888888.000 -888888.000
 20260806081000
   -30.6335  -67.4682 
  VALLE_FERTIL                               SURFACE                                    
  FM-12 SYNOP       VALLE_FERTIL           900  F     F         1
 -888888.000 -888888.000 -888888.000 -888888.000     900.000       0.000     294.150       0.000       1.532     129.000       1.532     129.000      16.000       0.000   90550.000       0.000 -888888.000 -888888.000
 20260806081000
   -30.1833  -69.0667 
  CUESTA_Viento                              SURFACE                                    
  FM-12 SYNOP       CUESTA_Viento         1530  F     F         1
 -888888.000 -888888.000 -888888.000 -888888.000    1530.000       0.000     290.450       0.000      -6.895     129.000      -4.828     129.000      22.000       0.000   84350.000       0.000 -888888.000 -888888.000
 20260806081000
   -31.5194  -68.9851 
  CARACOLES                                  SURFACE                                    
  FM-12 SYNOP       CARACOLES              942  F     F         1
 -888888.000 -888888.000 -888888.000 -888888.000     942.000       0.000     288.950       0.000      -2.405     129.000      -1.333     129.000      52.000       0.000   89610.000       0.000 -888888.000 -888888.000
 20260806081500
   -31.6500  -68.3000 
  ECOHUMUS                                   SURFACE                                    
  FM-12 SYNOP       ECOHUMUS               600  F     F         1
 -888888.000 -888888.000 -888888.000 -888888.000     600.000       0.000     286.250       0.000       0.107     129.000       3.054     129.000      90.000       0.000   94350.000       0.000 -888888.000 -888888.000
 20260806081500
   -31.5192  -68.8178 
  PUNTA_NEGRA                                SURFACE                                    
  FM-12 SYNOP       PUNTA_NEGRA            800  F     F         1
 -888888.000 -888888.000 -888888.000 -888888.000     800.000       0.000     286.050       0.000       1.166     129.000       0.020     129.000      75.000       0.000   91110.000       0.000 -888888.000 -888888.000
 20260806081500
   -31.5000  -68.2500 
  INTA_SANMARTIN                             SURFACE                                    
  FM-12 SYNOP       INTA_SANMARTIN         600  F     F         1
 -888888.000 -888888.000 -888888.000 -888888.000     600.000       0.000 -999999.000 -888888.000 -888888.000       0.000 -888888.000       0.000 -999999.000 -888888.000   94580.000       0.000 -888888.000 -888888.000
 20260806081500
   -30.6335  -67.4682 
  VALLE_FERTIL                               SURFACE                                    
  FM-12 SYNOP       VALLE_FERTIL           900  F     F         1
 -888888.000 -888888.000 -888888.000 -888888.000     900.000       0.000     294.050       0.000       0.718     129.000       0.919     129.000      17.000       0.000   90580.000       0.000 -888888.000 -888888.000
 20260806081500
   -30.1833  -69.0667 
  CUESTA_Viento                              SURFACE                                    
  FM-12 SYNOP       CUESTA_Viento         1530  F     F         1
 -888888.000 -888888.000 -888888.000 -888888.000    1530.000       0.000     290.450       0.000      -6.462     129.000      -4.525     129.000      22.000       0.000   84370.000       0.000 -888888.000 -888888.000
 20260806081500
   -31.5194  -68.9851 
  CARACOLES                                  SURFACE                                    
  FM-12 SYNOP       CARACOLES              942  F     F         1
 -888888.000 -888888.000 -888888.000 -888888.000     942.000       0.000     287.750       0.000      -2.058     129.000      -1.608     129.000      57.000       0.000   89640.000       0.000 -888888.000 -888888.000
 20260806082000
   -31.6500  -68.3000 
  ECOHUMUS                                   SURFACE                                    
  FM-12 SYNOP       ECOHUMUS               600  F     F         1
 -888888.000 -888888.000 -888888.000 -888888.000     600.000       0.000     286.250       0.000      -0.000     129.000       2.833     129.000      90.000       0.000   94380.000       0.000 -888888.000 -888888.000
 20260806082000
   -31.5192  -68.8178 
  PUNTA_NEGRA                                SURFACE                                    
  FM-12 SYNOP       PUNTA_NEGRA            800  F     F         1
 -888888.000 -888888.000 -888888.000 -888888.000     800.000       0.000     286.150       0.000       0.073     129.000       0.523     129.000      75.000       0.000   91120.000       0.000 -888888.000 -888888.000
 20260806082000
   -31.5000  -68.2500 
  INTA_SANMARTIN                             SURFACE                                    
  FM-12 SYNOP       INTA_SANMARTIN         600  F     F         1
 -888888.000 -888888.000 -888888.000 -888888.000     600.000       0.000 -999999.000 -888888.000 -888888.000       0.000 -888888.000       0.000 -999999.000 -888888.000   94590.000       0.000 -888888.000 -888888.000
 20260806082000
   -30.6335  -67.4682 
  VALLE_FERTIL                               SURFACE                                    
  FM-12 SYNOP       VALLE_FERTIL           900  F     F         1
 -888888.000 -888888.000 -888888.000 -888888.000     900.000       0.000     293.050       0.000      -2.049     129.000      -1.281     129.000      34.000       0.000   90610.000       0.000 -888888.000 -888888.000
 20260806082000
   -30.1833  -69.0667 
  CUESTA_Viento                              SURFACE                                    
  FM-12 SYNOP       CUESTA_Viento         1530  F     F         1
 -888888.000 -888888.000 -888888.000 -888888.000    1530.000       0.000     290.450       0.000      -8.177     129.000      -5.310     129.000      22.000       0.000   84370.000       0.000 -888888.000 -888888.000
 20260806082000
   -31.5194  -68.9851 
  CARACOLES                                  SURFACE                                    
  FM-12 SYNOP       CARACOLES              942  F     F         1
 -888888.000 -888888.000 -888888.000 -888888.000     942.000       0.000     287.550       0.000      -2.467     129.000      -1.150     129.000      60.000       0.000   89680.000       0.000 -888888.000 -888888.000
 20260806082500
   -31.6500  -68.3000 
  ECOHUMUS                                   SURFACE                                    
  FM-12 SYNOP       ECOHUMUS               600  F     F         1
 -888888.000 -888888.000 -888888.000 -888888.000     600.000       0.000     286.150       0.000       0.193     129.000       3.689     129.000      90.000       0.000   94380.000       0.000 -888888.000 -888888.000
 20260806082500
   -31.5192  -68.8178 
  PUNTA_NEGRA                                SURFACE                                    
  FM-12 SYNOP       PUNTA_NEGRA            800  F     F         1
 -888888.000 -888888.000 -888888.000 -888888.000     800.000       0.000     286.150       0.000       0.025     129.000       0.360     129.000      75.000       0.000   91140.000       0.000 -888888.000 -888888.000
 20260806082500
   -31.5000  -68.2500 
  INTA_SANMARTIN                             SURFACE                                    
  FM-12 SYNOP       INTA_SANMARTIN         600  F     F         1
 -888888.000 -888888.000 -888888.000 -888888.000     600.000       0.000 -999999.000 -888888.000 -888888.000       0.000 -888888.000       0.000 -999999.000 -888888.000   94610.000       0.000 -888888.000 -888888.000
 20260806082500
   -30.6335  -67.4682 
  VALLE_FERTIL                               SURFACE                                    
  FM-12 SYNOP       VALLE_FERTIL           900  F     F         1
 -888888.000 -888888.000 -888888.000 -888888.000     900.000       0.000     285.950       0.000      -2.639     129.000       1.175     129.000      73.000       0.000   90630.000       0.000 -888888.000 -888888.000
 20260806082500
   -30.1833  -69.0667 
  CUESTA_Viento                              SURFACE                                    
  FM-12 SYNOP       CUESTA_Viento         1530  F     F         1
 -888888.000 -888888.000 -888888.000 -888888.000    1530.000       0.000     290.450       0.000      -8.135     129.000      -5.911     129.000      22.000       0.000   84390.000       0.000 -888888.000 -888888.000
 20260806082500
   -31.5194  -68.9851 
  CARACOLES                                  SURFACE                                    
  FM-12 SYNOP       CARACOLES              942  F     F         1
 -888888.000 -888888.000 -888888.000 -888888.000     942.000       0.000     287.350       0.000      -1.154     129.000      -0.721     129.000      60.000       0.000   89720.000       0.000 -888888.000 -888888.000
 20260806083000
   -31.6500  -68.3000 
  ECOHUMUS                                   SURFACE                                    
  FM-12 SYNOP       ECOHUMUS               600  F     F         1
 -888888.000 -888888.000 -888888.000 -888888.000     600.000       0.000     286.150       0.000      -0.138     129.000       3.942     129.000      90.000       0.000   94410.000       0.000 -888888.000 -888888.000
 20260806083000
   -31.5192  -68.8178 
  PUNTA_NEGRA                                SURFACE                                    
  FM-12 SYNOP       PUNTA_NEGRA            800  F     F         1
 -888888.000 -888888.000 -888888.000 -888888.000     800.000       0.000     286.250       0.000      -0.038     129.000       0.359     129.000      75.000       0.000   91160.000       0.000 -888888.000 -888888.000
 20260806083000
   -31.5000  -68.2500 
  INTA_SANMARTIN                             SURFACE                                    
  FM-12 SYNOP       INTA_SANMARTIN         600  F     F         1
 -888888.000 -888888.000 -888888.000 -888888.000     600.000       0.000 -999999.000 -888888.000 -888888.000       0.000 -888888.000       0.000 -999999.000 -888888.000   94630.000       0.000 -888888.000 -888888.000
 20260806083000
   -30.6335  -67.4682 
  VALLE_FERTIL                               SURFACE                                    
  FM-12 SYNOP       VALLE_FERTIL           900  F     F         1
 -888888.000 -888888.000 -888888.000 -888888.000     900.000       0.000     284.650       0.000      -1.684     129.000       1.364     129.000      80.000       0.000   90650.000       0.000 -888888.000 -888888.000
 20260806083000
   -30.1833  -69.0667 
  CUESTA_Viento                              SURFACE                                    
  FM-12 SYNOP       CUESTA_Viento         1530  F     F         1
 -888888.000 -888888.000 -888888.000 -888888.000    1530.000       0.000     290.550       0.000      -6.584     129.000      -5.332     129.000      22.000       0.000   84390.000       0.000 -888888.000 -888888.000
 20260806083000
   -31.5194  -68.9851 
  CARACOLES                                  SURFACE                                    
  FM-12 SYNOP       CARACOLES              942  F     F         1
 -888888.000 -888888.000 -888888.000 -888888.000     942.000       0.000     287.350       0.000      -2.183     129.000      -0.544     129.000      63.000       0.000   89740.000       0.000 -888888.000 -888888.000
 20260806083500
   -31.6500  -68.3000 
  ECOHUMUS                                   SURFACE                                    
  FM-12 SYNOP       ECOHUMUS               600  F     F         1
 -888888.000 -888888.000 -888888.000 -888888.000     600.000       0.000     286.150       0.000       0.714     129.000       4.049     129.000      90.000       0.000   94430.000       0.000 -888888.000 -888888.000
 20260806083500
   -31.5192  -68.8178 
  PUNTA_NEGRA                                SURFACE                                    
  FM-12 SYNOP       PUNTA_NEGRA            800  F     F         1
 -888888.000 -888888.000 -888888.000 -888888.000     800.000       0.000     286.250       0.000      -0.432     129.000      -0.303     129.000      76.000       0.000   91180.000       0.000 -888888.000 -888888.000
 20260806083500
   -31.5000  -68.2500 
  INTA_SANMARTIN                             SURFACE                                    
  FM-12 SYNOP       INTA_SANMARTIN         600  F     F         1
 -888888.000 -888888.000 -888888.000 -888888.000     600.000       0.000 -999999.000 -888888.000 -888888.000       0.000 -888888.000       0.000 -999999.000 -888888.000   94640.000       0.000 -888888.000 -888888.000
 20260806083500
   -30.6335  -67.4682 
  VALLE_FERTIL                               SURFACE                                    
  FM-12 SYNOP       VALLE_FERTIL           900  F     F         1
 -888888.000 -888888.000 -888888.000 -888888.000     900.000       0.000     284.450       0.000      -1.701     129.000       0.269     129.000      83.000       0.000   90660.000       0.000 -888888.000 -888888.000
 20260806083500
   -30.1833  -69.0667 
  CUESTA_Viento                              SURFACE                                    
  FM-12 SYNOP       CUESTA_Viento         1530  F     F         1
 -888888.000 -888888.000 -888888.000 -888888.000    1530.000       0.000     290.550       0.000      -7.880     129.000      -3.674     129.000      23.000       0.000   84410.000       0.000 -888888.000 -888888.000
 20260806083500
   -31.5194  -68.9851 
  CARACOLES                                  SURFACE                                    
  FM-12 SYNOP       CARACOLES              942  F     F         1
 -888888.000 -888888.000 -888888.000 -888888.000     942.000       0.000     286.950       0.000      -2.914     129.000      -3.017     129.000      64.000       0.000   89780.000       0.000 -888888.000 -888888.000
 20260806084000
   -31.6500  -68.3000 
  ECOHUMUS                                   SURFACE                                    
  FM-12 SYNOP       ECOHUMUS               600  F     F         1
 -888888.000 -888888.000 -888888.000 -888888.000     600.000       0.000     286.250       0.000      -0.392     129.000       4.483     129.000      89.000       0.000   94450.000       0.000 -888888.000 -888888.000
 20260806084000
   -31.5192  -68.8178 
  PUNTA_NEGRA                                SURFACE                                    
  FM-12 SYNOP       PUNTA_NEGRA            800  F     F         1
 -888888.000 -888888.000 -888888.000 -888888.000     800.000       0.000     286.350       0.000      -0.337     129.000       0.194     129.000      76.000       0.000   91200.000       0.000 -888888.000 -888888.000
 20260806084000
   -31.5000  -68.2500 
  INTA_SANMARTIN                             SURFACE                                    
  FM-12 SYNOP       INTA_SANMARTIN         600  F     F         1
 -888888.000 -888888.000 -888888.000 -888888.000     600.000       0.000 -999999.000 -888888.000 -888888.000       0.000 -888888.000       0.000 -999999.000 -888888.000   94650.000       0.000 -888888.000 -888888.000
 20260806084000
   -30.6335  -67.4682 
  VALLE_FERTIL                               SURFACE                                    
  FM-12 SYNOP       VALLE_FERTIL           900  F     F         1
 -888888.000 -888888.000 -888888.000 -888888.000     900.000       0.000     284.350       0.000      -1.453     129.000      -0.472     129.000      85.000       0.000   90720.000       0.000 -888888.000 -888888.000
 20260806084000
   -30.1833  -69.0667 
  CUESTA_Viento                              SURFACE                                    
  FM-12 SYNOP       CUESTA_Viento         1530  F     F         1
 -888888.000 -888888.000 -888888.000 -888888.000    1530.000       0.000     290.650       0.000      -5.901     129.000      -4.447     129.000      22.000       0.000   84420.000       0.000 -888888.000 -888888.000
 20260806084000
   -31.5194  -68.9851 
  CARACOLES                                  SURFACE                                    
  FM-12 SYNOP       CARACOLES              942  F     F         1
 -888888.000 -888888.000 -888888.000 -888888.000     942.000       0.000     286.850       0.000      -2.064     129.000      -1.732     129.000      66.000       0.000   89800.000       0.000 -888888.000 -888888.000
 20260806084500
   -31.6500  -68.3000 
  ECOHUMUS                                   SURFACE                                    
  FM-12 SYNOP       ECOHUMUS               600  F     F         1
 -888888.000 -888888.000 -888888.000 -888888.000     600.000       0.000     286.150       0.000       0.241     129.000       4.605     129.000      88.000       0.000   94450.000       0.000 -888888.000 -888888.000
 20260806084500
   -31.5192  -68.8178 
  PUNTA_NEGRA                                SURFACE                                    
  FM-12 SYNOP       PUNTA_NEGRA            800  F     F         1
 -888888.000 -888888.000 -888888.000 -888888.000     800.000       0.000     286.550       0.000      -0.472     129.000      -0.008     129.000      75.000       0.000   91210.000       0.000 -888888.000 -888888.000
 20260806084500
   -31.5000  -68.2500 
  INTA_SANMARTIN                             SURFACE                                    
  FM-12 SYNOP       INTA_SANMARTIN         600  F     F         1
 -888888.000 -888888.000 -888888.000 -888888.000     600.000       0.000 -999999.000 -888888.000 -888888.000       0.000 -888888.000       0.000 -999999.000 -888888.000   94670.000       0.000 -888888.000 -888888.000
 20260806084500
   -30.6335  -67.4682 
  VALLE_FERTIL                               SURFACE                                    
  FM-12 SYNOP       VALLE_FERTIL           900  F     F         1
 -888888.000 -888888.000 -888888.000 -888888.000     900.000       0.000     283.950       0.000      -1.896     129.000       0.544     129.000      87.000       0.000   90720.000       0.000 -888888.000 -888888.000
 20260806084500
   -30.1833  -69.0667 
  CUESTA_Viento                              SURFACE                                    
  FM-12 SYNOP       CUESTA_Viento         1530  F     F         1
 -888888.000 -888888.000 -888888.000 -888888.000    1530.000       0.000     290.750       0.000      -6.062     129.000      -3.500     129.000      23.000       0.000   84420.000       0.000 -888888.000 -888888.000
 20260806084500
   -31.5194  -68.9851 
  CARACOLES                                  SURFACE                                    
  FM-12 SYNOP       CARACOLES              942  F     F         1
 -888888.000 -888888.000 -888888.000 -888888.000     942.000       0.000     286.950       0.000      -2.316     129.000      -2.160     129.000      65.000       0.000   89820.000       0.000 -888888.000 -888888.000
 20260806085000
   -31.6500  -68.3000 
  ECOHUMUS                                   SURFACE                                    
  FM-12 SYNOP       ECOHUMUS               600  F     F         1
 -888888.000 -888888.000 -888888.000 -888888.000     600.000       0.000     286.050       0.000      -1.811     129.000       5.574     129.000      85.000       0.000   94480.000       0.000 -888888.000 -888888.000
 20260806085000
   -31.5192  -68.8178 
  PUNTA_NEGRA                                SURFACE                                    
  FM-12 SYNOP       PUNTA_NEGRA            800  F     F         1
 -888888.000 -888888.000 -888888.000 -888888.000     800.000       0.000     286.650       0.000       0.437     129.000       0.503     129.000      76.000       0.000   91260.000       0.000 -888888.000 -888888.000
 20260806085000
   -31.5000  -68.2500 
  INTA_SANMARTIN                             SURFACE                                    
  FM-12 SYNOP       INTA_SANMARTIN         600  F     F         1
 -888888.000 -888888.000 -888888.000 -888888.000     600.000       0.000 -999999.000 -888888.000 -888888.000       0.000 -888888.000       0.000 -999999.000 -888888.000   94700.000       0.000 -888888.000 -888888.000
 20260806085000
   -30.6335  -67.4682 
  VALLE_FERTIL                               SURFACE                                    
  FM-12 SYNOP       VALLE_FERTIL           900  F     F         1
 -888888.000 -888888.000 -888888.000 -888888.000     900.000       0.000     284.050       0.000      -1.020     129.000       0.125     129.000      88.000       0.000   90740.000       0.000 -888888.000 -888888.000
 20260806085000
   -30.1833  -69.0667 
  CUESTA_Viento                              SURFACE                                    
  FM-12 SYNOP       CUESTA_Viento         1530  F     F         1
 -888888.000 -888888.000 -888888.000 -888888.000    1530.000       0.000     290.650       0.000      -6.737     129.000      -4.210     129.000      22.000       0.000   84450.000       0.000 -888888.000 -888888.000
 20260806085000
   -31.5194  -68.9851 
  CARACOLES                                  SURFACE                                    
  FM-12 SYNOP       CARACOLES              942  F     F         1
 -888888.000 -888888.000 -888888.000 -888888.000     942.000       0.000     286.950       0.000      -1.808     129.000      -1.686     129.000      65.000       0.000   89860.000       0.000 -888888.000 -888888.000
 20260806085500
   -31.6500  -68.3000 
  ECOHUMUS                                   SURFACE                                    
  FM-12 SYNOP       ECOHUMUS               600  F     F         1
 -888888.000 -888888.000 -888888.000 -888888.000     600.000       0.000     286.050       0.000      -2.531     129.000       5.684     129.000      79.000       0.000   94500.000       0.000 -888888.000 -888888.000
 20260806085500
   -31.5192  -68.8178 
  PUNTA_NEGRA                                SURFACE                                    
  FM-12 SYNOP       PUNTA_NEGRA            800  F     F         1
 -888888.000 -888888.000 -888888.000 -888888.000     800.000       0.000     286.550       0.000       0.350     129.000       0.170     129.000      75.000       0.000   91270.000       0.000 -888888.000 -888888.000
 20260806085500
   -31.5000  -68.2500 
  INTA_SANMARTIN                             SURFACE                                    
  FM-12 SYNOP       INTA_SANMARTIN         600  F     F         1
 -888888.000 -888888.000 -888888.000 -888888.000     600.000       0.000 -999999.000 -888888.000 -888888.000       0.000 -888888.000       0.000 -999999.000 -888888.000   94730.000       0.000 -888888.000 -888888.000
 20260806085500
   -30.6335  -67.4682 
  VALLE_FERTIL                               SURFACE                                    
  FM-12 SYNOP       VALLE_FERTIL           900  F     F         1
 -888888.000 -888888.000 -888888.000 -888888.000     900.000       0.000     283.950       0.000      -1.745     129.000       0.339     129.000      88.000       0.000   90750.000       0.000 -888888.000 -888888.000
 20260806085500
   -30.1833  -69.0667 
  CUESTA_Viento                              SURFACE                                    
  FM-12 SYNOP       CUESTA_Viento         1530  F     F         1
 -888888.000 -888888.000 -888888.000 -888888.000    1530.000       0.000     290.650       0.000      -5.535     129.000      -4.811     129.000      24.000       0.000   84470.000       0.000 -888888.000 -888888.000
 20260806085500
   -31.5194  -68.9851 
  CARACOLES                                  SURFACE                                    
  FM-12 SYNOP       CARACOLES              942  F     F         1
 -888888.000 -888888.000 -888888.000 -888888.000     942.000       0.000     286.850       0.000      -1.413     129.000      -0.883     129.000      66.000       0.000   89890.000       0.000 -888888.000 -888888.000
 20260806090000
   -31.6500  -68.3000 
  ECOHUMUS                                   SURFACE                                    
  FM-12 SYNOP       ECOHUMUS               600  F     F         1
 -888888.000 -888888.000 -888888.000 -888888.000     600.000       0.000     286.050       0.000      -0.730     129.000       4.609     129.000      75.000       0.000   94540.000       0.000 -888888.000 -888888.000
 20260806090000
   -31.5192  -68.8178 
  PUNTA_NEGRA                                SURFACE                                    
  FM-12 SYNOP       PUNTA_NEGRA            800  F     F         1
 -888888.000 -888888.000 -888888.000 -888888.000     800.000       0.000     286.750       0.000       0.320     129.000       0.309     129.000      75.000       0.000   91300.000       0.000 -888888.000 -888888.000
 20260806090000
   -31.5000  -68.2500 
  INTA_SANMARTIN                             SURFACE                                    
  FM-12 SYNOP       INTA_SANMARTIN         600  F     F         1
 -888888.000 -888888.000 -888888.000 -888888.000     600.000       0.000 -999999.000 -888888.000 -888888.000       0.000 -888888.000       0.000 -999999.000 -888888.000   94760.000       0.000 -888888.000 -888888.000
 20260806090000
   -30.6335  -67.4682 
  VALLE_FERTIL                               SURFACE                                    
  FM-12 SYNOP       VALLE_FERTIL           900  F     F         1
 -888888.000 -888888.000 -888888.000 -888888.000     900.000       0.000     284.150       0.000      -1.158     129.000      -0.142     129.000      87.000       0.000   90780.000       0.000 -888888.000 -888888.000
 20260806090000
   -30.1833  -69.0667 
  CUESTA_Viento                              SURFACE                                    
  FM-12 SYNOP       CUESTA_Viento         1530  F     F         1
 -888888.000 -888888.000 -888888.000 -888888.000    1530.000       0.000     290.550       0.000      -4.566     129.000      -2.965     129.000      25.000       0.000   84490.000       0.000 -888888.000 -888888.000
 20260806090000
   -31.5194  -68.9851 
  CARACOLES                                  SURFACE                                    
  FM-12 SYNOP       CARACOLES              942  F     F         1
 -888888.000 -888888.000 -888888.000 -888888.000     942.000       0.000     286.850       0.000      -1.594     129.000      -0.487     129.000      67.000       0.000   89930.000       0.000 -888888.000 -888888.000
 20260806090500
   -31.6500  -68.3000 
  ECOHUMUS                                   SURFACE                                    
  FM-12 SYNOP       ECOHUMUS               600  F     F         1
 -888888.000 -888888.000 -888888.000 -888888.000     600.000       0.000     286.050       0.000      -0.497     129.000       4.724     129.000      74.000       0.000   94560.000       0.000 -888888.000 -888888.000
 20260806090500
   -31.5000  -68.2500 
  INTA_SANMARTIN                             SURFACE                                    
  FM-12 SYNOP       INTA_SANMARTIN         600  F     F         1
 -888888.000 -888888.000 -888888.000 -888888.000     600.000       0.000 -999999.000 -888888.000 -888888.000       0.000 -888888.000       0.000 -999999.000 -888888.000   94780.000       0.000 -888888.000 -888888.000
 20260806090500
   -30.6335  -67.4682 
  VALLE_FERTIL                               SURFACE                                    
  FM-12 SYNOP       VALLE_FERTIL           900  F     F         1
 -888888.000 -888888.000 -888888.000 -888888.000     900.000       0.000     284.150       0.000      -0.207     129.000       0.721     129.000      86.000       0.000   90790.000       0.000 -888888.000 -888888.000
 20260806090500
   -30.1833  -69.0667 
  CUESTA_Viento                              SURFACE                                    
  FM-12 SYNOP       CUESTA_Viento         1530  F     F         1
 -888888.000 -888888.000 -888888.000 -888888.000    1530.000       0.000     290.450       0.000      -5.804     129.000      -2.464     129.000      25.000       0.000   84520.000       0.000 -888888.000 -888888.000
 20260806090500
   -31.5194  -68.9851 
  CARACOLES                                  SURFACE                                    
  FM-12 SYNOP       CARACOLES              942  F     F         1
 -888888.000 -888888.000 -888888.000 -888888.000     942.000       0.000     286.750       0.000      -1.694     129.000      -0.030     129.000      68.000       0.000   89940.000       0.000 -888888.000 -888888.000
 20260806091000
   -31.6500  -68.3000 
  ECOHUMUS                                   SURFACE                                    
  FM-12 SYNOP       ECOHUMUS               600  F     F         1
 -888888.000 -888888.000 -888888.000 -888888.000     600.000       0.000     285.950       0.000      -0.947     129.000       4.456     129.000      73.000       0.000   94580.000       0.000 -888888.000 -888888.000
 20260806091000
   -31.5000  -68.2500 
  INTA_SANMARTIN                             SURFACE                                    
  FM-12 SYNOP       INTA_SANMARTIN         600  F     F         1
 -888888.000 -888888.000 -888888.000 -888888.000     600.000       0.000 -999999.000 -888888.000 -888888.000       0.000 -888888.000       0.000 -999999.000 -888888.000   94800.000       0.000 -888888.000 -888888.000
 20260806091000
   -30.6335  -67.4682 
  VALLE_FERTIL                               SURFACE                                    
  FM-12 SYNOP       VALLE_FERTIL           900  F     F         1
 -888888.000 -888888.000 -888888.000 -888888.000     900.000       0.000     287.550       0.000       3.766     129.000       3.160     129.000      45.000       0.000   90810.000       0.000 -888888.000 -888888.000
 20260806091000
   -30.1833  -69.0667 
  CUESTA_Viento                              SURFACE                                    
  FM-12 SYNOP       CUESTA_Viento         1530  F     F         1
 -888888.000 -888888.000 -888888.000 -888888.000    1530.000       0.000     290.450       0.000      -3.324     129.000      -2.692     129.000      25.000       0.000   84530.000       0.000 -888888.000 -888888.000
 20260806091000
   -31.5194  -68.9851 
  CARACOLES                                  SURFACE                                    
  FM-12 SYNOP       CARACOLES              942  F     F         1
 -888888.000 -888888.000 -888888.000 -888888.000     942.000       0.000     286.750       0.000      -1.685     129.000       0.177     129.000      68.000       0.000   89960.000       0.000 -888888.000 -888888.000
 20260806091500
   -31.6500  -68.3000 
  ECOHUMUS                                   SURFACE                                    
  FM-12 SYNOP       ECOHUMUS               600  F     F         1
 -888888.000 -888888.000 -888888.000 -888888.000     600.000       0.000     285.950       0.000      -1.831     129.000       4.533     129.000      72.000       0.000   94580.000       0.000 -888888.000 -888888.000
 20260806091500
   -31.5000  -68.2500 
  INTA_SANMARTIN                             SURFACE                                    
  FM-12 SYNOP       INTA_SANMARTIN         600  F     F         1
 -888888.000 -888888.000 -888888.000 -888888.000     600.000       0.000 -999999.000 -888888.000 -888888.000       0.000 -888888.000       0.000 -999999.000 -888888.000   94810.000       0.000 -888888.000 -888888.000
 20260806091500
   -30.6335  -67.4682 
  VALLE_FERTIL                               SURFACE                                    
  FM-12 SYNOP       VALLE_FERTIL           900  F     F         1
 -888888.000 -888888.000 -888888.000 -888888.000     900.000       0.000     291.350       0.000       3.386     129.000       4.334     129.000      40.000       0.000   90820.000       0.000 -888888.000 -888888.000
 20260806091500
   -30.1833  -69.0667 
  CUESTA_Viento                              SURFACE                                    
  FM-12 SYNOP       CUESTA_Viento         1530  F     F         1
 -888888.000 -888888.000 -888888.000 -888888.000    1530.000       0.000     290.750       0.000      -3.753     129.000      -2.727     129.000      24.000       0.000   84550.000       0.000 -888888.000 -888888.000
 20260806091500
   -31.5194  -68.9851 
  CARACOLES                                  SURFACE                                    
  FM-12 SYNOP       CARACOLES              942  F     F         1
 -888888.000 -888888.000 -888888.000 -888888.000     942.000       0.000     286.850       0.000      -0.908     129.000       0.128     129.000      69.000       0.000   89990.000       0.000 -888888.000 -888888.000
 20260806092000
   -31.6500  -68.3000 
  ECOHUMUS                                   SURFACE                                    
  FM-12 SYNOP       ECOHUMUS               600  F     F         1
 -888888.000 -888888.000 -888888.000 -888888.000     600.000       0.000     286.050       0.000      -2.694     129.000       4.311     129.000      71.000       0.000   94600.000       0.000 -888888.000 -888888.000
 20260806092000
   -31.5000  -68.2500 
  INTA_SANMARTIN                             SURFACE                                    
  FM-12 SYNOP       INTA_SANMARTIN         600  F     F         1
 -888888.000 -888888.000 -888888.000 -888888.000     600.000       0.000 -999999.000 -888888.000 -888888.000       0.000 -888888.000       0.000 -999999.000 -888888.000   94840.000       0.000 -888888.000 -888888.000
 20260806092000
   -30.6335  -67.4682 
  VALLE_FERTIL                               SURFACE                                    
  FM-12 SYNOP       VALLE_FERTIL           900  F     F         1
 -888888.000 -888888.000 -888888.000 -888888.000     900.000       0.000     291.250       0.000       3.429     129.000       3.677     129.000      43.000       0.000   90820.000       0.000 -888888.000 -888888.000
 20260806092000
   -30.1833  -69.0667 
  CUESTA_Viento                              SURFACE                                    
  FM-12 SYNOP       CUESTA_Viento         1530  F     F         1
 -888888.000 -888888.000 -888888.000 -888888.000    1530.000       0.000     290.750       0.000      -5.612     129.000      -3.111     129.000      25.000       0.000   84560.000       0.000 -888888.000 -888888.000
 20260806092000
   -31.5194  -68.9851 
  CARACOLES                                  SURFACE                                    
  FM-12 SYNOP       CARACOLES              942  F     F         1
 -888888.000 -888888.000 -888888.000 -888888.000     942.000       0.000     286.950       0.000      -1.485     129.000      -0.209     129.000      68.000       0.000   90020.000       0.000 -888888.000 -888888.000
 20260806092500
   -31.6500  -68.3000 
  ECOHUMUS                                   SURFACE                                    
  FM-12 SYNOP       ECOHUMUS               600  F     F         1
 -888888.000 -888888.000 -888888.000 -888888.000     600.000       0.000     286.050       0.000      -2.209     129.000       3.984     129.000      71.000       0.000   94610.000       0.000 -888888.000 -888888.000
 20260806092500
   -31.5000  -68.2500 
  INTA_SANMARTIN                             SURFACE                                    
  FM-12 SYNOP       INTA_SANMARTIN         600  F     F         1
 -888888.000 -888888.000 -888888.000 -888888.000     600.000       0.000 -999999.000 -888888.000 -888888.000       0.000 -888888.000       0.000 -999999.000 -888888.000   94860.000       0.000 -888888.000 -888888.000
 20260806092500
   -30.6335  -67.4682 
  VALLE_FERTIL                               SURFACE                                    
  FM-12 SYNOP       VALLE_FERTIL           900  F     F         1
 -888888.000 -888888.000 -888888.000 -888888.000     900.000       0.000     290.950       0.000       4.794     129.000       4.471     129.000      45.000       0.000   90840.000       0.000 -888888.000 -888888.000
 20260806092500
   -30.1833  -69.0667 
  CUESTA_Viento                              SURFACE                                    
  FM-12 SYNOP       CUESTA_Viento         1530  F     F         1
 -888888.000 -888888.000 -888888.000 -888888.000    1530.000       0.000     290.750       0.000      -3.546     129.000      -1.221     129.000      24.000       0.000   84570.000       0.000 -888888.000 -888888.000
 20260806092500
   -31.5194  -68.9851 
  CARACOLES                                  SURFACE                                    
  FM-12 SYNOP       CARACOLES              942  F     F         1
 -888888.000 -888888.000 -888888.000 -888888.000     942.000       0.000     287.150       0.000      -2.180     129.000       0.751     129.000      67.000       0.000   90030.000       0.000 -888888.000 -888888.000
 20260806093000
   -31.6500  -68.3000 
  ECOHUMUS                                   SURFACE                                    
  FM-12 SYNOP       ECOHUMUS               600  F     F         1
 -888888.000 -888888.000 -888888.000 -888888.000     600.000       0.000     286.050       0.000      -1.465     129.000       4.255     129.000      71.000       0.000   94610.000       0.000 -888888.000 -888888.000
 20260806093000
   -31.5000  -68.2500 
  INTA_SANMARTIN                             SURFACE                                    
  FM-12 SYNOP       INTA_SANMARTIN         600  F     F         1
 -888888.000 -888888.000 -888888.000 -888888.000     600.000       0.000 -999999.000 -888888.000 -888888.000       0.000 -888888.000       0.000 -999999.000 -888888.000   94870.000       0.000 -888888.000 -888888.000
 20260806093000
   -30.6335  -67.4682 
  VALLE_FERTIL                               SURFACE                                    
  FM-12 SYNOP       VALLE_FERTIL           900  F     F         1
 -888888.000 -888888.000 -888888.000 -888888.000     900.000       0.000     290.950       0.000       4.611     129.000       5.304     129.000      46.000       0.000   90840.000       0.000 -888888.000 -888888.000
 20260806093000
   -30.1833  -69.0667 
  CUESTA_Viento                              SURFACE                                    
  FM-12 SYNOP       CUESTA_Viento         1530  F     F         1
 -888888.000 -888888.000 -888888.000 -888888.000    1530.000       0.000     290.850       0.000      -5.172     129.000      -3.359     129.000      24.000       0.000   84580.000       0.000 -888888.000 -888888.000
 20260806093000
   -31.5194  -68.9851 
  CARACOLES                                  SURFACE                                    
  FM-12 SYNOP       CARACOLES              942  F     F         1
 -888888.000 -888888.000 -888888.000 -888888.000     942.000       0.000     287.350       0.000      -1.349     129.000       0.518     129.000      67.000       0.000   90040.000       0.000 -888888.000 -888888.000
 20260806093500
   -31.6500  -68.3000 
  ECOHUMUS                                   SURFACE                                    
  FM-12 SYNOP       ECOHUMUS               600  F     F         1
 -888888.000 -888888.000 -888888.000 -888888.000     600.000       0.000     286.050       0.000      -0.971     129.000       3.622     129.000      72.000       0.000   94660.000       0.000 -888888.000 -888888.000
 20260806093500
   -31.5000  -68.2500 
  INTA_SANMARTIN                             SURFACE                                    
  FM-12 SYNOP       INTA_SANMARTIN         600  F     F         1
 -888888.000 -888888.000 -888888.000 -888888.000     600.000       0.000 -999999.000 -888888.000 -888888.000       0.000 -888888.000       0.000 -999999.000 -888888.000   94890.000       0.000 -888888.000 -888888.000
 20260806093500
   -30.6335  -67.4682 
  VALLE_FERTIL                               SURFACE                                    
  FM-12 SYNOP       VALLE_FERTIL           900  F     F         1
 -888888.000 -888888.000 -888888.000 -888888.000     900.000       0.000     291.050       0.000       4.560     129.000       3.076     129.000      47.000       0.000   90870.000       0.000 -888888.000 -888888.000
 20260806093500
   -30.1833  -69.0667 
  CUESTA_Viento                              SURFACE                                    
  FM-12 SYNOP       CUESTA_Viento         1530  F     F         1
 -888888.000 -888888.000 -888888.000 -888888.000    1530.000       0.000     290.950       0.000      -4.416     129.000      -4.264     129.000      24.000       0.000   84580.000       0.000 -888888.000 -888888.000
 20260806093500
   -31.5194  -68.9851 
  CARACOLES                                  SURFACE                                    
  FM-12 SYNOP       CARACOLES              942  F     F         1
 -888888.000 -888888.000 -888888.000 -888888.000     942.000       0.000     287.150       0.000      -2.916     129.000       0.410     129.000      67.000       0.000   90040.000       0.000 -888888.000 -888888.000
 20260806094000
   -31.6500  -68.3000 
  ECOHUMUS                                   SURFACE                                    
  FM-12 SYNOP       ECOHUMUS               600  F     F         1
 -888888.000 -888888.000 -888888.000 -888888.000     600.000       0.000     286.050       0.000      -1.652     129.000       4.305     129.000      72.000       0.000   94670.000       0.000 -888888.000 -888888.000
 20260806094000
   -31.5000  -68.2500 
  INTA_SANMARTIN                             SURFACE                                    
  FM-12 SYNOP       INTA_SANMARTIN         600  F     F         1
 -888888.000 -888888.000 -888888.000 -888888.000     600.000       0.000 -999999.000 -888888.000 -888888.000       0.000 -888888.000       0.000 -999999.000 -888888.000   94910.000       0.000 -888888.000 -888888.000
 20260806094000
   -30.6335  -67.4682 
  VALLE_FERTIL                               SURFACE                                    
  FM-12 SYNOP       VALLE_FERTIL           900  F     F         1
 -888888.000 -888888.000 -888888.000 -888888.000     900.000       0.000     291.250       0.000       3.592     129.000       4.944     129.000      47.000       0.000   90890.000       0.000 -888888.000 -888888.000
 20260806094000
   -30.1833  -69.0667 
  CUESTA_Viento                              SURFACE                                    
  FM-12 SYNOP       CUESTA_Viento         1530  F     F         1
 -888888.000 -888888.000 -888888.000 -888888.000    1530.000       0.000     290.950       0.000      -5.233     129.000      -3.665     129.000      24.000       0.000   84590.000       0.000 -888888.000 -888888.000
 20260806094000
   -31.5194  -68.9851 
  CARACOLES                                  SURFACE                                    
  FM-12 SYNOP       CARACOLES              942  F     F         1
 -888888.000 -888888.000 -888888.000 -888888.000     942.000       0.000     286.850       0.000      -1.434     129.000       0.439     129.000      67.000       0.000   90080.000       0.000 -888888.000 -888888.000
 20260806094500
   -31.6500  -68.3000 
  ECOHUMUS                                   SURFACE                                    
  FM-12 SYNOP       ECOHUMUS               600  F     F         1
 -888888.000 -888888.000 -888888.000 -888888.000     600.000       0.000     286.250       0.000      -1.456     129.000       4.229     129.000      71.000       0.000   94690.000       0.000 -888888.000 -888888.000
 20260806094500
   -31.5000  -68.2500 
  INTA_SANMARTIN                             SURFACE                                    
  FM-12 SYNOP       INTA_SANMARTIN         600  F     F         1
 -888888.000 -888888.000 -888888.000 -888888.000     600.000       0.000 -999999.000 -888888.000 -888888.000       0.000 -888888.000       0.000 -999999.000 -888888.000   94940.000       0.000 -888888.000 -888888.000
 20260806094500
   -30.6335  -67.4682 
  VALLE_FERTIL                               SURFACE                                    
  FM-12 SYNOP       VALLE_FERTIL           900  F     F         1
 -888888.000 -888888.000 -888888.000 -888888.000     900.000       0.000     291.350       0.000       4.816     129.000       3.762     129.000      47.000       0.000   90910.000       0.000 -888888.000 -888888.000
 20260806094500
   -30.1833  -69.0667 
  CUESTA_Viento                              SURFACE                                    
  FM-12 SYNOP       CUESTA_Viento         1530  F     F         1
 -888888.000 -888888.000 -888888.000 -888888.000    1530.000       0.000     290.950       0.000      -4.210     129.000      -2.431     129.000      24.000       0.000   84580.000       0.000 -888888.000 -888888.000
 20260806094500
   -31.5194  -68.9851 
  CARACOLES                                  SURFACE                                    
  FM-12 SYNOP       CARACOLES              942  F     F         1
 -888888.000 -888888.000 -888888.000 -888888.000     942.000       0.000     286.950       0.000      -1.669     129.000       0.294     129.000      67.000       0.000   90100.000       0.000 -888888.000 -888888.000
 20260806095000
   -31.6500  -68.3000 
  ECOHUMUS                                   SURFACE                                    
  FM-12 SYNOP       ECOHUMUS               600  F     F         1
 -888888.000 -888888.000 -888888.000 -888888.000     600.000       0.000     286.550       0.000      -2.691     129.000       3.572     129.000      68.000       0.000   94700.000       0.000 -888888.000 -888888.000
 20260806095000
   -31.5000  -68.2500 
  INTA_SANMARTIN                             SURFACE                                    
  FM-12 SYNOP       INTA_SANMARTIN         600  F     F         1
 -888888.000 -888888.000 -888888.000 -888888.000     600.000       0.000 -999999.000 -888888.000 -888888.000       0.000 -888888.000       0.000 -999999.000 -888888.000   94970.000       0.000 -888888.000 -888888.000
 20260806095000
   -30.6335  -67.4682 
  VALLE_FERTIL                               SURFACE                                    
  FM-12 SYNOP       VALLE_FERTIL           900  F     F         1
 -888888.000 -888888.000 -888888.000 -888888.000     900.000       0.000     291.350       0.000       3.374     129.000       5.195     129.000      48.000       0.000   90920.000       0.000 -888888.000 -888888.000
 20260806095000
   -30.1833  -69.0667 
  CUESTA_Viento                              SURFACE                                    
  FM-12 SYNOP       CUESTA_Viento         1530  F     F         1
 -888888.000 -888888.000 -888888.000 -888888.000    1530.000       0.000     291.050       0.000      -4.170     129.000      -0.661     129.000      24.000       0.000   84590.000       0.000 -888888.000 -888888.000
 20260806095000
   -31.5194  -68.9851 
  CARACOLES                                  SURFACE                                    
  FM-12 SYNOP       CARACOLES              942  F     F         1
 -888888.000 -888888.000 -888888.000 -888888.000     942.000       0.000     286.950       0.000      -1.434     129.000      -0.439     129.000      68.000       0.000   90110.000       0.000 -888888.000 -888888.000
 20260806095500
   -31.6500  -68.3000 
  ECOHUMUS                                   SURFACE                                    
  FM-12 SYNOP       ECOHUMUS               600  F     F         1
 -888888.000 -888888.000 -888888.000 -888888.000     600.000       0.000     286.350       0.000      -3.086     129.000       4.752     129.000      67.000       0.000   94710.000       0.000 -888888.000 -888888.000
 20260806095500
   -31.5000  -68.2500 
  INTA_SANMARTIN                             SURFACE                                    
  FM-12 SYNOP       INTA_SANMARTIN         600  F     F         1
 -888888.000 -888888.000 -888888.000 -888888.000     600.000       0.000 -999999.000 -888888.000 -888888.000       0.000 -888888.000       0.000 -999999.000 -888888.000   94980.000       0.000 -888888.000 -888888.000
 20260806095500
   -30.6335  -67.4682 
  VALLE_FERTIL                               SURFACE                                    
  FM-12 SYNOP       VALLE_FERTIL           900  F     F         1
 -888888.000 -888888.000 -888888.000 -888888.000     900.000       0.000     291.450       0.000       3.736     129.000       3.364     129.000      47.000       0.000   90930.000       0.000 -888888.000 -888888.000
 20260806095500
   -30.1833  -69.0667 
  CUESTA_Viento                              SURFACE                                    
  FM-12 SYNOP       CUESTA_Viento         1530  F     F         1
 -888888.000 -888888.000 -888888.000 -888888.000    1530.000       0.000     291.050       0.000      -4.040     129.000      -1.715     129.000      24.000       0.000   84600.000       0.000 -888888.000 -888888.000
 20260806095500
   -31.5194  -68.9851 
  CARACOLES                                  SURFACE                                    
  FM-12 SYNOP       CARACOLES              942  F     F         1
 -888888.000 -888888.000 -888888.000 -888888.000     942.000       0.000     286.950       0.000      -3.054     129.000       0.594     129.000      69.000       0.000   90130.000       0.000 -888888.000 -888888.000
 20260806100000
   -31.6500  -68.3000 
  ECOHUMUS                                   SURFACE                                    
  FM-12 SYNOP       ECOHUMUS               600  F     F         1
 -888888.000 -888888.000 -888888.000 -888888.000     600.000       0.000     286.350       0.000      -3.145     129.000       3.372     129.000      66.000       0.000   94750.000       0.000 -888888.000 -888888.000
 20260806100000
   -31.5000  -68.2500 
  INTA_SANMARTIN                             SURFACE                                    
  FM-12 SYNOP       INTA_SANMARTIN         600  F     F         1
 -888888.000 -888888.000 -888888.000 -888888.000     600.000       0.000 -999999.000 -888888.000 -888888.000       0.000 -888888.000       0.000 -999999.000 -888888.000   95000.000       0.000 -888888.000 -888888.000
 20260806100000
   -30.6335  -67.4682 
  VALLE_FERTIL                               SURFACE                                    
  FM-12 SYNOP       VALLE_FERTIL           900  F     F         1
 -888888.000 -888888.000 -888888.000 -888888.000     900.000       0.000     291.550       0.000       3.085     129.000       2.589     129.000      47.000       0.000   90960.000       0.000 -888888.000 -888888.000
 20260806100000
   -30.1833  -69.0667 
  CUESTA_Viento                              SURFACE                                    
  FM-12 SYNOP       CUESTA_Viento         1530  F     F         1
 -888888.000 -888888.000 -888888.000 -888888.000    1530.000       0.000     291.350       0.000      -3.133     129.000      -1.958     129.000      23.000       0.000   84600.000       0.000 -888888.000 -888888.000
 20260806100000
   -31.5194  -68.9851 
  CARACOLES                                  SURFACE                                    
  FM-12 SYNOP       CARACOLES              942  F     F         1
 -888888.000 -888888.000 -888888.000 -888888.000     942.000       0.000     286.850       0.000      -2.011     129.000       0.427     129.000      68.000       0.000   90140.000       0.000 -888888.000 -888888.000
 20260806100500
   -31.6500  -68.3000 
  ECOHUMUS                                   SURFACE                                    
  FM-12 SYNOP       ECOHUMUS               600  F     F         1
 -888888.000 -888888.000 -888888.000 -888888.000     600.000       0.000     286.250       0.000      -0.726     129.000       3.736     129.000      65.000       0.000   94770.000       0.000 -888888.000 -888888.000
 20260806100500
   -31.5000  -68.2500 
  INTA_SANMARTIN                             SURFACE                                    
  FM-12 SYNOP       INTA_SANMARTIN         600  F     F         1
 -888888.000 -888888.000 -888888.000 -888888.000     600.000       0.000 -999999.000 -888888.000 -888888.000       0.000 -888888.000       0.000 -999999.000 -888888.000   95030.000       0.000 -888888.000 -888888.000
 20260806100500
   -30.6335  -67.4682 
  VALLE_FERTIL                               SURFACE                                    
  FM-12 SYNOP       VALLE_FERTIL           900  F     F         1
 -888888.000 -888888.000 -888888.000 -888888.000     900.000       0.000     291.650       0.000       1.741     129.000       3.570     129.000      48.000       0.000   90960.000       0.000 -888888.000 -888888.000
 20260806100500
   -30.1833  -69.0667 
  CUESTA_Viento                              SURFACE                                    
  FM-12 SYNOP       CUESTA_Viento         1530  F     F         1
 -888888.000 -888888.000 -888888.000 -888888.000    1530.000       0.000     291.450       0.000      -4.954     129.000      -2.634     129.000      23.000       0.000   84590.000       0.000 -888888.000 -888888.000
 20260806100500
   -31.5194  -68.9851 
  CARACOLES                                  SURFACE                                    
  FM-12 SYNOP       CARACOLES              942  F     F         1
 -888888.000 -888888.000 -888888.000 -888888.000     942.000       0.000     286.950       0.000      -2.383     129.000       0.167     129.000      68.000       0.000   90140.000       0.000 -888888.000 -888888.000
 20260806101000
   -31.6500  -68.3000 
  ECOHUMUS                                   SURFACE                                    
  FM-12 SYNOP       ECOHUMUS               600  F     F         1
 -888888.000 -888888.000 -888888.000 -888888.000     600.000       0.000     286.150       0.000      -1.284     129.000       5.148     129.000      63.000       0.000   94780.000       0.000 -888888.000 -888888.000
 20260806101000
   -31.5000  -68.2500 
  INTA_SANMARTIN                             SURFACE                                    
  FM-12 SYNOP       INTA_SANMARTIN         600  F     F         1
 -888888.000 -888888.000 -888888.000 -888888.000     600.000       0.000 -999999.000 -888888.000 -888888.000       0.000 -888888.000       0.000 -999999.000 -888888.000   95080.000       0.000 -888888.000 -888888.000
 20260806101000
   -30.6335  -67.4682 
  VALLE_FERTIL                               SURFACE                                    
  FM-12 SYNOP       VALLE_FERTIL           900  F     F         1
 -888888.000 -888888.000 -888888.000 -888888.000     900.000       0.000     291.850       0.000       0.176     129.000       3.357     129.000      46.000       0.000   90990.000       0.000 -888888.000 -888888.000
 20260806101000
   -30.1833  -69.0667 
  CUESTA_Viento                              SURFACE                                    
  FM-12 SYNOP       CUESTA_Viento         1530  F     F         1
 -888888.000 -888888.000 -888888.000 -888888.000    1530.000       0.000     291.650       0.000      -3.025     129.000      -3.025     129.000      22.000       0.000   84620.000       0.000 -888888.000 -888888.000
 20260806101000
   -31.5194  -68.9851 
  CARACOLES                                  SURFACE                                    
  FM-12 SYNOP       CARACOLES              942  F     F         1
 -888888.000 -888888.000 -888888.000 -888888.000     942.000       0.000     286.850       0.000      -3.143     129.000       1.602     129.000      67.000       0.000   90170.000       0.000 -888888.000 -888888.000
 20260806101500
   -31.6500  -68.3000 
  ECOHUMUS                                   SURFACE                                    
  FM-12 SYNOP       ECOHUMUS               600  F     F         1
 -888888.000 -888888.000 -888888.000 -888888.000     600.000       0.000     286.350       0.000      -0.916     129.000       5.198     129.000      61.000       0.000   94800.000       0.000 -888888.000 -888888.000
 20260806101500
   -31.5000  -68.2500 
  INTA_SANMARTIN                             SURFACE                                    
  FM-12 SYNOP       INTA_SANMARTIN         600  F     F         1
 -888888.000 -888888.000 -888888.000 -888888.000     600.000       0.000 -999999.000 -888888.000 -888888.000       0.000 -888888.000       0.000 -999999.000 -888888.000   95080.000       0.000 -888888.000 -888888.000
 20260806101500
   -30.6335  -67.4682 
  VALLE_FERTIL                               SURFACE                                    
  FM-12 SYNOP       VALLE_FERTIL           900  F     F         1
 -888888.000 -888888.000 -888888.000 -888888.000     900.000       0.000     291.650       0.000      -1.637     129.000       0.086     129.000      54.000       0.000   91030.000       0.000 -888888.000 -888888.000
 20260806101500
   -30.1833  -69.0667 
  CUESTA_Viento                              SURFACE                                    
  FM-12 SYNOP       CUESTA_Viento         1530  F     F         1
 -888888.000 -888888.000 -888888.000 -888888.000    1530.000       0.000     291.750       0.000      -4.283     129.000      -2.889     129.000      22.000       0.000   84610.000       0.000 -888888.000 -888888.000
 20260806101500
   -31.5194  -68.9851 
  CARACOLES                                  SURFACE                                    
  FM-12 SYNOP       CARACOLES              942  F     F         1
 -888888.000 -888888.000 -888888.000 -888888.000     942.000       0.000     286.850       0.000      -1.552     129.000       0.109     129.000      68.000       0.000   90170.000       0.000 -888888.000 -888888.000
 20260806102000
   -31.6500  -68.3000 
  ECOHUMUS                                   SURFACE                                    
  FM-12 SYNOP       ECOHUMUS               600  F     F         1
 -888888.000 -888888.000 -888888.000 -888888.000     600.000       0.000     286.550       0.000      -0.234     129.000       4.466     129.000      59.000       0.000   94810.000       0.000 -888888.000 -888888.000
 20260806102000
   -31.5000  -68.2500 
  INTA_SANMARTIN                             SURFACE                                    
  FM-12 SYNOP       INTA_SANMARTIN         600  F     F         1
 -888888.000 -888888.000 -888888.000 -888888.000     600.000       0.000 -999999.000 -888888.000 -888888.000       0.000 -888888.000       0.000 -999999.000 -888888.000   95090.000       0.000 -888888.000 -888888.000
 20260806102000
   -30.6335  -67.4682 
  VALLE_FERTIL                               SURFACE                                    
  FM-12 SYNOP       VALLE_FERTIL           900  F     F         1
 -888888.000 -888888.000 -888888.000 -888888.000     900.000       0.000     289.150       0.000      -2.605     129.000      -0.182     129.000      67.000       0.000   91060.000       0.000 -888888.000 -888888.000
 20260806102000
   -30.1833  -69.0667 
  CUESTA_Viento                              SURFACE                                    
  FM-12 SYNOP       CUESTA_Viento         1530  F     F         1
 -888888.000 -888888.000 -888888.000 -888888.000    1530.000       0.000     291.850       0.000      -2.996     129.000      -1.461     129.000      22.000       0.000   84640.000       0.000 -888888.000 -888888.000
 20260806102000
   -31.5194  -68.9851 
  CARACOLES                                  SURFACE                                    
  FM-12 SYNOP       CARACOLES              942  F     F         1
 -888888.000 -888888.000 -888888.000 -888888.000     942.000       0.000     286.850       0.000      -2.228     129.000       0.313     129.000      68.000       0.000   90200.000       0.000 -888888.000 -888888.000
 20260806102500
   -31.6500  -68.3000 
  ECOHUMUS                                   SURFACE                                    
  FM-12 SYNOP       ECOHUMUS               600  F     F         1
 -888888.000 -888888.000 -888888.000 -888888.000     600.000       0.000     286.550       0.000       0.297     129.000       5.659     129.000      59.000       0.000   94830.000       0.000 -888888.000 -888888.000
 20260806102500
   -31.5000  -68.2500 
  INTA_SANMARTIN                             SURFACE                                    
  FM-12 SYNOP       INTA_SANMARTIN         600  F     F         1
 -888888.000 -888888.000 -888888.000 -888888.000     600.000       0.000 -999999.000 -888888.000 -888888.000       0.000 -888888.000       0.000 -999999.000 -888888.000   95120.000       0.000 -888888.000 -888888.000
 20260806102500
   -30.6335  -67.4682 
  VALLE_FERTIL                               SURFACE                                    
  FM-12 SYNOP       VALLE_FERTIL           900  F     F         1
 -888888.000 -888888.000 -888888.000 -888888.000     900.000       0.000     288.950       0.000      -3.570     129.000       1.741     129.000      67.000       0.000   91060.000       0.000 -888888.000 -888888.000
 20260806102500
   -30.1833  -69.0667 
  CUESTA_Viento                              SURFACE                                    
  FM-12 SYNOP       CUESTA_Viento         1530  F     F         1
 -888888.000 -888888.000 -888888.000 -888888.000    1530.000       0.000     292.050       0.000      -4.240     129.000      -2.650     129.000      23.000       0.000   84640.000       0.000 -888888.000 -888888.000
 20260806102500
   -31.5194  -68.9851 
  CARACOLES                                  SURFACE                                    
  FM-12 SYNOP       CARACOLES              942  F     F         1
 -888888.000 -888888.000 -888888.000 -888888.000     942.000       0.000     286.550       0.000      -1.829     129.000      -0.128     129.000      71.000       0.000   90220.000       0.000 -888888.000 -888888.000
 20260806103000
   -31.6500  -68.3000 
  ECOHUMUS                                   SURFACE                                    
  FM-12 SYNOP       ECOHUMUS               600  F     F         1
 -888888.000 -888888.000 -888888.000 -888888.000     600.000       0.000     286.250       0.000      -0.540     129.000       6.171     129.000      58.000       0.000   94860.000       0.000 -888888.000 -888888.000
 20260806103000
   -31.5000  -68.2500 
  INTA_SANMARTIN                             SURFACE                                    
  FM-12 SYNOP       INTA_SANMARTIN         600  F     F         1
 -888888.000 -888888.000 -888888.000 -888888.000     600.000       0.000 -999999.000 -888888.000 -888888.000       0.000 -888888.000       0.000 -999999.000 -888888.000   95150.000       0.000 -888888.000 -888888.000
 20260806103000
   -30.6335  -67.4682 
  VALLE_FERTIL                               SURFACE                                    
  FM-12 SYNOP       VALLE_FERTIL           900  F     F         1
 -888888.000 -888888.000 -888888.000 -888888.000     900.000       0.000     289.250       0.000      -4.203     129.000       2.330     129.000      55.000       0.000   91090.000       0.000 -888888.000 -888888.000
 20260806103000
   -30.1833  -69.0667 
  CUESTA_Viento                              SURFACE                                    
  FM-12 SYNOP       CUESTA_Viento         1530  F     F         1
 -888888.000 -888888.000 -888888.000 -888888.000    1530.000       0.000     292.350       0.000      -2.517     129.000      -4.028     129.000      22.000       0.000   84640.000       0.000 -888888.000 -888888.000
 20260806103000
   -31.5194  -68.9851 
  CARACOLES                                  SURFACE                                    
  FM-12 SYNOP       CARACOLES              942  F     F         1
 -888888.000 -888888.000 -888888.000 -888888.000     942.000       0.000     285.950       0.000      -1.549     129.000      -0.444     129.000      73.000       0.000   90240.000       0.000 -888888.000 -888888.000
 20260806103500
   -31.6500  -68.3000 
  ECOHUMUS                                   SURFACE                                    
  FM-12 SYNOP       ECOHUMUS               600  F     F         1
 -888888.000 -888888.000 -888888.000 -888888.000     600.000       0.000     285.950       0.000      -0.975     129.000       5.017     129.000      59.000       0.000   94880.000       0.000 -888888.000 -888888.000
 20260806103500
   -31.5000  -68.2500 
  INTA_SANMARTIN                             SURFACE                                    
  FM-12 SYNOP       INTA_SANMARTIN         600  F     F         1
 -888888.000 -888888.000 -888888.000 -888888.000     600.000       0.000 -999999.000 -888888.000 -888888.000       0.000 -888888.000       0.000 -999999.000 -888888.000   95150.000       0.000 -888888.000 -888888.000
 20260806103500
   -30.6335  -67.4682 
  VALLE_FERTIL                               SURFACE                                    
  FM-12 SYNOP       VALLE_FERTIL           900  F     F         1
 -888888.000 -888888.000 -888888.000 -888888.000     900.000       0.000     289.050       0.000      -2.788     129.000       3.096     129.000      51.000       0.000   91110.000       0.000 -888888.000 -888888.000
 20260806103500
   -30.1833  -69.0667 
  CUESTA_Viento                              SURFACE                                    
  FM-12 SYNOP       CUESTA_Viento         1530  F     F         1
 -888888.000 -888888.000 -888888.000 -888888.000    1530.000       0.000     292.650       0.000      -3.090     129.000      -5.143     129.000      21.000       0.000   84630.000       0.000 -888888.000 -888888.000
 20260806103500
   -31.5194  -68.9851 
  CARACOLES                                  SURFACE                                    
  FM-12 SYNOP       CARACOLES              942  F     F         1
 -888888.000 -888888.000 -888888.000 -888888.000     942.000       0.000     285.850       0.000      -1.700     129.000      -0.687     129.000      73.000       0.000   90240.000       0.000 -888888.000 -888888.000
 20260806104000
   -31.6500  -68.3000 
  ECOHUMUS                                   SURFACE                                    
  FM-12 SYNOP       ECOHUMUS               600  F     F         1
 -888888.000 -888888.000 -888888.000 -888888.000     600.000       0.000     286.050       0.000      -0.520     129.000       4.945     129.000      58.000       0.000   94890.000       0.000 -888888.000 -888888.000
 20260806104000
   -31.5000  -68.2500 
  INTA_SANMARTIN                             SURFACE                                    
  FM-12 SYNOP       INTA_SANMARTIN         600  F     F         1
 -888888.000 -888888.000 -888888.000 -888888.000     600.000       0.000 -999999.000 -888888.000 -888888.000       0.000 -888888.000       0.000 -999999.000 -888888.000   95160.000       0.000 -888888.000 -888888.000
 20260806104000
   -30.6335  -67.4682 
  VALLE_FERTIL                               SURFACE                                    
  FM-12 SYNOP       VALLE_FERTIL           900  F     F         1
 -888888.000 -888888.000 -888888.000 -888888.000     900.000       0.000     289.250       0.000      -1.435     129.000       3.223     129.000      49.000       0.000   91110.000       0.000 -888888.000 -888888.000
 20260806104000
   -30.1833  -69.0667 
  CUESTA_Viento                              SURFACE                                    
  FM-12 SYNOP       CUESTA_Viento         1530  F     F         1
 -888888.000 -888888.000 -888888.000 -888888.000    1530.000       0.000     292.850       0.000      -5.151     129.000      -2.855     129.000      21.000       0.000   84630.000       0.000 -888888.000 -888888.000
 20260806104000
   -31.5194  -68.9851 
  CARACOLES                                  SURFACE                                    
  FM-12 SYNOP       CARACOLES              942  F     F         1
 -888888.000 -888888.000 -888888.000 -888888.000     942.000       0.000     285.950       0.000      -1.572     129.000      -0.193     129.000      72.000       0.000   90240.000       0.000 -888888.000 -888888.000
 20260806104500
   -31.6500  -68.3000 
  ECOHUMUS                                   SURFACE                                    
  FM-12 SYNOP       ECOHUMUS               600  F     F         1
 -888888.000 -888888.000 -888888.000 -888888.000     600.000       0.000     286.450       0.000       0.626     129.000       5.101     129.000      58.000       0.000   94890.000       0.000 -888888.000 -888888.000
 20260806104500
   -31.5000  -68.2500 
  INTA_SANMARTIN                             SURFACE                                    
  FM-12 SYNOP       INTA_SANMARTIN         600  F     F         1
 -888888.000 -888888.000 -888888.000 -888888.000     600.000       0.000 -999999.000 -888888.000 -888888.000       0.000 -888888.000       0.000 -999999.000 -888888.000   95180.000       0.000 -888888.000 -888888.000
 20260806104500
   -30.6335  -67.4682 
  VALLE_FERTIL                               SURFACE                                    
  FM-12 SYNOP       VALLE_FERTIL           900  F     F         1
 -888888.000 -888888.000 -888888.000 -888888.000     900.000       0.000     289.550       0.000      -0.067     129.000       3.833     129.000      48.000       0.000   91120.000       0.000 -888888.000 -888888.000
 20260806104500
   -30.1833  -69.0667 
  CUESTA_Viento                              SURFACE                                    
  FM-12 SYNOP       CUESTA_Viento         1530  F     F         1
 -888888.000 -888888.000 -888888.000 -888888.000    1530.000       0.000     293.050       0.000      -2.545     129.000      -4.592     129.000      21.000       0.000   84620.000       0.000 -888888.000 -888888.000
 20260806104500
   -31.5194  -68.9851 
  CARACOLES                                  SURFACE                                    
  FM-12 SYNOP       CARACOLES              942  F     F         1
 -888888.000 -888888.000 -888888.000 -888888.000     942.000       0.000     285.850       0.000      -1.189     129.000      -0.386     129.000      72.000       0.000   90250.000       0.000 -888888.000 -888888.000
 20260806105000
   -31.6500  -68.3000 
  ECOHUMUS                                   SURFACE                                    
  FM-12 SYNOP       ECOHUMUS               600  F     F         1
 -888888.000 -888888.000 -888888.000 -888888.000     600.000       0.000     286.450       0.000       0.473     129.000       4.503     129.000      58.000       0.000   94910.000       0.000 -888888.000 -888888.000
 20260806105000
   -31.5000  -68.2500 
  INTA_SANMARTIN                             SURFACE                                    
  FM-12 SYNOP       INTA_SANMARTIN         600  F     F         1
 -888888.000 -888888.000 -888888.000 -888888.000     600.000       0.000 -999999.000 -888888.000 -888888.000       0.000 -888888.000       0.000 -999999.000 -888888.000   95190.000       0.000 -888888.000 -888888.000
 20260806105000
   -30.6335  -67.4682 
  VALLE_FERTIL                               SURFACE                                    
  FM-12 SYNOP       VALLE_FERTIL           900  F     F         1
 -888888.000 -888888.000 -888888.000 -888888.000     900.000       0.000     289.850       0.000      -2.460     129.000       2.830     129.000      46.000       0.000   91150.000       0.000 -888888.000 -888888.000
 20260806105000
   -30.1833  -69.0667 
  CUESTA_Viento                              SURFACE                                    
  FM-12 SYNOP       CUESTA_Viento         1530  F     F         1
 -888888.000 -888888.000 -888888.000 -888888.000    1530.000       0.000     293.250       0.000      -4.360     129.000      -3.168     129.000      21.000       0.000   84640.000       0.000 -888888.000 -888888.000
 20260806105000
   -31.5194  -68.9851 
  CARACOLES                                  SURFACE                                    
  FM-12 SYNOP       CARACOLES              942  F     F         1
 -888888.000 -888888.000 -888888.000 -888888.000     942.000       0.000     285.750       0.000      -1.728     129.000      -0.274     129.000      72.000       0.000   90270.000       0.000 -888888.000 -888888.000
 20260806105500
   -31.6500  -68.3000 
  ECOHUMUS                                   SURFACE                                    
  FM-12 SYNOP       ECOHUMUS               600  F     F         1
 -888888.000 -888888.000 -888888.000 -888888.000     600.000       0.000     286.550       0.000       0.518     129.000       4.218     129.000      58.000       0.000   94910.000       0.000 -888888.000 -888888.000
 20260806105500
   -31.5000  -68.2500 
  INTA_SANMARTIN                             SURFACE                                    
  FM-12 SYNOP       INTA_SANMARTIN         600  F     F         1
 -888888.000 -888888.000 -888888.000 -888888.000     600.000       0.000 -999999.000 -888888.000 -888888.000       0.000 -888888.000       0.000 -999999.000 -888888.000   95210.000       0.000 -888888.000 -888888.000
 20260806105500
   -30.6335  -67.4682 
  VALLE_FERTIL                               SURFACE                                    
  FM-12 SYNOP       VALLE_FERTIL           900  F     F         1
 -888888.000 -888888.000 -888888.000 -888888.000     900.000       0.000     289.750       0.000      -3.375     129.000       1.503     129.000      45.000       0.000   91170.000       0.000 -888888.000 -888888.000
 20260806105500
   -30.1833  -69.0667 
  CUESTA_Viento                              SURFACE                                    
  FM-12 SYNOP       CUESTA_Viento         1530  F     F         1
 -888888.000 -888888.000 -888888.000 -888888.000    1530.000       0.000     293.150       0.000      -3.135     129.000      -5.018     129.000      21.000       0.000   84620.000       0.000 -888888.000 -888888.000
 20260806105500
   -31.5194  -68.9851 
  CARACOLES                                  SURFACE                                    
  FM-12 SYNOP       CARACOLES              942  F     F         1
 -888888.000 -888888.000 -888888.000 -888888.000     942.000       0.000     285.250       0.000      -1.943     129.000      -0.825     129.000      74.000       0.000   90280.000       0.000 -888888.000 -888888.000
 20260806110000
   -31.6500  -68.3000 
  ECOHUMUS                                   SURFACE                                    
  FM-12 SYNOP       ECOHUMUS               600  F     F         1
 -888888.000 -888888.000 -888888.000 -888888.000     600.000       0.000     286.750       0.000      -0.187     129.000       5.358     129.000      57.000       0.000   94940.000       0.000 -888888.000 -888888.000
 20260806110000
   -31.5000  -68.2500 
  INTA_SANMARTIN                             SURFACE                                    
  FM-12 SYNOP       INTA_SANMARTIN         600  F     F         1
 -888888.000 -888888.000 -888888.000 -888888.000     600.000       0.000 -999999.000 -888888.000 -888888.000       0.000 -888888.000       0.000 -999999.000 -888888.000   95210.000       0.000 -888888.000 -888888.000
 20260806110000
   -30.6335  -67.4682 
  VALLE_FERTIL                               SURFACE                                    
  FM-12 SYNOP       VALLE_FERTIL           900  F     F         1
 -888888.000 -888888.000 -888888.000 -888888.000     900.000       0.000     289.950       0.000      -3.680     129.000       1.638     129.000      44.000       0.000   91160.000       0.000 -888888.000 -888888.000
 20260806110000
   -30.1833  -69.0667 
  CUESTA_Viento                              SURFACE                                    
  FM-12 SYNOP       CUESTA_Viento         1530  F     F         1
 -888888.000 -888888.000 -888888.000 -888888.000    1530.000       0.000     293.150       0.000      -5.200     129.000      -2.765     129.000      22.000       0.000   84630.000       0.000 -888888.000 -888888.000
 20260806110000
   -31.5194  -68.9851 
  CARACOLES                                  SURFACE                                    
  FM-12 SYNOP       CARACOLES              942  F     F         1
 -888888.000 -888888.000 -888888.000 -888888.000     942.000       0.000     285.150       0.000      -1.786     129.000      -1.073     129.000      74.000       0.000   90300.000       0.000 -888888.000 -888888.000
 20260806110500
   -31.6500  -68.3000 
  ECOHUMUS                                   SURFACE                                    
  FM-12 SYNOP       ECOHUMUS               600  F     F         1
 -888888.000 -888888.000 -888888.000 -888888.000     600.000       0.000     286.550       0.000      -0.580     129.000       4.126     129.000      57.000       0.000   94940.000       0.000 -888888.000 -888888.000
 20260806110500
   -31.5000  -68.2500 
  INTA_SANMARTIN                             SURFACE                                    
  FM-12 SYNOP       INTA_SANMARTIN         600  F     F         1
 -888888.000 -888888.000 -888888.000 -888888.000     600.000       0.000 -999999.000 -888888.000 -888888.000       0.000 -888888.000       0.000 -999999.000 -888888.000   95200.000       0.000 -888888.000 -888888.000
 20260806110500
   -30.6335  -67.4682 
  VALLE_FERTIL                               SURFACE                                    
  FM-12 SYNOP       VALLE_FERTIL           900  F     F         1
 -888888.000 -888888.000 -888888.000 -888888.000     900.000       0.000     290.050       0.000      -3.590     129.000       4.130     129.000      43.000       0.000   91190.000       0.000 -888888.000 -888888.000
 20260806110500
   -30.1833  -69.0667 
  CUESTA_Viento                              SURFACE                                    
  FM-12 SYNOP       CUESTA_Viento         1530  F     F         1
 -888888.000 -888888.000 -888888.000 -888888.000    1530.000       0.000     293.050       0.000      -3.889     129.000      -3.889     129.000      21.000       0.000   84600.000       0.000 -888888.000 -888888.000
 20260806110500
   -31.5194  -68.9851 
  CARACOLES                                  SURFACE                                    
  FM-12 SYNOP       CARACOLES              942  F     F         1
 -888888.000 -888888.000 -888888.000 -888888.000     942.000       0.000     285.050       0.000      -1.881     129.000      -0.366     129.000      74.000       0.000   90310.000       0.000 -888888.000 -888888.000
 20260806111000
   -31.6500  -68.3000 
  ECOHUMUS                                   SURFACE                                    
  FM-12 SYNOP       ECOHUMUS               600  F     F         1
 -888888.000 -888888.000 -888888.000 -888888.000     600.000       0.000     286.650       0.000       1.022     129.000       4.809     129.000      57.000       0.000   94950.000       0.000 -888888.000 -888888.000
 20260806111000
   -31.5000  -68.2500 
  INTA_SANMARTIN                             SURFACE                                    
  FM-12 SYNOP       INTA_SANMARTIN         600  F     F         1
 -888888.000 -888888.000 -888888.000 -888888.000     600.000       0.000 -999999.000 -888888.000 -888888.000       0.000 -888888.000       0.000 -999999.000 -888888.000   95210.000       0.000 -888888.000 -888888.000
 20260806111000
   -30.6335  -67.4682 
  VALLE_FERTIL                               SURFACE                                    
  FM-12 SYNOP       VALLE_FERTIL           900  F     F         1
 -888888.000 -888888.000 -888888.000 -888888.000     900.000       0.000     289.750       0.000      -4.426     129.000       2.874     129.000      43.000       0.000   91220.000       0.000 -888888.000 -888888.000
 20260806111000
   -30.1833  -69.0667 
  CUESTA_Viento                              SURFACE                                    
  FM-12 SYNOP       CUESTA_Viento         1530  F     F         1
 -888888.000 -888888.000 -888888.000 -888888.000    1530.000       0.000     293.350       0.000      -3.210     129.000      -2.993     129.000      20.000       0.000   84610.000       0.000 -888888.000 -888888.000
 20260806111000
   -31.5194  -68.9851 
  CARACOLES                                  SURFACE                                    
  FM-12 SYNOP       CARACOLES              942  F     F         1
 -888888.000 -888888.000 -888888.000 -888888.000     942.000       0.000     285.050       0.000      -1.674     129.000      -0.512     129.000      73.000       0.000   90340.000       0.000 -888888.000 -888888.000
 20260806111500
   -31.6500  -68.3000 
  ECOHUMUS                                   SURFACE                                    
  FM-12 SYNOP       ECOHUMUS               600  F     F         1
 -888888.000 -888888.000 -888888.000 -888888.000     600.000       0.000     286.550       0.000       0.555     129.000       5.276     129.000      57.000       0.000   94970.000       0.000 -888888.000 -888888.000
 20260806111500
   -31.5000  -68.2500 
  INTA_SANMARTIN                             SURFACE                                    
  FM-12 SYNOP       INTA_SANMARTIN         600  F     F         1
 -888888.000 -888888.000 -888888.000 -888888.000     600.000       0.000 -999999.000 -888888.000 -888888.000       0.000 -888888.000       0.000 -999999.000 -888888.000   95210.000       0.000 -888888.000 -888888.000
 20260806111500
   -30.6335  -67.4682 
  VALLE_FERTIL                               SURFACE                                    
  FM-12 SYNOP       VALLE_FERTIL           900  F     F         1
 -888888.000 -888888.000 -888888.000 -888888.000     900.000       0.000     289.050       0.000      -5.521     129.000       1.794     129.000      44.000       0.000   91220.000       0.000 -888888.000 -888888.000
 20260806111500
   -30.1833  -69.0667 
  CUESTA_Viento                              SURFACE                                    
  FM-12 SYNOP       CUESTA_Viento         1530  F     F         1
 -888888.000 -888888.000 -888888.000 -888888.000    1530.000       0.000     293.450       0.000      -3.261     129.000      -3.261     129.000      20.000       0.000   84610.000       0.000 -888888.000 -888888.000
 20260806111500
   -31.5194  -68.9851 
  CARACOLES                                  SURFACE                                    
  FM-12 SYNOP       CARACOLES              942  F     F         1
 -888888.000 -888888.000 -888888.000 -888888.000     942.000       0.000     284.850       0.000      -1.663     129.000      -0.323     129.000      74.000       0.000   90330.000       0.000 -888888.000 -888888.000
 20260806112000
   -31.6500  -68.3000 
  ECOHUMUS                                   SURFACE                                    
  FM-12 SYNOP       ECOHUMUS               600  F     F         1
 -888888.000 -888888.000 -888888.000 -888888.000     600.000       0.000     286.750       0.000       0.626     129.000       5.101     129.000      57.000       0.000   94990.000       0.000 -888888.000 -888888.000
 20260806112000
   -31.5000  -68.2500 
  INTA_SANMARTIN                             SURFACE                                    
  FM-12 SYNOP       INTA_SANMARTIN         600  F     F         1
 -888888.000 -888888.000 -888888.000 -888888.000     600.000       0.000 -999999.000 -888888.000 -888888.000       0.000 -888888.000       0.000 -999999.000 -888888.000   95240.000       0.000 -888888.000 -888888.000
 20260806112000
   -30.6335  -67.4682 
  VALLE_FERTIL                               SURFACE                                    
  FM-12 SYNOP       VALLE_FERTIL           900  F     F         1
 -888888.000 -888888.000 -888888.000 -888888.000     900.000       0.000     289.450       0.000      -5.594     129.000       1.926     129.000      42.000       0.000   91230.000       0.000 -888888.000 -888888.000
 20260806112000
   -30.1833  -69.0667 
  CUESTA_Viento                              SURFACE                                    
  FM-12 SYNOP       CUESTA_Viento         1530  F     F         1
 -888888.000 -888888.000 -888888.000 -888888.000    1530.000       0.000     293.450       0.000      -4.518     129.000      -4.518     129.000      21.000       0.000   84620.000       0.000 -888888.000 -888888.000
 20260806112000
   -31.5194  -68.9851 
  CARACOLES                                  SURFACE                                    
  FM-12 SYNOP       CARACOLES              942  F     F         1
 -888888.000 -888888.000 -888888.000 -888888.000     942.000       0.000     284.950       0.000      -1.922     129.000       0.444     129.000      74.000       0.000   90340.000       0.000 -888888.000 -888888.000
 20260806112500
   -31.6500  -68.3000 
  ECOHUMUS                                   SURFACE                                    
  FM-12 SYNOP       ECOHUMUS               600  F     F         1
 -888888.000 -888888.000 -888888.000 -888888.000     600.000       0.000     286.250       0.000       2.260     129.000       5.075     129.000      59.000       0.000   94990.000       0.000 -888888.000 -888888.000
 20260806112500
   -31.5000  -68.2500 
  INTA_SANMARTIN                             SURFACE                                    
  FM-12 SYNOP       INTA_SANMARTIN         600  F     F         1
 -888888.000 -888888.000 -888888.000 -888888.000     600.000       0.000 -999999.000 -888888.000 -888888.000       0.000 -888888.000       0.000 -999999.000 -888888.000   95240.000       0.000 -888888.000 -888888.000
 20260806112500
   -30.6335  -67.4682 
  VALLE_FERTIL                               SURFACE                                    
  FM-12 SYNOP       VALLE_FERTIL           900  F     F         1
 -888888.000 -888888.000 -888888.000 -888888.000     900.000       0.000     289.350       0.000      -4.362     129.000       3.660     129.000      41.000       0.000   91280.000       0.000 -888888.000 -888888.000
 20260806112500
   -30.1833  -69.0667 
  CUESTA_Viento                              SURFACE                                    
  FM-12 SYNOP       CUESTA_Viento         1530  F     F         1
 -888888.000 -888888.000 -888888.000 -888888.000    1530.000       0.000     293.450       0.000      -4.528     129.000      -3.936     129.000      21.000       0.000   84600.000       0.000 -888888.000 -888888.000
 20260806112500
   -31.5194  -68.9851 
  CARACOLES                                  SURFACE                                    
  FM-12 SYNOP       CARACOLES              942  F     F         1
 -888888.000 -888888.000 -888888.000 -888888.000     942.000       0.000     284.850       0.000      -1.227     129.000       0.239     129.000      74.000       0.000   90350.000       0.000 -888888.000 -888888.000
 20260806113000
   -31.6500  -68.3000 
  ECOHUMUS                                   SURFACE                                    
  FM-12 SYNOP       ECOHUMUS               600  F     F         1
 -888888.000 -888888.000 -888888.000 -888888.000     600.000       0.000     285.950       0.000      -2.021     129.000       3.802     129.000      59.000       0.000   95000.000       0.000 -888888.000 -888888.000
 20260806113000
   -31.5000  -68.2500 
  INTA_SANMARTIN                             SURFACE                                    
  FM-12 SYNOP       INTA_SANMARTIN         600  F     F         1
 -888888.000 -888888.000 -888888.000 -888888.000     600.000       0.000 -999999.000 -888888.000 -888888.000       0.000 -888888.000       0.000 -999999.000 -888888.000   95240.000       0.000 -888888.000 -888888.000
 20260806113000
   -30.6335  -67.4682 
  VALLE_FERTIL                               SURFACE                                    
  FM-12 SYNOP       VALLE_FERTIL           900  F     F         1
 -888888.000 -888888.000 -888888.000 -888888.000     900.000       0.000     289.350       0.000      -2.817     129.000       2.721     129.000      41.000       0.000   91290.000       0.000 -888888.000 -888888.000
 20260806113000
   -30.1833  -69.0667 
  CUESTA_Viento                              SURFACE                                    
  FM-12 SYNOP       CUESTA_Viento         1530  F     F         1
 -888888.000 -888888.000 -888888.000 -888888.000    1530.000       0.000     293.550       0.000      -1.488     129.000      -5.554     129.000      21.000       0.000   84610.000       0.000 -888888.000 -888888.000
 20260806113000
   -31.5194  -68.9851 
  CARACOLES                                  SURFACE                                    
  FM-12 SYNOP       CARACOLES              942  F     F         1
 -888888.000 -888888.000 -888888.000 -888888.000     942.000       0.000     285.150       0.000      -1.469     129.000       0.103     129.000      73.000       0.000   90360.000       0.000 -888888.000 -888888.000
 20260806113500
   -31.6500  -68.3000 
  ECOHUMUS                                   SURFACE                                    
  FM-12 SYNOP       ECOHUMUS               600  F     F         1
 -888888.000 -888888.000 -888888.000 -888888.000     600.000       0.000     286.150       0.000      -1.549     129.000       4.255     129.000      59.000       0.000   95010.000       0.000 -888888.000 -888888.000
 20260806113500
   -31.5000  -68.2500 
  INTA_SANMARTIN                             SURFACE                                    
  FM-12 SYNOP       INTA_SANMARTIN         600  F     F         1
 -888888.000 -888888.000 -888888.000 -888888.000     600.000       0.000 -999999.000 -888888.000 -888888.000       0.000 -888888.000       0.000 -999999.000 -888888.000   95230.000       0.000 -888888.000 -888888.000
 20260806113500
   -30.6335  -67.4682 
  VALLE_FERTIL                               SURFACE                                    
  FM-12 SYNOP       VALLE_FERTIL           900  F     F         1
 -888888.000 -888888.000 -888888.000 -888888.000     900.000       0.000     289.450       0.000      -5.178     129.000       1.682     129.000      39.000       0.000   91290.000       0.000 -888888.000 -888888.000
 20260806113500
   -30.1833  -69.0667 
  CUESTA_Viento                              SURFACE                                    
  FM-12 SYNOP       CUESTA_Viento         1530  F     F         1
 -888888.000 -888888.000 -888888.000 -888888.000    1530.000       0.000     293.650       0.000      -4.733     129.000      -3.314     129.000      21.000       0.000   84600.000       0.000 -888888.000 -888888.000
 20260806113500
   -31.5194  -68.9851 
  CARACOLES                                  SURFACE                                    
  FM-12 SYNOP       CARACOLES              942  F     F         1
 -888888.000 -888888.000 -888888.000 -888888.000     942.000       0.000     285.050       0.000      -1.300     129.000      -0.691     129.000      72.000       0.000   90360.000       0.000 -888888.000 -888888.000
 20260806114000
   -31.6500  -68.3000 
  ECOHUMUS                                   SURFACE                                    
  FM-12 SYNOP       ECOHUMUS               600  F     F         1
 -888888.000 -888888.000 -888888.000 -888888.000     600.000       0.000     285.950       0.000      -0.253     129.000       4.827     129.000      59.000       0.000   95010.000       0.000 -888888.000 -888888.000
 20260806114000
   -31.5000  -68.2500 
  INTA_SANMARTIN                             SURFACE                                    
  FM-12 SYNOP       INTA_SANMARTIN         600  F     F         1
 -888888.000 -888888.000 -888888.000 -888888.000     600.000       0.000 -999999.000 -888888.000 -888888.000       0.000 -888888.000       0.000 -999999.000 -888888.000   95250.000       0.000 -888888.000 -888888.000
 20260806114000
   -30.6335  -67.4682 
  VALLE_FERTIL                               SURFACE                                    
  FM-12 SYNOP       VALLE_FERTIL           900  F     F         1
 -888888.000 -888888.000 -888888.000 -888888.000     900.000       0.000     289.350       0.000      -1.800     129.000       3.385     129.000      39.000       0.000   91280.000       0.000 -888888.000 -888888.000
 20260806114000
   -30.1833  -69.0667 
  CUESTA_Viento                              SURFACE                                    
  FM-12 SYNOP       CUESTA_Viento         1530  F     F         1
 -888888.000 -888888.000 -888888.000 -888888.000    1530.000       0.000     293.650       0.000      -4.945     129.000      -1.998     129.000      20.000       0.000   84610.000       0.000 -888888.000 -888888.000
 20260806114000
   -31.5194  -68.9851 
  CARACOLES                                  SURFACE                                    
  FM-12 SYNOP       CARACOLES              942  F     F         1
 -888888.000 -888888.000 -888888.000 -888888.000     942.000       0.000     285.050       0.000      -1.030     129.000      -0.548     129.000      72.000       0.000   90340.000       0.000 -888888.000 -888888.000
 20260806114500
   -31.6500  -68.3000 
  ECOHUMUS                                   SURFACE                                    
  FM-12 SYNOP       ECOHUMUS               600  F     F         1
 -888888.000 -888888.000 -888888.000 -888888.000     600.000       0.000     286.050       0.000       0.808     129.000       5.749     129.000      60.000       0.000   95010.000       0.000 -888888.000 -888888.000
 20260806114500
   -31.5000  -68.2500 
  INTA_SANMARTIN                             SURFACE                                    
  FM-12 SYNOP       INTA_SANMARTIN         600  F     F         1
 -888888.000 -888888.000 -888888.000 -888888.000     600.000       0.000 -999999.000 -888888.000 -888888.000       0.000 -888888.000       0.000 -999999.000 -888888.000   95240.000       0.000 -888888.000 -888888.000
 20260806114500
   -30.6335  -67.4682 
  VALLE_FERTIL                               SURFACE                                    
  FM-12 SYNOP       VALLE_FERTIL           900  F     F         1
 -888888.000 -888888.000 -888888.000 -888888.000     900.000       0.000     289.150       0.000      -2.821     129.000       3.362     129.000      39.000       0.000   91280.000       0.000 -888888.000 -888888.000
 20260806114500
   -30.1833  -69.0667 
  CUESTA_Viento                              SURFACE                                    
  FM-12 SYNOP       CUESTA_Viento         1530  F     F         1
 -888888.000 -888888.000 -888888.000 -888888.000    1530.000       0.000     293.850       0.000      -3.202     129.000      -3.202     129.000      21.000       0.000   84610.000       0.000 -888888.000 -888888.000
 20260806114500
   -31.5194  -68.9851 
  CARACOLES                                  SURFACE                                    
  FM-12 SYNOP       CARACOLES              942  F     F         1
 -888888.000 -888888.000 -888888.000 -888888.000     942.000       0.000     285.150       0.000      -0.942     129.000      -0.589     129.000      72.000       0.000   90350.000       0.000 -888888.000 -888888.000
 20260806115000
   -31.6500  -68.3000 
  ECOHUMUS                                   SURFACE                                    
  FM-12 SYNOP       ECOHUMUS               600  F     F         1
 -888888.000 -888888.000 -888888.000 -888888.000     600.000       0.000     285.650       0.000      -1.637     129.000       4.754     129.000      60.000       0.000   95000.000       0.000 -888888.000 -888888.000
 20260806115000
   -31.5000  -68.2500 
  INTA_SANMARTIN                             SURFACE                                    
  FM-12 SYNOP       INTA_SANMARTIN         600  F     F         1
 -888888.000 -888888.000 -888888.000 -888888.000     600.000       0.000 -999999.000 -888888.000 -888888.000       0.000 -888888.000       0.000 -999999.000 -888888.000   95250.000       0.000 -888888.000 -888888.000
 20260806115000
   -30.6335  -67.4682 
  VALLE_FERTIL                               SURFACE                                    
  FM-12 SYNOP       VALLE_FERTIL           900  F     F         1
 -888888.000 -888888.000 -888888.000 -888888.000     900.000       0.000     288.850       0.000      -1.777     129.000       5.469     129.000      37.000       0.000   91300.000       0.000 -888888.000 -888888.000
 20260806115000
   -30.1833  -69.0667 
  CUESTA_Viento                              SURFACE                                    
  FM-12 SYNOP       CUESTA_Viento         1530  F     F         1
 -888888.000 -888888.000 -888888.000 -888888.000    1530.000       0.000     293.850       0.000      -3.662     129.000      -0.192     129.000      21.000       0.000   84630.000       0.000 -888888.000 -888888.000
 20260806115000
   -31.5194  -68.9851 
  CARACOLES                                  SURFACE                                    
  FM-12 SYNOP       CARACOLES              942  F     F         1
 -888888.000 -888888.000 -888888.000 -888888.000     942.000       0.000     284.950       0.000      -1.359     129.000      -0.634     129.000      72.000       0.000   90360.000       0.000 -888888.000 -888888.000
 20260806115500
   -31.6500  -68.3000 
  ECOHUMUS                                   SURFACE                                    
  FM-12 SYNOP       ECOHUMUS               600  F     F         1
 -888888.000 -888888.000 -888888.000 -888888.000     600.000       0.000     285.950       0.000      -1.405     129.000       4.596     129.000      59.000       0.000   95000.000       0.000 -888888.000 -888888.000
 20260806115500
   -31.5000  -68.2500 
  INTA_SANMARTIN                             SURFACE                                    
  FM-12 SYNOP       INTA_SANMARTIN         600  F     F         1
 -888888.000 -888888.000 -888888.000 -888888.000     600.000       0.000 -999999.000 -888888.000 -888888.000       0.000 -888888.000       0.000 -999999.000 -888888.000   95240.000       0.000 -888888.000 -888888.000
 20260806115500
   -30.6335  -67.4682 
  VALLE_FERTIL                               SURFACE                                    
  FM-12 SYNOP       VALLE_FERTIL           900  F     F         1
 -888888.000 -888888.000 -888888.000 -888888.000     900.000       0.000     289.050       0.000      -1.717     129.000       3.857     129.000      37.000       0.000   91320.000       0.000 -888888.000 -888888.000
 20260806115500
   -30.1833  -69.0667 
  CUESTA_Viento                              SURFACE                                    
  FM-12 SYNOP       CUESTA_Viento         1530  F     F         1
 -888888.000 -888888.000 -888888.000 -888888.000    1530.000       0.000     292.250       0.000       5.431     129.000      -0.380     129.000      37.000       0.000   84670.000       0.000 -888888.000 -888888.000
 20260806115500
   -31.5194  -68.9851 
  CARACOLES                                  SURFACE                                    
  FM-12 SYNOP       CARACOLES              942  F     F         1
 -888888.000 -888888.000 -888888.000 -888888.000     942.000       0.000     284.950       0.000      -1.304     129.000      -0.277     129.000      72.000       0.000   90370.000       0.000 -888888.000 -888888.000
 20260806120000
   -31.6500  -68.3000 
  ECOHUMUS                                   SURFACE                                    
  FM-12 SYNOP       ECOHUMUS               600  F     F         1
 -888888.000 -888888.000 -888888.000 -888888.000     600.000       0.000     286.150       0.000      -1.454     129.000       3.994     129.000      57.000       0.000   94990.000       0.000 -888888.000 -888888.000
 20260806120000
   -31.5000  -68.2500 
  INTA_SANMARTIN                             SURFACE                                    
  FM-12 SYNOP       INTA_SANMARTIN         600  F     F         1
 -888888.000 -888888.000 -888888.000 -888888.000     600.000       0.000 -999999.000 -888888.000 -888888.000       0.000 -888888.000       0.000 -999999.000 -888888.000   95260.000       0.000 -888888.000 -888888.000
 20260806120000
   -30.6335  -67.4682 
  VALLE_FERTIL                               SURFACE                                    
  FM-12 SYNOP       VALLE_FERTIL           900  F     F         1
 -888888.000 -888888.000 -888888.000 -888888.000     900.000       0.000     288.950       0.000      -1.322     129.000       3.271     129.000      35.000       0.000   91330.000       0.000 -888888.000 -888888.000
 20260806120000
   -30.1833  -69.0667 
  CUESTA_Viento                              SURFACE                                    
  FM-12 SYNOP       CUESTA_Viento         1530  F     F         1
 -888888.000 -888888.000 -888888.000 -888888.000    1530.000       0.000     289.750       0.000      -3.016     129.000       0.641     129.000      43.000       0.000   84700.000       0.000 -888888.000 -888888.000
 20260806120000
   -31.5194  -68.9851 
  CARACOLES                                  SURFACE                                    
  FM-12 SYNOP       CARACOLES              942  F     F         1
 -888888.000 -888888.000 -888888.000 -888888.000     942.000       0.000     284.850       0.000      -0.652     129.000      -0.424     129.000      73.000       0.000   90380.000       0.000 -888888.000 -888888.000
 20260806120500
   -31.6500  -68.3000 
  ECOHUMUS                                   SURFACE                                    
  FM-12 SYNOP       ECOHUMUS               600  F     F         1
 -888888.000 -888888.000 -888888.000 -888888.000     600.000       0.000     285.950       0.000      -0.711     129.000       5.061     129.000      58.000       0.000   95000.000       0.000 -888888.000 -888888.000
 20260806120500
   -31.5000  -68.2500 
  INTA_SANMARTIN                             SURFACE                                    
  FM-12 SYNOP       INTA_SANMARTIN         600  F     F         1
 -888888.000 -888888.000 -888888.000 -888888.000     600.000       0.000 -999999.000 -888888.000 -888888.000       0.000 -888888.000       0.000 -999999.000 -888888.000   95240.000       0.000 -888888.000 -888888.000
 20260806120500
   -30.6335  -67.4682 
  VALLE_FERTIL                               SURFACE                                    
  FM-12 SYNOP       VALLE_FERTIL           900  F     F         1
 -888888.000 -888888.000 -888888.000 -888888.000     900.000       0.000     288.950       0.000      -3.929     129.000       3.182     129.000      36.000       0.000   91330.000       0.000 -888888.000 -888888.000
 20260806120500
   -30.1833  -69.0667 
  CUESTA_Viento                              SURFACE                                    
  FM-12 SYNOP       CUESTA_Viento         1530  F     F         1
 -888888.000 -888888.000 -888888.000 -888888.000    1530.000       0.000     288.450       0.000       3.651     129.000       7.829     129.000      51.000       0.000   84750.000       0.000 -888888.000 -888888.000
 20260806120500
   -31.5194  -68.9851 
  CARACOLES                                  SURFACE                                    
  FM-12 SYNOP       CARACOLES              942  F     F         1
 -888888.000 -888888.000 -888888.000 -888888.000     942.000       0.000     284.650       0.000      -1.823     129.000       0.192     129.000      73.000       0.000   90380.000       0.000 -888888.000 -888888.000
 20260806121000
   -31.6500  -68.3000 
  ECOHUMUS                                   SURFACE                                    
  FM-12 SYNOP       ECOHUMUS               600  F     F         1
 -888888.000 -888888.000 -888888.000 -888888.000     600.000       0.000     286.150       0.000      -2.375     129.000       4.868     129.000      54.000       0.000   95010.000       0.000 -888888.000 -888888.000
 20260806121000
   -31.5000  -68.2500 
  INTA_SANMARTIN                             SURFACE                                    
  FM-12 SYNOP       INTA_SANMARTIN         600  F     F         1
 -888888.000 -888888.000 -888888.000 -888888.000     600.000       0.000 -999999.000 -888888.000 -888888.000       0.000 -888888.000       0.000 -999999.000 -888888.000   95250.000       0.000 -888888.000 -888888.000
 20260806121000
   -30.6335  -67.4682 
  VALLE_FERTIL                               SURFACE                                    
  FM-12 SYNOP       VALLE_FERTIL           900  F     F         1
 -888888.000 -888888.000 -888888.000 -888888.000     900.000       0.000     288.850       0.000      -4.833     129.000       2.904     129.000      37.000       0.000   91340.000       0.000 -888888.000 -888888.000
 20260806121000
   -30.1833  -69.0667 
  CUESTA_Viento                              SURFACE                                    
  FM-12 SYNOP       CUESTA_Viento         1530  F     F         1
 -888888.000 -888888.000 -888888.000 -888888.000    1530.000       0.000     286.750       0.000      -0.809     129.000       6.589     129.000      58.000       0.000   84750.000       0.000 -888888.000 -888888.000
 20260806121000
   -31.5194  -68.9851 
  CARACOLES                                  SURFACE                                    
  FM-12 SYNOP       CARACOLES              942  F     F         1
 -888888.000 -888888.000 -888888.000 -888888.000     942.000       0.000     284.750       0.000      -1.503     129.000      -0.403     129.000      73.000       0.000   90380.000       0.000 -888888.000 -888888.000
 20260806121500
   -31.6500  -68.3000 
  ECOHUMUS                                   SURFACE                                    
  FM-12 SYNOP       ECOHUMUS               600  F     F         1
 -888888.000 -888888.000 -888888.000 -888888.000     600.000       0.000     286.450       0.000      -1.822     129.000       4.746     129.000      54.000       0.000   95000.000       0.000 -888888.000 -888888.000
 20260806121500
   -31.5000  -68.2500 
  INTA_SANMARTIN                             SURFACE                                    
  FM-12 SYNOP       INTA_SANMARTIN         600  F     F         1
 -888888.000 -888888.000 -888888.000 -888888.000     600.000       0.000 -999999.000 -888888.000 -888888.000       0.000 -888888.000       0.000 -999999.000 -888888.000   95250.000       0.000 -888888.000 -888888.000
 20260806121500
   -30.6335  -67.4682 
  VALLE_FERTIL                               SURFACE                                    
  FM-12 SYNOP       VALLE_FERTIL           900  F     F         1
 -888888.000 -888888.000 -888888.000 -888888.000     900.000       0.000     288.750       0.000      -3.846     129.000       4.124     129.000      37.000       0.000   91340.000       0.000 -888888.000 -888888.000
 20260806121500
   -30.1833  -69.0667 
  CUESTA_Viento                              SURFACE                                    
  FM-12 SYNOP       CUESTA_Viento         1530  F     F         1
 -888888.000 -888888.000 -888888.000 -888888.000    1530.000       0.000     286.650       0.000      -0.762     129.000       4.322     129.000      58.000       0.000   84750.000       0.000 -888888.000 -888888.000
 20260806121500
   -31.5194  -68.9851 
  CARACOLES                                  SURFACE                                    
  FM-12 SYNOP       CARACOLES              942  F     F         1
 -888888.000 -888888.000 -888888.000 -888888.000     942.000       0.000     284.750       0.000      -1.411     129.000      -0.123     129.000      72.000       0.000   90370.000       0.000 -888888.000 -888888.000
 20260806122000
   -31.6500  -68.3000 
  ECOHUMUS                                   SURFACE                                    
  FM-12 SYNOP       ECOHUMUS               600  F     F         1
 -888888.000 -888888.000 -888888.000 -888888.000     600.000       0.000     286.350       0.000      -0.436     129.000       4.981     129.000      55.000       0.000   95000.000       0.000 -888888.000 -888888.000
 20260806122000
   -31.5000  -68.2500 
  INTA_SANMARTIN                             SURFACE                                    
  FM-12 SYNOP       INTA_SANMARTIN         600  F     F         1
 -888888.000 -888888.000 -888888.000 -888888.000     600.000       0.000 -999999.000 -888888.000 -888888.000       0.000 -888888.000       0.000 -999999.000 -888888.000   95250.000       0.000 -888888.000 -888888.000
 20260806122000
   -30.6335  -67.4682 
  VALLE_FERTIL                               SURFACE                                    
  FM-12 SYNOP       VALLE_FERTIL           900  F     F         1
 -888888.000 -888888.000 -888888.000 -888888.000     900.000       0.000     288.450       0.000      -5.669     129.000       4.429     129.000      38.000       0.000   91360.000       0.000 -888888.000 -888888.000
 20260806122000
   -30.1833  -69.0667 
  CUESTA_Viento                              SURFACE                                    
  FM-12 SYNOP       CUESTA_Viento         1530  F     F         1
 -888888.000 -888888.000 -888888.000 -888888.000    1530.000       0.000     286.950       0.000      -0.731     129.000       3.763     129.000      58.000       0.000   84770.000       0.000 -888888.000 -888888.000
 20260806122000
   -31.5194  -68.9851 
  CARACOLES                                  SURFACE                                    
  FM-12 SYNOP       CARACOLES              942  F     F         1
 -888888.000 -888888.000 -888888.000 -888888.000     942.000       0.000     284.750       0.000      -1.530     129.000       0.587     129.000      72.000       0.000   90360.000       0.000 -888888.000 -888888.000
 20260806122500
   -31.6500  -68.3000 
  ECOHUMUS                                   SURFACE                                    
  FM-12 SYNOP       ECOHUMUS               600  F     F         1
 -888888.000 -888888.000 -888888.000 -888888.000     600.000       0.000     286.550       0.000      -0.499     129.000       4.752     129.000      54.000       0.000   95000.000       0.000 -888888.000 -888888.000
 20260806122500
   -31.5000  -68.2500 
  INTA_SANMARTIN                             SURFACE                                    
  FM-12 SYNOP       INTA_SANMARTIN         600  F     F         1
 -888888.000 -888888.000 -888888.000 -888888.000     600.000       0.000 -999999.000 -888888.000 -888888.000       0.000 -888888.000       0.000 -999999.000 -888888.000   95240.000       0.000 -888888.000 -888888.000
 20260806122500
   -30.6335  -67.4682 
  VALLE_FERTIL                               SURFACE                                    
  FM-12 SYNOP       VALLE_FERTIL           900  F     F         1
 -888888.000 -888888.000 -888888.000 -888888.000     900.000       0.000     288.650       0.000      -4.394     129.000       2.143     129.000      36.000       0.000   91360.000       0.000 -888888.000 -888888.000
 20260806122500
   -30.1833  -69.0667 
  CUESTA_Viento                              SURFACE                                    
  FM-12 SYNOP       CUESTA_Viento         1530  F     F         1
 -888888.000 -888888.000 -888888.000 -888888.000    1530.000       0.000     286.450       0.000      -0.340     129.000       6.491     129.000      61.000       0.000   84770.000       0.000 -888888.000 -888888.000
 20260806122500
   -31.5194  -68.9851 
  CARACOLES                                  SURFACE                                    
  FM-12 SYNOP       CARACOLES              942  F     F         1
 -888888.000 -888888.000 -888888.000 -888888.000     942.000       0.000     285.050       0.000      -1.700     129.000       0.520     129.000      71.000       0.000   90370.000       0.000 -888888.000 -888888.000
 20260806123000
   -31.6500  -68.3000 
  ECOHUMUS                                   SURFACE                                    
  FM-12 SYNOP       ECOHUMUS               600  F     F         1
 -888888.000 -888888.000 -888888.000 -888888.000     600.000       0.000     286.350       0.000      -1.115     129.000       5.244     129.000      55.000       0.000   95000.000       0.000 -888888.000 -888888.000
 20260806123000
   -31.5000  -68.2500 
  INTA_SANMARTIN                             SURFACE                                    
  FM-12 SYNOP       INTA_SANMARTIN         600  F     F         1
 -888888.000 -888888.000 -888888.000 -888888.000     600.000       0.000 -999999.000 -888888.000 -888888.000       0.000 -888888.000       0.000 -999999.000 -888888.000   95240.000       0.000 -888888.000 -888888.000
 20260806123000
   -30.6335  -67.4682 
  VALLE_FERTIL                               SURFACE                                    
  FM-12 SYNOP       VALLE_FERTIL           900  F     F         1
 -888888.000 -888888.000 -888888.000 -888888.000     900.000       0.000     289.150       0.000      -2.851     129.000       2.478     129.000      35.000       0.000   91360.000       0.000 -888888.000 -888888.000
 20260806123000
   -30.1833  -69.0667 
  CUESTA_Viento                              SURFACE                                    
  FM-12 SYNOP       CUESTA_Viento         1530  F     F         1
 -888888.000 -888888.000 -888888.000 -888888.000    1530.000       0.000     286.250       0.000       1.787     129.000       5.844     129.000      62.000       0.000   84770.000       0.000 -888888.000 -888888.000
 20260806123000
   -31.5194  -68.9851 
  CARACOLES                                  SURFACE                                    
  FM-12 SYNOP       CARACOLES              942  F     F         1
 -888888.000 -888888.000 -888888.000 -888888.000     942.000       0.000     284.950       0.000      -2.109     129.000       1.122     129.000      72.000       0.000   90360.000       0.000 -888888.000 -888888.000
 20260806123500
   -31.6500  -68.3000 
  ECOHUMUS                                   SURFACE                                    
  FM-12 SYNOP       ECOHUMUS               600  F     F         1
 -888888.000 -888888.000 -888888.000 -888888.000     600.000       0.000     286.250       0.000      -1.313     129.000       4.042     129.000      54.000       0.000   95000.000       0.000 -888888.000 -888888.000
 20260806123500
   -31.5000  -68.2500 
  INTA_SANMARTIN                             SURFACE                                    
  FM-12 SYNOP       INTA_SANMARTIN         600  F     F         1
 -888888.000 -888888.000 -888888.000 -888888.000     600.000       0.000 -999999.000 -888888.000 -888888.000       0.000 -888888.000       0.000 -999999.000 -888888.000   95240.000       0.000 -888888.000 -888888.000
 20260806123500
   -30.6335  -67.4682 
  VALLE_FERTIL                               SURFACE                                    
  FM-12 SYNOP       VALLE_FERTIL           900  F     F         1
 -888888.000 -888888.000 -888888.000 -888888.000     900.000       0.000     289.350       0.000      -3.477     129.000       1.405     129.000      35.000       0.000   91360.000       0.000 -888888.000 -888888.000
 20260806123500
   -30.1833  -69.0667 
  CUESTA_Viento                              SURFACE                                    
  FM-12 SYNOP       CUESTA_Viento         1530  F     F         1
 -888888.000 -888888.000 -888888.000 -888888.000    1530.000       0.000     285.850       0.000      -1.048     129.000       4.205     129.000      66.000       0.000   84780.000       0.000 -888888.000 -888888.000
 20260806123500
   -31.5194  -68.9851 
  CARACOLES                                  SURFACE                                    
  FM-12 SYNOP       CARACOLES              942  F     F         1
 -888888.000 -888888.000 -888888.000 -888888.000     942.000       0.000     284.950       0.000      -0.990     129.000      -0.504     129.000      71.000       0.000   90360.000       0.000 -888888.000 -888888.000
 20260806124000
   -31.6500  -68.3000 
  ECOHUMUS                                   SURFACE                                    
  FM-12 SYNOP       ECOHUMUS               600  F     F         1
 -888888.000 -888888.000 -888888.000 -888888.000     600.000       0.000     286.250       0.000      -0.000     129.000       5.167     129.000      53.000       0.000   95000.000       0.000 -888888.000 -888888.000
 20260806124000
   -31.5000  -68.2500 
  INTA_SANMARTIN                             SURFACE                                    
  FM-12 SYNOP       INTA_SANMARTIN         600  F     F         1
 -888888.000 -888888.000 -888888.000 -888888.000     600.000       0.000 -999999.000 -888888.000 -888888.000       0.000 -888888.000       0.000 -999999.000 -888888.000   95240.000       0.000 -888888.000 -888888.000
 20260806124000
   -30.6335  -67.4682 
  VALLE_FERTIL                               SURFACE                                    
  FM-12 SYNOP       VALLE_FERTIL           900  F     F         1
 -888888.000 -888888.000 -888888.000 -888888.000     900.000       0.000     289.650       0.000      -2.854     129.000       2.074     129.000      34.000       0.000   91370.000       0.000 -888888.000 -888888.000
 20260806124000
   -30.1833  -69.0667 
  CUESTA_Viento                              SURFACE                                    
  FM-12 SYNOP       CUESTA_Viento         1530  F     F         1
 -888888.000 -888888.000 -888888.000 -888888.000    1530.000       0.000     285.550       0.000       1.661     129.000       6.198     129.000      67.000       0.000   84770.000       0.000 -888888.000 -888888.000
 20260806124000
   -31.5194  -68.9851 
  CARACOLES                                  SURFACE                                    
  FM-12 SYNOP       CARACOLES              942  F     F         1
 -888888.000 -888888.000 -888888.000 -888888.000     942.000       0.000     284.950       0.000      -1.131     129.000      -0.707     129.000      71.000       0.000   90360.000       0.000 -888888.000 -888888.000
 20260806124500
   -31.6500  -68.3000 
  ECOHUMUS                                   SURFACE                                    
  FM-12 SYNOP       ECOHUMUS               600  F     F         1
 -888888.000 -888888.000 -888888.000 -888888.000     600.000       0.000     286.150       0.000      -0.562     129.000       4.577     129.000      53.000       0.000   95010.000       0.000 -888888.000 -888888.000
 20260806124500
   -31.5000  -68.2500 
  INTA_SANMARTIN                             SURFACE                                    
  FM-12 SYNOP       INTA_SANMARTIN         600  F     F         1
 -888888.000 -888888.000 -888888.000 -888888.000     600.000       0.000 -999999.000 -888888.000 -888888.000       0.000 -888888.000       0.000 -999999.000 -888888.000   95240.000       0.000 -888888.000 -888888.000
 20260806124500
   -30.6335  -67.4682 
  VALLE_FERTIL                               SURFACE                                    
  FM-12 SYNOP       VALLE_FERTIL           900  F     F         1
 -888888.000 -888888.000 -888888.000 -888888.000     900.000       0.000     289.450       0.000      -3.405     129.000       2.046     129.000      35.000       0.000   91380.000       0.000 -888888.000 -888888.000
 20260806124500
   -30.1833  -69.0667 
  CUESTA_Viento                              SURFACE                                    
  FM-12 SYNOP       CUESTA_Viento         1530  F     F         1
 -888888.000 -888888.000 -888888.000 -888888.000    1530.000       0.000     285.350       0.000       0.851     129.000       6.052     129.000      68.000       0.000   84760.000       0.000 -888888.000 -888888.000
 20260806124500
   -31.5194  -68.9851 
  CARACOLES                                  SURFACE                                    
  FM-12 SYNOP       CARACOLES              942  F     F         1
 -888888.000 -888888.000 -888888.000 -888888.000     942.000       0.000     284.950       0.000      -1.287     129.000      -0.443     129.000      72.000       0.000   90350.000       0.000 -888888.000 -888888.000
 20260806125000
   -31.6500  -68.3000 
  ECOHUMUS                                   SURFACE                                    
  FM-12 SYNOP       ECOHUMUS               600  F     F         1
 -888888.000 -888888.000 -888888.000 -888888.000     600.000       0.000     286.350       0.000      -1.845     129.000       4.347     129.000      51.000       0.000   94990.000       0.000 -888888.000 -888888.000
 20260806125000
   -31.5000  -68.2500 
  INTA_SANMARTIN                             SURFACE                                    
  FM-12 SYNOP       INTA_SANMARTIN         600  F     F         1
 -888888.000 -888888.000 -888888.000 -888888.000     600.000       0.000 -999999.000 -888888.000 -888888.000       0.000 -888888.000       0.000 -999999.000 -888888.000   95240.000       0.000 -888888.000 -888888.000
 20260806125000
   -30.6335  -67.4682 
  VALLE_FERTIL                               SURFACE                                    
  FM-12 SYNOP       VALLE_FERTIL           900  F     F         1
 -888888.000 -888888.000 -888888.000 -888888.000     900.000       0.000     289.050       0.000      -4.899     129.000       1.131     129.000      34.000       0.000   91380.000       0.000 -888888.000 -888888.000
 20260806125000
   -30.1833  -69.0667 
  CUESTA_Viento                              SURFACE                                    
  FM-12 SYNOP       CUESTA_Viento         1530  F     F         1
 -888888.000 -888888.000 -888888.000 -888888.000    1530.000       0.000     285.050       0.000      -4.304     129.000       3.243     129.000      69.000       0.000   84760.000       0.000 -888888.000 -888888.000
 20260806125000
   -31.5194  -68.9851 
  CARACOLES                                  SURFACE                                    
  FM-12 SYNOP       CARACOLES              942  F     F         1
 -888888.000 -888888.000 -888888.000 -888888.000     942.000       0.000     284.950       0.000      -0.963     129.000      -0.135     129.000      71.000       0.000   90350.000       0.000 -888888.000 -888888.000
 20260806125500
   -31.6500  -68.3000 
  ECOHUMUS                                   SURFACE                                    
  FM-12 SYNOP       ECOHUMUS               600  F     F         1
 -888888.000 -888888.000 -888888.000 -888888.000     600.000       0.000     286.350       0.000      -1.491     129.000       3.350     129.000      51.000       0.000   94990.000       0.000 -888888.000 -888888.000
 20260806125500
   -31.5000  -68.2500 
  INTA_SANMARTIN                             SURFACE                                    
  FM-12 SYNOP       INTA_SANMARTIN         600  F     F         1
 -888888.000 -888888.000 -888888.000 -888888.000     600.000       0.000 -999999.000 -888888.000 -888888.000       0.000 -888888.000       0.000 -999999.000 -888888.000   95230.000       0.000 -888888.000 -888888.000
 20260806125500
   -30.6335  -67.4682 
  VALLE_FERTIL                               SURFACE                                    
  FM-12 SYNOP       VALLE_FERTIL           900  F     F         1
 -888888.000 -888888.000 -888888.000 -888888.000     900.000       0.000     289.050       0.000      -4.729     129.000       1.537     129.000      33.000       0.000   91390.000       0.000 -888888.000 -888888.000
 20260806125500
   -30.1833  -69.0667 
  CUESTA_Viento                              SURFACE                                    
  FM-12 SYNOP       CUESTA_Viento         1530  F     F         1
 -888888.000 -888888.000 -888888.000 -888888.000    1530.000       0.000     285.150       0.000      -0.496     129.000       5.673     129.000      68.000       0.000   84770.000       0.000 -888888.000 -888888.000
 20260806125500
   -31.5194  -68.9851 
  CARACOLES                                  SURFACE                                    
  FM-12 SYNOP       CARACOLES              942  F     F         1
 -888888.000 -888888.000 -888888.000 -888888.000     942.000       0.000     285.050       0.000      -1.359     129.000      -0.289     129.000      71.000       0.000   90350.000       0.000 -888888.000 -888888.000
 20260806130000
   -31.6500  -68.3000 
  ECOHUMUS                                   SURFACE                                    
  FM-12 SYNOP       ECOHUMUS               600  F     F         1
 -888888.000 -888888.000 -888888.000 -888888.000     600.000       0.000     286.650       0.000      -1.157     129.000       4.320     129.000      51.000       0.000   94980.000       0.000 -888888.000 -888888.000
 20260806130000
   -31.5000  -68.2500 
  INTA_SANMARTIN                             SURFACE                                    
  FM-12 SYNOP       INTA_SANMARTIN         600  F     F         1
 -888888.000 -888888.000 -888888.000 -888888.000     600.000       0.000 -999999.000 -888888.000 -888888.000       0.000 -888888.000       0.000 -999999.000 -888888.000   95230.000       0.000 -888888.000 -888888.000
 20260806130000
   -30.6335  -67.4682 
  VALLE_FERTIL                               SURFACE                                    
  FM-12 SYNOP       VALLE_FERTIL           900  F     F         1
 -888888.000 -888888.000 -888888.000 -888888.000     900.000       0.000     289.050       0.000      -3.985     129.000       1.218     129.000      33.000       0.000   91370.000       0.000 -888888.000 -888888.000
 20260806130000
   -30.1833  -69.0667 
  CUESTA_Viento                              SURFACE                                    
  FM-12 SYNOP       CUESTA_Viento         1530  F     F         1
 -888888.000 -888888.000 -888888.000 -888888.000    1530.000       0.000     285.050       0.000      -2.125     129.000       3.681     129.000      67.000       0.000   84750.000       0.000 -888888.000 -888888.000
 20260806130000
   -31.5194  -68.9851 
  CARACOLES                                  SURFACE                                    
  FM-12 SYNOP       CARACOLES              942  F     F         1
 -888888.000 -888888.000 -888888.000 -888888.000     942.000       0.000     284.950       0.000      -1.409     129.000      -0.148     129.000      70.000       0.000   90350.000       0.000 -888888.000 -888888.000
 20260806130500
   -31.6500  -68.3000 
  ECOHUMUS                                   SURFACE                                    
  FM-12 SYNOP       ECOHUMUS               600  F     F         1
 -888888.000 -888888.000 -888888.000 -888888.000     600.000       0.000     286.650       0.000      -0.565     129.000       4.604     129.000      48.000       0.000   94980.000       0.000 -888888.000 -888888.000
 20260806130500
   -31.5000  -68.2500 
  INTA_SANMARTIN                             SURFACE                                    
  FM-12 SYNOP       INTA_SANMARTIN         600  F     F         1
 -888888.000 -888888.000 -888888.000 -888888.000     600.000       0.000 -999999.000 -888888.000 -888888.000       0.000 -888888.000       0.000 -999999.000 -888888.000   95230.000       0.000 -888888.000 -888888.000
 20260806130500
   -30.6335  -67.4682 
  VALLE_FERTIL                               SURFACE                                    
  FM-12 SYNOP       VALLE_FERTIL           900  F     F         1
 -888888.000 -888888.000 -888888.000 -888888.000     900.000       0.000     289.350       0.000      -2.929     129.000       1.760     129.000      32.000       0.000   91390.000       0.000 -888888.000 -888888.000
 20260806130500
   -30.1833  -69.0667 
  CUESTA_Viento                              SURFACE                                    
  FM-12 SYNOP       CUESTA_Viento         1530  F     F         1
 -888888.000 -888888.000 -888888.000 -888888.000    1530.000       0.000     285.450       0.000       1.157     129.000       4.320     129.000      66.000       0.000   84780.000       0.000 -888888.000 -888888.000
 20260806130500
   -31.5194  -68.9851 
  CARACOLES                                  SURFACE                                    
  FM-12 SYNOP       CARACOLES              942  F     F         1
 -888888.000 -888888.000 -888888.000 -888888.000     942.000       0.000     284.850       0.000      -1.725     129.000      -0.430     129.000      70.000       0.000   90340.000       0.000 -888888.000 -888888.000
 20260806131000
   -31.6500  -68.3000 
  ECOHUMUS                                   SURFACE                                    
  FM-12 SYNOP       ECOHUMUS               600  F     F         1
 -888888.000 -888888.000 -888888.000 -888888.000     600.000       0.000     286.450       0.000      -0.719     129.000       5.116     129.000      48.000       0.000   95000.000       0.000 -888888.000 -888888.000
 20260806131000
   -31.5000  -68.2500 
  INTA_SANMARTIN                             SURFACE                                    
  FM-12 SYNOP       INTA_SANMARTIN         600  F     F         1
 -888888.000 -888888.000 -888888.000 -888888.000     600.000       0.000 -999999.000 -888888.000 -888888.000       0.000 -888888.000       0.000 -999999.000 -888888.000   95240.000       0.000 -888888.000 -888888.000
 20260806131000
   -30.6335  -67.4682 
  VALLE_FERTIL                               SURFACE                                    
  FM-12 SYNOP       VALLE_FERTIL           900  F     F         1
 -888888.000 -888888.000 -888888.000 -888888.000     900.000       0.000     289.450       0.000      -3.911     129.000       2.168     129.000      32.000       0.000   91390.000       0.000 -888888.000 -888888.000
 20260806131000
   -30.1833  -69.0667 
  CUESTA_Viento                              SURFACE                                    
  FM-12 SYNOP       CUESTA_Viento         1530  F     F         1
 -888888.000 -888888.000 -888888.000 -888888.000    1530.000       0.000     285.350       0.000      -3.047     129.000       5.072     129.000      67.000       0.000   84770.000       0.000 -888888.000 -888888.000
 20260806131000
   -31.5194  -68.9851 
  CARACOLES                                  SURFACE                                    
  FM-12 SYNOP       CARACOLES              942  F     F         1
 -888888.000 -888888.000 -888888.000 -888888.000     942.000       0.000     284.950       0.000      -1.250     129.000      -0.266     129.000      69.000       0.000   90340.000       0.000 -888888.000 -888888.000
 20260806131500
   -31.6500  -68.3000 
  ECOHUMUS                                   SURFACE                                    
  FM-12 SYNOP       ECOHUMUS               600  F     F         1
 -888888.000 -888888.000 -888888.000 -888888.000     600.000       0.000     286.450       0.000      -1.237     129.000       4.615     129.000      48.000       0.000   94990.000       0.000 -888888.000 -888888.000
 20260806131500
   -31.5000  -68.2500 
  INTA_SANMARTIN                             SURFACE                                    
  FM-12 SYNOP       INTA_SANMARTIN         600  F     F         1
 -888888.000 -888888.000 -888888.000 -888888.000     600.000       0.000 -999999.000 -888888.000 -888888.000       0.000 -888888.000       0.000 -999999.000 -888888.000   95240.000       0.000 -888888.000 -888888.000
 20260806131500
   -30.6335  -67.4682 
  VALLE_FERTIL                               SURFACE                                    
  FM-12 SYNOP       VALLE_FERTIL           900  F     F         1
 -888888.000 -888888.000 -888888.000 -888888.000     900.000       0.000     289.950       0.000      -2.531     129.000       3.240     129.000      30.000       0.000   91380.000       0.000 -888888.000 -888888.000
 20260806131500
   -30.1833  -69.0667 
  CUESTA_Viento                              SURFACE                                    
  FM-12 SYNOP       CUESTA_Viento         1530  F     F         1
 -888888.000 -888888.000 -888888.000 -888888.000    1530.000       0.000     284.750       0.000       3.681     129.000       2.390     129.000      69.000       0.000   84780.000       0.000 -888888.000 -888888.000
 20260806131500
   -31.5194  -68.9851 
  CARACOLES                                  SURFACE                                    
  FM-12 SYNOP       CARACOLES              942  F     F         1
 -888888.000 -888888.000 -888888.000 -888888.000     942.000       0.000     285.050       0.000      -1.964     129.000      -0.916     129.000      68.000       0.000   90320.000       0.000 -888888.000 -888888.000
 20260806132000
   -31.6500  -68.3000 
  ECOHUMUS                                   SURFACE                                    
  FM-12 SYNOP       ECOHUMUS               600  F     F         1
 -888888.000 -888888.000 -888888.000 -888888.000     600.000       0.000     286.250       0.000      -1.375     129.000       3.992     129.000      48.000       0.000   94990.000       0.000 -888888.000 -888888.000
 20260806132000
   -31.5000  -68.2500 
  INTA_SANMARTIN                             SURFACE                                    
  FM-12 SYNOP       INTA_SANMARTIN         600  F     F         1
 -888888.000 -888888.000 -888888.000 -888888.000     600.000       0.000 -999999.000 -888888.000 -888888.000       0.000 -888888.000       0.000 -999999.000 -888888.000   95230.000       0.000 -888888.000 -888888.000
 20260806132000
   -30.6335  -67.4682 
  VALLE_FERTIL                               SURFACE                                    
  FM-12 SYNOP       VALLE_FERTIL           900  F     F         1
 -888888.000 -888888.000 -888888.000 -888888.000     900.000       0.000     289.050       0.000      -3.416     129.000       1.740     129.000      31.000       0.000   91400.000       0.000 -888888.000 -888888.000
 20260806132000
   -30.1833  -69.0667 
  CUESTA_Viento                              SURFACE                                    
  FM-12 SYNOP       CUESTA_Viento         1530  F     F         1
 -888888.000 -888888.000 -888888.000 -888888.000    1530.000       0.000     284.950       0.000      -0.000     129.000       5.611     129.000      67.000       0.000   84770.000       0.000 -888888.000 -888888.000
 20260806132000
   -31.5194  -68.9851 
  CARACOLES                                  SURFACE                                    
  FM-12 SYNOP       CARACOLES              942  F     F         1
 -888888.000 -888888.000 -888888.000 -888888.000     942.000       0.000     284.850       0.000      -1.079     129.000      -0.874     129.000      68.000       0.000   90340.000       0.000 -888888.000 -888888.000
 20260806132500
   -31.6500  -68.3000 
  ECOHUMUS                                   SURFACE                                    
  FM-12 SYNOP       ECOHUMUS               600  F     F         1
 -888888.000 -888888.000 -888888.000 -888888.000     600.000       0.000     286.550       0.000      -0.937     129.000       4.060     129.000      47.000       0.000   94970.000       0.000 -888888.000 -888888.000
 20260806132500
   -31.5000  -68.2500 
  INTA_SANMARTIN                             SURFACE                                    
  FM-12 SYNOP       INTA_SANMARTIN         600  F     F         1
 -888888.000 -888888.000 -888888.000 -888888.000     600.000       0.000 -999999.000 -888888.000 -888888.000       0.000 -888888.000       0.000 -999999.000 -888888.000   95220.000       0.000 -888888.000 -888888.000
 20260806132500
   -30.6335  -67.4682 
  VALLE_FERTIL                               SURFACE                                    
  FM-12 SYNOP       VALLE_FERTIL           900  F     F         1
 -888888.000 -888888.000 -888888.000 -888888.000     900.000       0.000     289.350       0.000      -1.826     129.000       3.434     129.000      31.000       0.000   91380.000       0.000 -888888.000 -888888.000
 20260806132500
   -30.1833  -69.0667 
  CUESTA_Viento                              SURFACE                                    
  FM-12 SYNOP       CUESTA_Viento         1530  F     F         1
 -888888.000 -888888.000 -888888.000 -888888.000    1530.000       0.000     285.050       0.000       1.740     129.000       3.416     129.000      67.000       0.000   84760.000       0.000 -888888.000 -888888.000
 20260806132500
   -31.5194  -68.9851 
  CARACOLES                                  SURFACE                                    
  FM-12 SYNOP       CARACOLES              942  F     F         1
 -888888.000 -888888.000 -888888.000 -888888.000     942.000       0.000     285.050       0.000      -1.167     129.000      -0.701     129.000      68.000       0.000   90330.000       0.000 -888888.000 -888888.000
 20260806133000
   -31.6500  -68.3000 
  ECOHUMUS                                   SURFACE                                    
  FM-12 SYNOP       ECOHUMUS               600  F     F         1
 -888888.000 -888888.000 -888888.000 -888888.000     600.000       0.000     286.850       0.000      -0.508     129.000       4.136     129.000      46.000       0.000   94960.000       0.000 -888888.000 -888888.000
 20260806133000
   -31.5000  -68.2500 
  INTA_SANMARTIN                             SURFACE                                    
  FM-12 SYNOP       INTA_SANMARTIN         600  F     F         1
 -888888.000 -888888.000 -888888.000 -888888.000     600.000       0.000 -999999.000 -888888.000 -888888.000       0.000 -888888.000       0.000 -999999.000 -888888.000   95230.000       0.000 -888888.000 -888888.000
 20260806133000
   -30.6335  -67.4682 
  VALLE_FERTIL                               SURFACE                                    
  FM-12 SYNOP       VALLE_FERTIL           900  F     F         1
 -888888.000 -888888.000 -888888.000 -888888.000     900.000       0.000     289.450       0.000      -2.785     129.000       3.320     129.000      31.000       0.000   91380.000       0.000 -888888.000 -888888.000
 20260806133000
   -30.1833  -69.0667 
  CUESTA_Viento                              SURFACE                                    
  FM-12 SYNOP       CUESTA_Viento         1530  F     F         1
 -888888.000 -888888.000 -888888.000 -888888.000    1530.000       0.000     284.850       0.000       0.058     129.000       3.305     129.000      68.000       0.000   84770.000       0.000 -888888.000 -888888.000
 20260806133000
   -31.5194  -68.9851 
  CARACOLES                                  SURFACE                                    
  FM-12 SYNOP       CARACOLES              942  F     F         1
 -888888.000 -888888.000 -888888.000 -888888.000     942.000       0.000     285.050       0.000      -1.418     129.000      -0.276     129.000      68.000       0.000   90320.000       0.000 -888888.000 -888888.000
 20260806133500
   -31.6500  -68.3000 
  ECOHUMUS                                   SURFACE                                    
  FM-12 SYNOP       ECOHUMUS               600  F     F         1
 -888888.000 -888888.000 -888888.000 -888888.000     600.000       0.000     286.750       0.000      -0.589     129.000       4.797     129.000      46.000       0.000   94960.000       0.000 -888888.000 -888888.000
 20260806133500
   -31.5000  -68.2500 
  INTA_SANMARTIN                             SURFACE                                    
  FM-12 SYNOP       INTA_SANMARTIN         600  F     F         1
 -888888.000 -888888.000 -888888.000 -888888.000     600.000       0.000 -999999.000 -888888.000 -888888.000       0.000 -888888.000       0.000 -999999.000 -888888.000   95230.000       0.000 -888888.000 -888888.000
 20260806133500
   -30.6335  -67.4682 
  VALLE_FERTIL                               SURFACE                                    
  FM-12 SYNOP       VALLE_FERTIL           900  F     F         1
 -888888.000 -888888.000 -888888.000 -888888.000     900.000       0.000     289.550       0.000      -2.889     129.000       2.257     129.000      31.000       0.000   91390.000       0.000 -888888.000 -888888.000
 20260806133500
   -30.1833  -69.0667 
  CUESTA_Viento                              SURFACE                                    
  FM-12 SYNOP       CUESTA_Viento         1530  F     F         1
 -888888.000 -888888.000 -888888.000 -888888.000    1530.000       0.000     284.450       0.000       1.394     129.000       7.171     129.000      69.000       0.000   84770.000       0.000 -888888.000 -888888.000
 20260806133500
   -31.5194  -68.9851 
  CARACOLES                                  SURFACE                                    
  FM-12 SYNOP       CARACOLES              942  F     F         1
 -888888.000 -888888.000 -888888.000 -888888.000     942.000       0.000     285.150       0.000      -1.445     129.000      -0.281     129.000      67.000       0.000   90320.000       0.000 -888888.000 -888888.000
 20260806134000
   -31.6500  -68.3000 
  ECOHUMUS                                   SURFACE                                    
  FM-12 SYNOP       ECOHUMUS               600  F     F         1
 -888888.000 -888888.000 -888888.000 -888888.000     600.000       0.000     286.750       0.000      -2.334     129.000       4.390     129.000      46.000       0.000   94980.000       0.000 -888888.000 -888888.000
 20260806134000
   -31.5000  -68.2500 
  INTA_SANMARTIN                             SURFACE                                    
  FM-12 SYNOP       INTA_SANMARTIN         600  F     F         1
 -888888.000 -888888.000 -888888.000 -888888.000     600.000       0.000 -999999.000 -888888.000 -888888.000       0.000 -888888.000       0.000 -999999.000 -888888.000   95230.000       0.000 -888888.000 -888888.000
 20260806134000
   -30.6335  -67.4682 
  VALLE_FERTIL                               SURFACE                                    
  FM-12 SYNOP       VALLE_FERTIL           900  F     F         1
 -888888.000 -888888.000 -888888.000 -888888.000     900.000       0.000     289.350       0.000      -3.616     129.000       2.725     129.000      30.000       0.000   91400.000       0.000 -888888.000 -888888.000
 20260806134000
   -30.1833  -69.0667 
  CUESTA_Viento                              SURFACE                                    
  FM-12 SYNOP       CUESTA_Viento         1530  F     F         1
 -888888.000 -888888.000 -888888.000 -888888.000    1530.000       0.000     284.450       0.000       0.899     129.000       5.679     129.000      69.000       0.000   84770.000       0.000 -888888.000 -888888.000
 20260806134000
   -31.5194  -68.9851 
  CARACOLES                                  SURFACE                                    
  FM-12 SYNOP       CARACOLES              942  F     F         1
 -888888.000 -888888.000 -888888.000 -888888.000     942.000       0.000     284.950       0.000      -1.554     129.000      -1.259     129.000      67.000       0.000   90320.000       0.000 -888888.000 -888888.000
 20260806134500
   -31.6500  -68.3000 
  ECOHUMUS                                   SURFACE                                    
  FM-12 SYNOP       ECOHUMUS               600  F     F         1
 -888888.000 -888888.000 -888888.000 -888888.000     600.000       0.000     286.950       0.000      -0.769     129.000       3.954     129.000      46.000       0.000   94970.000       0.000 -888888.000 -888888.000
 20260806134500
   -31.5000  -68.2500 
  INTA_SANMARTIN                             SURFACE                                    
  FM-12 SYNOP       INTA_SANMARTIN         600  F     F         1
 -888888.000 -888888.000 -888888.000 -888888.000     600.000       0.000 -999999.000 -888888.000 -888888.000       0.000 -888888.000       0.000 -999999.000 -888888.000   95230.000       0.000 -888888.000 -888888.000
 20260806134500
   -30.6335  -67.4682 
  VALLE_FERTIL                               SURFACE                                    
  FM-12 SYNOP       VALLE_FERTIL           900  F     F         1
 -888888.000 -888888.000 -888888.000 -888888.000     900.000       0.000     289.250       0.000      -3.831     129.000       2.993     129.000      31.000       0.000   91390.000       0.000 -888888.000 -888888.000
 20260806134500
   -30.1833  -69.0667 
  CUESTA_Viento                              SURFACE                                    
  FM-12 SYNOP       CUESTA_Viento         1530  F     F         1
 -888888.000 -888888.000 -888888.000 -888888.000    1530.000       0.000     284.650       0.000      -0.687     129.000       5.597     129.000      68.000       0.000   84770.000       0.000 -888888.000 -888888.000
 20260806134500
   -31.5194  -68.9851 
  CARACOLES                                  SURFACE                                    
  FM-12 SYNOP       CARACOLES              942  F     F         1
 -888888.000 -888888.000 -888888.000 -888888.000     942.000       0.000     285.150       0.000      -1.421     129.000      -0.633     129.000      66.000       0.000   90310.000       0.000 -888888.000 -888888.000
 20260806135000
   -31.6500  -68.3000 
  ECOHUMUS                                   SURFACE                                    
  FM-12 SYNOP       ECOHUMUS               600  F     F         1
 -888888.000 -888888.000 -888888.000 -888888.000     600.000       0.000     287.050       0.000      -1.929     129.000       3.787     129.000      45.000       0.000   94980.000       0.000 -888888.000 -888888.000
 20260806135000
   -31.5000  -68.2500 
  INTA_SANMARTIN                             SURFACE                                    
  FM-12 SYNOP       INTA_SANMARTIN         600  F     F         1
 -888888.000 -888888.000 -888888.000 -888888.000     600.000       0.000 -999999.000 -888888.000 -888888.000       0.000 -888888.000       0.000 -999999.000 -888888.000   95230.000       0.000 -888888.000 -888888.000
 20260806135000
   -30.6335  -67.4682 
  VALLE_FERTIL                               SURFACE                                    
  FM-12 SYNOP       VALLE_FERTIL           900  F     F         1
 -888888.000 -888888.000 -888888.000 -888888.000     900.000       0.000     288.950       0.000      -4.333     129.000       1.577     129.000      31.000       0.000   91380.000       0.000 -888888.000 -888888.000
 20260806135000
   -30.1833  -69.0667 
  CUESTA_Viento                              SURFACE                                    
  FM-12 SYNOP       CUESTA_Viento         1530  F     F         1
 -888888.000 -888888.000 -888888.000 -888888.000    1530.000       0.000     284.250       0.000      -2.233     129.000       6.134     129.000      69.000       0.000   84770.000       0.000 -888888.000 -888888.000
 20260806135000
   -31.5194  -68.9851 
  CARACOLES                                  SURFACE                                    
  FM-12 SYNOP       CARACOLES              942  F     F         1
 -888888.000 -888888.000 -888888.000 -888888.000     942.000       0.000     285.150       0.000      -1.674     129.000      -0.512     129.000      66.000       0.000   90320.000       0.000 -888888.000 -888888.000
 20260806135500
   -31.6500  -68.3000 
  ECOHUMUS                                   SURFACE                                    
  FM-12 SYNOP       ECOHUMUS               600  F     F         1
 -888888.000 -888888.000 -888888.000 -888888.000     600.000       0.000     287.250       0.000      -1.095     129.000       3.818     129.000      45.000       0.000   94970.000       0.000 -888888.000 -888888.000
 20260806135500
   -31.5000  -68.2500 
  INTA_SANMARTIN                             SURFACE                                    
  FM-12 SYNOP       INTA_SANMARTIN         600  F     F         1
 -888888.000 -888888.000 -888888.000 -888888.000     600.000       0.000 -999999.000 -888888.000 -888888.000       0.000 -888888.000       0.000 -999999.000 -888888.000   95250.000       0.000 -888888.000 -888888.000
 20260806135500
   -30.6335  -67.4682 
  VALLE_FERTIL                               SURFACE                                    
  FM-12 SYNOP       VALLE_FERTIL           900  F     F         1
 -888888.000 -888888.000 -888888.000 -888888.000     900.000       0.000     288.950       0.000      -2.828     129.000       2.290     129.000      31.000       0.000   91380.000       0.000 -888888.000 -888888.000
 20260806135500
   -30.1833  -69.0667 
  CUESTA_Viento                              SURFACE                                    
  FM-12 SYNOP       CUESTA_Viento         1530  F     F         1
 -888888.000 -888888.000 -888888.000 -888888.000    1530.000       0.000     284.450       0.000      -1.337     129.000       2.624     129.000      69.000       0.000   84780.000       0.000 -888888.000 -888888.000
 20260806135500
   -31.5194  -68.9851 
  CARACOLES                                  SURFACE                                    
  FM-12 SYNOP       CARACOLES              942  F     F         1
 -888888.000 -888888.000 -888888.000 -888888.000     942.000       0.000     285.150       0.000      -1.411     129.000      -0.988     129.000      65.000       0.000   90330.000       0.000 -888888.000 -888888.000
 20260806140000
   -31.6500  -68.3000 
  ECOHUMUS                                   SURFACE                                    
  FM-12 SYNOP       ECOHUMUS               600  F     F         1
 -888888.000 -888888.000 -888888.000 -888888.000     600.000       0.000     287.250       0.000      -1.574     129.000       3.708     129.000      45.000       0.000   94970.000       0.000 -888888.000 -888888.000
 20260806140000
   -31.5000  -68.2500 
  INTA_SANMARTIN                             SURFACE                                    
  FM-12 SYNOP       INTA_SANMARTIN         600  F     F         1
 -888888.000 -888888.000 -888888.000 -888888.000     600.000       0.000 -999999.000 -888888.000 -888888.000       0.000 -888888.000       0.000 -999999.000 -888888.000   95230.000       0.000 -888888.000 -888888.000
 20260806140000
   -30.6335  -67.4682 
  VALLE_FERTIL                               SURFACE                                    
  FM-12 SYNOP       VALLE_FERTIL           900  F     F         1
 -888888.000 -888888.000 -888888.000 -888888.000     900.000       0.000     289.450       0.000      -2.776     129.000       1.944     129.000      31.000       0.000   91390.000       0.000 -888888.000 -888888.000
 20260806140000
   -30.1833  -69.0667 
  CUESTA_Viento                              SURFACE                                    
  FM-12 SYNOP       CUESTA_Viento         1530  F     F         1
 -888888.000 -888888.000 -888888.000 -888888.000    1530.000       0.000     284.150       0.000      -2.143     129.000       6.225     129.000      69.000       0.000   84770.000       0.000 -888888.000 -888888.000
 20260806140000
   -31.5194  -68.9851 
  CARACOLES                                  SURFACE                                    
  FM-12 SYNOP       CARACOLES              942  F     F         1
 -888888.000 -888888.000 -888888.000 -888888.000     942.000       0.000     285.150       0.000      -1.183     129.000      -0.828     129.000      66.000       0.000   90340.000       0.000 -888888.000 -888888.000
 20260806140500
   -31.6500  -68.3000 
  ECOHUMUS                                   SURFACE                                    
  FM-12 SYNOP       ECOHUMUS               600  F     F         1
 -888888.000 -888888.000 -888888.000 -888888.000     600.000       0.000     287.450       0.000      -0.152     129.000       4.358     129.000      44.000       0.000   94970.000       0.000 -888888.000 -888888.000
 20260806140500
   -31.5000  -68.2500 
  INTA_SANMARTIN                             SURFACE                                    
  FM-12 SYNOP       INTA_SANMARTIN         600  F     F         1
 -888888.000 -888888.000 -888888.000 -888888.000     600.000       0.000 -999999.000 -888888.000 -888888.000       0.000 -888888.000       0.000 -999999.000 -888888.000   95230.000       0.000 -888888.000 -888888.000
 20260806140500
   -30.6335  -67.4682 
  VALLE_FERTIL                               SURFACE                                    
  FM-12 SYNOP       VALLE_FERTIL           900  F     F         1
 -888888.000 -888888.000 -888888.000 -888888.000     900.000       0.000     289.150       0.000      -2.867     129.000       2.240     129.000      32.000       0.000   91380.000       0.000 -888888.000 -888888.000
 20260806140500
   -30.1833  -69.0667 
  CUESTA_Viento                              SURFACE                                    
  FM-12 SYNOP       CUESTA_Viento         1530  F     F         1
 -888888.000 -888888.000 -888888.000 -888888.000    1530.000       0.000     284.150       0.000       1.060     129.000       6.694     129.000      69.000       0.000   84770.000       0.000 -888888.000 -888888.000
 20260806140500
   -31.5194  -68.9851 
  CARACOLES                                  SURFACE                                    
  FM-12 SYNOP       CARACOLES              942  F     F         1
 -888888.000 -888888.000 -888888.000 -888888.000     942.000       0.000     285.050       0.000      -1.918     129.000      -0.814     129.000      66.000       0.000   90350.000       0.000 -888888.000 -888888.000
 20260806141000
   -31.6500  -68.3000 
  ECOHUMUS                                   SURFACE                                    
  FM-12 SYNOP       ECOHUMUS               600  F     F         1
 -888888.000 -888888.000 -888888.000 -888888.000     600.000       0.000     287.250       0.000      -0.464     129.000       3.777     129.000      44.000       0.000   94960.000       0.000 -888888.000 -888888.000
 20260806141000
   -31.5000  -68.2500 
  INTA_SANMARTIN                             SURFACE                                    
  FM-12 SYNOP       INTA_SANMARTIN         600  F     F         1
 -888888.000 -888888.000 -888888.000 -888888.000     600.000       0.000 -999999.000 -888888.000 -888888.000       0.000 -888888.000       0.000 -999999.000 -888888.000   95220.000       0.000 -888888.000 -888888.000
 20260806141000
   -30.6335  -67.4682 
  VALLE_FERTIL                               SURFACE                                    
  FM-12 SYNOP       VALLE_FERTIL           900  F     F         1
 -888888.000 -888888.000 -888888.000 -888888.000     900.000       0.000     289.150       0.000      -2.447     129.000       3.022     129.000      33.000       0.000   91380.000       0.000 -888888.000 -888888.000
 20260806141000
   -30.1833  -69.0667 
  CUESTA_Viento                              SURFACE                                    
  FM-12 SYNOP       CUESTA_Viento         1530  F     F         1
 -888888.000 -888888.000 -888888.000 -888888.000    1530.000       0.000     284.350       0.000      -1.025     129.000       4.439     129.000      67.000       0.000   84750.000       0.000 -888888.000 -888888.000
 20260806141000
   -31.5194  -68.9851 
  CARACOLES                                  SURFACE                                    
  FM-12 SYNOP       CARACOLES              942  F     F         1
 -888888.000 -888888.000 -888888.000 -888888.000     942.000       0.000     285.250       0.000      -1.958     129.000       0.240     129.000      65.000       0.000   90330.000       0.000 -888888.000 -888888.000
 20260806141500
   -31.6500  -68.3000 
  ECOHUMUS                                   SURFACE                                    
  FM-12 SYNOP       ECOHUMUS               600  F     F         1
 -888888.000 -888888.000 -888888.000 -888888.000     600.000       0.000     287.650       0.000      -1.299     129.000       4.250     129.000      43.000       0.000   94950.000       0.000 -888888.000 -888888.000
 20260806141500
   -31.5000  -68.2500 
  INTA_SANMARTIN                             SURFACE                                    
  FM-12 SYNOP       INTA_SANMARTIN         600  F     F         1
 -888888.000 -888888.000 -888888.000 -888888.000     600.000       0.000 -999999.000 -888888.000 -888888.000       0.000 -888888.000       0.000 -999999.000 -888888.000   95230.000       0.000 -888888.000 -888888.000
 20260806141500
   -30.6335  -67.4682 
  VALLE_FERTIL                               SURFACE                                    
  FM-12 SYNOP       VALLE_FERTIL           900  F     F         1
 -888888.000 -888888.000 -888888.000 -888888.000     900.000       0.000     289.050       0.000      -0.963     129.000       2.064     129.000      34.000       0.000   91370.000       0.000 -888888.000 -888888.000
 20260806141500
   -30.1833  -69.0667 
  CUESTA_Viento                              SURFACE                                    
  FM-12 SYNOP       CUESTA_Viento         1530  F     F         1
 -888888.000 -888888.000 -888888.000 -888888.000    1530.000       0.000     284.450       0.000       0.471     129.000       6.734     129.000      67.000       0.000   84740.000       0.000 -888888.000 -888888.000
 20260806141500
   -31.5194  -68.9851 
  CARACOLES                                  SURFACE                                    
  FM-12 SYNOP       CARACOLES              942  F     F         1
 -888888.000 -888888.000 -888888.000 -888888.000     942.000       0.000     285.350       0.000      -2.665     129.000      -0.093     129.000      64.000       0.000   90350.000       0.000 -888888.000 -888888.000
 20260806142000
   -31.6500  -68.3000 
  ECOHUMUS                                   SURFACE                                    
  FM-12 SYNOP       ECOHUMUS               600  F     F         1
 -888888.000 -888888.000 -888888.000 -888888.000     600.000       0.000     287.550       0.000      -1.301     129.000       3.219     129.000      43.000       0.000   94960.000       0.000 -888888.000 -888888.000
 20260806142000
   -31.5000  -68.2500 
  INTA_SANMARTIN                             SURFACE                                    
  FM-12 SYNOP       INTA_SANMARTIN         600  F     F         1
 -888888.000 -888888.000 -888888.000 -888888.000     600.000       0.000 -999999.000 -888888.000 -888888.000       0.000 -888888.000       0.000 -999999.000 -888888.000   95240.000       0.000 -888888.000 -888888.000
 20260806142000
   -30.6335  -67.4682 
  VALLE_FERTIL                               SURFACE                                    
  FM-12 SYNOP       VALLE_FERTIL           900  F     F         1
 -888888.000 -888888.000 -888888.000 -888888.000     900.000       0.000     289.350       0.000      -2.784     129.000       0.959     129.000      35.000       0.000   91370.000       0.000 -888888.000 -888888.000
 20260806142000
   -30.1833  -69.0667 
  CUESTA_Viento                              SURFACE                                    
  FM-12 SYNOP       CUESTA_Viento         1530  F     F         1
 -888888.000 -888888.000 -888888.000 -888888.000    1530.000       0.000     284.350       0.000       0.465     129.000       6.650     129.000      67.000       0.000   84760.000       0.000 -888888.000 -888888.000
 20260806142000
   -31.5194  -68.9851 
  CARACOLES                                  SURFACE                                    
  FM-12 SYNOP       CARACOLES              942  F     F         1
 -888888.000 -888888.000 -888888.000 -888888.000     942.000       0.000     285.150       0.000      -2.353     129.000       0.415     129.000      65.000       0.000   90340.000       0.000 -888888.000 -888888.000
 20260806142500
   -31.6500  -68.3000 
  ECOHUMUS                                   SURFACE                                    
  FM-12 SYNOP       ECOHUMUS               600  F     F         1
 -888888.000 -888888.000 -888888.000 -888888.000     600.000       0.000     287.850       0.000       1.294     129.000       4.513     129.000      42.000       0.000   94940.000       0.000 -888888.000 -888888.000
 20260806142500
   -31.5000  -68.2500 
  INTA_SANMARTIN                             SURFACE                                    
  FM-12 SYNOP       INTA_SANMARTIN         600  F     F         1
 -888888.000 -888888.000 -888888.000 -888888.000     600.000       0.000 -999999.000 -888888.000 -888888.000       0.000 -888888.000       0.000 -999999.000 -888888.000   95230.000       0.000 -888888.000 -888888.000
 20260806142500
   -30.6335  -67.4682 
  VALLE_FERTIL                               SURFACE                                    
  FM-12 SYNOP       VALLE_FERTIL           900  F     F         1
 -888888.000 -888888.000 -888888.000 -888888.000     900.000       0.000     289.250       0.000      -1.974     129.000       1.488     129.000      37.000       0.000   91380.000       0.000 -888888.000 -888888.000
 20260806142500
   -30.1833  -69.0667 
  CUESTA_Viento                              SURFACE                                    
  FM-12 SYNOP       CUESTA_Viento         1530  F     F         1
 -888888.000 -888888.000 -888888.000 -888888.000    1530.000       0.000     284.350       0.000       0.515     129.000       7.371     129.000      67.000       0.000   84760.000       0.000 -888888.000 -888888.000
 20260806142500
   -31.5194  -68.9851 
  CARACOLES                                  SURFACE                                    
  FM-12 SYNOP       CARACOLES              942  F     F         1
 -888888.000 -888888.000 -888888.000 -888888.000     942.000       0.000     285.650       0.000      -2.265     129.000       0.238     129.000      62.000       0.000   90340.000       0.000 -888888.000 -888888.000
 20260806143000
   -31.6500  -68.3000 
  ECOHUMUS                                   SURFACE                                    
  FM-12 SYNOP       ECOHUMUS               600  F     F         1
 -888888.000 -888888.000 -888888.000 -888888.000     600.000       0.000     287.950       0.000      -0.884     129.000       3.300     129.000      42.000       0.000   94940.000       0.000 -888888.000 -888888.000
 20260806143000
   -31.5000  -68.2500 
  INTA_SANMARTIN                             SURFACE                                    
  FM-12 SYNOP       INTA_SANMARTIN         600  F     F         1
 -888888.000 -888888.000 -888888.000 -888888.000     600.000       0.000 -999999.000 -888888.000 -888888.000       0.000 -888888.000       0.000 -999999.000 -888888.000   95210.000       0.000 -888888.000 -888888.000
 20260806143000
   -30.6335  -67.4682 
  VALLE_FERTIL                               SURFACE                                    
  FM-12 SYNOP       VALLE_FERTIL           900  F     F         1
 -888888.000 -888888.000 -888888.000 -888888.000     900.000       0.000     289.350       0.000      -2.250     129.000       2.026     129.000      36.000       0.000   91380.000       0.000 -888888.000 -888888.000
 20260806143000
   -30.1833  -69.0667 
  CUESTA_Viento                              SURFACE                                    
  FM-12 SYNOP       CUESTA_Viento         1530  F     F         1
 -888888.000 -888888.000 -888888.000 -888888.000    1530.000       0.000     284.150       0.000      -1.637     129.000       7.091     129.000      67.000       0.000   84740.000       0.000 -888888.000 -888888.000
 20260806143000
   -31.5194  -68.9851 
  CARACOLES                                  SURFACE                                    
  FM-12 SYNOP       CARACOLES              942  F     F         1
 -888888.000 -888888.000 -888888.000 -888888.000     942.000       0.000     285.750       0.000      -1.775     129.000       0.093     129.000      62.000       0.000   90330.000       0.000 -888888.000 -888888.000
 20260806143500
   -31.6500  -68.3000 
  ECOHUMUS                                   SURFACE                                    
  FM-12 SYNOP       ECOHUMUS               600  F     F         1
 -888888.000 -888888.000 -888888.000 -888888.000     600.000       0.000     288.250       0.000       0.339     129.000       4.849     129.000      41.000       0.000   94930.000       0.000 -888888.000 -888888.000
 20260806143500
   -31.5000  -68.2500 
  INTA_SANMARTIN                             SURFACE                                    
  FM-12 SYNOP       INTA_SANMARTIN         600  F     F         1
 -888888.000 -888888.000 -888888.000 -888888.000     600.000       0.000 -999999.000 -888888.000 -888888.000       0.000 -888888.000       0.000 -999999.000 -888888.000   95210.000       0.000 -888888.000 -888888.000
 20260806143500
   -30.6335  -67.4682 
  VALLE_FERTIL                               SURFACE                                    
  FM-12 SYNOP       VALLE_FERTIL           900  F     F         1
 -888888.000 -888888.000 -888888.000 -888888.000     900.000       0.000     289.250       0.000      -2.944     129.000       0.051     129.000      38.000       0.000   91380.000       0.000 -888888.000 -888888.000
 20260806143500
   -30.1833  -69.0667 
  CUESTA_Viento                              SURFACE                                    
  FM-12 SYNOP       CUESTA_Viento         1530  F     F         1
 -888888.000 -888888.000 -888888.000 -888888.000    1530.000       0.000     284.550       0.000      -2.435     129.000       4.993     129.000      66.000       0.000   84760.000       0.000 -888888.000 -888888.000
 20260806143500
   -31.5194  -68.9851 
  CARACOLES                                  SURFACE                                    
  FM-12 SYNOP       CARACOLES              942  F     F         1
 -888888.000 -888888.000 -888888.000 -888888.000     942.000       0.000     285.850       0.000      -1.548     129.000      -0.689     129.000      62.000       0.000   90330.000       0.000 -888888.000 -888888.000
 20260806144000
   -31.6500  -68.3000 
  ECOHUMUS                                   SURFACE                                    
  FM-12 SYNOP       ECOHUMUS               600  F     F         1
 -888888.000 -888888.000 -888888.000 -888888.000     600.000       0.000     287.850       0.000       0.501     129.000       4.080     129.000      42.000       0.000   94930.000       0.000 -888888.000 -888888.000
 20260806144000
   -31.5000  -68.2500 
  INTA_SANMARTIN                             SURFACE                                    
  FM-12 SYNOP       INTA_SANMARTIN         600  F     F         1
 -888888.000 -888888.000 -888888.000 -888888.000     600.000       0.000 -999999.000 -888888.000 -888888.000       0.000 -888888.000       0.000 -999999.000 -888888.000   95210.000       0.000 -888888.000 -888888.000
 20260806144000
   -30.6335  -67.4682 
  VALLE_FERTIL                               SURFACE                                    
  FM-12 SYNOP       VALLE_FERTIL           900  F     F         1
 -888888.000 -888888.000 -888888.000 -888888.000     900.000       0.000     289.350       0.000      -3.506     129.000       1.072     129.000      40.000       0.000   91380.000       0.000 -888888.000 -888888.000
 20260806144000
   -30.1833  -69.0667 
  CUESTA_Viento                              SURFACE                                    
  FM-12 SYNOP       CUESTA_Viento         1530  F     F         1
 -888888.000 -888888.000 -888888.000 -888888.000    1530.000       0.000     284.450       0.000       0.804     129.000       7.652     129.000      66.000       0.000   84760.000       0.000 -888888.000 -888888.000
 20260806144000
   -31.5194  -68.9851 
  CARACOLES                                  SURFACE                                    
  FM-12 SYNOP       CARACOLES              942  F     F         1
 -888888.000 -888888.000 -888888.000 -888888.000     942.000       0.000     286.250       0.000      -1.489     129.000       0.344     129.000      61.000       0.000   90330.000       0.000 -888888.000 -888888.000
 20260806144500
   -31.6500  -68.3000 
  ECOHUMUS                                   SURFACE                                    
  FM-12 SYNOP       ECOHUMUS               600  F     F         1
 -888888.000 -888888.000 -888888.000 -888888.000     600.000       0.000     288.050       0.000      -0.000     129.000       3.389     129.000      41.000       0.000   94910.000       0.000 -888888.000 -888888.000
 20260806144500
   -31.5000  -68.2500 
  INTA_SANMARTIN                             SURFACE                                    
  FM-12 SYNOP       INTA_SANMARTIN         600  F     F         1
 -888888.000 -888888.000 -888888.000 -888888.000     600.000       0.000 -999999.000 -888888.000 -888888.000       0.000 -888888.000       0.000 -999999.000 -888888.000   95220.000       0.000 -888888.000 -888888.000
 20260806144500
   -30.6335  -67.4682 
  VALLE_FERTIL                               SURFACE                                    
  FM-12 SYNOP       VALLE_FERTIL           900  F     F         1
 -888888.000 -888888.000 -888888.000 -888888.000     900.000       0.000     289.150       0.000      -3.680     129.000       1.638     129.000      38.000       0.000   91380.000       0.000 -888888.000 -888888.000
 20260806144500
   -30.1833  -69.0667 
  CUESTA_Viento                              SURFACE                                    
  FM-12 SYNOP       CUESTA_Viento         1530  F     F         1
 -888888.000 -888888.000 -888888.000 -888888.000    1530.000       0.000     284.250       0.000      -0.236     129.000       6.746     129.000      66.000       0.000   84750.000       0.000 -888888.000 -888888.000
 20260806144500
   -31.5194  -68.9851 
  CARACOLES                                  SURFACE                                    
  FM-12 SYNOP       CARACOLES              942  F     F         1
 -888888.000 -888888.000 -888888.000 -888888.000     942.000       0.000     286.450       0.000      -1.696     129.000      -0.299     129.000      60.000       0.000   90320.000       0.000 -888888.000 -888888.000
 20260806145000
   -31.6500  -68.3000 
  ECOHUMUS                                   SURFACE                                    
  FM-12 SYNOP       ECOHUMUS               600  F     F         1
 -888888.000 -888888.000 -888888.000 -888888.000     600.000       0.000     288.450       0.000      -0.797     129.000       3.750     129.000      41.000       0.000   94920.000       0.000 -888888.000 -888888.000
 20260806145000
   -31.5000  -68.2500 
  INTA_SANMARTIN                             SURFACE                                    
  FM-12 SYNOP       INTA_SANMARTIN         600  F     F         1
 -888888.000 -888888.000 -888888.000 -888888.000     600.000       0.000 -999999.000 -888888.000 -888888.000       0.000 -888888.000       0.000 -999999.000 -888888.000   95220.000       0.000 -888888.000 -888888.000
 20260806145000
   -30.6335  -67.4682 
  VALLE_FERTIL                               SURFACE                                    
  FM-12 SYNOP       VALLE_FERTIL           900  F     F         1
 -888888.000 -888888.000 -888888.000 -888888.000     900.000       0.000     289.150       0.000      -2.045     129.000       1.486     129.000      39.000       0.000   91380.000       0.000 -888888.000 -888888.000
 20260806145000
   -30.1833  -69.0667 
  CUESTA_Viento                              SURFACE                                    
  FM-12 SYNOP       CUESTA_Viento         1530  F     F         1
 -888888.000 -888888.000 -888888.000 -888888.000    1530.000       0.000     284.550       0.000      -3.575     129.000       3.000     129.000      66.000       0.000   84750.000       0.000 -888888.000 -888888.000
 20260806145000
   -31.5194  -68.9851 
  CARACOLES                                  SURFACE                                    
  FM-12 SYNOP       CARACOLES              942  F     F         1
 -888888.000 -888888.000 -888888.000 -888888.000     942.000       0.000     286.650       0.000      -1.333     129.000      -0.023     129.000      59.000       0.000   90310.000       0.000 -888888.000 -888888.000
 20260806145500
   -31.6500  -68.3000 
  ECOHUMUS                                   SURFACE                                    
  FM-12 SYNOP       ECOHUMUS               600  F     F         1
 -888888.000 -888888.000 -888888.000 -888888.000     600.000       0.000     288.250       0.000       0.515     129.000       4.191     129.000      41.000       0.000   94930.000       0.000 -888888.000 -888888.000
 20260806145500
   -31.5000  -68.2500 
  INTA_SANMARTIN                             SURFACE                                    
  FM-12 SYNOP       INTA_SANMARTIN         600  F     F         1
 -888888.000 -888888.000 -888888.000 -888888.000     600.000       0.000 -999999.000 -888888.000 -888888.000       0.000 -888888.000       0.000 -999999.000 -888888.000   95220.000       0.000 -888888.000 -888888.000
 20260806145500
   -30.6335  -67.4682 
  VALLE_FERTIL                               SURFACE                                    
  FM-12 SYNOP       VALLE_FERTIL           900  F     F         1
 -888888.000 -888888.000 -888888.000 -888888.000     900.000       0.000     289.350       0.000      -2.285     129.000       1.319     129.000      37.000       0.000   91380.000       0.000 -888888.000 -888888.000
 20260806145500
   -30.1833  -69.0667 
  CUESTA_Viento                              SURFACE                                    
  FM-12 SYNOP       CUESTA_Viento         1530  F     F         1
 -888888.000 -888888.000 -888888.000 -888888.000    1530.000       0.000     284.150       0.000       4.062     129.000       5.391     129.000      66.000       0.000   84740.000       0.000 -888888.000 -888888.000
 20260806145500
   -31.5194  -68.9851 
  CARACOLES                                  SURFACE                                    
  FM-12 SYNOP       CARACOLES              942  F     F         1
 -888888.000 -888888.000 -888888.000 -888888.000     942.000       0.000     286.750       0.000      -1.664     129.000      -0.446     129.000      59.000       0.000   90320.000       0.000 -888888.000 -888888.000
 20260806150000
   -31.6500  -68.3000 
  ECOHUMUS                                   SURFACE                                    
  FM-12 SYNOP       ECOHUMUS               600  F     F         1
 -888888.000 -888888.000 -888888.000 -888888.000     600.000       0.000     288.150       0.000      -0.322     129.000       4.600     129.000      41.000       0.000   94920.000       0.000 -888888.000 -888888.000
 20260806150000
   -31.5000  -68.2500 
  INTA_SANMARTIN                             SURFACE                                    
  FM-12 SYNOP       INTA_SANMARTIN         600  F     F         1
 -888888.000 -888888.000 -888888.000 -888888.000     600.000       0.000 -999999.000 -888888.000 -888888.000       0.000 -888888.000       0.000 -999999.000 -888888.000   95200.000       0.000 -888888.000 -888888.000
 20260806150000
   -30.6335  -67.4682 
  VALLE_FERTIL                               SURFACE                                    
  FM-12 SYNOP       VALLE_FERTIL           900  F     F         1
 -888888.000 -888888.000 -888888.000 -888888.000     900.000       0.000     289.450       0.000      -2.307     129.000       1.739     129.000      39.000       0.000   91390.000       0.000 -888888.000 -888888.000
 20260806150000
   -30.1833  -69.0667 
  CUESTA_Viento                              SURFACE                                    
  FM-12 SYNOP       CUESTA_Viento         1530  F     F         1
 -888888.000 -888888.000 -888888.000 -888888.000    1530.000       0.000     284.050       0.000      -4.330     129.000       5.746     129.000      66.000       0.000   84770.000       0.000 -888888.000 -888888.000
 20260806150000
   -31.5194  -68.9851 
  CARACOLES                                  SURFACE                                    
  FM-12 SYNOP       CARACOLES              942  F     F         1
 -888888.000 -888888.000 -888888.000 -888888.000     942.000       0.000     286.350       0.000      -1.709     129.000      -0.490     129.000      60.000       0.000   90320.000       0.000 -888888.000 -888888.000
 20260806150500
   -31.6500  -68.3000 
  ECOHUMUS                                   SURFACE                                    
  FM-12 SYNOP       ECOHUMUS               600  F     F         1
 -888888.000 -888888.000 -888888.000 -888888.000     600.000       0.000     288.050       0.000      -1.344     129.000       3.501     129.000      40.000       0.000   94920.000       0.000 -888888.000 -888888.000
 20260806150500
   -31.5000  -68.2500 
  INTA_SANMARTIN                             SURFACE                                    
  FM-12 SYNOP       INTA_SANMARTIN         600  F     F         1
 -888888.000 -888888.000 -888888.000 -888888.000     600.000       0.000 -999999.000 -888888.000 -888888.000       0.000 -888888.000       0.000 -999999.000 -888888.000   95210.000       0.000 -888888.000 -888888.000
 20260806150500
   -30.6335  -67.4682 
  VALLE_FERTIL                               SURFACE                                    
  FM-12 SYNOP       VALLE_FERTIL           900  F     F         1
 -888888.000 -888888.000 -888888.000 -888888.000     900.000       0.000     288.950       0.000      -2.485     129.000       1.872     129.000      39.000       0.000   91400.000       0.000 -888888.000 -888888.000
 20260806150500
   -30.1833  -69.0667 
  CUESTA_Viento                              SURFACE                                    
  FM-12 SYNOP       CUESTA_Viento         1530  F     F         1
 -888888.000 -888888.000 -888888.000 -888888.000    1530.000       0.000     284.050       0.000      -2.266     129.000       6.974     129.000      65.000       0.000   84750.000       0.000 -888888.000 -888888.000
 20260806150500
   -31.5194  -68.9851 
  CARACOLES                                  SURFACE                                    
  FM-12 SYNOP       CARACOLES              942  F     F         1
 -888888.000 -888888.000 -888888.000 -888888.000     942.000       0.000     286.250       0.000      -2.359     129.000      -0.374     129.000      59.000       0.000   90320.000       0.000 -888888.000 -888888.000
 20260806151000
   -31.6500  -68.3000 
  ECOHUMUS                                   SURFACE                                    
  FM-12 SYNOP       ECOHUMUS               600  F     F         1
 -888888.000 -888888.000 -888888.000 -888888.000     600.000       0.000     288.250       0.000      -0.202     129.000       3.856     129.000      40.000       0.000   94920.000       0.000 -888888.000 -888888.000
 20260806151000
   -31.5000  -68.2500 
  INTA_SANMARTIN                             SURFACE                                    
  FM-12 SYNOP       INTA_SANMARTIN         600  F     F         1
 -888888.000 -888888.000 -888888.000 -888888.000     600.000       0.000 -999999.000 -888888.000 -888888.000       0.000 -888888.000       0.000 -999999.000 -888888.000   95200.000       0.000 -888888.000 -888888.000
 20260806151000
   -30.6335  -67.4682 
  VALLE_FERTIL                               SURFACE                                    
  FM-12 SYNOP       VALLE_FERTIL           900  F     F         1
 -888888.000 -888888.000 -888888.000 -888888.000     900.000       0.000     288.950       0.000      -3.327     129.000       0.647     129.000      39.000       0.000   91400.000       0.000 -888888.000 -888888.000
 20260806151000
   -30.1833  -69.0667 
  CUESTA_Viento                              SURFACE                                    
  FM-12 SYNOP       CUESTA_Viento         1530  F     F         1
 -888888.000 -888888.000 -888888.000 -888888.000    1530.000       0.000     283.950       0.000      -0.000     129.000       7.389     129.000      65.000       0.000   84750.000       0.000 -888888.000 -888888.000
 20260806151000
   -31.5194  -68.9851 
  CARACOLES                                  SURFACE                                    
  FM-12 SYNOP       CARACOLES              942  F     F         1
 -888888.000 -888888.000 -888888.000 -888888.000     942.000       0.000     286.350       0.000      -1.749     129.000      -0.061     129.000      59.000       0.000   90320.000       0.000 -888888.000 -888888.000
 20260806151500
   -31.6500  -68.3000 
  ECOHUMUS                                   SURFACE                                    
  FM-12 SYNOP       ECOHUMUS               600  F     F         1
 -888888.000 -888888.000 -888888.000 -888888.000     600.000       0.000     288.350       0.000      -0.652     129.000       3.354     129.000      40.000       0.000   94930.000       0.000 -888888.000 -888888.000
 20260806151500
   -31.5000  -68.2500 
  INTA_SANMARTIN                             SURFACE                                    
  FM-12 SYNOP       INTA_SANMARTIN         600  F     F         1
 -888888.000 -888888.000 -888888.000 -888888.000     600.000       0.000 -999999.000 -888888.000 -888888.000       0.000 -888888.000       0.000 -999999.000 -888888.000   95200.000       0.000 -888888.000 -888888.000
 20260806151500
   -30.6335  -67.4682 
  VALLE_FERTIL                               SURFACE                                    
  FM-12 SYNOP       VALLE_FERTIL           900  F     F         1
 -888888.000 -888888.000 -888888.000 -888888.000     900.000       0.000     289.050       0.000      -2.763     129.000       0.845     129.000      40.000       0.000   91410.000       0.000 -888888.000 -888888.000
 20260806151500
   -30.1833  -69.0667 
  CUESTA_Viento                              SURFACE                                    
  FM-12 SYNOP       CUESTA_Viento         1530  F     F         1
 -888888.000 -888888.000 -888888.000 -888888.000    1530.000       0.000     284.050       0.000       3.143     129.000       7.778     129.000      65.000       0.000   84760.000       0.000 -888888.000 -888888.000
 20260806151500
   -31.5194  -68.9851 
  CARACOLES                                  SURFACE                                    
  FM-12 SYNOP       CARACOLES              942  F     F         1
 -888888.000 -888888.000 -888888.000 -888888.000     942.000       0.000     286.450       0.000      -1.334     129.000      -0.622     129.000      59.000       0.000   90320.000       0.000 -888888.000 -888888.000
 20260806152000
   -31.6500  -68.3000 
  ECOHUMUS                                   SURFACE                                    
  FM-12 SYNOP       ECOHUMUS               600  F     F         1
 -888888.000 -888888.000 -888888.000 -888888.000     600.000       0.000     288.450       0.000      -0.959     129.000       2.784     129.000      40.000       0.000   94930.000       0.000 -888888.000 -888888.000
 20260806152000
   -31.5000  -68.2500 
  INTA_SANMARTIN                             SURFACE                                    
  FM-12 SYNOP       INTA_SANMARTIN         600  F     F         1
 -888888.000 -888888.000 -888888.000 -888888.000     600.000       0.000 -999999.000 -888888.000 -888888.000       0.000 -888888.000       0.000 -999999.000 -888888.000   95210.000       0.000 -888888.000 -888888.000
 20260806152000
   -30.6335  -67.4682 
  VALLE_FERTIL                               SURFACE                                    
  FM-12 SYNOP       VALLE_FERTIL           900  F     F         1
 -888888.000 -888888.000 -888888.000 -888888.000     900.000       0.000     289.150       0.000      -1.948     129.000       1.522     129.000      39.000       0.000   91400.000       0.000 -888888.000 -888888.000
 20260806152000
   -30.1833  -69.0667 
  CUESTA_Viento                              SURFACE                                    
  FM-12 SYNOP       CUESTA_Viento         1530  F     F         1
 -888888.000 -888888.000 -888888.000 -888888.000    1530.000       0.000     283.850       0.000       0.113     129.000       6.471     129.000      66.000       0.000   84760.000       0.000 -888888.000 -888888.000
 20260806152000
   -31.5194  -68.9851 
  CARACOLES                                  SURFACE                                    
  FM-12 SYNOP       CARACOLES              942  F     F         1
 -888888.000 -888888.000 -888888.000 -888888.000     942.000       0.000     286.150       0.000      -2.030     129.000      -0.469     129.000      59.000       0.000   90320.000       0.000 -888888.000 -888888.000
 20260806152500
   -31.6500  -68.3000 
  ECOHUMUS                                   SURFACE                                    
  FM-12 SYNOP       ECOHUMUS               600  F     F         1
 -888888.000 -888888.000 -888888.000 -888888.000     600.000       0.000     288.550       0.000       0.988     129.000       3.445     129.000      40.000       0.000   94900.000       0.000 -888888.000 -888888.000
 20260806152500
   -31.5000  -68.2500 
  INTA_SANMARTIN                             SURFACE                                    
  FM-12 SYNOP       INTA_SANMARTIN         600  F     F         1
 -888888.000 -888888.000 -888888.000 -888888.000     600.000       0.000 -999999.000 -888888.000 -888888.000       0.000 -888888.000       0.000 -999999.000 -888888.000   95210.000       0.000 -888888.000 -888888.000
 20260806152500
   -30.6335  -67.4682 
  VALLE_FERTIL                               SURFACE                                    
  FM-12 SYNOP       VALLE_FERTIL           900  F     F         1
 -888888.000 -888888.000 -888888.000 -888888.000     900.000       0.000     289.650       0.000      -1.579     129.000       1.524     129.000      37.000       0.000   91410.000       0.000 -888888.000 -888888.000
 20260806152500
   -30.1833  -69.0667 
  CUESTA_Viento                              SURFACE                                    
  FM-12 SYNOP       CUESTA_Viento         1530  F     F         1
 -888888.000 -888888.000 -888888.000 -888888.000    1530.000       0.000     283.850       0.000      -1.447     129.000       7.444     129.000      66.000       0.000   84760.000       0.000 -888888.000 -888888.000
 20260806152500
   -31.5194  -68.9851 
  CARACOLES                                  SURFACE                                    
  FM-12 SYNOP       CARACOLES              942  F     F         1
 -888888.000 -888888.000 -888888.000 -888888.000     942.000       0.000     286.250       0.000      -1.815     129.000      -0.771     129.000      59.000       0.000   90310.000       0.000 -888888.000 -888888.000
 20260806153000
   -31.6500  -68.3000 
  ECOHUMUS                                   SURFACE                                    
  FM-12 SYNOP       ECOHUMUS               600  F     F         1
 -888888.000 -888888.000 -888888.000 -888888.000     600.000       0.000     288.350       0.000      -0.320     129.000       3.653     129.000      39.000       0.000   94920.000       0.000 -888888.000 -888888.000
 20260806153000
   -31.5000  -68.2500 
  INTA_SANMARTIN                             SURFACE                                    
  FM-12 SYNOP       INTA_SANMARTIN         600  F     F         1
 -888888.000 -888888.000 -888888.000 -888888.000     600.000       0.000 -999999.000 -888888.000 -888888.000       0.000 -888888.000       0.000 -999999.000 -888888.000   95210.000       0.000 -888888.000 -888888.000
 20260806153000
   -30.6335  -67.4682 
  VALLE_FERTIL                               SURFACE                                    
  FM-12 SYNOP       VALLE_FERTIL           900  F     F         1
 -888888.000 -888888.000 -888888.000 -888888.000     900.000       0.000     289.450       0.000      -1.545     129.000       2.207     129.000      39.000       0.000   91410.000       0.000 -888888.000 -888888.000
 20260806153000
   -30.1833  -69.0667 
  CUESTA_Viento                              SURFACE                                    
  FM-12 SYNOP       CUESTA_Viento         1530  F     F         1
 -888888.000 -888888.000 -888888.000 -888888.000    1530.000       0.000     283.950       0.000      -1.461     129.000       6.874     129.000      65.000       0.000   84760.000       0.000 -888888.000 -888888.000
 20260806153000
   -31.5194  -68.9851 
  CARACOLES                                  SURFACE                                    
  FM-12 SYNOP       CARACOLES              942  F     F         1
 -888888.000 -888888.000 -888888.000 -888888.000     942.000       0.000     286.650       0.000      -1.476     129.000      -0.395     129.000      57.000       0.000   90300.000       0.000 -888888.000 -888888.000
 20260806153500
   -31.6500  -68.3000 
  ECOHUMUS                                   SURFACE                                    
  FM-12 SYNOP       ECOHUMUS               600  F     F         1
 -888888.000 -888888.000 -888888.000 -888888.000     600.000       0.000     288.450       0.000       1.364     129.000       3.553     129.000      39.000       0.000   94920.000       0.000 -888888.000 -888888.000
 20260806153500
   -31.5000  -68.2500 
  INTA_SANMARTIN                             SURFACE                                    
  FM-12 SYNOP       INTA_SANMARTIN         600  F     F         1
 -888888.000 -888888.000 -888888.000 -888888.000     600.000       0.000 -999999.000 -888888.000 -888888.000       0.000 -888888.000       0.000 -999999.000 -888888.000   95200.000       0.000 -888888.000 -888888.000
 20260806153500
   -30.6335  -67.4682 
  VALLE_FERTIL                               SURFACE                                    
  FM-12 SYNOP       VALLE_FERTIL           900  F     F         1
 -888888.000 -888888.000 -888888.000 -888888.000     900.000       0.000     289.250       0.000      -2.976     129.000       1.083     129.000      38.000       0.000   91400.000       0.000 -888888.000 -888888.000
 20260806153500
   -30.1833  -69.0667 
  CUESTA_Viento                              SURFACE                                    
  FM-12 SYNOP       CUESTA_Viento         1530  F     F         1
 -888888.000 -888888.000 -888888.000 -888888.000    1530.000       0.000     283.950       0.000       1.899     129.000       6.622     129.000      65.000       0.000   84750.000       0.000 -888888.000 -888888.000
 20260806153500
   -31.5194  -68.9851 
  CARACOLES                                  SURFACE                                    
  FM-12 SYNOP       CARACOLES              942  F     F         1
 -888888.000 -888888.000 -888888.000 -888888.000     942.000       0.000     286.950       0.000      -1.509     129.000      -0.239     129.000      56.000       0.000   90300.000       0.000 -888888.000 -888888.000
 20260806154000
   -31.6500  -68.3000 
  ECOHUMUS                                   SURFACE                                    
  FM-12 SYNOP       ECOHUMUS               600  F     F         1
 -888888.000 -888888.000 -888888.000 -888888.000     600.000       0.000     288.350       0.000       0.552     129.000       3.484     129.000      39.000       0.000   94920.000       0.000 -888888.000 -888888.000
 20260806154000
   -31.5000  -68.2500 
  INTA_SANMARTIN                             SURFACE                                    
  FM-12 SYNOP       INTA_SANMARTIN         600  F     F         1
 -888888.000 -888888.000 -888888.000 -888888.000     600.000       0.000 -999999.000 -888888.000 -888888.000       0.000 -888888.000       0.000 -999999.000 -888888.000   95200.000       0.000 -888888.000 -888888.000
 20260806154000
   -30.6335  -67.4682 
  VALLE_FERTIL                               SURFACE                                    
  FM-12 SYNOP       VALLE_FERTIL           900  F     F         1
 -888888.000 -888888.000 -888888.000 -888888.000     900.000       0.000     289.250       0.000      -2.524     129.000       0.772     129.000      39.000       0.000   91420.000       0.000 -888888.000 -888888.000
 20260806154000
   -30.1833  -69.0667 
  CUESTA_Viento                              SURFACE                                    
  FM-12 SYNOP       CUESTA_Viento         1530  F     F         1
 -888888.000 -888888.000 -888888.000 -888888.000    1530.000       0.000     283.950       0.000      -0.345     129.000       6.574     129.000      65.000       0.000   84760.000       0.000 -888888.000 -888888.000
 20260806154000
   -31.5194  -68.9851 
  CARACOLES                                  SURFACE                                    
  FM-12 SYNOP       CARACOLES              942  F     F         1
 -888888.000 -888888.000 -888888.000 -888888.000     942.000       0.000     286.950       0.000      -1.128     129.000      -0.600     129.000      57.000       0.000   90310.000       0.000 -888888.000 -888888.000
 20260806154500
   -31.6500  -68.3000 
  ECOHUMUS                                   SURFACE                                    
  FM-12 SYNOP       ECOHUMUS               600  F     F         1
 -888888.000 -888888.000 -888888.000 -888888.000     600.000       0.000     288.450       0.000      -0.522     129.000       3.714     129.000      39.000       0.000   94910.000       0.000 -888888.000 -888888.000
 20260806154500
   -31.5000  -68.2500 
  INTA_SANMARTIN                             SURFACE                                    
  FM-12 SYNOP       INTA_SANMARTIN         600  F     F         1
 -888888.000 -888888.000 -888888.000 -888888.000     600.000       0.000 -999999.000 -888888.000 -888888.000       0.000 -888888.000       0.000 -999999.000 -888888.000   95200.000       0.000 -888888.000 -888888.000
 20260806154500
   -30.6335  -67.4682 
  VALLE_FERTIL                               SURFACE                                    
  FM-12 SYNOP       VALLE_FERTIL           900  F     F         1
 -888888.000 -888888.000 -888888.000 -888888.000     900.000       0.000     289.250       0.000      -2.536     129.000       0.824     129.000      38.000       0.000   91420.000       0.000 -888888.000 -888888.000
 20260806154500
   -30.1833  -69.0667 
  CUESTA_Viento                              SURFACE                                    
  FM-12 SYNOP       CUESTA_Viento         1530  F     F         1
 -888888.000 -888888.000 -888888.000 -888888.000    1530.000       0.000     283.950       0.000      -1.394     129.000       7.171     129.000      65.000       0.000   84760.000       0.000 -888888.000 -888888.000
 20260806154500
   -31.5194  -68.9851 
  CARACOLES                                  SURFACE                                    
  FM-12 SYNOP       CARACOLES              942  F     F         1
 -888888.000 -888888.000 -888888.000 -888888.000     942.000       0.000     286.850       0.000      -2.127     129.000      -0.733     129.000      57.000       0.000   90300.000       0.000 -888888.000 -888888.000
 20260806155000
   -31.6500  -68.3000 
  ECOHUMUS                                   SURFACE                                    
  FM-12 SYNOP       ECOHUMUS               600  F     F         1
 -888888.000 -888888.000 -888888.000 -888888.000     600.000       0.000     288.550       0.000      -0.957     129.000       3.338     129.000      39.000       0.000   94920.000       0.000 -888888.000 -888888.000
 20260806155000
   -31.5000  -68.2500 
  INTA_SANMARTIN                             SURFACE                                    
  FM-12 SYNOP       INTA_SANMARTIN         600  F     F         1
 -888888.000 -888888.000 -888888.000 -888888.000     600.000       0.000 -999999.000 -888888.000 -888888.000       0.000 -888888.000       0.000 -999999.000 -888888.000   95190.000       0.000 -888888.000 -888888.000
 20260806155000
   -30.6335  -67.4682 
  VALLE_FERTIL                               SURFACE                                    
  FM-12 SYNOP       VALLE_FERTIL           900  F     F         1
 -888888.000 -888888.000 -888888.000 -888888.000     900.000       0.000     289.550       0.000      -1.817     129.000       1.180     129.000      36.000       0.000   91420.000       0.000 -888888.000 -888888.000
 20260806155000
   -30.1833  -69.0667 
  CUESTA_Viento                              SURFACE                                    
  FM-12 SYNOP       CUESTA_Viento         1530  F     F         1
 -888888.000 -888888.000 -888888.000 -888888.000    1530.000       0.000     283.850       0.000       0.187     129.000       5.358     129.000      66.000       0.000   84770.000       0.000 -888888.000 -888888.000
 20260806155000
   -31.5194  -68.9851 
  CARACOLES                                  SURFACE                                    
  FM-12 SYNOP       CARACOLES              942  F     F         1
 -888888.000 -888888.000 -888888.000 -888888.000     942.000       0.000     286.450       0.000      -2.147     129.000      -1.047     129.000      57.000       0.000   90290.000       0.000 -888888.000 -888888.000
 20260806155500
   -31.6500  -68.3000 
  ECOHUMUS                                   SURFACE                                    
  FM-12 SYNOP       ECOHUMUS               600  F     F         1
 -888888.000 -888888.000 -888888.000 -888888.000     600.000       0.000     288.650       0.000       0.342     129.000       2.785     129.000      38.000       0.000   94910.000       0.000 -888888.000 -888888.000
 20260806155500
   -31.5000  -68.2500 
  INTA_SANMARTIN                             SURFACE                                    
  FM-12 SYNOP       INTA_SANMARTIN         600  F     F         1
 -888888.000 -888888.000 -888888.000 -888888.000     600.000       0.000 -999999.000 -888888.000 -888888.000       0.000 -888888.000       0.000 -999999.000 -888888.000   95180.000       0.000 -888888.000 -888888.000
 20260806155500
   -30.6335  -67.4682 
  VALLE_FERTIL                               SURFACE                                    
  FM-12 SYNOP       VALLE_FERTIL           900  F     F         1
 -888888.000 -888888.000 -888888.000 -888888.000     900.000       0.000     289.650       0.000      -1.532     129.000       1.532     129.000      35.000       0.000   91440.000       0.000 -888888.000 -888888.000
 20260806155500
   -30.1833  -69.0667 
  CUESTA_Viento                              SURFACE                                    
  FM-12 SYNOP       CUESTA_Viento         1530  F     F         1
 -888888.000 -888888.000 -888888.000 -888888.000    1530.000       0.000     283.650       0.000      -0.544     129.000       7.787     129.000      66.000       0.000   84760.000       0.000 -888888.000 -888888.000
 20260806155500
   -31.5194  -68.9851 
  CARACOLES                                  SURFACE                                    
  FM-12 SYNOP       CARACOLES              942  F     F         1
 -888888.000 -888888.000 -888888.000 -888888.000     942.000       0.000     286.650       0.000      -1.866     129.000      -0.295     129.000      57.000       0.000   90300.000       0.000 -888888.000 -888888.000
 20260806160000
   -31.6500  -68.3000 
  ECOHUMUS                                   SURFACE                                    
  FM-12 SYNOP       ECOHUMUS               600  F     F         1
 -888888.000 -888888.000 -888888.000 -888888.000     600.000       0.000     288.750       0.000       0.151     129.000       2.885     129.000      38.000       0.000   94910.000       0.000 -888888.000 -888888.000
 20260806160000
   -31.5000  -68.2500 
  INTA_SANMARTIN                             SURFACE                                    
  FM-12 SYNOP       INTA_SANMARTIN         600  F     F         1
 -888888.000 -888888.000 -888888.000 -888888.000     600.000       0.000 -999999.000 -888888.000 -888888.000       0.000 -888888.000       0.000 -999999.000 -888888.000   95190.000       0.000 -888888.000 -888888.000
 20260806160000
   -30.6335  -67.4682 
  VALLE_FERTIL                               SURFACE                                    
  FM-12 SYNOP       VALLE_FERTIL           900  F     F         1
 -888888.000 -888888.000 -888888.000 -888888.000     900.000       0.000     289.450       0.000      -2.116     129.000       1.482     129.000      36.000       0.000   91430.000       0.000 -888888.000 -888888.000
 20260806160000
   -30.1833  -69.0667 
  CUESTA_Viento                              SURFACE                                    
  FM-12 SYNOP       CUESTA_Viento         1530  F     F         1
 -888888.000 -888888.000 -888888.000 -888888.000    1530.000       0.000     283.850       0.000      -0.407     129.000       5.819     129.000      67.000       0.000   84760.000       0.000 -888888.000 -888888.000
 20260806160000
   -31.5194  -68.9851 
  CARACOLES                                  SURFACE                                    
  FM-12 SYNOP       CARACOLES              942  F     F         1
 -888888.000 -888888.000 -888888.000 -888888.000     942.000       0.000     286.550       0.000      -1.840     129.000      -0.425     129.000      57.000       0.000   90300.000       0.000 -888888.000 -888888.000
 20260806160500
   -31.6500  -68.3000 
  ECOHUMUS                                   SURFACE                                    
  FM-12 SYNOP       ECOHUMUS               600  F     F         1
 -888888.000 -888888.000 -888888.000 -888888.000     600.000       0.000     288.750       0.000      -0.363     129.000       3.453     129.000      38.000       0.000   94910.000       0.000 -888888.000 -888888.000
 20260806160500
   -31.5000  -68.2500 
  INTA_SANMARTIN                             SURFACE                                    
  FM-12 SYNOP       INTA_SANMARTIN         600  F     F         1
 -888888.000 -888888.000 -888888.000 -888888.000     600.000       0.000 -999999.000 -888888.000 -888888.000       0.000 -888888.000       0.000 -999999.000 -888888.000   95200.000       0.000 -888888.000 -888888.000
 20260806160500
   -30.6335  -67.4682 
  VALLE_FERTIL                               SURFACE                                    
  FM-12 SYNOP       VALLE_FERTIL           900  F     F         1
 -888888.000 -888888.000 -888888.000 -888888.000     900.000       0.000     289.350       0.000      -2.361     129.000       0.633     129.000      35.000       0.000   91440.000       0.000 -888888.000 -888888.000
 20260806160500
   -30.1833  -69.0667 
  CUESTA_Viento                              SURFACE                                    
  FM-12 SYNOP       CUESTA_Viento         1530  F     F         1
 -888888.000 -888888.000 -888888.000 -888888.000    1530.000       0.000     283.450       0.000       2.633     129.000       6.516     129.000      68.000       0.000   84760.000       0.000 -888888.000 -888888.000
 20260806160500
   -31.5194  -68.9851 
  CARACOLES                                  SURFACE                                    
  FM-12 SYNOP       CARACOLES              942  F     F         1
 -888888.000 -888888.000 -888888.000 -888888.000     942.000       0.000     286.550       0.000      -1.911     129.000      -1.338     129.000      57.000       0.000   90290.000       0.000 -888888.000 -888888.000
 20260806161000
   -31.6500  -68.3000 
  ECOHUMUS                                   SURFACE                                    
  FM-12 SYNOP       ECOHUMUS               600  F     F         1
 -888888.000 -888888.000 -888888.000 -888888.000     600.000       0.000     288.850       0.000      -0.751     129.000       3.532     129.000      38.000       0.000   94900.000       0.000 -888888.000 -888888.000
 20260806161000
   -31.5000  -68.2500 
  INTA_SANMARTIN                             SURFACE                                    
  FM-12 SYNOP       INTA_SANMARTIN         600  F     F         1
 -888888.000 -888888.000 -888888.000 -888888.000     600.000       0.000 -999999.000 -888888.000 -888888.000       0.000 -888888.000       0.000 -999999.000 -888888.000   95190.000       0.000 -888888.000 -888888.000
 20260806161000
   -30.6335  -67.4682 
  VALLE_FERTIL                               SURFACE                                    
  FM-12 SYNOP       VALLE_FERTIL           900  F     F         1
 -888888.000 -888888.000 -888888.000 -888888.000     900.000       0.000     289.350       0.000      -3.444     129.000       0.060     129.000      36.000       0.000   91440.000       0.000 -888888.000 -888888.000
 20260806161000
   -30.1833  -69.0667 
  CUESTA_Viento                              SURFACE                                    
  FM-12 SYNOP       CUESTA_Viento         1530  F     F         1
 -888888.000 -888888.000 -888888.000 -888888.000    1530.000       0.000     283.150       0.000       2.268     129.000       5.615     129.000      69.000       0.000   84770.000       0.000 -888888.000 -888888.000
 20260806161000
   -31.5194  -68.9851 
  CARACOLES                                  SURFACE                                    
  FM-12 SYNOP       CARACOLES              942  F     F         1
 -888888.000 -888888.000 -888888.000 -888888.000     942.000       0.000     286.350       0.000      -1.607     129.000      -1.044     129.000      57.000       0.000   90300.000       0.000 -888888.000 -888888.000
 20260806161500
   -31.6500  -68.3000 
  ECOHUMUS                                   SURFACE                                    
  FM-12 SYNOP       ECOHUMUS               600  F     F         1
 -888888.000 -888888.000 -888888.000 -888888.000     600.000       0.000     288.650       0.000       0.578     129.000       2.972     129.000      38.000       0.000   94900.000       0.000 -888888.000 -888888.000
 20260806161500
   -31.5000  -68.2500 
  INTA_SANMARTIN                             SURFACE                                    
  FM-12 SYNOP       INTA_SANMARTIN         600  F     F         1
 -888888.000 -888888.000 -888888.000 -888888.000     600.000       0.000 -999999.000 -888888.000 -888888.000       0.000 -888888.000       0.000 -999999.000 -888888.000   95180.000       0.000 -888888.000 -888888.000
 20260806161500
   -30.6335  -67.4682 
  VALLE_FERTIL                               SURFACE                                    
  FM-12 SYNOP       VALLE_FERTIL           900  F     F         1
 -888888.000 -888888.000 -888888.000 -888888.000     900.000       0.000     289.250       0.000      -0.804     129.000       2.804     129.000      33.000       0.000   91440.000       0.000 -888888.000 -888888.000
 20260806161500
   -30.1833  -69.0667 
  CUESTA_Viento                              SURFACE                                    
  FM-12 SYNOP       CUESTA_Viento         1530  F     F         1
 -888888.000 -888888.000 -888888.000 -888888.000    1530.000       0.000     283.150       0.000      -3.070     129.000       4.225     129.000      69.000       0.000   84760.000       0.000 -888888.000 -888888.000
 20260806161500
   -31.5194  -68.9851 
  CARACOLES                                  SURFACE                                    
  FM-12 SYNOP       CARACOLES              942  F     F         1
 -888888.000 -888888.000 -888888.000 -888888.000     942.000       0.000     286.350       0.000      -1.663     129.000      -0.323     129.000      57.000       0.000   90300.000       0.000 -888888.000 -888888.000
 20260806162000
   -31.6500  -68.3000 
  ECOHUMUS                                   SURFACE                                    
  FM-12 SYNOP       ECOHUMUS               600  F     F         1
 -888888.000 -888888.000 -888888.000 -888888.000     600.000       0.000     289.150       0.000      -0.232     129.000       2.657     129.000      37.000       0.000   94890.000       0.000 -888888.000 -888888.000
 20260806162000
   -31.5000  -68.2500 
  INTA_SANMARTIN                             SURFACE                                    
  FM-12 SYNOP       INTA_SANMARTIN         600  F     F         1
 -888888.000 -888888.000 -888888.000 -888888.000     600.000       0.000 -999999.000 -888888.000 -888888.000       0.000 -888888.000       0.000 -999999.000 -888888.000   95170.000       0.000 -888888.000 -888888.000
 20260806162000
   -30.6335  -67.4682 
  VALLE_FERTIL                               SURFACE                                    
  FM-12 SYNOP       VALLE_FERTIL           900  F     F         1
 -888888.000 -888888.000 -888888.000 -888888.000     900.000       0.000     289.750       0.000      -1.503     129.000       1.857     129.000      32.000       0.000   91440.000       0.000 -888888.000 -888888.000
 20260806162000
   -30.1833  -69.0667 
  CUESTA_Viento                              SURFACE                                    
  FM-12 SYNOP       CUESTA_Viento         1530  F     F         1
 -888888.000 -888888.000 -888888.000 -888888.000    1530.000       0.000     283.350       0.000       3.005     129.000       6.750     129.000      68.000       0.000   84790.000       0.000 -888888.000 -888888.000
 20260806162000
   -31.5194  -68.9851 
  CARACOLES                                  SURFACE                                    
  FM-12 SYNOP       CARACOLES              942  F     F         1
 -888888.000 -888888.000 -888888.000 -888888.000     942.000       0.000     286.450       0.000      -1.987     129.000      -1.056     129.000      57.000       0.000   90300.000       0.000 -888888.000 -888888.000
 20260806162500
   -31.6500  -68.3000 
  ECOHUMUS                                   SURFACE                                    
  FM-12 SYNOP       ECOHUMUS               600  F     F         1
 -888888.000 -888888.000 -888888.000 -888888.000     600.000       0.000     289.150       0.000       0.057     129.000       3.277     129.000      37.000       0.000   94890.000       0.000 -888888.000 -888888.000
 20260806162500
   -31.5000  -68.2500 
  INTA_SANMARTIN                             SURFACE                                    
  FM-12 SYNOP       INTA_SANMARTIN         600  F     F         1
 -888888.000 -888888.000 -888888.000 -888888.000     600.000       0.000 -999999.000 -888888.000 -888888.000       0.000 -888888.000       0.000 -999999.000 -888888.000   95170.000       0.000 -888888.000 -888888.000
 20260806162500
   -30.6335  -67.4682 
  VALLE_FERTIL                               SURFACE                                    
  FM-12 SYNOP       VALLE_FERTIL           900  F     F         1
 -888888.000 -888888.000 -888888.000 -888888.000     900.000       0.000     289.250       0.000      -2.318     129.000       2.318     129.000      33.000       0.000   91450.000       0.000 -888888.000 -888888.000
 20260806162500
   -30.1833  -69.0667 
  CUESTA_Viento                              SURFACE                                    
  FM-12 SYNOP       CUESTA_Viento         1530  F     F         1
 -888888.000 -888888.000 -888888.000 -888888.000    1530.000       0.000     283.150       0.000       2.071     129.000       5.125     129.000      69.000       0.000   84790.000       0.000 -888888.000 -888888.000
 20260806162500
   -31.5194  -68.9851 
  CARACOLES                                  SURFACE                                    
  FM-12 SYNOP       CARACOLES              942  F     F         1
 -888888.000 -888888.000 -888888.000 -888888.000     942.000       0.000     286.350       0.000      -2.663     129.000      -0.140     129.000      57.000       0.000   90310.000       0.000 -888888.000 -888888.000
 20260806163000
   -31.6500  -68.3000 
  ECOHUMUS                                   SURFACE                                    
  FM-12 SYNOP       ECOHUMUS               600  F     F         1
 -888888.000 -888888.000 -888888.000 -888888.000     600.000       0.000     289.050       0.000       0.891     129.000       3.327     129.000      37.000       0.000   94890.000       0.000 -888888.000 -888888.000
 20260806163000
   -31.5000  -68.2500 
  INTA_SANMARTIN                             SURFACE                                    
  FM-12 SYNOP       INTA_SANMARTIN         600  F     F         1
 -888888.000 -888888.000 -888888.000 -888888.000     600.000       0.000 -999999.000 -888888.000 -888888.000       0.000 -888888.000       0.000 -999999.000 -888888.000   95170.000       0.000 -888888.000 -888888.000
 20260806163000
   -30.6335  -67.4682 
  VALLE_FERTIL                               SURFACE                                    
  FM-12 SYNOP       VALLE_FERTIL           900  F     F         1
 -888888.000 -888888.000 -888888.000 -888888.000     900.000       0.000     289.250       0.000      -2.376     129.000       1.543     129.000      34.000       0.000   91440.000       0.000 -888888.000 -888888.000
 20260806163000
   -30.1833  -69.0667 
  CUESTA_Viento                              SURFACE                                    
  FM-12 SYNOP       CUESTA_Viento         1530  F     F         1
 -888888.000 -888888.000 -888888.000 -888888.000    1530.000       0.000     283.150       0.000       0.917     129.000       5.789     129.000      69.000       0.000   84780.000       0.000 -888888.000 -888888.000
 20260806163000
   -31.5194  -68.9851 
  CARACOLES                                  SURFACE                                    
  FM-12 SYNOP       CARACOLES              942  F     F         1
 -888888.000 -888888.000 -888888.000 -888888.000     942.000       0.000     286.250       0.000      -1.420     129.000      -1.070     129.000      57.000       0.000   90310.000       0.000 -888888.000 -888888.000
 20260806163500
   -31.6500  -68.3000 
  ECOHUMUS                                   SURFACE                                    
  FM-12 SYNOP       ECOHUMUS               600  F     F         1
 -888888.000 -888888.000 -888888.000 -888888.000     600.000       0.000     289.050       0.000       0.440     129.000       3.584     129.000      36.000       0.000   94890.000       0.000 -888888.000 -888888.000
 20260806163500
   -31.5000  -68.2500 
  INTA_SANMARTIN                             SURFACE                                    
  FM-12 SYNOP       INTA_SANMARTIN         600  F     F         1
 -888888.000 -888888.000 -888888.000 -888888.000     600.000       0.000 -999999.000 -888888.000 -888888.000       0.000 -888888.000       0.000 -999999.000 -888888.000   95150.000       0.000 -888888.000 -888888.000
 20260806163500
   -30.6335  -67.4682 
  VALLE_FERTIL                               SURFACE                                    
  FM-12 SYNOP       VALLE_FERTIL           900  F     F         1
 -888888.000 -888888.000 -888888.000 -888888.000     900.000       0.000     289.350       0.000      -3.366     129.000       1.715     129.000      32.000       0.000   91450.000       0.000 -888888.000 -888888.000
 20260806163500
   -30.1833  -69.0667 
  CUESTA_Viento                              SURFACE                                    
  FM-12 SYNOP       CUESTA_Viento         1530  F     F         1
 -888888.000 -888888.000 -888888.000 -888888.000    1530.000       0.000     283.250       0.000       2.204     129.000       4.519     129.000      67.000       0.000   84790.000       0.000 -888888.000 -888888.000
 20260806163500
   -31.5194  -68.9851 
  CARACOLES                                  SURFACE                                    
  FM-12 SYNOP       CARACOLES              942  F     F         1
 -888888.000 -888888.000 -888888.000 -888888.000     942.000       0.000     286.450       0.000      -1.888     129.000      -0.066     129.000      56.000       0.000   90320.000       0.000 -888888.000 -888888.000
 20260806164000
   -31.6500  -68.3000 
  ECOHUMUS                                   SURFACE                                    
  FM-12 SYNOP       ECOHUMUS               600  F     F         1
 -888888.000 -888888.000 -888888.000 -888888.000     600.000       0.000     288.950       0.000       1.107     129.000       3.408     129.000      36.000       0.000   94870.000       0.000 -888888.000 -888888.000
 20260806164000
   -31.5000  -68.2500 
  INTA_SANMARTIN                             SURFACE                                    
  FM-12 SYNOP       INTA_SANMARTIN         600  F     F         1
 -888888.000 -888888.000 -888888.000 -888888.000     600.000       0.000 -999999.000 -888888.000 -888888.000       0.000 -888888.000       0.000 -999999.000 -888888.000   95160.000       0.000 -888888.000 -888888.000
 20260806164000
   -30.6335  -67.4682 
  VALLE_FERTIL                               SURFACE                                    
  FM-12 SYNOP       VALLE_FERTIL           900  F     F         1
 -888888.000 -888888.000 -888888.000 -888888.000     900.000       0.000     289.250       0.000      -2.427     129.000       1.763     129.000      32.000       0.000   91470.000       0.000 -888888.000 -888888.000
 20260806164000
   -30.1833  -69.0667 
  CUESTA_Viento                              SURFACE                                    
  FM-12 SYNOP       CUESTA_Viento         1530  F     F         1
 -888888.000 -888888.000 -888888.000 -888888.000    1530.000       0.000     283.250       0.000       1.826     129.000       6.815     129.000      67.000       0.000   84790.000       0.000 -888888.000 -888888.000
 20260806164000
   -31.5194  -68.9851 
  CARACOLES                                  SURFACE                                    
  FM-12 SYNOP       CARACOLES              942  F     F         1
 -888888.000 -888888.000 -888888.000 -888888.000     942.000       0.000     286.350       0.000      -2.068     129.000      -0.254     129.000      56.000       0.000   90320.000       0.000 -888888.000 -888888.000
 20260806164500
   -31.6500  -68.3000 
  ECOHUMUS                                   SURFACE                                    
  FM-12 SYNOP       ECOHUMUS               600  F     F         1
 -888888.000 -888888.000 -888888.000 -888888.000     600.000       0.000     289.150       0.000       1.028     129.000       3.837     129.000      36.000       0.000   94890.000       0.000 -888888.000 -888888.000
 20260806164500
   -31.5000  -68.2500 
  INTA_SANMARTIN                             SURFACE                                    
  FM-12 SYNOP       INTA_SANMARTIN         600  F     F         1
 -888888.000 -888888.000 -888888.000 -888888.000     600.000       0.000 -999999.000 -888888.000 -888888.000       0.000 -888888.000       0.000 -999999.000 -888888.000   95150.000       0.000 -888888.000 -888888.000
 20260806164500
   -30.6335  -67.4682 
  VALLE_FERTIL                               SURFACE                                    
  FM-12 SYNOP       VALLE_FERTIL           900  F     F         1
 -888888.000 -888888.000 -888888.000 -888888.000     900.000       0.000     289.150       0.000      -3.385     129.000       2.283     129.000      32.000       0.000   91470.000       0.000 -888888.000 -888888.000
 20260806164500
   -30.1833  -69.0667 
  CUESTA_Viento                              SURFACE                                    
  FM-12 SYNOP       CUESTA_Viento         1530  F     F         1
 -888888.000 -888888.000 -888888.000 -888888.000    1530.000       0.000     283.150       0.000       0.647     129.000       6.161     129.000      67.000       0.000   84790.000       0.000 -888888.000 -888888.000
 20260806164500
   -31.5194  -68.9851 
  CARACOLES                                  SURFACE                                    
  FM-12 SYNOP       CARACOLES              942  F     F         1
 -888888.000 -888888.000 -888888.000 -888888.000     942.000       0.000     286.250       0.000      -1.448     129.000      -0.706     129.000      56.000       0.000   90320.000       0.000 -888888.000 -888888.000
 20260806165000
   -31.6500  -68.3000 
  ECOHUMUS                                   SURFACE                                    
  FM-12 SYNOP       ECOHUMUS               600  F     F         1
 -888888.000 -888888.000 -888888.000 -888888.000     600.000       0.000     288.950       0.000       1.121     129.000       3.666     129.000      36.000       0.000   94870.000       0.000 -888888.000 -888888.000
 20260806165000
   -31.5000  -68.2500 
  INTA_SANMARTIN                             SURFACE                                    
  FM-12 SYNOP       INTA_SANMARTIN         600  F     F         1
 -888888.000 -888888.000 -888888.000 -888888.000     600.000       0.000 -999999.000 -888888.000 -888888.000       0.000 -888888.000       0.000 -999999.000 -888888.000   95160.000       0.000 -888888.000 -888888.000
 20260806165000
   -30.6335  -67.4682 
  VALLE_FERTIL                               SURFACE                                    
  FM-12 SYNOP       VALLE_FERTIL           900  F     F         1
 -888888.000 -888888.000 -888888.000 -888888.000     900.000       0.000     289.150       0.000      -1.232     129.000       2.766     129.000      32.000       0.000   91470.000       0.000 -888888.000 -888888.000
 20260806165000
   -30.1833  -69.0667 
  CUESTA_Viento                              SURFACE                                    
  FM-12 SYNOP       CUESTA_Viento         1530  F     F         1
 -888888.000 -888888.000 -888888.000 -888888.000    1530.000       0.000     283.050       0.000       0.567     129.000       6.475     129.000      67.000       0.000   84800.000       0.000 -888888.000 -888888.000
 20260806165000
   -31.5194  -68.9851 
  CARACOLES                                  SURFACE                                    
  FM-12 SYNOP       CARACOLES              942  F     F         1
 -888888.000 -888888.000 -888888.000 -888888.000     942.000       0.000     286.250       0.000      -1.442     129.000      -0.413     129.000      56.000       0.000   90320.000       0.000 -888888.000 -888888.000
 20260806165500
   -31.6500  -68.3000 
  ECOHUMUS                                   SURFACE                                    
  FM-12 SYNOP       ECOHUMUS               600  F     F         1
 -888888.000 -888888.000 -888888.000 -888888.000     600.000       0.000     288.950       0.000       0.256     129.000       3.658     129.000      36.000       0.000   94880.000       0.000 -888888.000 -888888.000
 20260806165500
   -31.5000  -68.2500 
  INTA_SANMARTIN                             SURFACE                                    
  FM-12 SYNOP       INTA_SANMARTIN         600  F     F         1
 -888888.000 -888888.000 -888888.000 -888888.000     600.000       0.000 -999999.000 -888888.000 -888888.000       0.000 -888888.000       0.000 -999999.000 -888888.000   95170.000       0.000 -888888.000 -888888.000
 20260806165500
   -30.6335  -67.4682 
  VALLE_FERTIL                               SURFACE                                    
  FM-12 SYNOP       VALLE_FERTIL           900  F     F         1
 -888888.000 -888888.000 -888888.000 -888888.000     900.000       0.000     288.750       0.000      -2.415     129.000       2.175     129.000      32.000       0.000   91470.000       0.000 -888888.000 -888888.000
 20260806165500
   -30.1833  -69.0667 
  CUESTA_Viento                              SURFACE                                    
  FM-12 SYNOP       CUESTA_Viento         1530  F     F         1
 -888888.000 -888888.000 -888888.000 -888888.000    1530.000       0.000     282.950       0.000       1.060     129.000       5.453     129.000      68.000       0.000   84810.000       0.000 -888888.000 -888888.000
 20260806165500
   -31.5194  -68.9851 
  CARACOLES                                  SURFACE                                    
  FM-12 SYNOP       CARACOLES              942  F     F         1
 -888888.000 -888888.000 -888888.000 -888888.000     942.000       0.000     286.550       0.000      -1.736     129.000      -0.498     129.000      55.000       0.000   90330.000       0.000 -888888.000 -888888.000
 20260806170000
   -31.6500  -68.3000 
  ECOHUMUS                                   SURFACE                                    
  FM-12 SYNOP       ECOHUMUS               600  F     F         1
 -888888.000 -888888.000 -888888.000 -888888.000     600.000       0.000     288.950       0.000      -0.625     129.000       3.218     129.000      36.000       0.000   94880.000       0.000 -888888.000 -888888.000
 20260806170000
   -31.5000  -68.2500 
  INTA_SANMARTIN                             SURFACE                                    
  FM-12 SYNOP       INTA_SANMARTIN         600  F     F         1
 -888888.000 -888888.000 -888888.000 -888888.000     600.000       0.000 -999999.000 -888888.000 -888888.000       0.000 -888888.000       0.000 -999999.000 -888888.000   95170.000       0.000 -888888.000 -888888.000
 20260806170000
   -30.6335  -67.4682 
  VALLE_FERTIL                               SURFACE                                    
  FM-12 SYNOP       VALLE_FERTIL           900  F     F         1
 -888888.000 -888888.000 -888888.000 -888888.000     900.000       0.000     288.850       0.000      -2.011     129.000       1.875     129.000      32.000       0.000   91470.000       0.000 -888888.000 -888888.000
 20260806170000
   -30.1833  -69.0667 
  CUESTA_Viento                              SURFACE                                    
  FM-12 SYNOP       CUESTA_Viento         1530  F     F         1
 -888888.000 -888888.000 -888888.000 -888888.000    1530.000       0.000     283.050       0.000       3.194     129.000       5.112     129.000      67.000       0.000   84810.000       0.000 -888888.000 -888888.000
 20260806170000
   -31.5194  -68.9851 
  CARACOLES                                  SURFACE                                    
  FM-12 SYNOP       CARACOLES              942  F     F         1
 -888888.000 -888888.000 -888888.000 -888888.000     942.000       0.000     286.250       0.000      -2.017     129.000      -0.212     129.000      55.000       0.000   90330.000       0.000 -888888.000 -888888.000
 20260806170500
   -31.6500  -68.3000 
  ECOHUMUS                                   SURFACE                                    
  FM-12 SYNOP       ECOHUMUS               600  F     F         1
 -888888.000 -888888.000 -888888.000 -888888.000     600.000       0.000     289.050       0.000      -0.911     129.000       3.178     129.000      36.000       0.000   94900.000       0.000 -888888.000 -888888.000
 20260806170500
   -31.5000  -68.2500 
  INTA_SANMARTIN                             SURFACE                                    
  FM-12 SYNOP       INTA_SANMARTIN         600  F     F         1
 -888888.000 -888888.000 -888888.000 -888888.000     600.000       0.000 -999999.000 -888888.000 -888888.000       0.000 -888888.000       0.000 -999999.000 -888888.000   95170.000       0.000 -888888.000 -888888.000
 20260806170500
   -30.6335  -67.4682 
  VALLE_FERTIL                               SURFACE                                    
  FM-12 SYNOP       VALLE_FERTIL           900  F     F         1
 -888888.000 -888888.000 -888888.000 -888888.000     900.000       0.000     288.750       0.000      -1.569     129.000       2.326     129.000      32.000       0.000   91470.000       0.000 -888888.000 -888888.000
 20260806170500
   -30.1833  -69.0667 
  CUESTA_Viento                              SURFACE                                    
  FM-12 SYNOP       CUESTA_Viento         1530  F     F         1
 -888888.000 -888888.000 -888888.000 -888888.000    1530.000       0.000     283.050       0.000       7.145     129.000       5.003     129.000      66.000       0.000   84820.000       0.000 -888888.000 -888888.000
 20260806170500
   -31.5194  -68.9851 
  CARACOLES                                  SURFACE                                    
  FM-12 SYNOP       CARACOLES              942  F     F         1
 -888888.000 -888888.000 -888888.000 -888888.000     942.000       0.000     286.150       0.000      -1.902     129.000      -0.404     129.000      55.000       0.000   90340.000       0.000 -888888.000 -888888.000
 20260806171000
   -31.6500  -68.3000 
  ECOHUMUS                                   SURFACE                                    
  FM-12 SYNOP       ECOHUMUS               600  F     F         1
 -888888.000 -888888.000 -888888.000 -888888.000     600.000       0.000     289.150       0.000       0.055     129.000       3.138     129.000      36.000       0.000   94890.000       0.000 -888888.000 -888888.000
 20260806171000
   -31.5000  -68.2500 
  INTA_SANMARTIN                             SURFACE                                    
  FM-12 SYNOP       INTA_SANMARTIN         600  F     F         1
 -888888.000 -888888.000 -888888.000 -888888.000     600.000       0.000 -999999.000 -888888.000 -888888.000       0.000 -888888.000       0.000 -999999.000 -888888.000   95170.000       0.000 -888888.000 -888888.000
 20260806171000
   -30.6335  -67.4682 
  VALLE_FERTIL                               SURFACE                                    
  FM-12 SYNOP       VALLE_FERTIL           900  F     F         1
 -888888.000 -888888.000 -888888.000 -888888.000     900.000       0.000     288.750       0.000      -2.716     129.000       0.430     129.000      34.000       0.000   91480.000       0.000 -888888.000 -888888.000
 20260806171000
   -30.1833  -69.0667 
  CUESTA_Viento                              SURFACE                                    
  FM-12 SYNOP       CUESTA_Viento         1530  F     F         1
 -888888.000 -888888.000 -888888.000 -888888.000    1530.000       0.000     283.050       0.000       4.144     129.000       4.144     129.000      65.000       0.000   84840.000       0.000 -888888.000 -888888.000
 20260806171000
   -31.5194  -68.9851 
  CARACOLES                                  SURFACE                                    
  FM-12 SYNOP       CARACOLES              942  F     F         1
 -888888.000 -888888.000 -888888.000 -888888.000     942.000       0.000     286.050       0.000      -2.008     129.000      -0.652     129.000      56.000       0.000   90330.000       0.000 -888888.000 -888888.000
 20260806171500
   -31.6500  -68.3000 
  ECOHUMUS                                   SURFACE                                    
  FM-12 SYNOP       ECOHUMUS               600  F     F         1
 -888888.000 -888888.000 -888888.000 -888888.000     600.000       0.000     289.150       0.000       0.124     129.000       3.553     129.000      33.000       0.000   94880.000       0.000 -888888.000 -888888.000
 20260806171500
   -31.5000  -68.2500 
  INTA_SANMARTIN                             SURFACE                                    
  FM-12 SYNOP       INTA_SANMARTIN         600  F     F         1
 -888888.000 -888888.000 -888888.000 -888888.000     600.000       0.000 -999999.000 -888888.000 -888888.000       0.000 -888888.000       0.000 -999999.000 -888888.000   95170.000       0.000 -888888.000 -888888.000
 20260806171500
   -30.6335  -67.4682 
  VALLE_FERTIL                               SURFACE                                    
  FM-12 SYNOP       VALLE_FERTIL           900  F     F         1
 -888888.000 -888888.000 -888888.000 -888888.000     900.000       0.000     288.450       0.000      -2.745     129.000       1.522     129.000      33.000       0.000   91480.000       0.000 -888888.000 -888888.000
 20260806171500
   -30.1833  -69.0667 
  CUESTA_Viento                              SURFACE                                    
  FM-12 SYNOP       CUESTA_Viento         1530  F     F         1
 -888888.000 -888888.000 -888888.000 -888888.000    1530.000       0.000     283.250       0.000      -1.049     129.000       5.399     129.000      64.000       0.000   84810.000       0.000 -888888.000 -888888.000
 20260806171500
   -31.5194  -68.9851 
  CARACOLES                                  SURFACE                                    
  FM-12 SYNOP       CARACOLES              942  F     F         1
 -888888.000 -888888.000 -888888.000 -888888.000     942.000       0.000     285.950       0.000      -1.573     129.000      -0.700     129.000      56.000       0.000   90340.000       0.000 -888888.000 -888888.000
 20260806172000
   -31.6500  -68.3000 
  ECOHUMUS                                   SURFACE                                    
  FM-12 SYNOP       ECOHUMUS               600  F     F         1
 -888888.000 -888888.000 -888888.000 -888888.000     600.000       0.000     288.950       0.000      -0.437     129.000       3.557     129.000      34.000       0.000   94900.000       0.000 -888888.000 -888888.000
 20260806172000
   -31.5000  -68.2500 
  INTA_SANMARTIN                             SURFACE                                    
  FM-12 SYNOP       INTA_SANMARTIN         600  F     F         1
 -888888.000 -888888.000 -888888.000 -888888.000     600.000       0.000 -999999.000 -888888.000 -888888.000       0.000 -888888.000       0.000 -999999.000 -888888.000   95170.000       0.000 -888888.000 -888888.000
 20260806172000
   -30.6335  -67.4682 
  VALLE_FERTIL                               SURFACE                                    
  FM-12 SYNOP       VALLE_FERTIL           900  F     F         1
 -888888.000 -888888.000 -888888.000 -888888.000     900.000       0.000     288.550       0.000      -3.408     129.000       0.238     129.000      35.000       0.000   91480.000       0.000 -888888.000 -888888.000
 20260806172000
   -30.1833  -69.0667 
  CUESTA_Viento                              SURFACE                                    
  FM-12 SYNOP       CUESTA_Viento         1530  F     F         1
 -888888.000 -888888.000 -888888.000 -888888.000    1530.000       0.000     283.350       0.000       6.168     129.000      -1.311     129.000      64.000       0.000   84810.000       0.000 -888888.000 -888888.000
 20260806172000
   -31.5194  -68.9851 
  CARACOLES                                  SURFACE                                    
  FM-12 SYNOP       CARACOLES              942  F     F         1
 -888888.000 -888888.000 -888888.000 -888888.000     942.000       0.000     286.150       0.000      -1.573     129.000      -0.767     129.000      56.000       0.000   90340.000       0.000 -888888.000 -888888.000
 20260806172500
   -31.6500  -68.3000 
  ECOHUMUS                                   SURFACE                                    
  FM-12 SYNOP       ECOHUMUS               600  F     F         1
 -888888.000 -888888.000 -888888.000 -888888.000     600.000       0.000     288.950       0.000       0.603     129.000       3.419     129.000      34.000       0.000   94890.000       0.000 -888888.000 -888888.000
 20260806172500
   -31.5000  -68.2500 
  INTA_SANMARTIN                             SURFACE                                    
  FM-12 SYNOP       INTA_SANMARTIN         600  F     F         1
 -888888.000 -888888.000 -888888.000 -888888.000     600.000       0.000 -999999.000 -888888.000 -888888.000       0.000 -888888.000       0.000 -999999.000 -888888.000   95180.000       0.000 -888888.000 -888888.000
 20260806172500
   -30.6335  -67.4682 
  VALLE_FERTIL                               SURFACE                                    
  FM-12 SYNOP       VALLE_FERTIL           900  F     F         1
 -888888.000 -888888.000 -888888.000 -888888.000     900.000       0.000     288.250       0.000      -3.440     129.000       1.986     129.000      34.000       0.000   91500.000       0.000 -888888.000 -888888.000
 20260806172500
   -30.1833  -69.0667 
  CUESTA_Viento                              SURFACE                                    
  FM-12 SYNOP       CUESTA_Viento         1530  F     F         1
 -888888.000 -888888.000 -888888.000 -888888.000    1530.000       0.000     283.250       0.000       0.502     129.000       4.779     129.000      64.000       0.000   84820.000       0.000 -888888.000 -888888.000
 20260806172500
   -31.5194  -68.9851 
  CARACOLES                                  SURFACE                                    
  FM-12 SYNOP       CARACOLES              942  F     F         1
 -888888.000 -888888.000 -888888.000 -888888.000     942.000       0.000     285.950       0.000      -1.549     129.000      -0.444     129.000      56.000       0.000   90350.000       0.000 -888888.000 -888888.000
 20260806173000
   -31.6500  -68.3000 
  ECOHUMUS                                   SURFACE                                    
  FM-12 SYNOP       ECOHUMUS               600  F     F         1
 -888888.000 -888888.000 -888888.000 -888888.000     600.000       0.000     288.950       0.000      -0.318     129.000       2.592     129.000      34.000       0.000   94900.000       0.000 -888888.000 -888888.000
 20260806173000
   -31.5000  -68.2500 
  INTA_SANMARTIN                             SURFACE                                    
  FM-12 SYNOP       INTA_SANMARTIN         600  F     F         1
 -888888.000 -888888.000 -888888.000 -888888.000     600.000       0.000 -999999.000 -888888.000 -888888.000       0.000 -888888.000       0.000 -999999.000 -888888.000   95190.000       0.000 -888888.000 -888888.000
 20260806173000
   -30.6335  -67.4682 
  VALLE_FERTIL                               SURFACE                                    
  FM-12 SYNOP       VALLE_FERTIL           900  F     F         1
 -888888.000 -888888.000 -888888.000 -888888.000     900.000       0.000     288.050       0.000      -2.406     129.000       1.389     129.000      33.000       0.000   91500.000       0.000 -888888.000 -888888.000
 20260806173000
   -30.1833  -69.0667 
  CUESTA_Viento                              SURFACE                                    
  FM-12 SYNOP       CUESTA_Viento         1530  F     F         1
 -888888.000 -888888.000 -888888.000 -888888.000    1530.000       0.000     283.250       0.000       2.063     129.000       6.747     129.000      63.000       0.000   84810.000       0.000 -888888.000 -888888.000
 20260806173000
   -31.5194  -68.9851 
  CARACOLES                                  SURFACE                                    
  FM-12 SYNOP       CARACOLES              942  F     F         1
 -888888.000 -888888.000 -888888.000 -888888.000     942.000       0.000     286.150       0.000      -1.173     129.000      -0.572     129.000      56.000       0.000   90350.000       0.000 -888888.000 -888888.000
 20260806173500
   -31.6500  -68.3000 
  ECOHUMUS                                   SURFACE                                    
  FM-12 SYNOP       ECOHUMUS               600  F     F         1
 -888888.000 -888888.000 -888888.000 -888888.000     600.000       0.000     288.950       0.000      -0.058     129.000       3.333     129.000      34.000       0.000   94910.000       0.000 -888888.000 -888888.000
 20260806173500
   -31.5000  -68.2500 
  INTA_SANMARTIN                             SURFACE                                    
  FM-12 SYNOP       INTA_SANMARTIN         600  F     F         1
 -888888.000 -888888.000 -888888.000 -888888.000     600.000       0.000 -999999.000 -888888.000 -888888.000       0.000 -888888.000       0.000 -999999.000 -888888.000   95190.000       0.000 -888888.000 -888888.000
 20260806173500
   -30.6335  -67.4682 
  VALLE_FERTIL                               SURFACE                                    
  FM-12 SYNOP       VALLE_FERTIL           900  F     F         1
 -888888.000 -888888.000 -888888.000 -888888.000     900.000       0.000     288.250       0.000      -2.147     129.000       0.575     129.000      34.000       0.000   91490.000       0.000 -888888.000 -888888.000
 20260806173500
   -30.1833  -69.0667 
  CUESTA_Viento                              SURFACE                                    
  FM-12 SYNOP       CUESTA_Viento         1530  F     F         1
 -888888.000 -888888.000 -888888.000 -888888.000    1530.000       0.000     283.350       0.000       2.413     129.000       6.630     129.000      63.000       0.000   84830.000       0.000 -888888.000 -888888.000
 20260806173500
   -31.5194  -68.9851 
  CARACOLES                                  SURFACE                                    
  FM-12 SYNOP       CARACOLES              942  F     F         1
 -888888.000 -888888.000 -888888.000 -888888.000     942.000       0.000     285.850       0.000      -1.623     129.000      -0.228     129.000      56.000       0.000   90350.000       0.000 -888888.000 -888888.000
 20260806174000
   -31.6500  -68.3000 
  ECOHUMUS                                   SURFACE                                    
  FM-12 SYNOP       ECOHUMUS               600  F     F         1
 -888888.000 -888888.000 -888888.000 -888888.000     600.000       0.000     288.850       0.000      -0.610     129.000       3.136     129.000      34.000       0.000   94910.000       0.000 -888888.000 -888888.000
 20260806174000
   -31.5000  -68.2500 
  INTA_SANMARTIN                             SURFACE                                    
  FM-12 SYNOP       INTA_SANMARTIN         600  F     F         1
 -888888.000 -888888.000 -888888.000 -888888.000     600.000       0.000 -999999.000 -888888.000 -888888.000       0.000 -888888.000       0.000 -999999.000 -888888.000   95190.000       0.000 -888888.000 -888888.000
 20260806174000
   -30.6335  -67.4682 
  VALLE_FERTIL                               SURFACE                                    
  FM-12 SYNOP       VALLE_FERTIL           900  F     F         1
 -888888.000 -888888.000 -888888.000 -888888.000     900.000       0.000     288.150       0.000      -2.518     129.000       1.174     129.000      33.000       0.000   91510.000       0.000 -888888.000 -888888.000
 20260806174000
   -30.1833  -69.0667 
  CUESTA_Viento                              SURFACE                                    
  FM-12 SYNOP       CUESTA_Viento         1530  F     F         1
 -888888.000 -888888.000 -888888.000 -888888.000    1530.000       0.000     283.150       0.000       2.999     129.000       5.641     129.000      63.000       0.000   84810.000       0.000 -888888.000 -888888.000
 20260806174000
   -31.5194  -68.9851 
  CARACOLES                                  SURFACE                                    
  FM-12 SYNOP       CARACOLES              942  F     F         1
 -888888.000 -888888.000 -888888.000 -888888.000     942.000       0.000     285.850       0.000      -1.545     129.000      -0.822     129.000      56.000       0.000   90340.000       0.000 -888888.000 -888888.000
 20260806174500
   -31.6500  -68.3000 
  ECOHUMUS                                   SURFACE                                    
  FM-12 SYNOP       ECOHUMUS               600  F     F         1
 -888888.000 -888888.000 -888888.000 -888888.000     600.000       0.000     288.850       0.000      -0.211     129.000       3.020     129.000      34.000       0.000   94910.000       0.000 -888888.000 -888888.000
 20260806174500
   -31.5000  -68.2500 
  INTA_SANMARTIN                             SURFACE                                    
  FM-12 SYNOP       INTA_SANMARTIN         600  F     F         1
 -888888.000 -888888.000 -888888.000 -888888.000     600.000       0.000 -999999.000 -888888.000 -888888.000       0.000 -888888.000       0.000 -999999.000 -888888.000   95190.000       0.000 -888888.000 -888888.000
 20260806174500
   -30.6335  -67.4682 
  VALLE_FERTIL                               SURFACE                                    
  FM-12 SYNOP       VALLE_FERTIL           900  F     F         1
 -888888.000 -888888.000 -888888.000 -888888.000     900.000       0.000     288.150       0.000      -1.486     129.000       2.045     129.000      33.000       0.000   91520.000       0.000 -888888.000 -888888.000
 20260806174500
   -30.1833  -69.0667 
  CUESTA_Viento                              SURFACE                                    
  FM-12 SYNOP       CUESTA_Viento         1530  F     F         1
 -888888.000 -888888.000 -888888.000 -888888.000    1530.000       0.000     283.250       0.000       1.186     129.000       4.427     129.000      63.000       0.000   84800.000       0.000 -888888.000 -888888.000
 20260806174500
   -31.5194  -68.9851 
  CARACOLES                                  SURFACE                                    
  FM-12 SYNOP       CARACOLES              942  F     F         1
 -888888.000 -888888.000 -888888.000 -888888.000     942.000       0.000     285.650       0.000      -1.732     129.000      -0.400     129.000      56.000       0.000   90350.000       0.000 -888888.000 -888888.000
 20260806175000
   -31.6500  -68.3000 
  ECOHUMUS                                   SURFACE                                    
  FM-12 SYNOP       ECOHUMUS               600  F     F         1
 -888888.000 -888888.000 -888888.000 -888888.000     600.000       0.000     288.750       0.000      -0.000     129.000       3.333     129.000      34.000       0.000   94910.000       0.000 -888888.000 -888888.000
 20260806175000
   -31.5000  -68.2500 
  INTA_SANMARTIN                             SURFACE                                    
  FM-12 SYNOP       INTA_SANMARTIN         600  F     F         1
 -888888.000 -888888.000 -888888.000 -888888.000     600.000       0.000 -999999.000 -888888.000 -888888.000       0.000 -888888.000       0.000 -999999.000 -888888.000   95180.000       0.000 -888888.000 -888888.000
 20260806175000
   -30.6335  -67.4682 
  VALLE_FERTIL                               SURFACE                                    
  FM-12 SYNOP       VALLE_FERTIL           900  F     F         1
 -888888.000 -888888.000 -888888.000 -888888.000     900.000       0.000     288.150       0.000      -1.867     129.000       0.717     129.000      33.000       0.000   91530.000       0.000 -888888.000 -888888.000
 20260806175000
   -30.1833  -69.0667 
  CUESTA_Viento                              SURFACE                                    
  FM-12 SYNOP       CUESTA_Viento         1530  F     F         1
 -888888.000 -888888.000 -888888.000 -888888.000    1530.000       0.000     283.350       0.000       4.472     129.000       3.249     129.000      62.000       0.000   84840.000       0.000 -888888.000 -888888.000
 20260806175000
   -31.5194  -68.9851 
  CARACOLES                                  SURFACE                                    
  FM-12 SYNOP       CARACOLES              942  F     F         1
 -888888.000 -888888.000 -888888.000 -888888.000     942.000       0.000     285.750       0.000      -1.434     129.000       0.176     129.000      56.000       0.000   90360.000       0.000 -888888.000 -888888.000
 20260806175500
   -31.6500  -68.3000 
  ECOHUMUS                                   SURFACE                                    
  FM-12 SYNOP       ECOHUMUS               600  F     F         1
 -888888.000 -888888.000 -888888.000 -888888.000     600.000       0.000     288.550       0.000       0.622     129.000       3.529     129.000      35.000       0.000   94900.000       0.000 -888888.000 -888888.000
 20260806175500
   -31.5000  -68.2500 
  INTA_SANMARTIN                             SURFACE                                    
  FM-12 SYNOP       INTA_SANMARTIN         600  F     F         1
 -888888.000 -888888.000 -888888.000 -888888.000     600.000       0.000 -999999.000 -888888.000 -888888.000       0.000 -888888.000       0.000 -999999.000 -888888.000   95180.000       0.000 -888888.000 -888888.000
 20260806175500
   -30.6335  -67.4682 
  VALLE_FERTIL                               SURFACE                                    
  FM-12 SYNOP       VALLE_FERTIL           900  F     F         1
 -888888.000 -888888.000 -888888.000 -888888.000     900.000       0.000     288.050       0.000      -2.058     129.000       1.987     129.000      33.000       0.000   91540.000       0.000 -888888.000 -888888.000
 20260806175500
   -30.1833  -69.0667 
  CUESTA_Viento                              SURFACE                                    
  FM-12 SYNOP       CUESTA_Viento         1530  F     F         1
 -888888.000 -888888.000 -888888.000 -888888.000    1530.000       0.000     283.350       0.000      -0.650     129.000       5.294     129.000      62.000       0.000   84810.000       0.000 -888888.000 -888888.000
 20260806175500
   -31.5194  -68.9851 
  CARACOLES                                  SURFACE                                    
  FM-12 SYNOP       CARACOLES              942  F     F         1
 -888888.000 -888888.000 -888888.000 -888888.000     942.000       0.000     285.450       0.000      -1.468     129.000      -0.953     129.000      57.000       0.000   90350.000       0.000 -888888.000 -888888.000
 20260806180000
   -31.6500  -68.3000 
  ECOHUMUS                                   SURFACE                                    
  FM-12 SYNOP       ECOHUMUS               600  F     F         1
 -888888.000 -888888.000 -888888.000 -888888.000     600.000       0.000     288.350       0.000       0.469     129.000       2.963     129.000      35.000       0.000   94900.000       0.000 -888888.000 -888888.000
 20260806180000
   -31.5000  -68.2500 
  INTA_SANMARTIN                             SURFACE                                    
  FM-12 SYNOP       INTA_SANMARTIN         600  F     F         1
 -888888.000 -888888.000 -888888.000 -888888.000     600.000       0.000 -999999.000 -888888.000 -888888.000       0.000 -888888.000       0.000 -999999.000 -888888.000   95170.000       0.000 -888888.000 -888888.000
 20260806180000
   -30.6335  -67.4682 
  VALLE_FERTIL                               SURFACE                                    
  FM-12 SYNOP       VALLE_FERTIL           900  F     F         1
 -888888.000 -888888.000 -888888.000 -888888.000     900.000       0.000     287.550       0.000      -3.178     129.000       1.094     129.000      34.000       0.000   91540.000       0.000 -888888.000 -888888.000
 20260806180000
   -30.1833  -69.0667 
  CUESTA_Viento                              SURFACE                                    
  FM-12 SYNOP       CUESTA_Viento         1530  F     F         1
 -888888.000 -888888.000 -888888.000 -888888.000    1530.000       0.000     283.350       0.000      -0.063     129.000       3.611     129.000      62.000       0.000   84780.000       0.000 -888888.000 -888888.000
 20260806180000
   -31.5194  -68.9851 
  CARACOLES                                  SURFACE                                    
  FM-12 SYNOP       CARACOLES              942  F     F         1
 -888888.000 -888888.000 -888888.000 -888888.000     942.000       0.000     285.250       0.000      -1.078     129.000      -0.269     129.000      57.000       0.000   90350.000       0.000 -888888.000 -888888.000
 20260806180500
   -31.6500  -68.3000 
  ECOHUMUS                                   SURFACE                                    
  FM-12 SYNOP       ECOHUMUS               600  F     F         1
 -888888.000 -888888.000 -888888.000 -888888.000     600.000       0.000     288.450       0.000      -0.186     129.000       2.660     129.000      34.000       0.000   94900.000       0.000 -888888.000 -888888.000
 20260806180500
   -31.5000  -68.2500 
  INTA_SANMARTIN                             SURFACE                                    
  FM-12 SYNOP       INTA_SANMARTIN         600  F     F         1
 -888888.000 -888888.000 -888888.000 -888888.000     600.000       0.000 -999999.000 -888888.000 -888888.000       0.000 -888888.000       0.000 -999999.000 -888888.000   95180.000       0.000 -888888.000 -888888.000
 20260806180500
   -30.6335  -67.4682 
  VALLE_FERTIL                               SURFACE                                    
  FM-12 SYNOP       VALLE_FERTIL           900  F     F         1
 -888888.000 -888888.000 -888888.000 -888888.000     900.000       0.000     287.250       0.000      -3.172     129.000       1.412     129.000      34.000       0.000   91550.000       0.000 -888888.000 -888888.000
 20260806180500
   -30.1833  -69.0667 
  CUESTA_Viento                              SURFACE                                    
  FM-12 SYNOP       CUESTA_Viento         1530  F     F         1
 -888888.000 -888888.000 -888888.000 -888888.000    1530.000       0.000     283.450       0.000       4.835     129.000       4.509     129.000      62.000       0.000   84810.000       0.000 -888888.000 -888888.000
 20260806180500
   -31.5194  -68.9851 
  CARACOLES                                  SURFACE                                    
  FM-12 SYNOP       CARACOLES              942  F     F         1
 -888888.000 -888888.000 -888888.000 -888888.000     942.000       0.000     285.050       0.000      -1.381     129.000      -0.145     129.000      58.000       0.000   90360.000       0.000 -888888.000 -888888.000
 20260806181000
   -31.6500  -68.3000 
  ECOHUMUS                                   SURFACE                                    
  FM-12 SYNOP       ECOHUMUS               600  F     F         1
 -888888.000 -888888.000 -888888.000 -888888.000     600.000       0.000     288.350       0.000       0.625     129.000       2.707     129.000      34.000       0.000   94900.000       0.000 -888888.000 -888888.000
 20260806181000
   -31.5000  -68.2500 
  INTA_SANMARTIN                             SURFACE                                    
  FM-12 SYNOP       INTA_SANMARTIN         600  F     F         1
 -888888.000 -888888.000 -888888.000 -888888.000     600.000       0.000 -999999.000 -888888.000 -888888.000       0.000 -888888.000       0.000 -999999.000 -888888.000   95180.000       0.000 -888888.000 -888888.000
 20260806181000
   -30.6335  -67.4682 
  VALLE_FERTIL                               SURFACE                                    
  FM-12 SYNOP       VALLE_FERTIL           900  F     F         1
 -888888.000 -888888.000 -888888.000 -888888.000     900.000       0.000     287.050       0.000      -2.541     129.000       0.976     129.000      34.000       0.000   91560.000       0.000 -888888.000 -888888.000
 20260806181000
   -30.1833  -69.0667 
  CUESTA_Viento                              SURFACE                                    
  FM-12 SYNOP       CUESTA_Viento         1530  F     F         1
 -888888.000 -888888.000 -888888.000 -888888.000    1530.000       0.000     283.550       0.000       1.661     129.000       5.794     129.000      61.000       0.000   84800.000       0.000 -888888.000 -888888.000
 20260806181000
   -31.5194  -68.9851 
  CARACOLES                                  SURFACE                                    
  FM-12 SYNOP       CARACOLES              942  F     F         1
 -888888.000 -888888.000 -888888.000 -888888.000     942.000       0.000     285.050       0.000      -1.434     129.000       0.331     129.000      58.000       0.000   90370.000       0.000 -888888.000 -888888.000
 20260806181500
   -31.6500  -68.3000 
  ECOHUMUS                                   SURFACE                                    
  FM-12 SYNOP       ECOHUMUS               600  F     F         1
 -888888.000 -888888.000 -888888.000 -888888.000     600.000       0.000     288.150       0.000      -0.254     129.000       2.906     129.000      34.000       0.000   94910.000       0.000 -888888.000 -888888.000
 20260806181500
   -31.5000  -68.2500 
  INTA_SANMARTIN                             SURFACE                                    
  FM-12 SYNOP       INTA_SANMARTIN         600  F     F         1
 -888888.000 -888888.000 -888888.000 -888888.000     600.000       0.000 -999999.000 -888888.000 -888888.000       0.000 -888888.000       0.000 -999999.000 -888888.000   95190.000       0.000 -888888.000 -888888.000
 20260806181500
   -30.6335  -67.4682 
  VALLE_FERTIL                               SURFACE                                    
  FM-12 SYNOP       VALLE_FERTIL           900  F     F         1
 -888888.000 -888888.000 -888888.000 -888888.000     900.000       0.000     286.850       0.000      -2.956     129.000       1.135     129.000      35.000       0.000   91560.000       0.000 -888888.000 -888888.000
 20260806181500
   -30.1833  -69.0667 
  CUESTA_Viento                              SURFACE                                    
  FM-12 SYNOP       CUESTA_Viento         1530  F     F         1
 -888888.000 -888888.000 -888888.000 -888888.000    1530.000       0.000     283.550       0.000       2.164     129.000       5.357     129.000      61.000       0.000   84810.000       0.000 -888888.000 -888888.000
 20260806181500
   -31.5194  -68.9851 
  CARACOLES                                  SURFACE                                    
  FM-12 SYNOP       CARACOLES              942  F     F         1
 -888888.000 -888888.000 -888888.000 -888888.000     942.000       0.000     285.050       0.000      -1.105     129.000      -0.116     129.000      58.000       0.000   90370.000       0.000 -888888.000 -888888.000
 20260806182000
   -31.6500  -68.3000 
  ECOHUMUS                                   SURFACE                                    
  FM-12 SYNOP       ECOHUMUS               600  F     F         1
 -888888.000 -888888.000 -888888.000 -888888.000     600.000       0.000     288.150       0.000       0.245     129.000       2.795     129.000      34.000       0.000   94920.000       0.000 -888888.000 -888888.000
 20260806182000
   -31.5000  -68.2500 
  INTA_SANMARTIN                             SURFACE                                    
  FM-12 SYNOP       INTA_SANMARTIN         600  F     F         1
 -888888.000 -888888.000 -888888.000 -888888.000     600.000       0.000 -999999.000 -888888.000 -888888.000       0.000 -888888.000       0.000 -999999.000 -888888.000   95200.000       0.000 -888888.000 -888888.000
 20260806182000
   -30.6335  -67.4682 
  VALLE_FERTIL                               SURFACE                                    
  FM-12 SYNOP       VALLE_FERTIL           900  F     F         1
 -888888.000 -888888.000 -888888.000 -888888.000     900.000       0.000     286.550       0.000      -2.679     129.000       0.922     129.000      35.000       0.000   91560.000       0.000 -888888.000 -888888.000
 20260806182000
   -30.1833  -69.0667 
  CUESTA_Viento                              SURFACE                                    
  FM-12 SYNOP       CUESTA_Viento         1530  F     F         1
 -888888.000 -888888.000 -888888.000 -888888.000    1530.000       0.000     283.550       0.000       2.976     129.000       5.369     129.000      61.000       0.000   84840.000       0.000 -888888.000 -888888.000
 20260806182000
   -31.5194  -68.9851 
  CARACOLES                                  SURFACE                                    
  FM-12 SYNOP       CARACOLES              942  F     F         1
 -888888.000 -888888.000 -888888.000 -888888.000     942.000       0.000     284.950       0.000      -1.051     129.000      -0.362     129.000      58.000       0.000   90380.000       0.000 -888888.000 -888888.000
 20260806182500
   -31.6500  -68.3000 
  ECOHUMUS                                   SURFACE                                    
  FM-12 SYNOP       ECOHUMUS               600  F     F         1
 -888888.000 -888888.000 -888888.000 -888888.000     600.000       0.000     287.950       0.000      -0.057     129.000       3.277     129.000      35.000       0.000   94930.000       0.000 -888888.000 -888888.000
 20260806182500
   -31.5000  -68.2500 
  INTA_SANMARTIN                             SURFACE                                    
  FM-12 SYNOP       INTA_SANMARTIN         600  F     F         1
 -888888.000 -888888.000 -888888.000 -888888.000     600.000       0.000 -999999.000 -888888.000 -888888.000       0.000 -888888.000       0.000 -999999.000 -888888.000   95210.000       0.000 -888888.000 -888888.000
 20260806182500
   -30.6335  -67.4682 
  VALLE_FERTIL                               SURFACE                                    
  FM-12 SYNOP       VALLE_FERTIL           900  F     F         1
 -888888.000 -888888.000 -888888.000 -888888.000     900.000       0.000     286.450       0.000      -3.245     129.000       1.311     129.000      35.000       0.000   91570.000       0.000 -888888.000 -888888.000
 20260806182500
   -30.1833  -69.0667 
  CUESTA_Viento                              SURFACE                                    
  FM-12 SYNOP       CUESTA_Viento         1530  F     F         1
 -888888.000 -888888.000 -888888.000 -888888.000    1530.000       0.000     283.550       0.000       4.750     129.000       3.711     129.000      61.000       0.000   84820.000       0.000 -888888.000 -888888.000
 20260806182500
   -31.5194  -68.9851 
  CARACOLES                                  SURFACE                                    
  FM-12 SYNOP       CARACOLES              942  F     F         1
 -888888.000 -888888.000 -888888.000 -888888.000     942.000       0.000     284.950       0.000      -0.743     129.000      -0.104     129.000      58.000       0.000   90380.000       0.000 -888888.000 -888888.000
 20260806183000
   -31.6500  -68.3000 
  ECOHUMUS                                   SURFACE                                    
  FM-12 SYNOP       ECOHUMUS               600  F     F         1
 -888888.000 -888888.000 -888888.000 -888888.000     600.000       0.000     287.850       0.000       0.174     129.000       2.494     129.000      35.000       0.000   94930.000       0.000 -888888.000 -888888.000
 20260806183000
   -31.5000  -68.2500 
  INTA_SANMARTIN                             SURFACE                                    
  FM-12 SYNOP       INTA_SANMARTIN         600  F     F         1
 -888888.000 -888888.000 -888888.000 -888888.000     600.000       0.000 -999999.000 -888888.000 -888888.000       0.000 -888888.000       0.000 -999999.000 -888888.000   95220.000       0.000 -888888.000 -888888.000
 20260806183000
   -30.6335  -67.4682 
  VALLE_FERTIL                               SURFACE                                    
  FM-12 SYNOP       VALLE_FERTIL           900  F     F         1
 -888888.000 -888888.000 -888888.000 -888888.000     900.000       0.000     286.350       0.000      -2.178     129.000       2.103     129.000      35.000       0.000   91590.000       0.000 -888888.000 -888888.000
 20260806183000
   -30.1833  -69.0667 
  CUESTA_Viento                              SURFACE                                    
  FM-12 SYNOP       CUESTA_Viento         1530  F     F         1
 -888888.000 -888888.000 -888888.000 -888888.000    1530.000       0.000     283.650       0.000       2.861     129.000       4.762     129.000      62.000       0.000   84830.000       0.000 -888888.000 -888888.000
 20260806183000
   -31.5194  -68.9851 
  CARACOLES                                  SURFACE                                    
  FM-12 SYNOP       CARACOLES              942  F     F         1
 -888888.000 -888888.000 -888888.000 -888888.000     942.000       0.000     284.950       0.000      -0.906     129.000      -0.423     129.000      58.000       0.000   90380.000       0.000 -888888.000 -888888.000
 20260806183500
   -31.6500  -68.3000 
  ECOHUMUS                                   SURFACE                                    
  FM-12 SYNOP       ECOHUMUS               600  F     F         1
 -888888.000 -888888.000 -888888.000 -888888.000     600.000       0.000     287.650       0.000       0.361     129.000       2.277     129.000      35.000       0.000   94940.000       0.000 -888888.000 -888888.000
 20260806183500
   -31.5000  -68.2500 
  INTA_SANMARTIN                             SURFACE                                    
  FM-12 SYNOP       INTA_SANMARTIN         600  F     F         1
 -888888.000 -888888.000 -888888.000 -888888.000     600.000       0.000 -999999.000 -888888.000 -888888.000       0.000 -888888.000       0.000 -999999.000 -888888.000   95220.000       0.000 -888888.000 -888888.000
 20260806183500
   -30.6335  -67.4682 
  VALLE_FERTIL                               SURFACE                                    
  FM-12 SYNOP       VALLE_FERTIL           900  F     F         1
 -888888.000 -888888.000 -888888.000 -888888.000     900.000       0.000     286.150       0.000      -1.753     129.000       1.321     129.000      35.000       0.000   91590.000       0.000 -888888.000 -888888.000
 20260806183500
   -30.1833  -69.0667 
  CUESTA_Viento                              SURFACE                                    
  FM-12 SYNOP       CUESTA_Viento         1530  F     F         1
 -888888.000 -888888.000 -888888.000 -888888.000    1530.000       0.000     283.650       0.000       1.661     129.000       5.794     129.000      61.000       0.000   84830.000       0.000 -888888.000 -888888.000
 20260806183500
   -31.5194  -68.9851 
  CARACOLES                                  SURFACE                                    
  FM-12 SYNOP       CARACOLES              942  F     F         1
 -888888.000 -888888.000 -888888.000 -888888.000     942.000       0.000     284.850       0.000      -0.916     129.000      -0.228     129.000      59.000       0.000   90380.000       0.000 -888888.000 -888888.000
 20260806184000
   -31.6500  -68.3000 
  ECOHUMUS                                   SURFACE                                    
  FM-12 SYNOP       ECOHUMUS               600  F     F         1
 -888888.000 -888888.000 -888888.000 -888888.000     600.000       0.000     287.450       0.000       0.348     129.000       2.476     129.000      36.000       0.000   94950.000       0.000 -888888.000 -888888.000
 20260806184000
   -31.5000  -68.2500 
  INTA_SANMARTIN                             SURFACE                                    
  FM-12 SYNOP       INTA_SANMARTIN         600  F     F         1
 -888888.000 -888888.000 -888888.000 -888888.000     600.000       0.000 -999999.000 -888888.000 -888888.000       0.000 -888888.000       0.000 -999999.000 -888888.000   95230.000       0.000 -888888.000 -888888.000
 20260806184000
   -30.6335  -67.4682 
  VALLE_FERTIL                               SURFACE                                    
  FM-12 SYNOP       VALLE_FERTIL           900  F     F         1
 -888888.000 -888888.000 -888888.000 -888888.000     900.000       0.000     285.950       0.000      -1.775     129.000       1.290     129.000      36.000       0.000   91580.000       0.000 -888888.000 -888888.000
 20260806184000
   -30.1833  -69.0667 
  CUESTA_Viento                              SURFACE                                    
  FM-12 SYNOP       CUESTA_Viento         1530  F     F         1
 -888888.000 -888888.000 -888888.000 -888888.000    1530.000       0.000     283.750       0.000       2.561     129.000       4.099     129.000      60.000       0.000   84850.000       0.000 -888888.000 -888888.000
 20260806184000
   -31.5194  -68.9851 
  CARACOLES                                  SURFACE                                    
  FM-12 SYNOP       CARACOLES              942  F     F         1
 -888888.000 -888888.000 -888888.000 -888888.000     942.000       0.000     284.850       0.000      -0.985     129.000      -0.174     129.000      59.000       0.000   90400.000       0.000 -888888.000 -888888.000
 20260806184500
   -31.6500  -68.3000 
  ECOHUMUS                                   SURFACE                                    
  FM-12 SYNOP       ECOHUMUS               600  F     F         1
 -888888.000 -888888.000 -888888.000 -888888.000     600.000       0.000     287.250       0.000       0.356     129.000       2.250     129.000      36.000       0.000   94950.000       0.000 -888888.000 -888888.000
 20260806184500
   -31.5000  -68.2500 
  INTA_SANMARTIN                             SURFACE                                    
  FM-12 SYNOP       INTA_SANMARTIN         600  F     F         1
 -888888.000 -888888.000 -888888.000 -888888.000     600.000       0.000 -999999.000 -888888.000 -888888.000       0.000 -888888.000       0.000 -999999.000 -888888.000   95230.000       0.000 -888888.000 -888888.000
 20260806184500
   -30.6335  -67.4682 
  VALLE_FERTIL                               SURFACE                                    
  FM-12 SYNOP       VALLE_FERTIL           900  F     F         1
 -888888.000 -888888.000 -888888.000 -888888.000     900.000       0.000     285.850       0.000      -1.675     129.000       0.746     129.000      36.000       0.000   91600.000       0.000 -888888.000 -888888.000
 20260806184500
   -30.1833  -69.0667 
  CUESTA_Viento                              SURFACE                                    
  FM-12 SYNOP       CUESTA_Viento         1530  F     F         1
 -888888.000 -888888.000 -888888.000 -888888.000    1530.000       0.000     283.750       0.000       0.835     129.000       5.942     129.000      60.000       0.000   84860.000       0.000 -888888.000 -888888.000
 20260806184500
   -31.5194  -68.9851 
  CARACOLES                                  SURFACE                                    
  FM-12 SYNOP       CARACOLES              942  F     F         1
 -888888.000 -888888.000 -888888.000 -888888.000     942.000       0.000     284.750       0.000      -0.930     129.000      -0.284     129.000      59.000       0.000   90410.000       0.000 -888888.000 -888888.000
 20260806185000
   -31.6500  -68.3000 
  ECOHUMUS                                   SURFACE                                    
  FM-12 SYNOP       ECOHUMUS               600  F     F         1
 -888888.000 -888888.000 -888888.000 -888888.000     600.000       0.000     286.950       0.000       0.403     129.000       2.072     129.000      36.000       0.000   94940.000       0.000 -888888.000 -888888.000
 20260806185000
   -31.5000  -68.2500 
  INTA_SANMARTIN                             SURFACE                                    
  FM-12 SYNOP       INTA_SANMARTIN         600  F     F         1
 -888888.000 -888888.000 -888888.000 -888888.000     600.000       0.000 -999999.000 -888888.000 -888888.000       0.000 -888888.000       0.000 -999999.000 -888888.000   95220.000       0.000 -888888.000 -888888.000
 20260806185000
   -30.6335  -67.4682 
  VALLE_FERTIL                               SURFACE                                    
  FM-12 SYNOP       VALLE_FERTIL           900  F     F         1
 -888888.000 -888888.000 -888888.000 -888888.000     900.000       0.000     285.550       0.000      -1.468     129.000       0.953     129.000      36.000       0.000   91600.000       0.000 -888888.000 -888888.000
 20260806185000
   -30.1833  -69.0667 
  CUESTA_Viento                              SURFACE                                    
  FM-12 SYNOP       CUESTA_Viento         1530  F     F         1
 -888888.000 -888888.000 -888888.000 -888888.000    1530.000       0.000     283.950       0.000       4.624     129.000       4.163     129.000      59.000       0.000   84850.000       0.000 -888888.000 -888888.000
 20260806185000
   -31.5194  -68.9851 
  CARACOLES                                  SURFACE                                    
  FM-12 SYNOP       CARACOLES              942  F     F         1
 -888888.000 -888888.000 -888888.000 -888888.000     942.000       0.000     284.650       0.000      -1.789     129.000      -0.513     129.000      59.000       0.000   90410.000       0.000 -888888.000 -888888.000
 20260806185500
   -31.6500  -68.3000 
  ECOHUMUS                                   SURFACE                                    
  FM-12 SYNOP       ECOHUMUS               600  F     F         1
 -888888.000 -888888.000 -888888.000 -888888.000     600.000       0.000     286.650       0.000       0.341     129.000       1.603     129.000      37.000       0.000   94940.000       0.000 -888888.000 -888888.000
 20260806185500
   -31.5000  -68.2500 
  INTA_SANMARTIN                             SURFACE                                    
  FM-12 SYNOP       INTA_SANMARTIN         600  F     F         1
 -888888.000 -888888.000 -888888.000 -888888.000     600.000       0.000 -999999.000 -888888.000 -888888.000       0.000 -888888.000       0.000 -999999.000 -888888.000   95230.000       0.000 -888888.000 -888888.000
 20260806185500
   -30.6335  -67.4682 
  VALLE_FERTIL                               SURFACE                                    
  FM-12 SYNOP       VALLE_FERTIL           900  F     F         1
 -888888.000 -888888.000 -888888.000 -888888.000     900.000       0.000     285.350       0.000      -1.472     129.000       0.782     129.000      37.000       0.000   91590.000       0.000 -888888.000 -888888.000
 20260806185500
   -30.1833  -69.0667 
  CUESTA_Viento                              SURFACE                                    
  FM-12 SYNOP       CUESTA_Viento         1530  F     F         1
 -888888.000 -888888.000 -888888.000 -888888.000    1530.000       0.000     283.750       0.000       3.691     129.000       6.143     129.000      59.000       0.000   84870.000       0.000 -888888.000 -888888.000
 20260806185500
   -31.5194  -68.9851 
  CARACOLES                                  SURFACE                                    
  FM-12 SYNOP       CARACOLES              942  F     F         1
 -888888.000 -888888.000 -888888.000 -888888.000     942.000       0.000     284.650       0.000      -1.388     129.000       0.048     129.000      59.000       0.000   90420.000       0.000 -888888.000 -888888.000
 20260806190000
   -31.6500  -68.3000 
  ECOHUMUS                                   SURFACE                                    
  FM-12 SYNOP       ECOHUMUS               600  F     F         1
 -888888.000 -888888.000 -888888.000 -888888.000     600.000       0.000     286.250       0.000       0.390     129.000       1.070     129.000      38.000       0.000   94950.000       0.000 -888888.000 -888888.000
 20260806190000
   -31.5000  -68.2500 
  INTA_SANMARTIN                             SURFACE                                    
  FM-12 SYNOP       INTA_SANMARTIN         600  F     F         1
 -888888.000 -888888.000 -888888.000 -888888.000     600.000       0.000 -999999.000 -888888.000 -888888.000       0.000 -888888.000       0.000 -999999.000 -888888.000   95220.000       0.000 -888888.000 -888888.000
 20260806190000
   -30.6335  -67.4682 
  VALLE_FERTIL                               SURFACE                                    
  FM-12 SYNOP       VALLE_FERTIL           900  F     F         1
 -888888.000 -888888.000 -888888.000 -888888.000     900.000       0.000     285.150       0.000      -1.421     129.000       0.633     129.000      37.000       0.000   91600.000       0.000 -888888.000 -888888.000
 20260806190000
   -30.1833  -69.0667 
  CUESTA_Viento                              SURFACE                                    
  FM-12 SYNOP       CUESTA_Viento         1530  F     F         1
 -888888.000 -888888.000 -888888.000 -888888.000    1530.000       0.000     283.850       0.000       4.396     129.000       4.245     129.000      58.000       0.000   84850.000       0.000 -888888.000 -888888.000
 20260806190000
   -31.5194  -68.9851 
  CARACOLES                                  SURFACE                                    
  FM-12 SYNOP       CARACOLES              942  F     F         1
 -888888.000 -888888.000 -888888.000 -888888.000     942.000       0.000     284.450       0.000      -0.914     129.000      -0.064     129.000      60.000       0.000   90430.000       0.000 -888888.000 -888888.000
 20260806190500
   -31.6500  -68.3000 
  ECOHUMUS                                   SURFACE                                    
  FM-12 SYNOP       ECOHUMUS               600  F     F         1
 -888888.000 -888888.000 -888888.000 -888888.000     600.000       0.000     285.850       0.000       0.174     129.000       0.985     129.000      39.000       0.000   94970.000       0.000 -888888.000 -888888.000
 20260806190500
   -31.5000  -68.2500 
  INTA_SANMARTIN                             SURFACE                                    
  FM-12 SYNOP       INTA_SANMARTIN         600  F     F         1
 -888888.000 -888888.000 -888888.000 -888888.000     600.000       0.000 -999999.000 -888888.000 -888888.000       0.000 -888888.000       0.000 -999999.000 -888888.000   95230.000       0.000 -888888.000 -888888.000
 20260806190500
   -30.6335  -67.4682 
  VALLE_FERTIL                               SURFACE                                    
  FM-12 SYNOP       VALLE_FERTIL           900  F     F         1
 -888888.000 -888888.000 -888888.000 -888888.000     900.000       0.000     285.150       0.000      -0.572     129.000       0.952     129.000      36.000       0.000   91600.000       0.000 -888888.000 -888888.000
 20260806190500
   -30.1833  -69.0667 
  CUESTA_Viento                              SURFACE                                    
  FM-12 SYNOP       CUESTA_Viento         1530  F     F         1
 -888888.000 -888888.000 -888888.000 -888888.000    1530.000       0.000     283.850       0.000       3.215     129.000       4.767     129.000      58.000       0.000   84870.000       0.000 -888888.000 -888888.000
 20260806190500
   -31.5194  -68.9851 
  CARACOLES                                  SURFACE                                    
  FM-12 SYNOP       CARACOLES              942  F     F         1
 -888888.000 -888888.000 -888888.000 -888888.000     942.000       0.000     284.450       0.000      -1.374     129.000      -0.446     129.000      60.000       0.000   90430.000       0.000 -888888.000 -888888.000
 20260806191000
   -31.6500  -68.3000 
  ECOHUMUS                                   SURFACE                                    
  FM-12 SYNOP       ECOHUMUS               600  F     F         1
 -888888.000 -888888.000 -888888.000 -888888.000     600.000       0.000     285.450       0.000       0.235     129.000       0.943     129.000      40.000       0.000   94970.000       0.000 -888888.000 -888888.000
 20260806191000
   -31.5000  -68.2500 
  INTA_SANMARTIN                             SURFACE                                    
  FM-12 SYNOP       INTA_SANMARTIN         600  F     F         1
 -888888.000 -888888.000 -888888.000 -888888.000     600.000       0.000 -999999.000 -888888.000 -888888.000       0.000 -888888.000       0.000 -999999.000 -888888.000   95240.000       0.000 -888888.000 -888888.000
 20260806191000
   -30.6335  -67.4682 
  VALLE_FERTIL                               SURFACE                                    
  FM-12 SYNOP       VALLE_FERTIL           900  F     F         1
 -888888.000 -888888.000 -888888.000 -888888.000     900.000       0.000     284.950       0.000      -0.700     129.000       0.547     129.000      37.000       0.000   91590.000       0.000 -888888.000 -888888.000
 20260806191000
   -30.1833  -69.0667 
  CUESTA_Viento                              SURFACE                                    
  FM-12 SYNOP       CUESTA_Viento         1530  F     F         1
 -888888.000 -888888.000 -888888.000 -888888.000    1530.000       0.000     283.850       0.000       0.526     129.000       5.000     129.000      58.000       0.000   84880.000       0.000 -888888.000 -888888.000
 20260806191000
   -31.5194  -68.9851 
  CARACOLES                                  SURFACE                                    
  FM-12 SYNOP       CARACOLES              942  F     F         1
 -888888.000 -888888.000 -888888.000 -888888.000     942.000       0.000     284.350       0.000      -1.087     129.000       0.231     129.000      60.000       0.000   90420.000       0.000 -888888.000 -888888.000
 20260806191500
   -31.6500  -68.3000 
  ECOHUMUS                                   SURFACE                                    
  FM-12 SYNOP       ECOHUMUS               600  F     F         1
 -888888.000 -888888.000 -888888.000 -888888.000     600.000       0.000     285.250       0.000       0.326     129.000       0.946     129.000      40.000       0.000   94970.000       0.000 -888888.000 -888888.000
 20260806191500
   -31.5000  -68.2500 
  INTA_SANMARTIN                             SURFACE                                    
  FM-12 SYNOP       INTA_SANMARTIN         600  F     F         1
 -888888.000 -888888.000 -888888.000 -888888.000     600.000       0.000 -999999.000 -888888.000 -888888.000       0.000 -888888.000       0.000 -999999.000 -888888.000   95240.000       0.000 -888888.000 -888888.000
 20260806191500
   -30.6335  -67.4682 
  VALLE_FERTIL                               SURFACE                                    
  FM-12 SYNOP       VALLE_FERTIL           900  F     F         1
 -888888.000 -888888.000 -888888.000 -888888.000     900.000       0.000     284.750       0.000      -0.036     129.000       0.693     129.000      37.000       0.000   91610.000       0.000 -888888.000 -888888.000
 20260806191500
   -30.1833  -69.0667 
  CUESTA_Viento                              SURFACE                                    
  FM-12 SYNOP       CUESTA_Viento         1530  F     F         1
 -888888.000 -888888.000 -888888.000 -888888.000    1530.000       0.000     283.650       0.000       0.800     129.000       5.694     129.000      59.000       0.000   84880.000       0.000 -888888.000 -888888.000
 20260806191500
   -31.5194  -68.9851 
  CARACOLES                                  SURFACE                                    
  FM-12 SYNOP       CARACOLES              942  F     F         1
 -888888.000 -888888.000 -888888.000 -888888.000     942.000       0.000     284.350       0.000      -1.971     129.000       0.757     129.000      60.000       0.000   90430.000       0.000 -888888.000 -888888.000
 20260806192000
   -31.6500  -68.3000 
  ECOHUMUS                                   SURFACE                                    
  FM-12 SYNOP       ECOHUMUS               600  F     F         1
 -888888.000 -888888.000 -888888.000 -888888.000     600.000       0.000     284.950       0.000       0.364     129.000       0.901     129.000      41.000       0.000   94980.000       0.000 -888888.000 -888888.000
 20260806192000
   -31.5000  -68.2500 
  INTA_SANMARTIN                             SURFACE                                    
  FM-12 SYNOP       INTA_SANMARTIN         600  F     F         1
 -888888.000 -888888.000 -888888.000 -888888.000     600.000       0.000 -999999.000 -888888.000 -888888.000       0.000 -888888.000       0.000 -999999.000 -888888.000   95240.000       0.000 -888888.000 -888888.000
 20260806192000
   -30.6335  -67.4682 
  VALLE_FERTIL                               SURFACE                                    
  FM-12 SYNOP       VALLE_FERTIL           900  F     F         1
 -888888.000 -888888.000 -888888.000 -888888.000     900.000       0.000     284.550       0.000      -0.065     129.000       0.123     129.000      38.000       0.000   91630.000       0.000 -888888.000 -888888.000
 20260806192000
   -30.1833  -69.0667 
  CUESTA_Viento                              SURFACE                                    
  FM-12 SYNOP       CUESTA_Viento         1530  F     F         1
 -888888.000 -888888.000 -888888.000 -888888.000    1530.000       0.000     283.550       0.000       0.633     129.000       5.156     129.000      60.000       0.000   84870.000       0.000 -888888.000 -888888.000
 20260806192000
   -31.5194  -68.9851 
  CARACOLES                                  SURFACE                                    
  FM-12 SYNOP       CARACOLES              942  F     F         1
 -888888.000 -888888.000 -888888.000 -888888.000     942.000       0.000     284.350       0.000      -0.908     129.000      -0.128     129.000      60.000       0.000   90440.000       0.000 -888888.000 -888888.000
 20260806192500
   -31.6500  -68.3000 
  ECOHUMUS                                   SURFACE                                    
  FM-12 SYNOP       ECOHUMUS               600  F     F         1
 -888888.000 -888888.000 -888888.000 -888888.000     600.000       0.000     284.750       0.000       0.335     129.000       0.972     129.000      41.000       0.000   94980.000       0.000 -888888.000 -888888.000
 20260806192500
   -31.5000  -68.2500 
  INTA_SANMARTIN                             SURFACE                                    
  FM-12 SYNOP       INTA_SANMARTIN         600  F     F         1
 -888888.000 -888888.000 -888888.000 -888888.000     600.000       0.000 -999999.000 -888888.000 -888888.000       0.000 -888888.000       0.000 -999999.000 -888888.000   95240.000       0.000 -888888.000 -888888.000
 20260806192500
   -30.6335  -67.4682 
  VALLE_FERTIL                               SURFACE                                    
  FM-12 SYNOP       VALLE_FERTIL           900  F     F         1
 -888888.000 -888888.000 -888888.000 -888888.000     900.000       0.000     284.350       0.000      -0.023     129.000       0.444     129.000      37.000       0.000   91610.000       0.000 -888888.000 -888888.000
 20260806192500
   -30.1833  -69.0667 
  CUESTA_Viento                              SURFACE                                    
  FM-12 SYNOP       CUESTA_Viento         1530  F     F         1
 -888888.000 -888888.000 -888888.000 -888888.000    1530.000       0.000     283.550       0.000      -0.691     129.000       6.575     129.000      60.000       0.000   84890.000       0.000 -888888.000 -888888.000
 20260806192500
   -31.5194  -68.9851 
  CARACOLES                                  SURFACE                                    
  FM-12 SYNOP       CARACOLES              942  F     F         1
 -888888.000 -888888.000 -888888.000 -888888.000     942.000       0.000     284.350       0.000      -0.993     129.000       0.266     129.000      60.000       0.000   90430.000       0.000 -888888.000 -888888.000
 20260806193000
   -31.6500  -68.3000 
  ECOHUMUS                                   SURFACE                                    
  FM-12 SYNOP       ECOHUMUS               600  F     F         1
 -888888.000 -888888.000 -888888.000 -888888.000     600.000       0.000     284.650       0.000       0.300     129.000       0.925     129.000      41.000       0.000   94980.000       0.000 -888888.000 -888888.000
 20260806193000
   -31.5000  -68.2500 
  INTA_SANMARTIN                             SURFACE                                    
  FM-12 SYNOP       INTA_SANMARTIN         600  F     F         1
 -888888.000 -888888.000 -888888.000 -888888.000     600.000       0.000 -999999.000 -888888.000 -888888.000       0.000 -888888.000       0.000 -999999.000 -888888.000   95240.000       0.000 -888888.000 -888888.000
 20260806193000
   -30.6335  -67.4682 
  VALLE_FERTIL                               SURFACE                                    
  FM-12 SYNOP       VALLE_FERTIL           900  F     F         1
 -888888.000 -888888.000 -888888.000 -888888.000     900.000       0.000     284.350       0.000       0.011     129.000       0.305     129.000      38.000       0.000   91620.000       0.000 -888888.000 -888888.000
 20260806193000
   -30.1833  -69.0667 
  CUESTA_Viento                              SURFACE                                    
  FM-12 SYNOP       CUESTA_Viento         1530  F     F         1
 -888888.000 -888888.000 -888888.000 -888888.000    1530.000       0.000     283.550       0.000       1.109     129.000       5.217     129.000      60.000       0.000   84890.000       0.000 -888888.000 -888888.000
 20260806193000
   -31.5194  -68.9851 
  CARACOLES                                  SURFACE                                    
  FM-12 SYNOP       CARACOLES              942  F     F         1
 -888888.000 -888888.000 -888888.000 -888888.000     942.000       0.000     284.250       0.000      -1.522     129.000       0.133     129.000      60.000       0.000   90450.000       0.000 -888888.000 -888888.000
 20260806193500
   -31.6500  -68.3000 
  ECOHUMUS                                   SURFACE                                    
  FM-12 SYNOP       ECOHUMUS               600  F     F         1
 -888888.000 -888888.000 -888888.000 -888888.000     600.000       0.000     284.450       0.000       0.260     129.000       0.850     129.000      42.000       0.000   94990.000       0.000 -888888.000 -888888.000
 20260806193500
   -31.5000  -68.2500 
  INTA_SANMARTIN                             SURFACE                                    
  FM-12 SYNOP       INTA_SANMARTIN         600  F     F         1
 -888888.000 -888888.000 -888888.000 -888888.000     600.000       0.000 -999999.000 -888888.000 -888888.000       0.000 -888888.000       0.000 -999999.000 -888888.000   95250.000       0.000 -888888.000 -888888.000
 20260806193500
   -30.6335  -67.4682 
  VALLE_FERTIL                               SURFACE                                    
  FM-12 SYNOP       VALLE_FERTIL           900  F     F         1
 -888888.000 -888888.000 -888888.000 -888888.000     900.000       0.000     284.250       0.000       0.102     129.000       0.967     129.000      38.000       0.000   91610.000       0.000 -888888.000 -888888.000
 20260806193500
   -30.1833  -69.0667 
  CUESTA_Viento                              SURFACE                                    
  FM-12 SYNOP       CUESTA_Viento         1530  F     F         1
 -888888.000 -888888.000 -888888.000 -888888.000    1530.000       0.000     283.550       0.000       2.905     129.000       4.473     129.000      59.000       0.000   84890.000       0.000 -888888.000 -888888.000
 20260806193500
   -31.5194  -68.9851 
  CARACOLES                                  SURFACE                                    
  FM-12 SYNOP       CARACOLES              942  F     F         1
 -888888.000 -888888.000 -888888.000 -888888.000     942.000       0.000     284.250       0.000      -0.960     129.000       0.152     129.000      61.000       0.000   90460.000       0.000 -888888.000 -888888.000
 20260806194000
   -31.6500  -68.3000 
  ECOHUMUS                                   SURFACE                                    
  FM-12 SYNOP       ECOHUMUS               600  F     F         1
 -888888.000 -888888.000 -888888.000 -888888.000     600.000       0.000     284.050       0.000       0.244     129.000       0.797     129.000      43.000       0.000   94990.000       0.000 -888888.000 -888888.000
 20260806194000
   -31.5000  -68.2500 
  INTA_SANMARTIN                             SURFACE                                    
  FM-12 SYNOP       INTA_SANMARTIN         600  F     F         1
 -888888.000 -888888.000 -888888.000 -888888.000     600.000       0.000 -999999.000 -888888.000 -888888.000       0.000 -888888.000       0.000 -999999.000 -888888.000   95270.000       0.000 -888888.000 -888888.000
 20260806194000
   -30.6335  -67.4682 
  VALLE_FERTIL                               SURFACE                                    
  FM-12 SYNOP       VALLE_FERTIL           900  F     F         1
 -888888.000 -888888.000 -888888.000 -888888.000     900.000       0.000     284.250       0.000       0.189     129.000       0.493     129.000      38.000       0.000   91630.000       0.000 -888888.000 -888888.000
 20260806194000
   -30.1833  -69.0667 
  CUESTA_Viento                              SURFACE                                    
  FM-12 SYNOP       CUESTA_Viento         1530  F     F         1
 -888888.000 -888888.000 -888888.000 -888888.000    1530.000       0.000     283.350       0.000       1.574     129.000       3.708     129.000      61.000       0.000   84920.000       0.000 -888888.000 -888888.000
 20260806194000
   -31.5194  -68.9851 
  CARACOLES                                  SURFACE                                    
  FM-12 SYNOP       CARACOLES              942  F     F         1
 -888888.000 -888888.000 -888888.000 -888888.000     942.000       0.000     284.150       0.000      -0.743     129.000      -0.104     129.000      61.000       0.000   90460.000       0.000 -888888.000 -888888.000
 20260806194500
   -31.6500  -68.3000 
  ECOHUMUS                                   SURFACE                                    
  FM-12 SYNOP       ECOHUMUS               600  F     F         1
 -888888.000 -888888.000 -888888.000 -888888.000     600.000       0.000     283.950       0.000       0.055     129.000       0.525     129.000      43.000       0.000   95000.000       0.000 -888888.000 -888888.000
 20260806194500
   -31.5000  -68.2500 
  INTA_SANMARTIN                             SURFACE                                    
  FM-12 SYNOP       INTA_SANMARTIN         600  F     F         1
 -888888.000 -888888.000 -888888.000 -888888.000     600.000       0.000 -999999.000 -888888.000 -888888.000       0.000 -888888.000       0.000 -999999.000 -888888.000   95270.000       0.000 -888888.000 -888888.000
 20260806194500
   -30.6335  -67.4682 
  VALLE_FERTIL                               SURFACE                                    
  FM-12 SYNOP       VALLE_FERTIL           900  F     F         1
 -888888.000 -888888.000 -888888.000 -888888.000     900.000       0.000     283.950       0.000       0.141     129.000       0.332     129.000      38.000       0.000   91630.000       0.000 -888888.000 -888888.000
 20260806194500
   -30.1833  -69.0667 
  CUESTA_Viento                              SURFACE                                    
  FM-12 SYNOP       CUESTA_Viento         1530  F     F         1
 -888888.000 -888888.000 -888888.000 -888888.000    1530.000       0.000     283.350       0.000      -1.845     129.000       5.358     129.000      61.000       0.000   84900.000       0.000 -888888.000 -888888.000
 20260806194500
   -31.5194  -68.9851 
  CARACOLES                                  SURFACE                                    
  FM-12 SYNOP       CARACOLES              942  F     F         1
 -888888.000 -888888.000 -888888.000 -888888.000     942.000       0.000     284.150       0.000      -1.020     129.000       0.566     129.000      61.000       0.000   90460.000       0.000 -888888.000 -888888.000
 20260806195000
   -31.6500  -68.3000 
  ECOHUMUS                                   SURFACE                                    
  FM-12 SYNOP       ECOHUMUS               600  F     F         1
 -888888.000 -888888.000 -888888.000 -888888.000     600.000       0.000     283.750       0.000       0.202     129.000       0.951     129.000      44.000       0.000   94990.000       0.000 -888888.000 -888888.000
 20260806195000
   -31.5000  -68.2500 
  INTA_SANMARTIN                             SURFACE                                    
  FM-12 SYNOP       INTA_SANMARTIN         600  F     F         1
 -888888.000 -888888.000 -888888.000 -888888.000     600.000       0.000 -999999.000 -888888.000 -888888.000       0.000 -888888.000       0.000 -999999.000 -888888.000   95270.000       0.000 -888888.000 -888888.000
 20260806195000
   -30.6335  -67.4682 
  VALLE_FERTIL                               SURFACE                                    
  FM-12 SYNOP       VALLE_FERTIL           900  F     F         1
 -888888.000 -888888.000 -888888.000 -888888.000     900.000       0.000     283.550       0.000       0.000     129.000       0.000     129.000      40.000       0.000   91630.000       0.000 -888888.000 -888888.000
 20260806195000
   -30.1833  -69.0667 
  CUESTA_Viento                              SURFACE                                    
  FM-12 SYNOP       CUESTA_Viento         1530  F     F         1
 -888888.000 -888888.000 -888888.000 -888888.000    1530.000       0.000     283.250       0.000       2.008     129.000       4.971     129.000      61.000       0.000   84910.000       0.000 -888888.000 -888888.000
 20260806195000
   -31.5194  -68.9851 
  CARACOLES                                  SURFACE                                    
  FM-12 SYNOP       CARACOLES              942  F     F         1
 -888888.000 -888888.000 -888888.000 -888888.000     942.000       0.000     284.150       0.000      -1.328     129.000       0.406     129.000      61.000       0.000   90470.000       0.000 -888888.000 -888888.000
 20260806195500
   -31.6500  -68.3000 
  ECOHUMUS                                   SURFACE                                    
  FM-12 SYNOP       ECOHUMUS               600  F     F         1
 -888888.000 -888888.000 -888888.000 -888888.000     600.000       0.000     283.750       0.000       0.133     129.000       0.682     129.000      43.000       0.000   94990.000       0.000 -888888.000 -888888.000
 20260806195500
   -31.5000  -68.2500 
  INTA_SANMARTIN                             SURFACE                                    
  FM-12 SYNOP       INTA_SANMARTIN         600  F     F         1
 -888888.000 -888888.000 -888888.000 -888888.000     600.000       0.000 -999999.000 -888888.000 -888888.000       0.000 -888888.000       0.000 -999999.000 -888888.000   95270.000       0.000 -888888.000 -888888.000
 20260806195500
   -30.6335  -67.4682 
  VALLE_FERTIL                               SURFACE                                    
  FM-12 SYNOP       VALLE_FERTIL           900  F     F         1
 -888888.000 -888888.000 -888888.000 -888888.000     900.000       0.000     283.050       0.000      -0.112     129.000       0.159     129.000      41.000       0.000   91640.000       0.000 -888888.000 -888888.000
 20260806195500
   -30.1833  -69.0667 
  CUESTA_Viento                              SURFACE                                    
  FM-12 SYNOP       CUESTA_Viento         1530  F     F         1
 -888888.000 -888888.000 -888888.000 -888888.000    1530.000       0.000     283.350       0.000       2.876     129.000       4.786     129.000      61.000       0.000   84930.000       0.000 -888888.000 -888888.000
 20260806195500
   -31.5194  -68.9851 
  CARACOLES                                  SURFACE                                    
  FM-12 SYNOP       CARACOLES              942  F     F         1
 -888888.000 -888888.000 -888888.000 -888888.000     942.000       0.000     284.150       0.000      -1.051     129.000       0.362     129.000      60.000       0.000   90480.000       0.000 -888888.000 -888888.000
 20260806200000
   -31.6500  -68.3000 
  ECOHUMUS                                   SURFACE                                    
  FM-12 SYNOP       ECOHUMUS               600  F     F         1
 -888888.000 -888888.000 -888888.000 -888888.000     600.000       0.000     283.450       0.000       0.051     129.000       0.581     129.000      44.000       0.000   95000.000       0.000 -888888.000 -888888.000
 20260806200000
   -31.5000  -68.2500 
  INTA_SANMARTIN                             SURFACE                                    
  FM-12 SYNOP       INTA_SANMARTIN         600  F     F         1
 -888888.000 -888888.000 -888888.000 -888888.000     600.000       0.000 -999999.000 -888888.000 -888888.000       0.000 -888888.000       0.000 -999999.000 -888888.000   95290.000       0.000 -888888.000 -888888.000
 20260806200000
   -30.6335  -67.4682 
  VALLE_FERTIL                               SURFACE                                    
  FM-12 SYNOP       VALLE_FERTIL           900  F     F         1
 -888888.000 -888888.000 -888888.000 -888888.000     900.000       0.000     283.350       0.000      -1.388     129.000       0.398     129.000      40.000       0.000   91630.000       0.000 -888888.000 -888888.000
 20260806200000
   -30.1833  -69.0667 
  CUESTA_Viento                              SURFACE                                    
  FM-12 SYNOP       CUESTA_Viento         1530  F     F         1
 -888888.000 -888888.000 -888888.000 -888888.000    1530.000       0.000     283.150       0.000       3.800     129.000       2.563     129.000      62.000       0.000   84920.000       0.000 -888888.000 -888888.000
 20260806200000
   -31.5194  -68.9851 
  CARACOLES                                  SURFACE                                    
  FM-12 SYNOP       CARACOLES              942  F     F         1
 -888888.000 -888888.000 -888888.000 -888888.000     942.000       0.000     284.150       0.000      -0.636     129.000       0.397     129.000      61.000       0.000   90460.000       0.000 -888888.000 -888888.000
 20260806200500
   -31.6500  -68.3000 
  ECOHUMUS                                   SURFACE                                    
  FM-12 SYNOP       ECOHUMUS               600  F     F         1
 -888888.000 -888888.000 -888888.000 -888888.000     600.000       0.000     283.450       0.000       0.295     129.000       0.809     129.000      44.000       0.000   94990.000       0.000 -888888.000 -888888.000
 20260806200500
   -31.5000  -68.2500 
  INTA_SANMARTIN                             SURFACE                                    
  FM-12 SYNOP       INTA_SANMARTIN         600  F     F         1
 -888888.000 -888888.000 -888888.000 -888888.000     600.000       0.000 -999999.000 -888888.000 -888888.000       0.000 -888888.000       0.000 -999999.000 -888888.000   95280.000       0.000 -888888.000 -888888.000
 20260806200500
   -30.6335  -67.4682 
  VALLE_FERTIL                               SURFACE                                    
  FM-12 SYNOP       VALLE_FERTIL           900  F     F         1
 -888888.000 -888888.000 -888888.000 -888888.000     900.000       0.000     283.650       0.000      -1.156     129.000       0.398     129.000      39.000       0.000   91650.000       0.000 -888888.000 -888888.000
 20260806200500
   -30.1833  -69.0667 
  CUESTA_Viento                              SURFACE                                    
  FM-12 SYNOP       CUESTA_Viento         1530  F     F         1
 -888888.000 -888888.000 -888888.000 -888888.000    1530.000       0.000     283.250       0.000      -0.276     129.000       3.155     129.000      61.000       0.000   84900.000       0.000 -888888.000 -888888.000
 20260806200500
   -31.5194  -68.9851 
  CARACOLES                                  SURFACE                                    
  FM-12 SYNOP       CARACOLES              942  F     F         1
 -888888.000 -888888.000 -888888.000 -888888.000     942.000       0.000     284.150       0.000      -0.957     129.000       0.446     129.000      60.000       0.000   90470.000       0.000 -888888.000 -888888.000
 20260806201000
   -31.6500  -68.3000 
  ECOHUMUS                                   SURFACE                                    
  FM-12 SYNOP       ECOHUMUS               600  F     F         1
 -888888.000 -888888.000 -888888.000 -888888.000     600.000       0.000     283.350       0.000       0.434     129.000       0.931     129.000      44.000       0.000   95000.000       0.000 -888888.000 -888888.000
 20260806201000
   -31.5000  -68.2500 
  INTA_SANMARTIN                             SURFACE                                    
  FM-12 SYNOP       INTA_SANMARTIN         600  F     F         1
 -888888.000 -888888.000 -888888.000 -888888.000     600.000       0.000 -999999.000 -888888.000 -888888.000       0.000 -888888.000       0.000 -999999.000 -888888.000   95270.000       0.000 -888888.000 -888888.000
 20260806201000
   -30.6335  -67.4682 
  VALLE_FERTIL                               SURFACE                                    
  FM-12 SYNOP       VALLE_FERTIL           900  F     F         1
 -888888.000 -888888.000 -888888.000 -888888.000     900.000       0.000     283.750       0.000       0.048     129.000       0.553     129.000      39.000       0.000   91650.000       0.000 -888888.000 -888888.000
 20260806201000
   -30.1833  -69.0667 
  CUESTA_Viento                              SURFACE                                    
  FM-12 SYNOP       CUESTA_Viento         1530  F     F         1
 -888888.000 -888888.000 -888888.000 -888888.000    1530.000       0.000     283.050       0.000       0.221     129.000       2.100     129.000      61.000       0.000   84910.000       0.000 -888888.000 -888888.000
 20260806201000
   -31.5194  -68.9851 
  CARACOLES                                  SURFACE                                    
  FM-12 SYNOP       CARACOLES              942  F     F         1
 -888888.000 -888888.000 -888888.000 -888888.000     942.000       0.000     284.050       0.000      -0.720     129.000      -0.050     129.000      61.000       0.000   90470.000       0.000 -888888.000 -888888.000
 20260806201500
   -31.6500  -68.3000 
  ECOHUMUS                                   SURFACE                                    
  FM-12 SYNOP       ECOHUMUS               600  F     F         1
 -888888.000 -888888.000 -888888.000 -888888.000     600.000       0.000     283.250       0.000       0.497     129.000       1.117     129.000      44.000       0.000   94990.000       0.000 -888888.000 -888888.000
 20260806201500
   -31.5000  -68.2500 
  INTA_SANMARTIN                             SURFACE                                    
  FM-12 SYNOP       INTA_SANMARTIN         600  F     F         1
 -888888.000 -888888.000 -888888.000 -888888.000     600.000       0.000 -999999.000 -888888.000 -888888.000       0.000 -888888.000       0.000 -999999.000 -888888.000   95290.000       0.000 -888888.000 -888888.000
 20260806201500
   -30.6335  -67.4682 
  VALLE_FERTIL                               SURFACE                                    
  FM-12 SYNOP       VALLE_FERTIL           900  F     F         1
 -888888.000 -888888.000 -888888.000 -888888.000     900.000       0.000     283.650       0.000      -0.328     129.000       0.340     129.000      39.000       0.000   91640.000       0.000 -888888.000 -888888.000
 20260806201500
   -30.1833  -69.0667 
  CUESTA_Viento                              SURFACE                                    
  FM-12 SYNOP       CUESTA_Viento         1530  F     F         1
 -888888.000 -888888.000 -888888.000 -888888.000    1530.000       0.000     283.150       0.000       1.178     129.000       3.852     129.000      60.000       0.000   84920.000       0.000 -888888.000 -888888.000
 20260806201500
   -31.5194  -68.9851 
  CARACOLES                                  SURFACE                                    
  FM-12 SYNOP       CARACOLES              942  F     F         1
 -888888.000 -888888.000 -888888.000 -888888.000     942.000       0.000     284.050       0.000      -0.805     129.000       0.014     129.000      61.000       0.000   90450.000       0.000 -888888.000 -888888.000
 20260806202000
   -31.6500  -68.3000 
  ECOHUMUS                                   SURFACE                                    
  FM-12 SYNOP       ECOHUMUS               600  F     F         1
 -888888.000 -888888.000 -888888.000 -888888.000     600.000       0.000     283.050       0.000       0.565     129.000       1.269     129.000      45.000       0.000   94990.000       0.000 -888888.000 -888888.000
 20260806202000
   -31.5000  -68.2500 
  INTA_SANMARTIN                             SURFACE                                    
  FM-12 SYNOP       INTA_SANMARTIN         600  F     F         1
 -888888.000 -888888.000 -888888.000 -888888.000     600.000       0.000 -999999.000 -888888.000 -888888.000       0.000 -888888.000       0.000 -999999.000 -888888.000   95290.000       0.000 -888888.000 -888888.000
 20260806202000
   -30.6335  -67.4682 
  VALLE_FERTIL                               SURFACE                                    
  FM-12 SYNOP       VALLE_FERTIL           900  F     F         1
 -888888.000 -888888.000 -888888.000 -888888.000     900.000       0.000     283.350       0.000      -0.287     129.000       0.540     129.000      39.000       0.000   91640.000       0.000 -888888.000 -888888.000
 20260806202000
   -30.1833  -69.0667 
  CUESTA_Viento                              SURFACE                                    
  FM-12 SYNOP       CUESTA_Viento         1530  F     F         1
 -888888.000 -888888.000 -888888.000 -888888.000    1530.000       0.000     282.950       0.000       1.958     129.000       3.133     129.000      63.000       0.000   84920.000       0.000 -888888.000 -888888.000
 20260806202000
   -31.5194  -68.9851 
  CARACOLES                                  SURFACE                                    
  FM-12 SYNOP       CARACOLES              942  F     F         1
 -888888.000 -888888.000 -888888.000 -888888.000     942.000       0.000     284.050       0.000      -0.842     129.000      -0.179     129.000      60.000       0.000   90470.000       0.000 -888888.000 -888888.000
 20260806202500
   -31.6500  -68.3000 
  ECOHUMUS                                   SURFACE                                    
  FM-12 SYNOP       ECOHUMUS               600  F     F         1
 -888888.000 -888888.000 -888888.000 -888888.000     600.000       0.000     282.950       0.000       0.682     129.000       1.398     129.000      45.000       0.000   95000.000       0.000 -888888.000 -888888.000
 20260806202500
   -31.5000  -68.2500 
  INTA_SANMARTIN                             SURFACE                                    
  FM-12 SYNOP       INTA_SANMARTIN         600  F     F         1
 -888888.000 -888888.000 -888888.000 -888888.000     600.000       0.000 -999999.000 -888888.000 -888888.000       0.000 -888888.000       0.000 -999999.000 -888888.000   95280.000       0.000 -888888.000 -888888.000
 20260806202500
   -30.6335  -67.4682 
  VALLE_FERTIL                               SURFACE                                    
  FM-12 SYNOP       VALLE_FERTIL           900  F     F         1
 -888888.000 -888888.000 -888888.000 -888888.000     900.000       0.000     283.650       0.000      -0.375     129.000       0.650     129.000      39.000       0.000   91640.000       0.000 -888888.000 -888888.000
 20260806202500
   -30.1833  -69.0667 
  CUESTA_Viento                              SURFACE                                    
  FM-12 SYNOP       CUESTA_Viento         1530  F     F         1
 -888888.000 -888888.000 -888888.000 -888888.000    1530.000       0.000     282.850       0.000       1.946     129.000       2.319     129.000      63.000       0.000   84920.000       0.000 -888888.000 -888888.000
 20260806202500
   -31.5194  -68.9851 
  CARACOLES                                  SURFACE                                    
  FM-12 SYNOP       CARACOLES              942  F     F         1
 -888888.000 -888888.000 -888888.000 -888888.000     942.000       0.000     284.050       0.000      -0.368     129.000      -0.127     129.000      60.000       0.000   90470.000       0.000 -888888.000 -888888.000
 20260806203000
   -31.6500  -68.3000 
  ECOHUMUS                                   SURFACE                                    
  FM-12 SYNOP       ECOHUMUS               600  F     F         1
 -888888.000 -888888.000 -888888.000 -888888.000     600.000       0.000     282.850       0.000       0.513     129.000       1.410     129.000      45.000       0.000   95000.000       0.000 -888888.000 -888888.000
 20260806203000
   -31.5000  -68.2500 
  INTA_SANMARTIN                             SURFACE                                    
  FM-12 SYNOP       INTA_SANMARTIN         600  F     F         1
 -888888.000 -888888.000 -888888.000 -888888.000     600.000       0.000 -999999.000 -888888.000 -888888.000       0.000 -888888.000       0.000 -999999.000 -888888.000   95290.000       0.000 -888888.000 -888888.000
 20260806203000
   -30.6335  -67.4682 
  VALLE_FERTIL                               SURFACE                                    
  FM-12 SYNOP       VALLE_FERTIL           900  F     F         1
 -888888.000 -888888.000 -888888.000 -888888.000     900.000       0.000     283.250       0.000      -0.680     129.000       0.317     129.000      42.000       0.000   91630.000       0.000 -888888.000 -888888.000
 20260806203000
   -30.1833  -69.0667 
  CUESTA_Viento                              SURFACE                                    
  FM-12 SYNOP       CUESTA_Viento         1530  F     F         1
 -888888.000 -888888.000 -888888.000 -888888.000    1530.000       0.000     282.750       0.000       0.317     129.000       3.625     129.000      63.000       0.000   84930.000       0.000 -888888.000 -888888.000
 20260806203000
   -31.5194  -68.9851 
  CARACOLES                                  SURFACE                                    
  FM-12 SYNOP       CARACOLES              942  F     F         1
 -888888.000 -888888.000 -888888.000 -888888.000     942.000       0.000     284.050       0.000      -0.333     129.000      -0.023     129.000      60.000       0.000   90480.000       0.000 -888888.000 -888888.000
 20260806203500
   -31.6500  -68.3000 
  ECOHUMUS                                   SURFACE                                    
  FM-12 SYNOP       ECOHUMUS               600  F     F         1
 -888888.000 -888888.000 -888888.000 -888888.000     600.000       0.000     282.550       0.000       0.468     129.000       1.219     129.000      46.000       0.000   95000.000       0.000 -888888.000 -888888.000
 20260806203500
   -31.5000  -68.2500 
  INTA_SANMARTIN                             SURFACE                                    
  FM-12 SYNOP       INTA_SANMARTIN         600  F     F         1
 -888888.000 -888888.000 -888888.000 -888888.000     600.000       0.000 -999999.000 -888888.000 -888888.000       0.000 -888888.000       0.000 -999999.000 -888888.000   95290.000       0.000 -888888.000 -888888.000
 20260806203500
   -30.6335  -67.4682 
  VALLE_FERTIL                               SURFACE                                    
  FM-12 SYNOP       VALLE_FERTIL           900  F     F         1
 -888888.000 -888888.000 -888888.000 -888888.000     900.000       0.000     283.150       0.000      -0.223     129.000       0.319     129.000      39.000       0.000   91640.000       0.000 -888888.000 -888888.000
 20260806203500
   -30.1833  -69.0667 
  CUESTA_Viento                              SURFACE                                    
  FM-12 SYNOP       CUESTA_Viento         1530  F     F         1
 -888888.000 -888888.000 -888888.000 -888888.000    1530.000       0.000     282.650       0.000       2.367     129.000       3.259     129.000      64.000       0.000   84950.000       0.000 -888888.000 -888888.000
 20260806203500
   -31.5194  -68.9851 
  CARACOLES                                  SURFACE                                    
  FM-12 SYNOP       CARACOLES              942  F     F         1
 -888888.000 -888888.000 -888888.000 -888888.000     942.000       0.000     283.950       0.000      -0.861     129.000       0.030     129.000      60.000       0.000   90470.000       0.000 -888888.000 -888888.000
 20260806204000
   -31.6500  -68.3000 
  ECOHUMUS                                   SURFACE                                    
  FM-12 SYNOP       ECOHUMUS               600  F     F         1
 -888888.000 -888888.000 -888888.000 -888888.000     600.000       0.000     282.350       0.000      -0.006     129.000       0.111     129.000      47.000       0.000   95000.000       0.000 -888888.000 -888888.000
 20260806204000
   -31.5000  -68.2500 
  INTA_SANMARTIN                             SURFACE                                    
  FM-12 SYNOP       INTA_SANMARTIN         600  F     F         1
 -888888.000 -888888.000 -888888.000 -888888.000     600.000       0.000 -999999.000 -888888.000 -888888.000       0.000 -888888.000       0.000 -999999.000 -888888.000   95280.000       0.000 -888888.000 -888888.000
 20260806204000
   -30.6335  -67.4682 
  VALLE_FERTIL                               SURFACE                                    
  FM-12 SYNOP       VALLE_FERTIL           900  F     F         1
 -888888.000 -888888.000 -888888.000 -888888.000     900.000       0.000     283.150       0.000       0.043     129.000       0.246     129.000      40.000       0.000   91640.000       0.000 -888888.000 -888888.000
 20260806204000
   -30.1833  -69.0667 
  CUESTA_Viento                              SURFACE                                    
  FM-12 SYNOP       CUESTA_Viento         1530  F     F         1
 -888888.000 -888888.000 -888888.000 -888888.000    1530.000       0.000     282.650       0.000       1.064     129.000       3.971     129.000      64.000       0.000   84960.000       0.000 -888888.000 -888888.000
 20260806204000
   -31.5194  -68.9851 
  CARACOLES                                  SURFACE                                    
  FM-12 SYNOP       CARACOLES              942  F     F         1
 -888888.000 -888888.000 -888888.000 -888888.000     942.000       0.000     283.850       0.000      -0.323     129.000      -0.081     129.000      60.000       0.000   90470.000       0.000 -888888.000 -888888.000
 20260806204500
   -31.6500  -68.3000 
  ECOHUMUS                                   SURFACE                                    
  FM-12 SYNOP       ECOHUMUS               600  F     F         1
 -888888.000 -888888.000 -888888.000 -888888.000     600.000       0.000     281.850       0.000      -0.195     129.000       0.460     129.000      49.000       0.000   95010.000       0.000 -888888.000 -888888.000
 20260806204500
   -31.5000  -68.2500 
  INTA_SANMARTIN                             SURFACE                                    
  FM-12 SYNOP       INTA_SANMARTIN         600  F     F         1
 -888888.000 -888888.000 -888888.000 -888888.000     600.000       0.000 -999999.000 -888888.000 -888888.000       0.000 -888888.000       0.000 -999999.000 -888888.000   95290.000       0.000 -888888.000 -888888.000
 20260806204500
   -30.6335  -67.4682 
  VALLE_FERTIL                               SURFACE                                    
  FM-12 SYNOP       VALLE_FERTIL           900  F     F         1
 -888888.000 -888888.000 -888888.000 -888888.000     900.000       0.000     282.850       0.000       0.018     129.000       0.053     129.000      41.000       0.000   91640.000       0.000 -888888.000 -888888.000
 20260806204500
   -30.1833  -69.0667 
  CUESTA_Viento                              SURFACE                                    
  FM-12 SYNOP       CUESTA_Viento         1530  F     F         1
 -888888.000 -888888.000 -888888.000 -888888.000    1530.000       0.000     282.550       0.000      -0.094     129.000       2.693     129.000      64.000       0.000   84960.000       0.000 -888888.000 -888888.000
 20260806204500
   -31.5194  -68.9851 
  CARACOLES                                  SURFACE                                    
  FM-12 SYNOP       CARACOLES              942  F     F         1
 -888888.000 -888888.000 -888888.000 -888888.000     942.000       0.000     283.850       0.000      -0.526     129.000      -0.046     129.000      61.000       0.000   90460.000       0.000 -888888.000 -888888.000
 20260806205000
   -31.6500  -68.3000 
  ECOHUMUS                                   SURFACE                                    
  FM-12 SYNOP       ECOHUMUS               600  F     F         1
 -888888.000 -888888.000 -888888.000 -888888.000     600.000       0.000     282.550       0.000      -0.217     129.000      -0.046     129.000      45.000       0.000   95000.000       0.000 -888888.000 -888888.000
 20260806205000
   -31.5000  -68.2500 
  INTA_SANMARTIN                             SURFACE                                    
  FM-12 SYNOP       INTA_SANMARTIN         600  F     F         1
 -888888.000 -888888.000 -888888.000 -888888.000     600.000       0.000 -999999.000 -888888.000 -888888.000       0.000 -888888.000       0.000 -999999.000 -888888.000   95290.000       0.000 -888888.000 -888888.000
 20260806205000
   -30.6335  -67.4682 
  VALLE_FERTIL                               SURFACE                                    
  FM-12 SYNOP       VALLE_FERTIL           900  F     F         1
 -888888.000 -888888.000 -888888.000 -888888.000     900.000       0.000     281.850       0.000       0.372     129.000       0.291     129.000      46.000       0.000   91630.000       0.000 -888888.000 -888888.000
 20260806205000
   -30.1833  -69.0667 
  CUESTA_Viento                              SURFACE                                    
  FM-12 SYNOP       CUESTA_Viento         1530  F     F         1
 -888888.000 -888888.000 -888888.000 -888888.000    1530.000       0.000     282.550       0.000       0.468     129.000       3.328     129.000      64.000       0.000   84940.000       0.000 -888888.000 -888888.000
 20260806205000
   -31.5194  -68.9851 
  CARACOLES                                  SURFACE                                    
  FM-12 SYNOP       CARACOLES              942  F     F         1
 -888888.000 -888888.000 -888888.000 -888888.000     942.000       0.000     283.850       0.000      -0.643     129.000      -0.386     129.000      60.000       0.000   90470.000       0.000 -888888.000 -888888.000
 20260806205500
   -31.6500  -68.3000 
  ECOHUMUS                                   SURFACE                                    
  FM-12 SYNOP       ECOHUMUS               600  F     F         1
 -888888.000 -888888.000 -888888.000 -888888.000     600.000       0.000     282.650       0.000      -0.380     129.000      -0.081     129.000      45.000       0.000   95020.000       0.000 -888888.000 -888888.000
 20260806205500
   -31.5000  -68.2500 
  INTA_SANMARTIN                             SURFACE                                    
  FM-12 SYNOP       INTA_SANMARTIN         600  F     F         1
 -888888.000 -888888.000 -888888.000 -888888.000     600.000       0.000 -999999.000 -888888.000 -888888.000       0.000 -888888.000       0.000 -999999.000 -888888.000   95290.000       0.000 -888888.000 -888888.000
 20260806205500
   -30.6335  -67.4682 
  VALLE_FERTIL                               SURFACE                                    
  FM-12 SYNOP       VALLE_FERTIL           900  F     F         1
 -888888.000 -888888.000 -888888.000 -888888.000     900.000       0.000     281.050       0.000       0.595     129.000       0.137     129.000      46.000       0.000   91620.000       0.000 -888888.000 -888888.000
 20260806205500
   -30.1833  -69.0667 
  CUESTA_Viento                              SURFACE                                    
  FM-12 SYNOP       CUESTA_Viento         1530  F     F         1
 -888888.000 -888888.000 -888888.000 -888888.000    1530.000       0.000     282.550       0.000       2.828     129.000       2.546     129.000      64.000       0.000   84970.000       0.000 -888888.000 -888888.000
 20260806205500
   -31.5194  -68.9851 
  CARACOLES                                  SURFACE                                    
  FM-12 SYNOP       CARACOLES              942  F     F         1
 -888888.000 -888888.000 -888888.000 -888888.000     942.000       0.000     283.750       0.000      -0.941     129.000      -0.479     129.000      60.000       0.000   90470.000       0.000 -888888.000 -888888.000
 20260806210000
   -31.6500  -68.3000 
  ECOHUMUS                                   SURFACE                                    
  FM-12 SYNOP       ECOHUMUS               600  F     F         1
 -888888.000 -888888.000 -888888.000 -888888.000     600.000       0.000     282.250       0.000      -0.164     129.000      -0.032     129.000      46.000       0.000   95010.000       0.000 -888888.000 -888888.000
 20260806210000
   -31.5000  -68.2500 
  INTA_SANMARTIN                             SURFACE                                    
  FM-12 SYNOP       INTA_SANMARTIN         600  F     F         1
 -888888.000 -888888.000 -888888.000 -888888.000     600.000       0.000 -999999.000 -888888.000 -888888.000       0.000 -888888.000       0.000 -999999.000 -888888.000   95290.000       0.000 -888888.000 -888888.000
 20260806210000
   -30.6335  -67.4682 
  VALLE_FERTIL                               SURFACE                                    
  FM-12 SYNOP       VALLE_FERTIL           900  F     F         1
 -888888.000 -888888.000 -888888.000 -888888.000     900.000       0.000     281.050       0.000       0.670     129.000       0.271     129.000      46.000       0.000   91640.000       0.000 -888888.000 -888888.000
 20260806210000
   -30.1833  -69.0667 
  CUESTA_Viento                              SURFACE                                    
  FM-12 SYNOP       CUESTA_Viento         1530  F     F         1
 -888888.000 -888888.000 -888888.000 -888888.000    1530.000       0.000     282.450       0.000       1.867     129.000       4.003     129.000      64.000       0.000   84980.000       0.000 -888888.000 -888888.000
 20260806210000
   -31.5194  -68.9851 
  CARACOLES                                  SURFACE                                    
  FM-12 SYNOP       CARACOLES              942  F     F         1
 -888888.000 -888888.000 -888888.000 -888888.000     942.000       0.000     283.750       0.000      -0.884     129.000      -0.093     129.000      59.000       0.000   90480.000       0.000 -888888.000 -888888.000
 20260806210500
   -31.6500  -68.3000 
  ECOHUMUS                                   SURFACE                                    
  FM-12 SYNOP       ECOHUMUS               600  F     F         1
 -888888.000 -888888.000 -888888.000 -888888.000     600.000       0.000     281.950       0.000      -0.000     129.000      -0.000     129.000      47.000       0.000   95020.000       0.000 -888888.000 -888888.000
 20260806210500
   -31.5000  -68.2500 
  INTA_SANMARTIN                             SURFACE                                    
  FM-12 SYNOP       INTA_SANMARTIN         600  F     F         1
 -888888.000 -888888.000 -888888.000 -888888.000     600.000       0.000 -999999.000 -888888.000 -888888.000       0.000 -888888.000       0.000 -999999.000 -888888.000   95300.000       0.000 -888888.000 -888888.000
 20260806210500
   -30.6335  -67.4682 
  VALLE_FERTIL                               SURFACE                                    
  FM-12 SYNOP       VALLE_FERTIL           900  F     F         1
 -888888.000 -888888.000 -888888.000 -888888.000     900.000       0.000     281.450       0.000       0.434     129.000       0.390     129.000      44.000       0.000   91630.000       0.000 -888888.000 -888888.000
 20260806210500
   -30.1833  -69.0667 
  CUESTA_Viento                              SURFACE                                    
  FM-12 SYNOP       CUESTA_Viento         1530  F     F         1
 -888888.000 -888888.000 -888888.000 -888888.000    1530.000       0.000     282.450       0.000       2.030     129.000       4.782     129.000      64.000       0.000   84960.000       0.000 -888888.000 -888888.000
 20260806210500
   -31.5194  -68.9851 
  CARACOLES                                  SURFACE                                    
  FM-12 SYNOP       CARACOLES              942  F     F         1
 -888888.000 -888888.000 -888888.000 -888888.000     942.000       0.000     283.750       0.000      -0.965     129.000      -0.118     129.000      58.000       0.000   90500.000       0.000 -888888.000 -888888.000
 20260806211000
   -31.6500  -68.3000 
  ECOHUMUS                                   SURFACE                                    
  FM-12 SYNOP       ECOHUMUS               600  F     F         1
 -888888.000 -888888.000 -888888.000 -888888.000     600.000       0.000     281.550       0.000      -0.000     129.000      -0.000     129.000      49.000       0.000   95020.000       0.000 -888888.000 -888888.000
 20260806211000
   -31.5000  -68.2500 
  INTA_SANMARTIN                             SURFACE                                    
  FM-12 SYNOP       INTA_SANMARTIN         600  F     F         1
 -888888.000 -888888.000 -888888.000 -888888.000     600.000       0.000 -999999.000 -888888.000 -888888.000       0.000 -888888.000       0.000 -999999.000 -888888.000   95290.000       0.000 -888888.000 -888888.000
 20260806211000
   -30.6335  -67.4682 
  VALLE_FERTIL                               SURFACE                                    
  FM-12 SYNOP       VALLE_FERTIL           900  F     F         1
 -888888.000 -888888.000 -888888.000 -888888.000     900.000       0.000     281.450       0.000       0.000     129.000       0.000     129.000      45.000       0.000   91630.000       0.000 -888888.000 -888888.000
 20260806211000
   -30.1833  -69.0667 
  CUESTA_Viento                              SURFACE                                    
  FM-12 SYNOP       CUESTA_Viento         1530  F     F         1
 -888888.000 -888888.000 -888888.000 -888888.000    1530.000       0.000     282.450       0.000      -0.366     129.000       4.178     129.000      64.000       0.000   84970.000       0.000 -888888.000 -888888.000
 20260806211000
   -31.5194  -68.9851 
  CARACOLES                                  SURFACE                                    
  FM-12 SYNOP       CARACOLES              942  F     F         1
 -888888.000 -888888.000 -888888.000 -888888.000     942.000       0.000     283.650       0.000      -0.944     129.000      -0.016     129.000      57.000       0.000   90500.000       0.000 -888888.000 -888888.000
 20260806211500
   -31.6500  -68.3000 
  ECOHUMUS                                   SURFACE                                    
  FM-12 SYNOP       ECOHUMUS               600  F     F         1
 -888888.000 -888888.000 -888888.000 -888888.000     600.000       0.000     280.950       0.000      -0.000     129.000      -0.000     129.000      51.000       0.000   95010.000       0.000 -888888.000 -888888.000
 20260806211500
   -31.5000  -68.2500 
  INTA_SANMARTIN                             SURFACE                                    
  FM-12 SYNOP       INTA_SANMARTIN         600  F     F         1
 -888888.000 -888888.000 -888888.000 -888888.000     600.000       0.000 -999999.000 -888888.000 -888888.000       0.000 -888888.000       0.000 -999999.000 -888888.000   95290.000       0.000 -888888.000 -888888.000
 20260806211500
   -30.6335  -67.4682 
  VALLE_FERTIL                               SURFACE                                    
  FM-12 SYNOP       VALLE_FERTIL           900  F     F         1
 -888888.000 -888888.000 -888888.000 -888888.000     900.000       0.000     281.650       0.000      -0.281     129.000       0.227     129.000      43.000       0.000   91620.000       0.000 -888888.000 -888888.000
 20260806211500
   -30.1833  -69.0667 
  CUESTA_Viento                              SURFACE                                    
  FM-12 SYNOP       CUESTA_Viento         1530  F     F         1
 -888888.000 -888888.000 -888888.000 -888888.000    1530.000       0.000     282.350       0.000       2.488     129.000       3.981     129.000      65.000       0.000   84990.000       0.000 -888888.000 -888888.000
 20260806211500
   -31.5194  -68.9851 
  CARACOLES                                  SURFACE                                    
  FM-12 SYNOP       CARACOLES              942  F     F         1
 -888888.000 -888888.000 -888888.000 -888888.000     942.000       0.000     283.550       0.000      -0.750     129.000       0.026     129.000      56.000       0.000   90500.000       0.000 -888888.000 -888888.000
 20260806212000
   -31.6500  -68.3000 
  ECOHUMUS                                   SURFACE                                    
  FM-12 SYNOP       ECOHUMUS               600  F     F         1
 -888888.000 -888888.000 -888888.000 -888888.000     600.000       0.000     280.550       0.000      -0.130     129.000       0.105     129.000      51.000       0.000   95010.000       0.000 -888888.000 -888888.000
 20260806212000
   -31.5000  -68.2500 
  INTA_SANMARTIN                             SURFACE                                    
  FM-12 SYNOP       INTA_SANMARTIN         600  F     F         1
 -888888.000 -888888.000 -888888.000 -888888.000     600.000       0.000 -999999.000 -888888.000 -888888.000       0.000 -888888.000       0.000 -999999.000 -888888.000   95290.000       0.000 -888888.000 -888888.000
 20260806212000
   -30.6335  -67.4682 
  VALLE_FERTIL                               SURFACE                                    
  FM-12 SYNOP       VALLE_FERTIL           900  F     F         1
 -888888.000 -888888.000 -888888.000 -888888.000     900.000       0.000     282.050       0.000      -0.000     129.000       0.306     129.000      44.000       0.000   91620.000       0.000 -888888.000 -888888.000
 20260806212000
   -30.1833  -69.0667 
  CUESTA_Viento                              SURFACE                                    
  FM-12 SYNOP       CUESTA_Viento         1530  F     F         1
 -888888.000 -888888.000 -888888.000 -888888.000    1530.000       0.000     282.350       0.000       1.145     129.000       3.746     129.000      65.000       0.000   85000.000       0.000 -888888.000 -888888.000
 20260806212000
   -31.5194  -68.9851 
  CARACOLES                                  SURFACE                                    
  FM-12 SYNOP       CARACOLES              942  F     F         1
 -888888.000 -888888.000 -888888.000 -888888.000     942.000       0.000     283.650       0.000      -0.932     129.000      -0.496     129.000      56.000       0.000   90500.000       0.000 -888888.000 -888888.000
 20260806212500
   -31.6500  -68.3000 
  ECOHUMUS                                   SURFACE                                    
  FM-12 SYNOP       ECOHUMUS               600  F     F         1
 -888888.000 -888888.000 -888888.000 -888888.000     600.000       0.000     280.150       0.000      -0.097     129.000       0.319     129.000      50.000       0.000   95010.000       0.000 -888888.000 -888888.000
 20260806212500
   -31.5000  -68.2500 
  INTA_SANMARTIN                             SURFACE                                    
  FM-12 SYNOP       INTA_SANMARTIN         600  F     F         1
 -888888.000 -888888.000 -888888.000 -888888.000     600.000       0.000 -999999.000 -888888.000 -888888.000       0.000 -888888.000       0.000 -999999.000 -888888.000   95300.000       0.000 -888888.000 -888888.000
 20260806212500
   -30.6335  -67.4682 
  VALLE_FERTIL                               SURFACE                                    
  FM-12 SYNOP       VALLE_FERTIL           900  F     F         1
 -888888.000 -888888.000 -888888.000 -888888.000     900.000       0.000     281.550       0.000      -0.000     129.000       0.000     129.000      47.000       0.000   91640.000       0.000 -888888.000 -888888.000
 20260806212500
   -30.1833  -69.0667 
  CUESTA_Viento                              SURFACE                                    
  FM-12 SYNOP       CUESTA_Viento         1530  F     F         1
 -888888.000 -888888.000 -888888.000 -888888.000    1530.000       0.000     282.350       0.000       4.053     129.000       4.830     129.000      65.000       0.000   84990.000       0.000 -888888.000 -888888.000
 20260806212500
   -31.5194  -68.9851 
  CARACOLES                                  SURFACE                                    
  FM-12 SYNOP       CARACOLES              942  F     F         1
 -888888.000 -888888.000 -888888.000 -888888.000     942.000       0.000     283.550       0.000      -1.110     129.000      -0.361     129.000      55.000       0.000   90500.000       0.000 -888888.000 -888888.000
 20260806213000
   -31.6500  -68.3000 
  ECOHUMUS                                   SURFACE                                    
  FM-12 SYNOP       ECOHUMUS               600  F     F         1
 -888888.000 -888888.000 -888888.000 -888888.000     600.000       0.000     279.550       0.000      -0.021     129.000       0.018     129.000      51.000       0.000   95010.000       0.000 -888888.000 -888888.000
 20260806213000
   -31.5000  -68.2500 
  INTA_SANMARTIN                             SURFACE                                    
  FM-12 SYNOP       INTA_SANMARTIN         600  F     F         1
 -888888.000 -888888.000 -888888.000 -888888.000     600.000       0.000 -999999.000 -888888.000 -888888.000       0.000 -888888.000       0.000 -999999.000 -888888.000   95300.000       0.000 -888888.000 -888888.000
 20260806213000
   -30.6335  -67.4682 
  VALLE_FERTIL                               SURFACE                                    
  FM-12 SYNOP       VALLE_FERTIL           900  F     F         1
 -888888.000 -888888.000 -888888.000 -888888.000     900.000       0.000     280.650       0.000       0.076     129.000       0.209     129.000      48.000       0.000   91640.000       0.000 -888888.000 -888888.000
 20260806213000
   -30.1833  -69.0667 
  CUESTA_Viento                              SURFACE                                    
  FM-12 SYNOP       CUESTA_Viento         1530  F     F         1
 -888888.000 -888888.000 -888888.000 -888888.000    1530.000       0.000     282.350       0.000       0.721     129.000       3.708     129.000      65.000       0.000   85000.000       0.000 -888888.000 -888888.000
 20260806213000
   -31.5194  -68.9851 
  CARACOLES                                  SURFACE                                    
  FM-12 SYNOP       CARACOLES              942  F     F         1
 -888888.000 -888888.000 -888888.000 -888888.000     942.000       0.000     283.550       0.000      -0.444     129.000      -0.162     129.000      55.000       0.000   90510.000       0.000 -888888.000 -888888.000
 20260806213500
   -31.6500  -68.3000 
  ECOHUMUS                                   SURFACE                                    
  FM-12 SYNOP       ECOHUMUS               600  F     F         1
 -888888.000 -888888.000 -888888.000 -888888.000     600.000       0.000     279.050       0.000      -0.000     129.000       0.000     129.000      53.000       0.000   95010.000       0.000 -888888.000 -888888.000
 20260806213500
   -31.5000  -68.2500 
  INTA_SANMARTIN                             SURFACE                                    
  FM-12 SYNOP       INTA_SANMARTIN         600  F     F         1
 -888888.000 -888888.000 -888888.000 -888888.000     600.000       0.000 -999999.000 -888888.000 -888888.000       0.000 -888888.000       0.000 -999999.000 -888888.000   95300.000       0.000 -888888.000 -888888.000
 20260806213500
   -30.6335  -67.4682 
  VALLE_FERTIL                               SURFACE                                    
  FM-12 SYNOP       VALLE_FERTIL           900  F     F         1
 -888888.000 -888888.000 -888888.000 -888888.000     900.000       0.000     280.150       0.000       0.371     129.000      -0.189     129.000      50.000       0.000   91660.000       0.000 -888888.000 -888888.000
 20260806213500
   -30.1833  -69.0667 
  CUESTA_Viento                              SURFACE                                    
  FM-12 SYNOP       CUESTA_Viento         1530  F     F         1
 -888888.000 -888888.000 -888888.000 -888888.000    1530.000       0.000     282.250       0.000      -0.455     129.000       5.202     129.000      65.000       0.000   85000.000       0.000 -888888.000 -888888.000
 20260806213500
   -31.5194  -68.9851 
  CARACOLES                                  SURFACE                                    
  FM-12 SYNOP       CARACOLES              942  F     F         1
 -888888.000 -888888.000 -888888.000 -888888.000     942.000       0.000     283.550       0.000      -0.887     129.000      -0.323     129.000      55.000       0.000   90510.000       0.000 -888888.000 -888888.000
 20260806214000
   -31.6500  -68.3000 
  ECOHUMUS                                   SURFACE                                    
  FM-12 SYNOP       ECOHUMUS               600  F     F         1
 -888888.000 -888888.000 -888888.000 -888888.000     600.000       0.000     279.250       0.000      -0.000     129.000       0.000     129.000      54.000       0.000   95010.000       0.000 -888888.000 -888888.000
 20260806214000
   -31.5000  -68.2500 
  INTA_SANMARTIN                             SURFACE                                    
  FM-12 SYNOP       INTA_SANMARTIN         600  F     F         1
 -888888.000 -888888.000 -888888.000 -888888.000     600.000       0.000 -999999.000 -888888.000 -888888.000       0.000 -888888.000       0.000 -999999.000 -888888.000   95300.000       0.000 -888888.000 -888888.000
 20260806214000
   -30.6335  -67.4682 
  VALLE_FERTIL                               SURFACE                                    
  FM-12 SYNOP       VALLE_FERTIL           900  F     F         1
 -888888.000 -888888.000 -888888.000 -888888.000     900.000       0.000     279.950       0.000       0.560     129.000      -0.862     129.000      50.000       0.000   91660.000       0.000 -888888.000 -888888.000
 20260806214000
   -30.1833  -69.0667 
  CUESTA_Viento                              SURFACE                                    
  FM-12 SYNOP       CUESTA_Viento         1530  F     F         1
 -888888.000 -888888.000 -888888.000 -888888.000    1530.000       0.000     282.250       0.000       4.810     129.000       4.331     129.000      65.000       0.000   84990.000       0.000 -888888.000 -888888.000
 20260806214000
   -31.5194  -68.9851 
  CARACOLES                                  SURFACE                                    
  FM-12 SYNOP       CARACOLES              942  F     F         1
 -888888.000 -888888.000 -888888.000 -888888.000     942.000       0.000     283.550       0.000      -0.693     129.000       0.048     129.000      55.000       0.000   90520.000       0.000 -888888.000 -888888.000
 20260806214500
   -31.6500  -68.3000 
  ECOHUMUS                                   SURFACE                                    
  FM-12 SYNOP       ECOHUMUS               600  F     F         1
 -888888.000 -888888.000 -888888.000 -888888.000     600.000       0.000     279.950       0.000      -0.026     129.000       0.499     129.000      51.000       0.000   95010.000       0.000 -888888.000 -888888.000
 20260806214500
   -31.5000  -68.2500 
  INTA_SANMARTIN                             SURFACE                                    
  FM-12 SYNOP       INTA_SANMARTIN         600  F     F         1
 -888888.000 -888888.000 -888888.000 -888888.000     600.000       0.000 -999999.000 -888888.000 -888888.000       0.000 -888888.000       0.000 -999999.000 -888888.000   95300.000       0.000 -888888.000 -888888.000
 20260806214500
   -30.6335  -67.4682 
  VALLE_FERTIL                               SURFACE                                    
  FM-12 SYNOP       VALLE_FERTIL           900  F     F         1
 -888888.000 -888888.000 -888888.000 -888888.000     900.000       0.000     279.050       0.000       1.094     129.000      -0.855     129.000      50.000       0.000   91670.000       0.000 -888888.000 -888888.000
 20260806214500
   -30.1833  -69.0667 
  CUESTA_Viento                              SURFACE                                    
  FM-12 SYNOP       CUESTA_Viento         1530  F     F         1
 -888888.000 -888888.000 -888888.000 -888888.000    1530.000       0.000     282.150       0.000       2.071     129.000       6.015     129.000      65.000       0.000   84990.000       0.000 -888888.000 -888888.000
 20260806214500
   -31.5194  -68.9851 
  CARACOLES                                  SURFACE                                    
  FM-12 SYNOP       CARACOLES              942  F     F         1
 -888888.000 -888888.000 -888888.000 -888888.000     942.000       0.000     283.450       0.000      -0.821     129.000      -0.145     129.000      55.000       0.000   90510.000       0.000 -888888.000 -888888.000
 20260806215000
   -31.6500  -68.3000 
  ECOHUMUS                                   SURFACE                                    
  FM-12 SYNOP       ECOHUMUS               600  F     F         1
 -888888.000 -888888.000 -888888.000 -888888.000     600.000       0.000     281.250       0.000       0.017     129.000       0.138     129.000      48.000       0.000   95020.000       0.000 -888888.000 -888888.000
 20260806215000
   -31.5000  -68.2500 
  INTA_SANMARTIN                             SURFACE                                    
  FM-12 SYNOP       INTA_SANMARTIN         600  F     F         1
 -888888.000 -888888.000 -888888.000 -888888.000     600.000       0.000 -999999.000 -888888.000 -888888.000       0.000 -888888.000       0.000 -999999.000 -888888.000   95310.000       0.000 -888888.000 -888888.000
 20260806215000
   -30.6335  -67.4682 
  VALLE_FERTIL                               SURFACE                                    
  FM-12 SYNOP       VALLE_FERTIL           900  F     F         1
 -888888.000 -888888.000 -888888.000 -888888.000     900.000       0.000     279.050       0.000       1.253     129.000      -0.532     129.000      50.000       0.000   91660.000       0.000 -888888.000 -888888.000
 20260806215000
   -30.1833  -69.0667 
  CUESTA_Viento                              SURFACE                                    
  FM-12 SYNOP       CUESTA_Viento         1530  F     F         1
 -888888.000 -888888.000 -888888.000 -888888.000    1530.000       0.000     282.150       0.000       1.795     129.000       5.871     129.000      65.000       0.000   84990.000       0.000 -888888.000 -888888.000
 20260806215000
   -31.5194  -68.9851 
  CARACOLES                                  SURFACE                                    
  FM-12 SYNOP       CARACOLES              942  F     F         1
 -888888.000 -888888.000 -888888.000 -888888.000     942.000       0.000     283.450       0.000      -0.636     129.000      -0.056     129.000      55.000       0.000   90500.000       0.000 -888888.000 -888888.000
 20260806215500
   -31.6500  -68.3000 
  ECOHUMUS                                   SURFACE                                    
  FM-12 SYNOP       ECOHUMUS               600  F     F         1
 -888888.000 -888888.000 -888888.000 -888888.000     600.000       0.000     280.350       0.000       0.061     129.000       0.093     129.000      51.000       0.000   95010.000       0.000 -888888.000 -888888.000
 20260806215500
   -31.5000  -68.2500 
  INTA_SANMARTIN                             SURFACE                                    
  FM-12 SYNOP       INTA_SANMARTIN         600  F     F         1
 -888888.000 -888888.000 -888888.000 -888888.000     600.000       0.000 -999999.000 -888888.000 -888888.000       0.000 -888888.000       0.000 -999999.000 -888888.000   95310.000       0.000 -888888.000 -888888.000
 20260806215500
   -30.6335  -67.4682 
  VALLE_FERTIL                               SURFACE                                    
  FM-12 SYNOP       VALLE_FERTIL           900  F     F         1
 -888888.000 -888888.000 -888888.000 -888888.000     900.000       0.000     278.950       0.000       1.030     129.000      -0.548     129.000      50.000       0.000   91660.000       0.000 -888888.000 -888888.000
 20260806215500
   -30.1833  -69.0667 
  CUESTA_Viento                              SURFACE                                    
  FM-12 SYNOP       CUESTA_Viento         1530  F     F         1
 -888888.000 -888888.000 -888888.000 -888888.000    1530.000       0.000     282.050       0.000       2.147     129.000       4.821     129.000      66.000       0.000   85000.000       0.000 -888888.000 -888888.000
 20260806215500
   -31.5194  -68.9851 
  CARACOLES                                  SURFACE                                    
  FM-12 SYNOP       CARACOLES              942  F     F         1
 -888888.000 -888888.000 -888888.000 -888888.000     942.000       0.000     283.450       0.000      -0.470     129.000       0.049     129.000      56.000       0.000   90510.000       0.000 -888888.000 -888888.000
 20260806220000
   -31.6500  -68.3000 
  ECOHUMUS                                   SURFACE                                    
  FM-12 SYNOP       ECOHUMUS               600  F     F         1
 -888888.000 -888888.000 -888888.000 -888888.000     600.000       0.000     280.550       0.000       0.098     129.000       0.098     129.000      51.000       0.000   95000.000       0.000 -888888.000 -888888.000
 20260806220000
   -31.5000  -68.2500 
  INTA_SANMARTIN                             SURFACE                                    
  FM-12 SYNOP       INTA_SANMARTIN         600  F     F         1
 -888888.000 -888888.000 -888888.000 -888888.000     600.000       0.000 -999999.000 -888888.000 -888888.000       0.000 -888888.000       0.000 -999999.000 -888888.000   95300.000       0.000 -888888.000 -888888.000
 20260806220000
   -30.6335  -67.4682 
  VALLE_FERTIL                               SURFACE                                    
  FM-12 SYNOP       VALLE_FERTIL           900  F     F         1
 -888888.000 -888888.000 -888888.000 -888888.000     900.000       0.000     278.850       0.000       1.136     129.000      -0.369     129.000      50.000       0.000   91660.000       0.000 -888888.000 -888888.000
 20260806220000
   -30.1833  -69.0667 
  CUESTA_Viento                              SURFACE                                    
  FM-12 SYNOP       CUESTA_Viento         1530  F     F         1
 -888888.000 -888888.000 -888888.000 -888888.000    1530.000       0.000     282.050       0.000       2.123     129.000       5.254     129.000      66.000       0.000   85000.000       0.000 -888888.000 -888888.000
 20260806220000
   -31.5194  -68.9851 
  CARACOLES                                  SURFACE                                    
  FM-12 SYNOP       CARACOLES              942  F     F         1
 -888888.000 -888888.000 -888888.000 -888888.000     942.000       0.000     283.350       0.000      -0.512     129.000      -0.128     129.000      56.000       0.000   90500.000       0.000 -888888.000 -888888.000
 20260806220500
   -31.6500  -68.3000 
  ECOHUMUS                                   SURFACE                                    
  FM-12 SYNOP       ECOHUMUS               600  F     F         1
 -888888.000 -888888.000 -888888.000 -888888.000     600.000       0.000     279.550       0.000       0.019     129.000       0.109     129.000      53.000       0.000   95000.000       0.000 -888888.000 -888888.000
 20260806220500
   -31.5000  -68.2500 
  INTA_SANMARTIN                             SURFACE                                    
  FM-12 SYNOP       INTA_SANMARTIN         600  F     F         1
 -888888.000 -888888.000 -888888.000 -888888.000     600.000       0.000 -999999.000 -888888.000 -888888.000       0.000 -888888.000       0.000 -999999.000 -888888.000   95300.000       0.000 -888888.000 -888888.000
 20260806220500
   -30.6335  -67.4682 
  VALLE_FERTIL                               SURFACE                                    
  FM-12 SYNOP       VALLE_FERTIL           900  F     F         1
 -888888.000 -888888.000 -888888.000 -888888.000     900.000       0.000     279.150       0.000       1.177     129.000      -0.626     129.000      49.000       0.000   91660.000       0.000 -888888.000 -888888.000
 20260806220500
   -30.1833  -69.0667 
  CUESTA_Viento                              SURFACE                                    
  FM-12 SYNOP       CUESTA_Viento         1530  F     F         1
 -888888.000 -888888.000 -888888.000 -888888.000    1530.000       0.000     281.950       0.000       2.081     129.000       5.151     129.000      66.000       0.000   85000.000       0.000 -888888.000 -888888.000
 20260806220500
   -31.5194  -68.9851 
  CARACOLES                                  SURFACE                                    
  FM-12 SYNOP       CARACOLES              942  F     F         1
 -888888.000 -888888.000 -888888.000 -888888.000     942.000       0.000     283.250       0.000      -0.504     129.000       0.235     129.000      55.000       0.000   90500.000       0.000 -888888.000 -888888.000
 20260806221000
   -31.6500  -68.3000 
  ECOHUMUS                                   SURFACE                                    
  FM-12 SYNOP       ECOHUMUS               600  F     F         1
 -888888.000 -888888.000 -888888.000 -888888.000     600.000       0.000     279.750       0.000       0.007     129.000       0.055     129.000      54.000       0.000   95000.000       0.000 -888888.000 -888888.000
 20260806221000
   -31.5000  -68.2500 
  INTA_SANMARTIN                             SURFACE                                    
  FM-12 SYNOP       INTA_SANMARTIN         600  F     F         1
 -888888.000 -888888.000 -888888.000 -888888.000     600.000       0.000 -999999.000 -888888.000 -888888.000       0.000 -888888.000       0.000 -999999.000 -888888.000   95290.000       0.000 -888888.000 -888888.000
 20260806221000
   -30.6335  -67.4682 
  VALLE_FERTIL                               SURFACE                                    
  FM-12 SYNOP       VALLE_FERTIL           900  F     F         1
 -888888.000 -888888.000 -888888.000 -888888.000     900.000       0.000     279.650       0.000       1.023     129.000      -1.059     129.000      49.000       0.000   91660.000       0.000 -888888.000 -888888.000
 20260806221000
   -30.1833  -69.0667 
  CUESTA_Viento                              SURFACE                                    
  FM-12 SYNOP       CUESTA_Viento         1530  F     F         1
 -888888.000 -888888.000 -888888.000 -888888.000    1530.000       0.000     281.950       0.000       1.095     129.000       4.393     129.000      65.000       0.000   84990.000       0.000 -888888.000 -888888.000
 20260806221000
   -31.5194  -68.9851 
  CARACOLES                                  SURFACE                                    
  FM-12 SYNOP       CARACOLES              942  F     F         1
 -888888.000 -888888.000 -888888.000 -888888.000     942.000       0.000     283.250       0.000      -0.812     129.000       0.362     129.000      55.000       0.000   90500.000       0.000 -888888.000 -888888.000
 20260806221500
   -31.6500  -68.3000 
  ECOHUMUS                                   SURFACE                                    
  FM-12 SYNOP       ECOHUMUS               600  F     F         1
 -888888.000 -888888.000 -888888.000 -888888.000     600.000       0.000     279.850       0.000       0.010     129.000       0.083     129.000      54.000       0.000   95000.000       0.000 -888888.000 -888888.000
 20260806221500
   -31.5000  -68.2500 
  INTA_SANMARTIN                             SURFACE                                    
  FM-12 SYNOP       INTA_SANMARTIN         600  F     F         1
 -888888.000 -888888.000 -888888.000 -888888.000     600.000       0.000 -999999.000 -888888.000 -888888.000       0.000 -888888.000       0.000 -999999.000 -888888.000   95290.000       0.000 -888888.000 -888888.000
 20260806221500
   -30.6335  -67.4682 
  VALLE_FERTIL                               SURFACE                                    
  FM-12 SYNOP       VALLE_FERTIL           900  F     F         1
 -888888.000 -888888.000 -888888.000 -888888.000     900.000       0.000     279.850       0.000       0.735     129.000      -1.011     129.000      49.000       0.000   91660.000       0.000 -888888.000 -888888.000
 20260806221500
   -30.1833  -69.0667 
  CUESTA_Viento                              SURFACE                                    
  FM-12 SYNOP       CUESTA_Viento         1530  F     F         1
 -888888.000 -888888.000 -888888.000 -888888.000    1530.000       0.000     281.950       0.000       2.817     129.000       5.298     129.000      65.000       0.000   84990.000       0.000 -888888.000 -888888.000
 20260806221500
   -31.5194  -68.9851 
  CARACOLES                                  SURFACE                                    
  FM-12 SYNOP       CARACOLES              942  F     F         1
 -888888.000 -888888.000 -888888.000 -888888.000     942.000       0.000     283.150       0.000      -0.474     129.000       0.231     129.000      55.000       0.000   90500.000       0.000 -888888.000 -888888.000
 20260806222000
   -31.6500  -68.3000 
  ECOHUMUS                                   SURFACE                                    
  FM-12 SYNOP       ECOHUMUS               600  F     F         1
 -888888.000 -888888.000 -888888.000 -888888.000     600.000       0.000     279.150       0.000       0.014     129.000       0.110     129.000      56.000       0.000   95010.000       0.000 -888888.000 -888888.000
 20260806222000
   -31.5000  -68.2500 
  INTA_SANMARTIN                             SURFACE                                    
  FM-12 SYNOP       INTA_SANMARTIN         600  F     F         1
 -888888.000 -888888.000 -888888.000 -888888.000     600.000       0.000 -999999.000 -888888.000 -888888.000       0.000 -888888.000       0.000 -999999.000 -888888.000   95300.000       0.000 -888888.000 -888888.000
 20260806222000
   -30.6335  -67.4682 
  VALLE_FERTIL                               SURFACE                                    
  FM-12 SYNOP       VALLE_FERTIL           900  F     F         1
 -888888.000 -888888.000 -888888.000 -888888.000     900.000       0.000     279.450       0.000       0.414     129.000      -0.592     129.000      48.000       0.000   91670.000       0.000 -888888.000 -888888.000
 20260806222000
   -30.1833  -69.0667 
  CUESTA_Viento                              SURFACE                                    
  FM-12 SYNOP       CUESTA_Viento         1530  F     F         1
 -888888.000 -888888.000 -888888.000 -888888.000    1530.000       0.000     281.950       0.000       2.007     129.000       3.620     129.000      65.000       0.000   84990.000       0.000 -888888.000 -888888.000
 20260806222000
   -31.5194  -68.9851 
  CARACOLES                                  SURFACE                                    
  FM-12 SYNOP       CARACOLES              942  F     F         1
 -888888.000 -888888.000 -888888.000 -888888.000     942.000       0.000     283.150       0.000      -0.718     129.000      -0.075     129.000      55.000       0.000   90500.000       0.000 -888888.000 -888888.000
 20260806222500
   -31.6500  -68.3000 
  ECOHUMUS                                   SURFACE                                    
  FM-12 SYNOP       ECOHUMUS               600  F     F         1
 -888888.000 -888888.000 -888888.000 -888888.000     600.000       0.000     278.250       0.000       0.000     129.000       0.000     129.000      58.000       0.000   95020.000       0.000 -888888.000 -888888.000
 20260806222500
   -31.5000  -68.2500 
  INTA_SANMARTIN                             SURFACE                                    
  FM-12 SYNOP       INTA_SANMARTIN         600  F     F         1
 -888888.000 -888888.000 -888888.000 -888888.000     600.000       0.000 -999999.000 -888888.000 -888888.000       0.000 -888888.000       0.000 -999999.000 -888888.000   95320.000       0.000 -888888.000 -888888.000
 20260806222500
   -30.6335  -67.4682 
  VALLE_FERTIL                               SURFACE                                    
  FM-12 SYNOP       VALLE_FERTIL           900  F     F         1
 -888888.000 -888888.000 -888888.000 -888888.000     900.000       0.000     279.450       0.000       0.799     129.000      -0.888     129.000      49.000       0.000   91680.000       0.000 -888888.000 -888888.000
 20260806222500
   -30.1833  -69.0667 
  CUESTA_Viento                              SURFACE                                    
  FM-12 SYNOP       CUESTA_Viento         1530  F     F         1
 -888888.000 -888888.000 -888888.000 -888888.000    1530.000       0.000     281.950       0.000       1.076     129.000       3.125     129.000      65.000       0.000   85000.000       0.000 -888888.000 -888888.000
 20260806222500
   -31.5194  -68.9851 
  CARACOLES                                  SURFACE                                    
  FM-12 SYNOP       CARACOLES              942  F     F         1
 -888888.000 -888888.000 -888888.000 -888888.000     942.000       0.000     283.250       0.000      -0.860     129.000      -0.045     129.000      55.000       0.000   90500.000       0.000 -888888.000 -888888.000
 20260806223000
   -31.6500  -68.3000 
  ECOHUMUS                                   SURFACE                                    
  FM-12 SYNOP       ECOHUMUS               600  F     F         1
 -888888.000 -888888.000 -888888.000 -888888.000     600.000       0.000     277.750       0.000       0.000     129.000       0.000     129.000      59.000       0.000   95020.000       0.000 -888888.000 -888888.000
 20260806223000
   -31.5000  -68.2500 
  INTA_SANMARTIN                             SURFACE                                    
  FM-12 SYNOP       INTA_SANMARTIN         600  F     F         1
 -888888.000 -888888.000 -888888.000 -888888.000     600.000       0.000 -999999.000 -888888.000 -888888.000       0.000 -888888.000       0.000 -999999.000 -888888.000   95300.000       0.000 -888888.000 -888888.000
 20260806223000
   -30.6335  -67.4682 
  VALLE_FERTIL                               SURFACE                                    
  FM-12 SYNOP       VALLE_FERTIL           900  F     F         1
 -888888.000 -888888.000 -888888.000 -888888.000     900.000       0.000     279.350       0.000       1.093     129.000      -0.606     129.000      50.000       0.000   91670.000       0.000 -888888.000 -888888.000
 20260806223000
   -30.1833  -69.0667 
  CUESTA_Viento                              SURFACE                                    
  FM-12 SYNOP       CUESTA_Viento         1530  F     F         1
 -888888.000 -888888.000 -888888.000 -888888.000    1530.000       0.000     281.850       0.000       1.071     129.000       5.508     129.000      65.000       0.000   85000.000       0.000 -888888.000 -888888.000
 20260806223000
   -31.5194  -68.9851 
  CARACOLES                                  SURFACE                                    
  FM-12 SYNOP       CARACOLES              942  F     F         1
 -888888.000 -888888.000 -888888.000 -888888.000     942.000       0.000     283.250       0.000      -0.610     129.000      -0.032     129.000      55.000       0.000   90500.000       0.000 -888888.000 -888888.000
 20260806223500
   -31.6500  -68.3000 
  ECOHUMUS                                   SURFACE                                    
  FM-12 SYNOP       ECOHUMUS               600  F     F         1
 -888888.000 -888888.000 -888888.000 -888888.000     600.000       0.000     277.450       0.000       0.000     129.000       0.000     129.000      59.000       0.000   95010.000       0.000 -888888.000 -888888.000
 20260806223500
   -31.5000  -68.2500 
  INTA_SANMARTIN                             SURFACE                                    
  FM-12 SYNOP       INTA_SANMARTIN         600  F     F         1
 -888888.000 -888888.000 -888888.000 -888888.000     600.000       0.000 -999999.000 -888888.000 -888888.000       0.000 -888888.000       0.000 -999999.000 -888888.000   95290.000       0.000 -888888.000 -888888.000
 20260806223500
   -30.6335  -67.4682 
  VALLE_FERTIL                               SURFACE                                    
  FM-12 SYNOP       VALLE_FERTIL           900  F     F         1
 -888888.000 -888888.000 -888888.000 -888888.000     900.000       0.000     279.450       0.000       0.777     129.000      -0.833     129.000      49.000       0.000   91690.000       0.000 -888888.000 -888888.000
 20260806223500
   -30.1833  -69.0667 
  CUESTA_Viento                              SURFACE                                    
  FM-12 SYNOP       CUESTA_Viento         1530  F     F         1
 -888888.000 -888888.000 -888888.000 -888888.000    1530.000       0.000     281.850       0.000       1.503     129.000       3.375     129.000      65.000       0.000   84990.000       0.000 -888888.000 -888888.000
 20260806223500
   -31.5194  -68.9851 
  CARACOLES                                  SURFACE                                    
  FM-12 SYNOP       CARACOLES              942  F     F         1
 -888888.000 -888888.000 -888888.000 -888888.000     942.000       0.000     283.350       0.000      -0.270     129.000       0.143     129.000      55.000       0.000   90500.000       0.000 -888888.000 -888888.000
 20260806224000
   -31.6500  -68.3000 
  ECOHUMUS                                   SURFACE                                    
  FM-12 SYNOP       ECOHUMUS               600  F     F         1
 -888888.000 -888888.000 -888888.000 -888888.000     600.000       0.000     277.450       0.000       0.003     129.000       0.028     129.000      59.000       0.000   94990.000       0.000 -888888.000 -888888.000
 20260806224000
   -31.5000  -68.2500 
  INTA_SANMARTIN                             SURFACE                                    
  FM-12 SYNOP       INTA_SANMARTIN         600  F     F         1
 -888888.000 -888888.000 -888888.000 -888888.000     600.000       0.000 -999999.000 -888888.000 -888888.000       0.000 -888888.000       0.000 -999999.000 -888888.000   95300.000       0.000 -888888.000 -888888.000
 20260806224000
   -30.6335  -67.4682 
  VALLE_FERTIL                               SURFACE                                    
  FM-12 SYNOP       VALLE_FERTIL           900  F     F         1
 -888888.000 -888888.000 -888888.000 -888888.000     900.000       0.000     279.350       0.000       0.460     129.000      -0.444     129.000      50.000       0.000   91680.000       0.000 -888888.000 -888888.000
 20260806224000
   -30.1833  -69.0667 
  CUESTA_Viento                              SURFACE                                    
  FM-12 SYNOP       CUESTA_Viento         1530  F     F         1
 -888888.000 -888888.000 -888888.000 -888888.000    1530.000       0.000     281.650       0.000       2.808     129.000       3.865     129.000      65.000       0.000   85010.000       0.000 -888888.000 -888888.000
 20260806224000
   -31.5194  -68.9851 
  CARACOLES                                  SURFACE                                    
  FM-12 SYNOP       CARACOLES              942  F     F         1
 -888888.000 -888888.000 -888888.000 -888888.000     942.000       0.000     283.150       0.000      -0.319     129.000      -0.097     129.000      55.000       0.000   90500.000       0.000 -888888.000 -888888.000
 20260806224500
   -31.6500  -68.3000 
  ECOHUMUS                                   SURFACE                                    
  FM-12 SYNOP       ECOHUMUS               600  F     F         1
 -888888.000 -888888.000 -888888.000 -888888.000     600.000       0.000     276.950       0.000       0.003     129.000       0.028     129.000      59.000       0.000   95000.000       0.000 -888888.000 -888888.000
 20260806224500
   -31.5000  -68.2500 
  INTA_SANMARTIN                             SURFACE                                    
  FM-12 SYNOP       INTA_SANMARTIN         600  F     F         1
 -888888.000 -888888.000 -888888.000 -888888.000     600.000       0.000 -999999.000 -888888.000 -888888.000       0.000 -888888.000       0.000 -999999.000 -888888.000   95300.000       0.000 -888888.000 -888888.000
 20260806224500
   -30.6335  -67.4682 
  VALLE_FERTIL                               SURFACE                                    
  FM-12 SYNOP       VALLE_FERTIL           900  F     F         1
 -888888.000 -888888.000 -888888.000 -888888.000     900.000       0.000     279.450       0.000       0.650     129.000      -0.606     129.000      50.000       0.000   91680.000       0.000 -888888.000 -888888.000
 20260806224500
   -30.1833  -69.0667 
  CUESTA_Viento                              SURFACE                                    
  FM-12 SYNOP       CUESTA_Viento         1530  F     F         1
 -888888.000 -888888.000 -888888.000 -888888.000    1530.000       0.000     281.550       0.000       2.466     129.000       3.797     129.000      64.000       0.000   85010.000       0.000 -888888.000 -888888.000
 20260806224500
   -31.5194  -68.9851 
  CARACOLES                                  SURFACE                                    
  FM-12 SYNOP       CARACOLES              942  F     F         1
 -888888.000 -888888.000 -888888.000 -888888.000     942.000       0.000     283.150       0.000      -0.371     129.000       0.189     129.000      55.000       0.000   90490.000       0.000 -888888.000 -888888.000
 20260806225000
   -31.6500  -68.3000 
  ECOHUMUS                                   SURFACE                                    
  FM-12 SYNOP       ECOHUMUS               600  F     F         1
 -888888.000 -888888.000 -888888.000 -888888.000     600.000       0.000     277.050       0.000       0.020     129.000       0.165     129.000      61.000       0.000   95000.000       0.000 -888888.000 -888888.000
 20260806225000
   -31.5000  -68.2500 
  INTA_SANMARTIN                             SURFACE                                    
  FM-12 SYNOP       INTA_SANMARTIN         600  F     F         1
 -888888.000 -888888.000 -888888.000 -888888.000     600.000       0.000 -999999.000 -888888.000 -888888.000       0.000 -888888.000       0.000 -999999.000 -888888.000   95290.000       0.000 -888888.000 -888888.000
 20260806225000
   -30.6335  -67.4682 
  VALLE_FERTIL                               SURFACE                                    
  FM-12 SYNOP       VALLE_FERTIL           900  F     F         1
 -888888.000 -888888.000 -888888.000 -888888.000     900.000       0.000     279.550       0.000       0.155     129.000      -0.476     129.000      49.000       0.000   91690.000       0.000 -888888.000 -888888.000
 20260806225000
   -30.1833  -69.0667 
  CUESTA_Viento                              SURFACE                                    
  FM-12 SYNOP       CUESTA_Viento         1530  F     F         1
 -888888.000 -888888.000 -888888.000 -888888.000    1530.000       0.000     281.550       0.000       2.159     129.000       3.201     129.000      64.000       0.000   85020.000       0.000 -888888.000 -888888.000
 20260806225000
   -31.5194  -68.9851 
  CARACOLES                                  SURFACE                                    
  FM-12 SYNOP       CARACOLES              942  F     F         1
 -888888.000 -888888.000 -888888.000 -888888.000     942.000       0.000     283.150       0.000      -0.266     129.000       0.201     129.000      55.000       0.000   90480.000       0.000 -888888.000 -888888.000
 20260806225500
   -31.6500  -68.3000 
  ECOHUMUS                                   SURFACE                                    
  FM-12 SYNOP       ECOHUMUS               600  F     F         1
 -888888.000 -888888.000 -888888.000 -888888.000     600.000       0.000     276.850       0.000       0.000     129.000       0.000     129.000      60.000       0.000   95000.000       0.000 -888888.000 -888888.000
 20260806225500
   -31.5000  -68.2500 
  INTA_SANMARTIN                             SURFACE                                    
  FM-12 SYNOP       INTA_SANMARTIN         600  F     F         1
 -888888.000 -888888.000 -888888.000 -888888.000     600.000       0.000 -999999.000 -888888.000 -888888.000       0.000 -888888.000       0.000 -999999.000 -888888.000   95290.000       0.000 -888888.000 -888888.000
 20260806225500
   -30.6335  -67.4682 
  VALLE_FERTIL                               SURFACE                                    
  FM-12 SYNOP       VALLE_FERTIL           900  F     F         1
 -888888.000 -888888.000 -888888.000 -888888.000     900.000       0.000     279.350       0.000       0.463     129.000      -0.480     129.000      49.000       0.000   91680.000       0.000 -888888.000 -888888.000
 20260806225500
   -30.1833  -69.0667 
  CUESTA_Viento                              SURFACE                                    
  FM-12 SYNOP       CUESTA_Viento         1530  F     F         1
 -888888.000 -888888.000 -888888.000 -888888.000    1530.000       0.000     281.450       0.000       2.753     129.000       3.524     129.000      64.000       0.000   85010.000       0.000 -888888.000 -888888.000
 20260806225500
   -31.5194  -68.9851 
  CARACOLES                                  SURFACE                                    
  FM-12 SYNOP       CARACOLES              942  F     F         1
 -888888.000 -888888.000 -888888.000 -888888.000     942.000       0.000     283.050       0.000      -0.053     129.000       0.017     129.000      56.000       0.000   90490.000       0.000 -888888.000 -888888.000
 20260806230000
   -31.6500  -68.3000 
  ECOHUMUS                                   SURFACE                                    
  FM-12 SYNOP       ECOHUMUS               600  F     F         1
 -888888.000 -888888.000 -888888.000 -888888.000     600.000       0.000     276.150       0.000       0.014     129.000       0.110     129.000      59.000       0.000   94990.000       0.000 -888888.000 -888888.000
 20260806230000
   -31.5000  -68.2500 
  INTA_SANMARTIN                             SURFACE                                    
  FM-12 SYNOP       INTA_SANMARTIN         600  F     F         1
 -888888.000 -888888.000 -888888.000 -888888.000     600.000       0.000 -999999.000 -888888.000 -888888.000       0.000 -888888.000       0.000 -999999.000 -888888.000   95290.000       0.000 -888888.000 -888888.000
 20260806230000
   -30.6335  -67.4682 
  VALLE_FERTIL                               SURFACE                                    
  FM-12 SYNOP       VALLE_FERTIL           900  F     F         1
 -888888.000 -888888.000 -888888.000 -888888.000     900.000       0.000     278.950       0.000       0.436     129.000      -0.467     129.000      52.000       0.000   91680.000       0.000 -888888.000 -888888.000
 20260806230000
   -30.1833  -69.0667 
  CUESTA_Viento                              SURFACE                                    
  FM-12 SYNOP       CUESTA_Viento         1530  F     F         1
 -888888.000 -888888.000 -888888.000 -888888.000    1530.000       0.000     281.450       0.000       0.082     129.000       4.722     129.000      64.000       0.000   85010.000       0.000 -888888.000 -888888.000
 20260806230000
   -31.5194  -68.9851 
  CARACOLES                                  SURFACE                                    
  FM-12 SYNOP       CARACOLES              942  F     F         1
 -888888.000 -888888.000 -888888.000 -888888.000     942.000       0.000     282.850       0.000      -0.025     129.000       0.012     129.000      57.000       0.000   90490.000       0.000 -888888.000 -888888.000
 20260806230500
   -31.6500  -68.3000 
  ECOHUMUS                                   SURFACE                                    
  FM-12 SYNOP       ECOHUMUS               600  F     F         1
 -888888.000 -888888.000 -888888.000 -888888.000     600.000       0.000     276.150       0.000       0.041     129.000       0.331     129.000      61.000       0.000   94990.000       0.000 -888888.000 -888888.000
 20260806230500
   -31.5000  -68.2500 
  INTA_SANMARTIN                             SURFACE                                    
  FM-12 SYNOP       INTA_SANMARTIN         600  F     F         1
 -888888.000 -888888.000 -888888.000 -888888.000     600.000       0.000 -999999.000 -888888.000 -888888.000       0.000 -888888.000       0.000 -999999.000 -888888.000   95280.000       0.000 -888888.000 -888888.000
 20260806230500
   -30.6335  -67.4682 
  VALLE_FERTIL                               SURFACE                                    
  FM-12 SYNOP       VALLE_FERTIL           900  F     F         1
 -888888.000 -888888.000 -888888.000 -888888.000     900.000       0.000     278.150       0.000       0.358     129.000      -0.595     129.000      53.000       0.000   91680.000       0.000 -888888.000 -888888.000
 20260806230500
   -30.1833  -69.0667 
  CUESTA_Viento                              SURFACE                                    
  FM-12 SYNOP       CUESTA_Viento         1530  F     F         1
 -888888.000 -888888.000 -888888.000 -888888.000    1530.000       0.000     281.350       0.000       1.817     129.000       3.024     129.000      64.000       0.000   85020.000       0.000 -888888.000 -888888.000
 20260806230500
   -31.5194  -68.9851 
  CARACOLES                                  SURFACE                                    
  FM-12 SYNOP       CARACOLES              942  F     F         1
 -888888.000 -888888.000 -888888.000 -888888.000     942.000       0.000     282.450       0.000      -0.000     129.000       0.000     129.000      60.000       0.000   90480.000       0.000 -888888.000 -888888.000
 20260806231000
   -31.6500  -68.3000 
  ECOHUMUS                                   SURFACE                                    
  FM-12 SYNOP       ECOHUMUS               600  F     F         1
 -888888.000 -888888.000 -888888.000 -888888.000     600.000       0.000     276.850       0.000       0.058     129.000       0.469     129.000      61.000       0.000   94990.000       0.000 -888888.000 -888888.000
 20260806231000
   -31.5000  -68.2500 
  INTA_SANMARTIN                             SURFACE                                    
  FM-12 SYNOP       INTA_SANMARTIN         600  F     F         1
 -888888.000 -888888.000 -888888.000 -888888.000     600.000       0.000 -999999.000 -888888.000 -888888.000       0.000 -888888.000       0.000 -999999.000 -888888.000   95290.000       0.000 -888888.000 -888888.000
 20260806231000
   -30.6335  -67.4682 
  VALLE_FERTIL                               SURFACE                                    
  FM-12 SYNOP       VALLE_FERTIL           900  F     F         1
 -888888.000 -888888.000 -888888.000 -888888.000     900.000       0.000     277.550       0.000       0.776     129.000      -0.585     129.000      54.000       0.000   91680.000       0.000 -888888.000 -888888.000
 20260806231000
   -30.1833  -69.0667 
  CUESTA_Viento                              SURFACE                                    
  FM-12 SYNOP       CUESTA_Viento         1530  F     F         1
 -888888.000 -888888.000 -888888.000 -888888.000    1530.000       0.000     281.350       0.000       2.416     129.000       3.326     129.000      64.000       0.000   85010.000       0.000 -888888.000 -888888.000
 20260806231000
   -31.5194  -68.9851 
  CARACOLES                                  SURFACE                                    
  FM-12 SYNOP       CARACOLES              942  F     F         1
 -888888.000 -888888.000 -888888.000 -888888.000     942.000       0.000     282.150       0.000      -0.020     129.000       0.019     129.000      61.000       0.000   90490.000       0.000 -888888.000 -888888.000
 20260806231500
   -31.6500  -68.3000 
  ECOHUMUS                                   SURFACE                                    
  FM-12 SYNOP       ECOHUMUS               600  F     F         1
 -888888.000 -888888.000 -888888.000 -888888.000     600.000       0.000     277.050       0.000       0.000     129.000       0.000     129.000      61.000       0.000   95000.000       0.000 -888888.000 -888888.000
 20260806231500
   -31.5000  -68.2500 
  INTA_SANMARTIN                             SURFACE                                    
  FM-12 SYNOP       INTA_SANMARTIN         600  F     F         1
 -888888.000 -888888.000 -888888.000 -888888.000     600.000       0.000 -999999.000 -888888.000 -888888.000       0.000 -888888.000       0.000 -999999.000 -888888.000   95290.000       0.000 -888888.000 -888888.000
 20260806231500
   -30.6335  -67.4682 
  VALLE_FERTIL                               SURFACE                                    
  FM-12 SYNOP       VALLE_FERTIL           900  F     F         1
 -888888.000 -888888.000 -888888.000 -888888.000     900.000       0.000     277.050       0.000       0.488     129.000      -0.455     129.000      54.000       0.000   91670.000       0.000 -888888.000 -888888.000
 20260806231500
   -30.1833  -69.0667 
  CUESTA_Viento                              SURFACE                                    
  FM-12 SYNOP       CUESTA_Viento         1530  F     F         1
 -888888.000 -888888.000 -888888.000 -888888.000    1530.000       0.000     281.250       0.000       1.294     129.000       4.513     129.000      64.000       0.000   85020.000       0.000 -888888.000 -888888.000
 20260806231500
   -31.5194  -68.9851 
  CARACOLES                                  SURFACE                                    
  FM-12 SYNOP       CARACOLES              942  F     F         1
 -888888.000 -888888.000 -888888.000 -888888.000     942.000       0.000     281.950       0.000      -0.000     129.000       0.000     129.000      61.000       0.000   90480.000       0.000 -888888.000 -888888.000
 20260806232000
   -31.6500  -68.3000 
  ECOHUMUS                                   SURFACE                                    
  FM-12 SYNOP       ECOHUMUS               600  F     F         1
 -888888.000 -888888.000 -888888.000 -888888.000     600.000       0.000     276.150       0.000      -0.037     129.000       0.303     129.000      61.000       0.000   95000.000       0.000 -888888.000 -888888.000
 20260806232000
   -31.5000  -68.2500 
  INTA_SANMARTIN                             SURFACE                                    
  FM-12 SYNOP       INTA_SANMARTIN         600  F     F         1
 -888888.000 -888888.000 -888888.000 -888888.000     600.000       0.000 -999999.000 -888888.000 -888888.000       0.000 -888888.000       0.000 -999999.000 -888888.000   95290.000       0.000 -888888.000 -888888.000
 20260806232000
   -30.6335  -67.4682 
  VALLE_FERTIL                               SURFACE                                    
  FM-12 SYNOP       VALLE_FERTIL           900  F     F         1
 -888888.000 -888888.000 -888888.000 -888888.000     900.000       0.000     276.750       0.000       0.455     129.000      -0.561     129.000      55.000       0.000   91660.000       0.000 -888888.000 -888888.000
 20260806232000
   -30.1833  -69.0667 
  CUESTA_Viento                              SURFACE                                    
  FM-12 SYNOP       CUESTA_Viento         1530  F     F         1
 -888888.000 -888888.000 -888888.000 -888888.000    1530.000       0.000     281.150       0.000       1.957     129.000       5.377     129.000      64.000       0.000   85010.000       0.000 -888888.000 -888888.000
 20260806232000
   -31.5194  -68.9851 
  CARACOLES                                  SURFACE                                    
  FM-12 SYNOP       CARACOLES              942  F     F         1
 -888888.000 -888888.000 -888888.000 -888888.000     942.000       0.000     281.850       0.000      -0.022     129.000       0.017     129.000      61.000       0.000   90470.000       0.000 -888888.000 -888888.000
 20260806232500
   -31.6500  -68.3000 
  ECOHUMUS                                   SURFACE                                    
  FM-12 SYNOP       ECOHUMUS               600  F     F         1
 -888888.000 -888888.000 -888888.000 -888888.000     600.000       0.000     275.850       0.000      -0.026     129.000       0.049     129.000      65.000       0.000   95010.000       0.000 -888888.000 -888888.000
 20260806232500
   -31.5000  -68.2500 
  INTA_SANMARTIN                             SURFACE                                    
  FM-12 SYNOP       INTA_SANMARTIN         600  F     F         1
 -888888.000 -888888.000 -888888.000 -888888.000     600.000       0.000 -999999.000 -888888.000 -888888.000       0.000 -888888.000       0.000 -999999.000 -888888.000   95300.000       0.000 -888888.000 -888888.000
 20260806232500
   -30.6335  -67.4682 
  VALLE_FERTIL                               SURFACE                                    
  FM-12 SYNOP       VALLE_FERTIL           900  F     F         1
 -888888.000 -888888.000 -888888.000 -888888.000     900.000       0.000     276.550       0.000       0.359     129.000      -0.494     129.000      57.000       0.000   91670.000       0.000 -888888.000 -888888.000
 20260806232500
   -30.1833  -69.0667 
  CUESTA_Viento                              SURFACE                                    
  FM-12 SYNOP       CUESTA_Viento         1530  F     F         1
 -888888.000 -888888.000 -888888.000 -888888.000    1530.000       0.000     281.150       0.000       1.883     129.000       4.662     129.000      64.000       0.000   85030.000       0.000 -888888.000 -888888.000
 20260806232500
   -31.5194  -68.9851 
  CARACOLES                                  SURFACE                                    
  FM-12 SYNOP       CARACOLES              942  F     F         1
 -888888.000 -888888.000 -888888.000 -888888.000     942.000       0.000     281.850       0.000      -0.064     129.000       0.054     129.000      62.000       0.000   90480.000       0.000 -888888.000 -888888.000
 20260806233000
   -31.6500  -68.3000 
  ECOHUMUS                                   SURFACE                                    
  FM-12 SYNOP       ECOHUMUS               600  F     F         1
 -888888.000 -888888.000 -888888.000 -888888.000     600.000       0.000     275.850       0.000      -0.000     129.000       0.000     129.000      66.000       0.000   95010.000       0.000 -888888.000 -888888.000
 20260806233000
   -31.5000  -68.2500 
  INTA_SANMARTIN                             SURFACE                                    
  FM-12 SYNOP       INTA_SANMARTIN         600  F     F         1
 -888888.000 -888888.000 -888888.000 -888888.000     600.000       0.000 -999999.000 -888888.000 -888888.000       0.000 -888888.000       0.000 -999999.000 -888888.000   95290.000       0.000 -888888.000 -888888.000
 20260806233000
   -30.6335  -67.4682 
  VALLE_FERTIL                               SURFACE                                    
  FM-12 SYNOP       VALLE_FERTIL           900  F     F         1
 -888888.000 -888888.000 -888888.000 -888888.000     900.000       0.000     276.350       0.000       0.510     129.000      -0.587     129.000      57.000       0.000   91680.000       0.000 -888888.000 -888888.000
 20260806233000
   -30.1833  -69.0667 
  CUESTA_Viento                              SURFACE                                    
  FM-12 SYNOP       CUESTA_Viento         1530  F     F         1
 -888888.000 -888888.000 -888888.000 -888888.000    1530.000       0.000     281.050       0.000       1.722     129.000       2.983     129.000      65.000       0.000   85020.000       0.000 -888888.000 -888888.000
 20260806233000
   -31.5194  -68.9851 
  CARACOLES                                  SURFACE                                    
  FM-12 SYNOP       CARACOLES              942  F     F         1
 -888888.000 -888888.000 -888888.000 -888888.000     942.000       0.000     281.850       0.000      -0.000     129.000       0.000     129.000      61.000       0.000   90490.000       0.000 -888888.000 -888888.000
 20260806233500
   -31.6500  -68.3000 
  ECOHUMUS                                   SURFACE                                    
  FM-12 SYNOP       ECOHUMUS               600  F     F         1
 -888888.000 -888888.000 -888888.000 -888888.000     600.000       0.000     276.150       0.000      -0.000     129.000       0.000     129.000      67.000       0.000   94990.000       0.000 -888888.000 -888888.000
 20260806233500
   -31.5000  -68.2500 
  INTA_SANMARTIN                             SURFACE                                    
  FM-12 SYNOP       INTA_SANMARTIN         600  F     F         1
 -888888.000 -888888.000 -888888.000 -888888.000     600.000       0.000 -999999.000 -888888.000 -888888.000       0.000 -888888.000       0.000 -999999.000 -888888.000   95300.000       0.000 -888888.000 -888888.000
 20260806233500
   -30.6335  -67.4682 
  VALLE_FERTIL                               SURFACE                                    
  FM-12 SYNOP       VALLE_FERTIL           900  F     F         1
 -888888.000 -888888.000 -888888.000 -888888.000     900.000       0.000     276.250       0.000       0.589     129.000      -0.589     129.000      57.000       0.000   91660.000       0.000 -888888.000 -888888.000
 20260806233500
   -30.1833  -69.0667 
  CUESTA_Viento                              SURFACE                                    
  FM-12 SYNOP       CUESTA_Viento         1530  F     F         1
 -888888.000 -888888.000 -888888.000 -888888.000    1530.000       0.000     281.050       0.000       0.907     129.000       3.639     129.000      65.000       0.000   85030.000       0.000 -888888.000 -888888.000
 20260806233500
   -31.5194  -68.9851 
  CARACOLES                                  SURFACE                                    
  FM-12 SYNOP       CARACOLES              942  F     F         1
 -888888.000 -888888.000 -888888.000 -888888.000     942.000       0.000     281.950       0.000      -0.000     129.000       0.000     129.000      60.000       0.000   90480.000       0.000 -888888.000 -888888.000
 20260806234000
   -31.6500  -68.3000 
  ECOHUMUS                                   SURFACE                                    
  FM-12 SYNOP       ECOHUMUS               600  F     F         1
 -888888.000 -888888.000 -888888.000 -888888.000     600.000       0.000     276.450       0.000      -0.000     129.000       0.000     129.000      66.000       0.000   95000.000       0.000 -888888.000 -888888.000
 20260806234000
   -31.5000  -68.2500 
  INTA_SANMARTIN                             SURFACE                                    
  FM-12 SYNOP       INTA_SANMARTIN         600  F     F         1
 -888888.000 -888888.000 -888888.000 -888888.000     600.000       0.000 -999999.000 -888888.000 -888888.000       0.000 -888888.000       0.000 -999999.000 -888888.000   95290.000       0.000 -888888.000 -888888.000
 20260806234000
   -30.6335  -67.4682 
  VALLE_FERTIL                               SURFACE                                    
  FM-12 SYNOP       VALLE_FERTIL           900  F     F         1
 -888888.000 -888888.000 -888888.000 -888888.000     900.000       0.000     276.050       0.000       0.295     129.000      -0.295     129.000      58.000       0.000   91660.000       0.000 -888888.000 -888888.000
 20260806234000
   -30.1833  -69.0667 
  CUESTA_Viento                              SURFACE                                    
  FM-12 SYNOP       CUESTA_Viento         1530  F     F         1
 -888888.000 -888888.000 -888888.000 -888888.000    1530.000       0.000     280.950       0.000       1.042     129.000       3.891     129.000      65.000       0.000   85020.000       0.000 -888888.000 -888888.000
 20260806234000
   -31.5194  -68.9851 
  CARACOLES                                  SURFACE                                    
  FM-12 SYNOP       CARACOLES              942  F     F         1
 -888888.000 -888888.000 -888888.000 -888888.000     942.000       0.000     281.950       0.000      -0.026     129.000       0.009     129.000      61.000       0.000   90490.000       0.000 -888888.000 -888888.000
 20260806234500
   -31.6500  -68.3000 
  ECOHUMUS                                   SURFACE                                    
  FM-12 SYNOP       ECOHUMUS               600  F     F         1
 -888888.000 -888888.000 -888888.000 -888888.000     600.000       0.000     276.350       0.000      -0.000     129.000       0.000     129.000      66.000       0.000   94990.000       0.000 -888888.000 -888888.000
 20260806234500
   -31.5000  -68.2500 
  INTA_SANMARTIN                             SURFACE                                    
  FM-12 SYNOP       INTA_SANMARTIN         600  F     F         1
 -888888.000 -888888.000 -888888.000 -888888.000     600.000       0.000 -999999.000 -888888.000 -888888.000       0.000 -888888.000       0.000 -999999.000 -888888.000   95300.000       0.000 -888888.000 -888888.000
 20260806234500
   -30.6335  -67.4682 
  VALLE_FERTIL                               SURFACE                                    
  FM-12 SYNOP       VALLE_FERTIL           900  F     F         1
 -888888.000 -888888.000 -888888.000 -888888.000     900.000       0.000     275.750       0.000       0.318     129.000      -0.422     129.000      58.000       0.000   91670.000       0.000 -888888.000 -888888.000
 20260806234500
   -30.1833  -69.0667 
  CUESTA_Viento                              SURFACE                                    
  FM-12 SYNOP       CUESTA_Viento         1530  F     F         1
 -888888.000 -888888.000 -888888.000 -888888.000    1530.000       0.000     280.850       0.000       2.694     129.000       4.311     129.000      65.000       0.000   85020.000       0.000 -888888.000 -888888.000
 20260806234500
   -31.5194  -68.9851 
  CARACOLES                                  SURFACE                                    
  FM-12 SYNOP       CARACOLES              942  F     F         1
 -888888.000 -888888.000 -888888.000 -888888.000     942.000       0.000     282.250       0.000      -0.158     129.000       0.054     129.000      61.000       0.000   90480.000       0.000 -888888.000 -888888.000
 20260806235000
   -31.6500  -68.3000 
  ECOHUMUS                                   SURFACE                                    
  FM-12 SYNOP       ECOHUMUS               600  F     F         1
 -888888.000 -888888.000 -888888.000 -888888.000     600.000       0.000     275.950       0.000      -0.000     129.000       0.000     129.000      66.000       0.000   94990.000       0.000 -888888.000 -888888.000
 20260806235000
   -31.5000  -68.2500 
  INTA_SANMARTIN                             SURFACE                                    
  FM-12 SYNOP       INTA_SANMARTIN         600  F     F         1
 -888888.000 -888888.000 -888888.000 -888888.000     600.000       0.000 -999999.000 -888888.000 -888888.000       0.000 -888888.000       0.000 -999999.000 -888888.000   95290.000       0.000 -888888.000 -888888.000
 20260806235000
   -30.6335  -67.4682 
  VALLE_FERTIL                               SURFACE                                    
  FM-12 SYNOP       VALLE_FERTIL           900  F     F         1
 -888888.000 -888888.000 -888888.000 -888888.000     900.000       0.000     275.850       0.000       0.260     129.000      -0.850     129.000      57.000       0.000   91680.000       0.000 -888888.000 -888888.000
 20260806235000
   -30.1833  -69.0667 
  CUESTA_Viento                              SURFACE                                    
  FM-12 SYNOP       CUESTA_Viento         1530  F     F         1
 -888888.000 -888888.000 -888888.000 -888888.000    1530.000       0.000     280.850       0.000       2.391     129.000       3.172     129.000      65.000       0.000   85010.000       0.000 -888888.000 -888888.000
 20260806235000
   -31.5194  -68.9851 
  CARACOLES                                  SURFACE                                    
  FM-12 SYNOP       CARACOLES              942  F     F         1
 -888888.000 -888888.000 -888888.000 -888888.000     942.000       0.000     282.350       0.000      -0.000     129.000       0.000     129.000      60.000       0.000   90490.000       0.000 -888888.000 -888888.000
 20260806235500
   -31.6500  -68.3000 
  ECOHUMUS                                   SURFACE                                    
  FM-12 SYNOP       ECOHUMUS               600  F     F         1
 -888888.000 -888888.000 -888888.000 -888888.000     600.000       0.000     275.750       0.000      -0.000     129.000       0.000     129.000      66.000       0.000   94980.000       0.000 -888888.000 -888888.000
 20260806235500
   -31.5000  -68.2500 
  INTA_SANMARTIN                             SURFACE                                    
  FM-12 SYNOP       INTA_SANMARTIN         600  F     F         1
 -888888.000 -888888.000 -888888.000 -888888.000     600.000       0.000 -999999.000 -888888.000 -888888.000       0.000 -888888.000       0.000 -999999.000 -888888.000   95290.000       0.000 -888888.000 -888888.000
 20260806235500
   -30.6335  -67.4682 
  VALLE_FERTIL                               SURFACE                                    
  FM-12 SYNOP       VALLE_FERTIL           900  F     F         1
 -888888.000 -888888.000 -888888.000 -888888.000     900.000       0.000     275.950       0.000       0.306     129.000      -0.529     129.000      58.000       0.000   91670.000       0.000 -888888.000 -888888.000
 20260806235500
   -30.1833  -69.0667 
  CUESTA_Viento                              SURFACE                                    
  FM-12 SYNOP       CUESTA_Viento         1530  F     F         1
 -888888.000 -888888.000 -888888.000 -888888.000    1530.000       0.000     280.850       0.000       1.185     129.000       2.327     129.000      65.000       0.000   85010.000       0.000 -888888.000 -888888.000
 20260806235500
   -31.5194  -68.9851 
  CARACOLES                                  SURFACE                                    
  FM-12 SYNOP       CARACOLES              942  F     F         1
 -888888.000 -888888.000 -888888.000 -888888.000     942.000       0.000     282.350       0.000      -0.042     129.000       0.103     129.000      60.000       0.000   90500.000       0.000 -888888.000 -888888.000
