estacion,fecha,hora_unix,fecha_hora,temp_c,humedad_pct,viento_kmh,viento_rafaga_kmh,direcc_grados,presion_relativa_hpa,presion_absoluta_hpa,lluvia_diaria_mm,solar_wm2
INTA_POCITO,2026-07-31,1785466800,2026-07-31 00:00:00,10.3,83,0.0,0.0,119,1008.7,928.1,0.0,0.0
INTA_POCITO,2026-07-31,1785467100,2026-07-31 00:05:00,10.0,83,0.0,0.0,139,1008.7,928.1,0.0,0.0
INTA_POCITO,2026-07-31,1785467400,2026-07-31 00:10:00,9.6,84,0.0,0.0,170,1008.7,928.1,0.0,0.0
INTA_POCITO,2026-07-31,1785467700,2026-07-31 00:15:00,9.4,85,0.0,0.0,170,1008.6,928.0,0.0,0.0
INTA_POCITO,2026-07-31,1785468000,2026-07-31 00:20:00,9.3,86,0.0,0.0,173,1008.7,928.1,0.0,0.0
INTA_POCITO,2026-07-31,1785468300,2026-07-31 00:25:00,9.1,86,0.0,0.0,177,1008.7,928.1,0.0,0.0
INTA_POCITO,2026-07-31,1785468600,2026-07-31 00:30:00,8.9,87,0.0,0.0,165,1008.6,928.0,0.0,0.0
INTA_POCITO,2026-07-31,1785468900,2026-07-31 00:35:00,8.8,87,0.0,0.0,167,1008.6,928.0,0.0,0.0
INTA_POCITO,2026-07-31,1785469200,2026-07-31 00:40:00,8.8,88,0.0,0.0,187,1008.6,928.0,0.0,0.0
INTA_POCITO,2026-07-31,1785469500,2026-07-31 00:45:00,8.7,88,0.0,0.0,166,1008.4,927.8,0.0,0.0
INTA_POCITO,2026-07-31,1785469800,2026-07-31 00:50:00,8.8,88,0.0,0.0,196,1008.5,927.9,0.0,0.0
INTA_POCITO,2026-07-31,1785470100,2026-07-31 00:55:00,8.8,88,0.0,0.0,147,1008.5,927.9,0.0,0.0
INTA_POCITO,2026-07-31,1785470400,2026-07-31 01:00:00,9.1,88,0.0,0.0,136,1008.4,927.8,0.0,0.0
INTA_POCITO,2026-07-31,1785470700,2026-07-31 01:05:00,9.0,88,0.0,0.0,143,1008.2,927.6,0.0,0.0
INTA_POCITO,2026-07-31,1785471000,2026-07-31 01:10:00,8.7,88,0.0,0.0,149,1008.2,927.6,0.0,0.0
INTA_POCITO,2026-07-31,1785471300,2026-07-31 01:15:00,8.3,88,0.0,0.0,158,1008.3,927.7,0.0,0.0
INTA_POCITO,2026-07-31,1785471600,2026-07-31 01:20:00,8.4,88,0.0,0.0,128,1008.1,927.5,0.0,0.0
INTA_POCITO,2026-07-31,1785471900,2026-07-31 01:25:00,8.5,88,0.0,0.0,169,1008.2,927.6,0.0,0.0
INTA_POCITO,2026-07-31,1785472200,2026-07-31 01:30:00,8.3,89,0.0,0.0,165,1008.1,927.5,0.0,0.0
INTA_POCITO,2026-07-31,1785472500,2026-07-31 01:35:00,8.2,89,0.0,0.0,180,1008.0,927.4,0.0,0.0
INTA_POCITO,2026-07-31,1785472800,2026-07-31 01:40:00,8.1,89,0.0,0.0,179,1008.0,927.4,0.0,0.0
INTA_POCITO,2026-07-31,1785473100,2026-07-31 01:45:00,8.2,89,0.0,0.0,179,1007.8,927.2,0.0,0.0
INTA_POCITO,2026-07-31,1785473400,2026-07-31 01:50:00,8.2,89,0.0,0.0,129,1007.7,927.1,0.0,0.0
INTA_POCITO,2026-07-31,1785473700,2026-07-31 01:55:00,8.7,90,0.0,0.0,124,1007.6,927.0,0.0,0.0
INTA_POCITO,2026-07-31,1785474000,2026-07-31 02:00:00,8.8,90,0.0,0.0,117,1007.5,926.9,0.0,0.0
INTA_POCITO,2026-07-31,1785474300,2026-07-31 02:05:00,8.4,90,0.0,0.0,119,1007.5,926.8,0.0,0.0
INTA_POCITO,2026-07-31,1785474600,2026-07-31 02:10:00,8.3,90,0.0,0.0,119,1007.2,926.6,0.0,0.0
INTA_POCITO,2026-07-31,1785474900,2026-07-31 02:15:00,8.3,90,0.0,0.0,191,1007.2,926.6,0.0,0.0
INTA_POCITO,2026-07-31,1785475200,2026-07-31 02:20:00,9.2,90,0.0,0.0,180,1007.1,926.5,0.0,0.0
INTA_POCITO,2026-07-31,1785475500,2026-07-31 02:25:00,8.7,90,0.0,0.0,164,1007.0,926.4,0.0,0.0
INTA_POCITO,2026-07-31,1785475800,2026-07-31 02:30:00,8.2,90,0.0,0.0,165,1006.9,926.3,0.0,0.0
INTA_POCITO,2026-07-31,1785476100,2026-07-31 02:35:00,8.4,90,0.0,0.0,149,1006.8,926.3,0.0,0.0
INTA_POCITO,2026-07-31,1785476400,2026-07-31 02:40:00,8.4,90,0.0,0.0,122,1006.9,926.4,0.0,0.0
INTA_POCITO,2026-07-31,1785476700,2026-07-31 02:45:00,8.2,90,0.0,0.0,133,1007.0,926.4,0.0,0.0
INTA_POCITO,2026-07-31,1785477000,2026-07-31 02:50:00,8.4,90,0.0,0.0,144,1006.7,926.2,0.0,0.0
INTA_POCITO,2026-07-31,1785477300,2026-07-31 02:55:00,8.2,90,0.0,0.0,158,1006.6,926.0,0.0,0.0
INTA_POCITO,2026-07-31,1785477600,2026-07-31 03:00:00,7.9,90,0.1,1.8,258,1006.6,926.0,0.0,0.0
INTA_POCITO,2026-07-31,1785477900,2026-07-31 03:05:00,7.7,90,0.0,0.0,177,1006.5,925.9,0.0,0.0
INTA_POCITO,2026-07-31,1785478200,2026-07-31 03:10:00,7.5,91,0.0,0.0,176,1006.6,926.0,0.0,0.0
INTA_POCITO,2026-07-31,1785478500,2026-07-31 03:15:00,7.3,91,0.0,0.0,176,1006.6,926.0,0.0,0.0
INTA_POCITO,2026-07-31,1785478800,2026-07-31 03:20:00,7.3,91,0.0,0.0,176,1006.5,925.9,0.0,0.0
INTA_POCITO,2026-07-31,1785479100,2026-07-31 03:25:00,7.1,91,0.0,0.0,176,1006.8,926.2,0.0,0.0
INTA_POCITO,2026-07-31,1785479400,2026-07-31 03:30:00,7.2,91,0.0,0.0,164,1006.7,926.1,0.0,0.0
INTA_POCITO,2026-07-31,1785479700,2026-07-31 03:35:00,7.2,92,0.0,0.0,149,1006.7,926.1,0.0,0.0
INTA_POCITO,2026-07-31,1785480000,2026-07-31 03:40:00,7.2,92,0.0,0.0,139,1006.5,925.9,0.0,0.0
INTA_POCITO,2026-07-31,1785480300,2026-07-31 03:45:00,7.1,92,0.0,0.0,174,1006.5,925.9,0.0,0.0
INTA_POCITO,2026-07-31,1785480600,2026-07-31 03:50:00,7.0,92,0.0,0.0,160,1006.5,925.9,0.0,0.0
INTA_POCITO,2026-07-31,1785480900,2026-07-31 03:55:00,6.7,92,0.0,0.0,165,1006.3,925.7,0.0,0.0
INTA_POCITO,2026-07-31,1785481200,2026-07-31 04:00:00,6.8,92,0.0,0.0,170,1006.3,925.7,0.0,0.0
INTA_POCITO,2026-07-31,1785481500,2026-07-31 04:05:00,6.9,92,0.0,0.0,153,1006.4,925.8,0.0,0.0
INTA_POCITO,2026-07-31,1785481800,2026-07-31 04:10:00,7.1,92,0.0,0.0,122,1006.2,925.6,0.0,0.0
INTA_POCITO,2026-07-31,1785482100,2026-07-31 04:15:00,7.3,92,0.0,0.0,154,1006.2,925.6,0.0,0.0
INTA_POCITO,2026-07-31,1785482400,2026-07-31 04:20:00,7.3,92,0.0,0.0,137,1006.2,925.6,0.0,0.0
INTA_POCITO,2026-07-31,1785482700,2026-07-31 04:25:00,7.6,92,0.0,0.0,161,1006.2,925.6,0.0,0.0
INTA_POCITO,2026-07-31,1785483000,2026-07-31 04:30:00,7.7,93,0.0,0.0,182,1006.1,925.5,0.0,0.0
INTA_POCITO,2026-07-31,1785483300,2026-07-31 04:35:00,7.6,93,0.0,0.0,180,1006.1,925.5,0.0,0.0
INTA_POCITO,2026-07-31,1785483600,2026-07-31 04:40:00,7.7,93,0.0,0.0,117,1006.2,925.6,0.0,0.0
INTA_POCITO,2026-07-31,1785483900,2026-07-31 04:45:00,7.8,93,0.0,0.0,118,1006.2,925.6,0.0,0.0
INTA_POCITO,2026-07-31,1785484200,2026-07-31 04:50:00,7.5,93,0.0,0.0,101,1006.2,925.6,0.0,0.0
INTA_POCITO,2026-07-31,1785484500,2026-07-31 04:55:00,7.0,93,0.0,0.0,137,1006.3,925.7,0.0,0.0
INTA_POCITO,2026-07-31,1785484800,2026-07-31 05:00:00,6.8,93,0.0,0.0,62,1006.4,925.8,0.0,0.0
INTA_POCITO,2026-07-31,1785485100,2026-07-31 05:05:00,6.8,93,0.0,0.0,114,1006.6,926.0,0.0,0.0
INTA_POCITO,2026-07-31,1785485400,2026-07-31 05:10:00,7.3,93,0.0,0.0,114,1006.8,926.2,0.0,0.0
INTA_POCITO,2026-07-31,1785485700,2026-07-31 05:15:00,7.3,93,0.0,0.0,181,1006.7,926.1,0.0,0.0
INTA_POCITO,2026-07-31,1785486000,2026-07-31 05:20:00,6.8,93,0.0,0.0,207,1006.8,926.2,0.0,0.0
INTA_POCITO,2026-07-31,1785486300,2026-07-31 05:25:00,6.8,93,0.0,0.0,152,1006.8,926.2,0.0,0.0
INTA_POCITO,2026-07-31,1785486600,2026-07-31 05:30:00,7.2,93,0.0,0.0,173,1006.7,926.1,0.0,0.0
INTA_POCITO,2026-07-31,1785486900,2026-07-31 05:35:00,7.3,93,0.0,0.0,195,1006.7,926.1,0.0,0.0
INTA_POCITO,2026-07-31,1785487200,2026-07-31 05:40:00,7.3,93,0.0,0.0,147,1006.6,926.0,0.0,0.0
INTA_POCITO,2026-07-31,1785487500,2026-07-31 05:45:00,7.2,93,0.0,0.0,117,1006.5,925.9,0.0,0.0
INTA_POCITO,2026-07-31,1785487800,2026-07-31 05:50:00,6.8,93,0.0,0.0,117,1006.6,926.0,0.0,0.0
INTA_POCITO,2026-07-31,1785488100,2026-07-31 05:55:00,6.7,93,0.0,0.0,132,1006.7,926.1,0.0,0.0
INTA_POCITO,2026-07-31,1785488400,2026-07-31 06:00:00,6.8,93,0.0,0.0,143,1006.8,926.2,0.0,0.0
INTA_POCITO,2026-07-31,1785488700,2026-07-31 06:05:00,7.3,93,0.0,0.0,235,1006.8,926.2,0.0,0.0
INTA_POCITO,2026-07-31,1785489000,2026-07-31 06:10:00,7.7,93,0.0,0.0,295,1006.9,926.3,0.0,0.0
INTA_POCITO,2026-07-31,1785489300,2026-07-31 06:15:00,7.8,93,0.0,0.0,218,1006.8,926.2,0.0,0.0
INTA_POCITO,2026-07-31,1785489600,2026-07-31 06:20:00,8.0,93,0.0,0.0,123,1006.9,926.3,0.0,0.0
INTA_POCITO,2026-07-31,1785489900,2026-07-31 06:25:00,7.5,93,0.0,0.0,125,1007.1,926.4,0.0,0.0
INTA_POCITO,2026-07-31,1785490200,2026-07-31 06:30:00,7.3,93,0.0,0.0,116,1007.1,926.5,0.0,0.0
INTA_POCITO,2026-07-31,1785490500,2026-07-31 06:35:00,7.1,93,0.0,0.0,130,1006.9,926.4,0.0,0.0
INTA_POCITO,2026-07-31,1785490800,2026-07-31 06:40:00,6.9,93,0.0,0.0,119,1007.1,926.5,0.0,0.0
INTA_POCITO,2026-07-31,1785491100,2026-07-31 06:45:00,7.1,93,0.0,0.0,121,1007.2,926.6,0.0,0.0
INTA_POCITO,2026-07-31,1785491400,2026-07-31 06:50:00,7.0,93,0.0,0.0,143,1007.2,926.6,0.0,0.0
INTA_POCITO,2026-07-31,1785491700,2026-07-31 06:55:00,6.9,93,0.0,0.0,130,1007.3,926.7,0.0,0.0
INTA_POCITO,2026-07-31,1785492000,2026-07-31 07:00:00,6.9,94,0.0,0.0,154,1007.3,926.7,0.0,0.0
INTA_POCITO,2026-07-31,1785492300,2026-07-31 07:05:00,6.9,94,0.0,0.0,162,1007.5,926.8,0.0,0.0
INTA_POCITO,2026-07-31,1785492600,2026-07-31 07:10:00,7.0,94,0.0,0.0,134,1007.6,927.0,0.0,0.0
INTA_POCITO,2026-07-31,1785492900,2026-07-31 07:15:00,6.8,94,0.0,0.0,151,1007.5,926.9,0.0,0.0
INTA_POCITO,2026-07-31,1785493200,2026-07-31 07:20:00,7.0,94,0.0,0.0,104,1007.8,927.2,0.0,0.0
INTA_POCITO,2026-07-31,1785493500,2026-07-31 07:25:00,6.7,94,0.0,0.0,87,1007.8,927.2,0.0,0.0
INTA_POCITO,2026-07-31,1785493800,2026-07-31 07:30:00,7.0,94,0.0,0.0,127,1007.7,927.1,0.0,0.0
INTA_POCITO,2026-07-31,1785494100,2026-07-31 07:35:00,7.2,94,0.0,0.0,146,1007.7,927.1,0.0,0.0
INTA_POCITO,2026-07-31,1785494400,2026-07-31 07:40:00,7.2,94,0.0,0.0,149,1007.8,927.2,0.0,0.0
INTA_POCITO,2026-07-31,1785494700,2026-07-31 07:45:00,6.9,94,0.0,0.0,150,1008.0,927.4,0.0,0.0
INTA_POCITO,2026-07-31,1785495000,2026-07-31 07:50:00,6.8,94,0.0,0.0,143,1008.2,927.6,0.0,0.0
INTA_POCITO,2026-07-31,1785495300,2026-07-31 07:55:00,6.9,94,0.0,0.0,159,1008.1,927.5,0.0,0.0
INTA_POCITO,2026-07-31,1785495600,2026-07-31 08:00:00,6.7,94,0.0,0.0,178,1008.3,927.7,0.0,0.1
INTA_POCITO,2026-07-31,1785495900,2026-07-31 08:05:00,6.3,94,0.0,0.0,160,1008.3,927.7,0.0,0.4
INTA_POCITO,2026-07-31,1785496200,2026-07-31 08:10:00,6.3,94,0.0,0.0,148,1008.2,927.6,0.0,0.9
INTA_POCITO,2026-07-31,1785496500,2026-07-31 08:15:00,6.2,94,0.0,0.0,136,1008.5,927.9,0.0,2.0
INTA_POCITO,2026-07-31,1785496800,2026-07-31 08:20:00,6.7,94,0.0,0.0,124,1008.5,927.9,0.0,3.6
INTA_POCITO,2026-07-31,1785497100,2026-07-31 08:25:00,6.5,94,0.0,0.0,160,1008.6,928.0,0.0,6.3
INTA_POCITO,2026-07-31,1785497400,2026-07-31 08:30:00,6.5,95,0.0,0.0,151,1008.7,928.1,0.0,9.5
INTA_POCITO,2026-07-31,1785497700,2026-07-31 08:35:00,6.7,95,0.0,0.0,228,1008.6,928.0,0.0,12.9
INTA_POCITO,2026-07-31,1785498000,2026-07-31 08:40:00,6.8,95,0.0,0.0,186,1008.7,928.1,0.0,17.3
INTA_POCITO,2026-07-31,1785504300,2026-07-31 10:25:00,14.4,82,0.0,0.0,155,1007.3,926.6,0.0,316.5
INTA_POCITO,2026-07-31,1785504600,2026-07-31 10:30:00,15.2,77,2.4,7.2,274,1007.6,927.0,0.0,291.1
INTA_POCITO,2026-07-31,1785504900,2026-07-31 10:35:00,15.7,75,1.6,5.4,222,1007.5,926.9,0.0,277.8
INTA_POCITO,2026-07-31,1785505200,2026-07-31 10:40:00,15.7,74,1.2,3.6,154,1007.1,926.5,0.0,269.3
INTA_POCITO,2026-07-31,1785505500,2026-07-31 10:45:00,16.2,71,3.1,9.4,230,1007.3,926.7,0.0,294.7
INTA_POCITO,2026-07-31,1785505800,2026-07-31 10:50:00,16.7,66,0.3,1.8,67,1007.3,926.7,0.0,250.2
INTA_POCITO,2026-07-31,1785506100,2026-07-31 10:55:00,17.4,65,0.6,5.4,152,1007.1,926.5,0.0,260.8
INTA_POCITO,2026-07-31,1785506400,2026-07-31 11:00:00,18.0,62,0.3,5.4,117,1006.8,926.3,0.0,271.5
INTA_POCITO,2026-07-31,1785506700,2026-07-31 11:05:00,18.1,62,0.9,5.4,65,1006.7,926.1,0.0,284.1
INTA_POCITO,2026-07-31,1785507000,2026-07-31 11:10:00,18.1,62,0.5,7.2,127,1006.6,926.0,0.0,292.7
INTA_POCITO,2026-07-31,1785507300,2026-07-31 11:15:00,18.6,59,0.9,5.4,114,1006.7,926.1,0.0,304.8
INTA_POCITO,2026-07-31,1785507600,2026-07-31 11:20:00,19.1,55,0.0,0.0,150,1006.9,926.3,0.0,314.8
INTA_POCITO,2026-07-31,1785507900,2026-07-31 11:25:00,20.0,52,0.8,5.4,273,1006.9,926.3,0.0,327.5
INTA_POCITO,2026-07-31,1785508200,2026-07-31 11:30:00,20.0,52,0.0,0.0,136,1007.1,926.5,0.0,334.8
INTA_POCITO,2026-07-31,1785508500,2026-07-31 11:35:00,20.2,50,5.1,13.0,165,1007.1,926.5,0.0,345.9
INTA_POCITO,2026-07-31,1785508800,2026-07-31 11:40:00,20.3,48,4.8,9.4,153,1007.1,926.5,0.0,354.4
INTA_POCITO,2026-07-31,1785509100,2026-07-31 11:45:00,20.7,46,1.5,3.6,165,1007.3,926.7,0.0,362.1
INTA_POCITO,2026-07-31,1785509400,2026-07-31 11:50:00,21.8,44,0.8,5.4,161,1007.2,926.6,0.0,371.7
INTA_POCITO,2026-07-31,1785509700,2026-07-31 11:55:00,22.0,42,0.1,1.8,181,1007.3,926.7,0.0,380.6
INTA_POCITO,2026-07-31,1785510000,2026-07-31 12:00:00,22.8,35,2.3,9.4,149,1007.2,926.5,0.0,388.2
INTA_POCITO,2026-07-31,1785510300,2026-07-31 12:05:00,24.5,26,4.0,14.8,326,1007.1,926.5,0.0,394.5
INTA_POCITO,2026-07-31,1785510600,2026-07-31 12:10:00,26.6,18,9.4,14.8,311,1007.0,926.4,0.0,400.8
INTA_POCITO,2026-07-31,1785510900,2026-07-31 12:15:00,27.1,17,8.9,18.4,334,1006.8,926.2,0.0,405.6
INTA_POCITO,2026-07-31,1785511200,2026-07-31 12:20:00,27.3,16,9.6,18.4,307,1006.7,926.2,0.0,409.0
INTA_POCITO,2026-07-31,1785511500,2026-07-31 12:25:00,27.7,17,6.8,18.4,306,1006.8,926.2,0.0,416.4
INTA_POCITO,2026-07-31,1785511800,2026-07-31 12:30:00,27.7,16,7.1,22.0,333,1006.7,926.1,0.0,422.1
INTA_POCITO,2026-07-31,1785512100,2026-07-31 12:35:00,27.8,16,5.1,14.8,307,1006.6,926.0,0.0,421.9
INTA_POCITO,2026-07-31,1785512400,2026-07-31 12:40:00,27.7,17,7.8,11.2,326,1006.6,926.0,0.0,430.7
INTA_POCITO,2026-07-31,1785512700,2026-07-31 12:45:00,27.4,17,9.6,20.2,323,1006.6,926.0,0.0,437.8
INTA_POCITO,2026-07-31,1785513000,2026-07-31 12:50:00,27.3,17,11.2,23.8,337,1006.4,925.8,0.0,442.6
INTA_POCITO,2026-07-31,1785513300,2026-07-31 12:55:00,27.5,17,7.0,13.0,322,1006.6,926.0,0.0,446.0
INTA_POCITO,2026-07-31,1785513600,2026-07-31 13:00:00,27.7,16,7.1,13.0,301,1006.6,926.0,0.0,447.6
INTA_POCITO,2026-07-31,1785513900,2026-07-31 13:05:00,27.7,16,4.5,11.2,308,1006.6,926.0,0.0,450.7
INTA_POCITO,2026-07-31,1785514200,2026-07-31 13:10:00,27.9,16,6.9,11.2,304,1006.7,926.1,0.0,449.8
INTA_POCITO,2026-07-31,1785514500,2026-07-31 13:15:00,27.9,16,9.1,16.6,337,1006.7,926.1,0.0,452.0
INTA_POCITO,2026-07-31,1785514800,2026-07-31 13:20:00,28.1,17,7.9,14.8,296,1006.8,926.2,0.0,451.9
INTA_POCITO,2026-07-31,1785515100,2026-07-31 13:25:00,27.9,16,7.8,18.4,319,1006.9,926.3,0.0,453.3
INTA_POCITO,2026-07-31,1785515400,2026-07-31 13:30:00,27.9,17,8.7,13.0,326,1006.8,926.3,0.0,452.6
INTA_POCITO,2026-07-31,1785515700,2026-07-31 13:35:00,27.7,16,11.9,25.6,325,1007.0,926.4,0.0,453.5
INTA_POCITO,2026-07-31,1785516000,2026-07-31 13:40:00,27.5,16,15.8,31.3,327,1007.1,926.5,0.0,452.4
INTA_POCITO,2026-07-31,1785516300,2026-07-31 13:45:00,27.3,17,15.8,34.9,343,1007.0,926.4,0.0,452.7
INTA_POCITO,2026-07-31,1785516600,2026-07-31 13:50:00,27.5,16,16.3,29.5,332,1006.9,926.3,0.0,450.4
INTA_POCITO,2026-07-31,1785516900,2026-07-31 13:55:00,27.5,17,10.0,14.8,320,1006.9,926.3,0.0,447.8
INTA_POCITO,2026-07-31,1785517200,2026-07-31 14:00:00,27.5,17,10.7,20.2,292,1006.8,926.2,0.0,444.9
INTA_POCITO,2026-07-31,1785517500,2026-07-31 14:05:00,27.7,17,10.8,18.4,312,1006.9,926.3,0.0,438.4
INTA_POCITO,2026-07-31,1785517800,2026-07-31 14:10:00,27.5,17,15.0,25.6,318,1006.9,926.3,0.0,433.4
INTA_POCITO,2026-07-31,1785518100,2026-07-31 14:15:00,27.2,17,15.3,27.7,313,1007.1,926.5,0.0,428.7
INTA_POCITO,2026-07-31,1785518400,2026-07-31 14:20:00,27.0,17,17.6,31.3,312,1007.1,926.5,0.0,420.9
INTA_POCITO,2026-07-31,1785518700,2026-07-31 14:25:00,26.9,18,11.9,23.8,295,1007.4,926.7,0.0,416.8
INTA_POCITO,2026-07-31,1785519000,2026-07-31 14:30:00,27.0,18,11.3,23.8,318,1007.3,926.7,0.0,413.4
INTA_POCITO,2026-07-31,1785519300,2026-07-31 14:35:00,26.9,19,15.6,33.1,326,1007.5,926.9,0.0,408.1
INTA_POCITO,2026-07-31,1785519600,2026-07-31 14:40:00,26.6,18,13.4,23.8,318,1007.7,927.2,0.0,404.3
INTA_POCITO,2026-07-31,1785519900,2026-07-31 14:45:00,26.7,18,12.7,22.0,336,1007.5,926.9,0.0,401.7
INTA_POCITO,2026-07-31,1785520200,2026-07-31 14:50:00,26.8,19,11.4,22.0,310,1007.5,926.9,0.0,397.1
INTA_POCITO,2026-07-31,1785520500,2026-07-31 14:55:00,26.7,19,10.6,16.6,331,1007.6,927.0,0.0,394.0
INTA_POCITO,2026-07-31,1785520800,2026-07-31 15:00:00,26.6,19,15.7,29.5,343,1007.5,926.8,0.0,389.4
INTA_POCITO,2026-07-31,1785521100,2026-07-31 15:05:00,26.6,19,14.8,22.0,320,1007.4,926.8,0.0,383.1
INTA_POCITO,2026-07-31,1785521400,2026-07-31 15:10:00,26.6,19,13.5,25.6,324,1007.6,927.0,0.0,375.9
INTA_POCITO,2026-07-31,1785521700,2026-07-31 15:15:00,26.3,19,18.6,31.3,325,1007.6,927.0,0.0,368.1
INTA_POCITO,2026-07-31,1785522000,2026-07-31 15:20:00,26.2,19,11.4,16.6,351,1007.7,927.1,0.0,359.7
INTA_POCITO,2026-07-31,1785522300,2026-07-31 15:25:00,26.0,19,15.4,23.8,329,1007.8,927.2,0.0,349.0
INTA_POCITO,2026-07-31,1785522600,2026-07-31 15:30:00,26.0,19,12.7,22.0,322,1008.0,927.4,0.0,338.5
INTA_POCITO,2026-07-31,1785522900,2026-07-31 15:35:00,26.3,19,12.5,18.4,323,1008.1,927.5,0.0,325.9
INTA_POCITO,2026-07-31,1785523200,2026-07-31 15:40:00,26.2,19,7.9,16.6,338,1008.2,927.6,0.0,317.2
INTA_POCITO,2026-07-31,1785523500,2026-07-31 15:45:00,26.5,19,11.6,25.6,347,1008.4,927.8,0.0,307.1
INTA_POCITO,2026-07-31,1785523800,2026-07-31 15:50:00,26.0,18,11.8,27.7,275,1008.7,928.1,0.0,295.9
INTA_POCITO,2026-07-31,1785524100,2026-07-31 15:55:00,25.9,18,13.1,18.4,315,1008.6,928.0,0.0,286.1
INTA_POCITO,2026-07-31,1785524400,2026-07-31 16:00:00,25.9,18,10.6,22.0,302,1008.8,928.2,0.0,274.4
INTA_POCITO,2026-07-31,1785524700,2026-07-31 16:05:00,26.0,17,10.4,22.0,293,1008.8,928.2,0.0,267.1
INTA_POCITO,2026-07-31,1785525000,2026-07-31 16:10:00,25.8,17,10.1,22.0,329,1009.0,928.4,0.0,262.0
INTA_POCITO,2026-07-31,1785525300,2026-07-31 16:15:00,25.0,16,11.7,20.2,293,1009.0,928.4,0.0,124.9
INTA_POCITO,2026-07-31,1785525600,2026-07-31 16:20:00,24.8,17,10.5,16.6,301,1009.0,928.4,0.0,241.4
INTA_POCITO,2026-07-31,1785525900,2026-07-31 16:25:00,24.7,17,12.7,20.2,264,1009.2,928.6,0.0,273.4
INTA_POCITO,2026-07-31,1785526200,2026-07-31 16:30:00,25.1,16,12.3,20.2,268,1009.4,928.8,0.0,272.8
INTA_POCITO,2026-07-31,1785526500,2026-07-31 16:35:00,25.3,17,8.4,13.0,265,1009.4,928.8,0.0,219.7
INTA_POCITO,2026-07-31,1785526800,2026-07-31 16:40:00,24.8,17,7.9,16.6,284,1009.4,928.8,0.0,216.0
INTA_POCITO,2026-07-31,1785527100,2026-07-31 16:45:00,24.7,16,11.9,29.5,252,1009.4,928.8,0.0,178.8
INTA_POCITO,2026-07-31,1785527400,2026-07-31 16:50:00,24.4,16,11.5,18.4,317,1009.7,929.1,0.0,205.7
INTA_POCITO,2026-07-31,1785527700,2026-07-31 16:55:00,24.9,15,12.5,22.0,284,1009.8,929.3,0.0,179.3
INTA_POCITO,2026-07-31,1785528000,2026-07-31 17:00:00,25.2,14,8.6,18.4,278,1010.0,929.4,0.0,178.2
INTA_POCITO,2026-07-31,1785528300,2026-07-31 17:05:00,25.3,14,9.3,16.6,285,1010.1,929.5,0.0,168.5
INTA_POCITO,2026-07-31,1785528600,2026-07-31 17:10:00,25.6,15,10.2,20.2,313,1010.1,929.5,0.0,148.1
INTA_POCITO,2026-07-31,1785528900,2026-07-31 17:15:00,25.1,14,9.8,16.6,290,1010.2,929.6,0.0,137.9
INTA_POCITO,2026-07-31,1785529200,2026-07-31 17:20:00,25.0,14,10.3,20.2,305,1010.2,929.6,0.0,127.5
INTA_POCITO,2026-07-31,1785529500,2026-07-31 17:25:00,24.8,14,14.3,25.6,320,1010.3,929.7,0.0,118.1
INTA_POCITO,2026-07-31,1785529800,2026-07-31 17:30:00,24.7,14,8.6,16.6,336,1010.5,929.9,0.0,105.5
INTA_POCITO,2026-07-31,1785530100,2026-07-31 17:35:00,24.6,14,11.2,22.0,337,1010.5,929.9,0.0,90.0
INTA_POCITO,2026-07-31,1785530400,2026-07-31 17:40:00,24.4,13,12.7,22.0,305,1010.6,930.0,0.0,85.3
INTA_POCITO,2026-07-31,1785530700,2026-07-31 17:45:00,24.4,14,10.8,16.6,313,1010.6,930.0,0.0,79.1
INTA_POCITO,2026-07-31,1785531000,2026-07-31 17:50:00,24.1,14,9.6,16.6,338,1010.6,930.0,0.0,47.5
INTA_POCITO,2026-07-31,1785531300,2026-07-31 17:55:00,24.0,14,8.9,16.6,322,1010.8,930.2,0.0,32.5
INTA_POCITO,2026-07-31,1785531600,2026-07-31 18:00:00,24.0,14,9.7,18.4,310,1010.9,930.3,0.0,47.3
INTA_POCITO,2026-07-31,1785531900,2026-07-31 18:05:00,23.7,14,8.9,16.6,326,1010.9,930.3,0.0,46.7
INTA_POCITO,2026-07-31,1785532200,2026-07-31 18:10:00,23.8,14,8.2,20.2,330,1011.0,930.4,0.0,40.1
INTA_POCITO,2026-07-31,1785532500,2026-07-31 18:15:00,23.6,14,8.1,16.6,309,1011.2,930.6,0.0,38.8
INTA_POCITO,2026-07-31,1785532800,2026-07-31 18:20:00,23.3,14,6.5,14.8,312,1011.3,930.7,0.0,32.0
INTA_POCITO,2026-07-31,1785533100,2026-07-31 18:25:00,22.9,15,5.0,13.0,308,1011.5,930.9,0.0,23.5
INTA_POCITO,2026-07-31,1785533400,2026-07-31 18:30:00,22.6,15,1.5,3.6,330,1011.7,931.1,0.0,15.8
INTA_POCITO,2026-07-31,1785533700,2026-07-31 18:35:00,22.2,15,4.8,9.4,312,1011.7,931.1,0.0,13.2
INTA_POCITO,2026-07-31,1785534000,2026-07-31 18:40:00,22.0,15,1.5,7.2,303,1011.9,931.3,0.0,10.9
INTA_POCITO,2026-07-31,1785534300,2026-07-31 18:45:00,21.6,15,0.4,3.6,279,1011.9,931.3,0.0,9.1
INTA_POCITO,2026-07-31,1785534600,2026-07-31 18:50:00,21.4,15,0.1,1.8,172,1011.8,931.3,0.0,5.8
INTA_POCITO,2026-07-31,1785534900,2026-07-31 18:55:00,21.4,15,0.2,1.8,269,1011.9,931.3,0.0,3.9
INTA_POCITO,2026-07-31,1785535200,2026-07-31 19:00:00,21.4,14,0.1,1.8,129,1012.1,931.5,0.0,2.2
INTA_POCITO,2026-07-31,1785535500,2026-07-31 19:05:00,21.1,16,0.4,3.6,147,1012.4,931.8,0.0,1.0
INTA_POCITO,2026-07-31,1785535800,2026-07-31 19:10:00,20.5,15,0.1,1.8,336,1012.6,932.0,0.0,0.4
INTA_POCITO,2026-07-31,1785536100,2026-07-31 19:15:00,20.5,16,0.0,0.0,158,1012.5,931.9,0.0,0.1
INTA_POCITO,2026-07-31,1785536400,2026-07-31 19:20:00,19.7,17,0.6,3.6,93,1012.5,931.9,0.0,0.0
INTA_POCITO,2026-07-31,1785536700,2026-07-31 19:25:00,19.6,17,0.8,5.4,98,1012.5,931.9,0.0,0.0
INTA_POCITO,2026-07-31,1785537000,2026-07-31 19:30:00,20.8,15,0.1,1.8,274,1012.7,932.1,0.0,0.0
INTA_POCITO,2026-07-31,1785537300,2026-07-31 19:35:00,21.5,15,0.0,0.0,192,1012.7,932.1,0.0,0.0
INTA_POCITO,2026-07-31,1785537600,2026-07-31 19:40:00,20.6,17,0.0,0.0,96,1012.9,932.3,0.0,0.0
INTA_POCITO,2026-07-31,1785537900,2026-07-31 19:45:00,19.2,18,0.2,1.8,11,1013.0,932.4,0.0,0.0
INTA_POCITO,2026-07-31,1785538200,2026-07-31 19:50:00,19.4,18,0.1,1.8,58,1013.1,932.5,0.0,0.0
INTA_POCITO,2026-07-31,1785538500,2026-07-31 19:55:00,19.6,18,0.1,1.8,112,1013.0,932.4,0.0,0.0
INTA_POCITO,2026-07-31,1785538800,2026-07-31 20:00:00,19.1,19,0.2,1.8,37,1013.1,932.6,0.0,0.0
INTA_POCITO,2026-07-31,1785539100,2026-07-31 20:05:00,18.7,20,2.2,11.2,63,1013.3,932.7,0.0,0.0
INTA_POCITO,2026-07-31,1785539400,2026-07-31 20:10:00,18.7,19,0.7,3.6,61,1013.4,932.8,0.0,0.0
INTA_POCITO,2026-07-31,1785539700,2026-07-31 20:15:00,18.8,19,0.6,3.6,86,1013.3,932.7,0.0,0.0
INTA_POCITO,2026-07-31,1785540000,2026-07-31 20:20:00,18.9,17,3.5,14.8,45,1013.4,932.8,0.0,0.0
INTA_POCITO,2026-07-31,1785540300,2026-07-31 20:25:00,19.6,17,3.7,11.2,26,1013.5,932.9,0.0,0.0
INTA_POCITO,2026-07-31,1785540600,2026-07-31 20:30:00,19.1,20,2.5,5.4,312,1013.5,932.9,0.0,0.0
INTA_POCITO,2026-07-31,1785540900,2026-07-31 20:35:00,17.5,23,4.3,9.4,8,1013.8,933.2,0.0,0.0
INTA_POCITO,2026-07-31,1785541200,2026-07-31 20:40:00,17.0,22,2.3,5.4,344,1014.0,933.4,0.0,0.0
INTA_POCITO,2026-07-31,1785541500,2026-07-31 20:45:00,18.0,20,2.6,5.4,341,1014.1,933.5,0.0,0.0
INTA_POCITO,2026-07-31,1785541800,2026-07-31 20:50:00,18.6,20,2.7,5.4,353,1014.0,933.5,0.0,0.0
INTA_POCITO,2026-07-31,1785542100,2026-07-31 20:55:00,18.9,19,3.0,9.4,349,1014.2,933.6,0.0,0.0
INTA_POCITO,2026-07-31,1785542400,2026-07-31 21:00:00,19.0,17,3.8,13.0,354,1014.1,933.5,0.0,0.0
INTA_POCITO,2026-07-31,1785542700,2026-07-31 21:05:00,19.0,17,5.6,13.0,333,1014.0,933.3,0.0,0.0
INTA_POCITO,2026-07-31,1785543000,2026-07-31 21:10:00,18.9,19,2.4,9.4,282,1014.0,933.4,0.0,0.0
INTA_POCITO,2026-07-31,1785543300,2026-07-31 21:15:00,18.5,18,3.0,9.4,288,1014.0,933.3,0.0,0.0
INTA_POCITO,2026-07-31,1785543600,2026-07-31 21:20:00,19.3,16,3.4,9.4,306,1013.9,933.3,0.0,0.0
INTA_POCITO,2026-07-31,1785543900,2026-07-31 21:25:00,19.2,17,1.3,5.4,311,1014.2,933.6,0.0,0.0
INTA_POCITO,2026-07-31,1785544200,2026-07-31 21:30:00,19.0,17,0.4,3.6,341,1014.4,933.8,0.0,0.0
INTA_POCITO,2026-07-31,1785544500,2026-07-31 21:35:00,18.2,19,0.0,0.0,179,1014.6,934.0,0.0,0.0
INTA_POCITO,2026-07-31,1785544800,2026-07-31 21:40:00,17.3,20,0.0,0.0,176,1014.8,934.2,0.0,0.0
INTA_POCITO,2026-07-31,1785545100,2026-07-31 21:45:00,16.6,20,0.0,0.0,155,1015.1,934.5,0.0,0.0
INTA_POCITO,2026-07-31,1785545400,2026-07-31 21:50:00,16.5,19,0.0,0.0,119,1015.3,934.7,0.0,0.0
INTA_POCITO,2026-07-31,1785545700,2026-07-31 21:55:00,17.7,17,0.1,1.8,204,1015.4,934.8,0.0,0.0
INTA_POCITO,2026-07-31,1785546000,2026-07-31 22:00:00,18.5,16,0.0,0.0,192,1015.3,934.7,0.0,0.0
INTA_POCITO,2026-07-31,1785546300,2026-07-31 22:05:00,18.0,18,0.0,0.0,173,1015.5,934.9,0.0,0.0
INTA_POCITO,2026-07-31,1785546600,2026-07-31 22:10:00,17.6,18,0.0,0.0,113,1015.6,935.0,0.0,0.0
INTA_POCITO,2026-07-31,1785546900,2026-07-31 22:15:00,17.8,18,0.9,3.6,343,1015.5,934.9,0.0,0.0
INTA_POCITO,2026-07-31,1785547200,2026-07-31 22:20:00,17.5,19,0.4,1.8,305,1015.6,935.0,0.0,0.0
INTA_POCITO,2026-07-31,1785547500,2026-07-31 22:25:00,17.2,20,0.0,0.0,181,1015.6,935.0,0.0,0.0
INTA_POCITO,2026-07-31,1785547800,2026-07-31 22:30:00,16.9,19,0.0,0.0,184,1015.7,935.1,0.0,0.0
INTA_POCITO,2026-07-31,1785548100,2026-07-31 22:35:00,16.3,21,0.0,0.0,176,1015.9,935.3,0.0,0.0
INTA_POCITO,2026-07-31,1785548400,2026-07-31 22:40:00,15.4,22,0.0,0.0,175,1016.0,935.4,0.0,0.0
INTA_POCITO,2026-07-31,1785548700,2026-07-31 22:45:00,15.3,21,0.0,0.0,140,1015.9,935.3,0.0,0.0
INTA_POCITO,2026-07-31,1785549000,2026-07-31 22:50:00,15.9,21,0.0,0.0,111,1016.0,935.3,0.0,0.0
INTA_POCITO,2026-07-31,1785549300,2026-07-31 22:55:00,15.2,23,0.0,0.0,162,1016.0,935.4,0.0,0.0
INTA_POCITO,2026-07-31,1785549600,2026-07-31 23:00:00,14.7,22,0.0,0.0,134,1015.7,935.1,0.0,0.0
INTA_POCITO,2026-07-31,1785549900,2026-07-31 23:05:00,15.1,23,0.5,3.6,257,1015.8,935.2,0.0,0.0
INTA_POCITO,2026-07-31,1785550200,2026-07-31 23:10:00,15.0,22,0.0,0.0,138,1015.7,935.1,0.0,0.0
INTA_POCITO,2026-07-31,1785550500,2026-07-31 23:15:00,15.3,22,0.0,0.0,111,1015.7,935.1,0.0,0.0
INTA_POCITO,2026-07-31,1785550800,2026-07-31 23:20:00,14.8,24,0.0,0.0,166,1015.8,935.2,0.0,0.0
INTA_POCITO,2026-07-31,1785551100,2026-07-31 23:25:00,14.6,22,0.0,0.0,148,1015.7,935.1,0.0,0.0
INTA_POCITO,2026-07-31,1785551400,2026-07-31 23:30:00,15.5,21,0.4,3.6,288,1015.6,935.0,0.0,0.0
INTA_POCITO,2026-07-31,1785551700,2026-07-31 23:35:00,16.3,19,1.5,7.2,14,1015.4,934.8,0.0,0.0
INTA_POCITO,2026-07-31,1785552000,2026-07-31 23:40:00,16.9,18,1.6,9.4,334,1015.7,935.1,0.0,0.0
INTA_POCITO,2026-07-31,1785552300,2026-07-31 23:45:00,17.0,19,0.3,1.8,49,1015.7,935.0,0.0,0.0
INTA_POCITO,2026-07-31,1785552600,2026-07-31 23:50:00,16.8,17,0.1,1.8,70,1015.9,935.3,0.0,0.0
INTA_POCITO,2026-07-31,1785552900,2026-07-31 23:55:00,17.2,17,0.5,5.4,38,1015.9,935.3,0.0,0.0
ULLUM_EMBALSE,2026-07-31,1785466800,2026-07-31 00:00:00,12.3,76,9.2,13.0,327,997.9,912.2,0.0,0.0
ULLUM_EMBALSE,2026-07-31,1785467100,2026-07-31 00:05:00,11.9,77,10.7,13.0,334,997.9,912.2,0.0,0.0
ULLUM_EMBALSE,2026-07-31,1785467400,2026-07-31 00:10:00,11.6,78,11.0,13.0,344,997.9,912.2,0.0,0.0
ULLUM_EMBALSE,2026-07-31,1785467700,2026-07-31 00:15:00,11.7,78,10.7,13.0,338,997.8,912.0,0.0,0.0
ULLUM_EMBALSE,2026-07-31,1785468000,2026-07-31 00:20:00,11.4,78,8.4,11.2,327,997.8,912.0,0.0,0.0
ULLUM_EMBALSE,2026-07-31,1785468300,2026-07-31 00:25:00,11.1,80,8.4,11.2,321,997.6,911.9,0.0,0.0
ULLUM_EMBALSE,2026-07-31,1785468600,2026-07-31 00:30:00,10.8,81,12.2,14.8,338,997.7,912.0,0.0,0.0
ULLUM_EMBALSE,2026-07-31,1785468900,2026-07-31 00:35:00,10.5,83,10.7,13.0,336,997.6,911.9,0.0,0.0
ULLUM_EMBALSE,2026-07-31,1785469200,2026-07-31 00:40:00,10.6,83,9.5,14.8,354,997.6,911.9,0.0,0.0
ULLUM_EMBALSE,2026-07-31,1785469500,2026-07-31 00:45:00,11.2,81,7.7,13.0,331,997.7,912.0,0.0,0.0
ULLUM_EMBALSE,2026-07-31,1785469800,2026-07-31 00:50:00,11.3,80,5.1,7.2,21,997.6,911.9,0.0,0.0
ULLUM_EMBALSE,2026-07-31,1785470100,2026-07-31 00:55:00,11.0,80,7.1,11.2,45,997.5,911.8,0.0,0.0
ULLUM_EMBALSE,2026-07-31,1785470400,2026-07-31 01:00:00,11.1,80,5.3,9.4,64,997.4,911.7,0.0,0.0
ULLUM_EMBALSE,2026-07-31,1785470700,2026-07-31 01:05:00,11.5,79,5.0,9.4,37,997.4,911.7,0.0,0.0
ULLUM_EMBALSE,2026-07-31,1785471000,2026-07-31 01:10:00,11.6,78,8.6,11.2,1,997.3,911.6,0.0,0.0
ULLUM_EMBALSE,2026-07-31,1785471300,2026-07-31 01:15:00,11.2,79,7.7,11.2,330,997.3,911.6,0.0,0.0
ULLUM_EMBALSE,2026-07-31,1785471600,2026-07-31 01:20:00,10.6,81,10.2,13.0,355,997.3,911.6,0.0,0.0
ULLUM_EMBALSE,2026-07-31,1785471900,2026-07-31 01:25:00,10.9,81,5.2,9.4,14,997.0,911.3,0.0,0.0
ULLUM_EMBALSE,2026-07-31,1785472200,2026-07-31 01:30:00,11.3,80,3.2,3.6,42,996.9,911.3,0.0,0.0
ULLUM_EMBALSE,2026-07-31,1785472500,2026-07-31 01:35:00,11.2,80,4.4,7.2,348,997.0,911.3,0.0,0.0
ULLUM_EMBALSE,2026-07-31,1785472800,2026-07-31 01:40:00,11.3,80,6.7,9.4,50,996.8,911.1,0.0,0.0
ULLUM_EMBALSE,2026-07-31,1785473100,2026-07-31 01:45:00,11.2,80,6.4,9.4,65,996.6,910.9,0.0,0.0
ULLUM_EMBALSE,2026-07-31,1785473400,2026-07-31 01:50:00,11.2,79,6.1,11.2,57,996.6,910.8,0.0,0.0
ULLUM_EMBALSE,2026-07-31,1785473700,2026-07-31 01:55:00,11.5,79,3.7,7.2,39,996.5,910.7,0.0,0.0
ULLUM_EMBALSE,2026-07-31,1785474000,2026-07-31 02:00:00,11.6,79,7.2,13.0,350,996.4,910.7,0.0,0.0
ULLUM_EMBALSE,2026-07-31,1785474300,2026-07-31 02:05:00,10.5,82,7.1,11.2,309,996.4,910.6,0.0,0.0
ULLUM_EMBALSE,2026-07-31,1785474600,2026-07-31 02:10:00,10.3,84,4.1,5.4,295,996.2,910.5,0.0,0.0
ULLUM_EMBALSE,2026-07-31,1785474900,2026-07-31 02:15:00,10.2,84,3.2,7.2,303,996.0,910.3,0.0,0.0
ULLUM_EMBALSE,2026-07-31,1785475200,2026-07-31 02:20:00,10.3,84,4.8,9.4,305,996.0,910.3,0.0,0.0
ULLUM_EMBALSE,2026-07-31,1785475500,2026-07-31 02:25:00,10.1,85,8.1,11.2,316,995.9,910.2,0.0,0.0
ULLUM_EMBALSE,2026-07-31,1785475800,2026-07-31 02:30:00,10.1,85,4.7,7.2,327,996.1,910.4,0.0,0.0
ULLUM_EMBALSE,2026-07-31,1785476100,2026-07-31 02:35:00,10.2,85,5.3,7.2,330,995.9,910.2,0.0,0.0
ULLUM_EMBALSE,2026-07-31,1785476400,2026-07-31 02:40:00,10.1,85,8.0,11.2,329,996.0,910.3,0.0,0.0
ULLUM_EMBALSE,2026-07-31,1785476700,2026-07-31 02:45:00,9.8,86,4.7,7.2,329,995.9,910.2,0.0,0.0
ULLUM_EMBALSE,2026-07-31,1785477000,2026-07-31 02:50:00,9.8,86,5.0,5.4,329,995.8,910.1,0.0,0.0
ULLUM_EMBALSE,2026-07-31,1785477300,2026-07-31 02:55:00,9.9,85,3.1,3.6,329,995.7,910.0,0.0,0.0
ULLUM_EMBALSE,2026-07-31,1785477600,2026-07-31 03:00:00,10.1,85,3.0,7.2,313,995.7,910.0,0.0,0.0
ULLUM_EMBALSE,2026-07-31,1785477900,2026-07-31 03:05:00,10.1,84,3.6,5.4,304,995.7,910.0,0.0,0.0
ULLUM_EMBALSE,2026-07-31,1785478200,2026-07-31 03:10:00,10.3,84,3.2,5.4,304,995.5,909.8,0.0,0.0
ULLUM_EMBALSE,2026-07-31,1785478500,2026-07-31 03:15:00,10.5,83,4.6,7.2,304,995.7,910.0,0.0,0.0
ULLUM_EMBALSE,2026-07-31,1785478800,2026-07-31 03:20:00,10.5,83,6.6,11.2,306,995.7,910.0,0.0,0.0
ULLUM_EMBALSE,2026-07-31,1785479100,2026-07-31 03:25:00,10.4,83,5.3,7.2,309,995.6,909.9,0.0,0.0
ULLUM_EMBALSE,2026-07-31,1785479400,2026-07-31 03:30:00,10.5,82,10.0,13.0,331,995.7,910.0,0.0,0.0
ULLUM_EMBALSE,2026-07-31,1785479700,2026-07-31 03:35:00,9.9,85,14.6,18.4,343,995.4,909.7,0.0,0.0
ULLUM_EMBALSE,2026-07-31,1785480000,2026-07-31 03:40:00,9.3,87,11.4,14.8,341,995.4,909.7,0.0,0.0
ULLUM_EMBALSE,2026-07-31,1785480300,2026-07-31 03:45:00,9.1,88,12.0,14.8,339,995.3,909.6,0.0,0.0
ULLUM_EMBALSE,2026-07-31,1785480600,2026-07-31 03:50:00,8.8,89,10.9,14.8,350,995.1,909.4,0.0,0.0
ULLUM_EMBALSE,2026-07-31,1785480900,2026-07-31 03:55:00,8.8,88,7.3,11.2,22,995.2,909.5,0.0,0.0
ULLUM_EMBALSE,2026-07-31,1785481200,2026-07-31 04:00:00,8.6,88,4.8,7.2,37,995.4,909.7,0.0,0.0
ULLUM_EMBALSE,2026-07-31,1785481500,2026-07-31 04:05:00,8.5,88,10.0,13.0,356,995.3,909.6,0.0,0.0
ULLUM_EMBALSE,2026-07-31,1785481800,2026-07-31 04:10:00,8.2,88,10.3,14.8,357,995.2,909.5,0.0,0.0
ULLUM_EMBALSE,2026-07-31,1785482100,2026-07-31 04:15:00,8.2,89,8.0,13.0,58,995.1,909.4,0.0,0.0
ULLUM_EMBALSE,2026-07-31,1785482400,2026-07-31 04:20:00,8.3,89,2.8,9.4,41,995.2,909.5,0.0,0.0
ULLUM_EMBALSE,2026-07-31,1785482700,2026-07-31 04:25:00,8.4,88,1.8,5.4,39,995.2,909.5,0.0,0.0
ULLUM_EMBALSE,2026-07-31,1785483000,2026-07-31 04:30:00,8.5,88,1.1,1.8,39,995.0,909.4,0.0,0.0
ULLUM_EMBALSE,2026-07-31,1785483300,2026-07-31 04:35:00,8.6,88,4.3,7.2,38,995.0,909.4,0.0,0.0
ULLUM_EMBALSE,2026-07-31,1785483600,2026-07-31 04:40:00,8.9,88,1.7,5.4,68,995.2,909.5,0.0,0.0
ULLUM_EMBALSE,2026-07-31,1785483900,2026-07-31 04:45:00,8.9,87,3.5,7.2,90,995.1,909.4,0.0,0.0
ULLUM_EMBALSE,2026-07-31,1785484200,2026-07-31 04:50:00,9.6,87,3.3,7.2,86,995.3,909.6,0.0,0.0
ULLUM_EMBALSE,2026-07-31,1785484500,2026-07-31 04:55:00,9.5,86,3.8,5.4,128,995.4,909.7,0.0,0.0
ULLUM_EMBALSE,2026-07-31,1785484800,2026-07-31 05:00:00,9.5,86,8.4,13.0,348,995.6,909.9,0.0,0.0
ULLUM_EMBALSE,2026-07-31,1785485100,2026-07-31 05:05:00,9.6,85,12.2,16.6,326,995.7,910.0,0.0,0.0
ULLUM_EMBALSE,2026-07-31,1785485400,2026-07-31 05:10:00,9.2,86,7.3,11.2,27,995.3,909.6,0.0,0.0
ULLUM_EMBALSE,2026-07-31,1785485700,2026-07-31 05:15:00,8.9,87,9.6,16.6,358,995.5,909.8,0.0,0.0
ULLUM_EMBALSE,2026-07-31,1785486000,2026-07-31 05:20:00,8.5,88,12.5,23.8,308,995.7,909.9,0.0,0.0
ULLUM_EMBALSE,2026-07-31,1785486300,2026-07-31 05:25:00,8.0,89,8.7,11.2,343,995.6,909.8,0.0,0.0
ULLUM_EMBALSE,2026-07-31,1785486600,2026-07-31 05:30:00,8.1,90,6.9,13.0,23,995.7,910.0,0.0,0.0
ULLUM_EMBALSE,2026-07-31,1785486900,2026-07-31 05:35:00,8.3,90,6.9,13.0,50,995.6,909.9,0.0,0.0
ULLUM_EMBALSE,2026-07-31,1785487200,2026-07-31 05:40:00,8.4,90,4.9,9.4,67,995.8,910.1,0.0,0.0
ULLUM_EMBALSE,2026-07-31,1785487500,2026-07-31 05:45:00,8.4,90,4.2,7.2,7,995.7,910.0,0.0,0.0
ULLUM_EMBALSE,2026-07-31,1785487800,2026-07-31 05:50:00,8.5,90,5.0,7.2,349,995.7,910.0,0.0,0.0
ULLUM_EMBALSE,2026-07-31,1785488100,2026-07-31 05:55:00,8.6,90,7.8,11.2,347,995.7,910.0,0.0,0.0
ULLUM_EMBALSE,2026-07-31,1785488400,2026-07-31 06:00:00,8.9,90,9.4,14.8,312,995.7,910.0,0.0,0.0
ULLUM_EMBALSE,2026-07-31,1785488700,2026-07-31 06:05:00,9.0,89,10.4,14.8,329,995.9,910.2,0.0,0.0
ULLUM_EMBALSE,2026-07-31,1785489000,2026-07-31 06:10:00,9.2,88,12.3,14.8,324,996.0,910.3,0.0,0.0
ULLUM_EMBALSE,2026-07-31,1785489300,2026-07-31 06:15:00,9.0,88,10.9,14.8,334,996.0,910.3,0.0,0.0
ULLUM_EMBALSE,2026-07-31,1785489600,2026-07-31 06:20:00,9.0,88,11.0,16.6,324,995.9,910.2,0.0,0.0
ULLUM_EMBALSE,2026-07-31,1785489900,2026-07-31 06:25:00,8.7,89,12.0,16.6,341,995.9,910.2,0.0,0.0
ULLUM_EMBALSE,2026-07-31,1785490200,2026-07-31 06:30:00,8.6,89,12.0,18.4,325,996.0,910.3,0.0,0.0
ULLUM_EMBALSE,2026-07-31,1785490500,2026-07-31 06:35:00,8.3,90,12.2,14.8,325,995.9,910.2,0.0,0.0
ULLUM_EMBALSE,2026-07-31,1785490800,2026-07-31 06:40:00,8.2,90,11.5,16.6,349,996.0,910.3,0.0,0.0
ULLUM_EMBALSE,2026-07-31,1785491100,2026-07-31 06:45:00,8.1,91,12.0,14.8,332,996.0,910.3,0.0,0.0
ULLUM_EMBALSE,2026-07-31,1785491400,2026-07-31 06:50:00,8.1,91,7.1,13.0,349,996.0,910.3,0.0,0.0
ULLUM_EMBALSE,2026-07-31,1785491700,2026-07-31 06:55:00,8.2,91,6.2,13.0,18,996.3,910.6,0.0,0.0
ULLUM_EMBALSE,2026-07-31,1785492000,2026-07-31 07:00:00,8.2,90,7.1,11.2,48,996.2,910.5,0.0,0.0
ULLUM_EMBALSE,2026-07-31,1785492300,2026-07-31 07:05:00,8.8,90,6.0,14.8,350,996.6,910.9,0.0,0.0
ULLUM_EMBALSE,2026-07-31,1785492600,2026-07-31 07:10:00,8.8,89,4.3,7.2,153,996.4,910.7,0.0,0.0
ULLUM_EMBALSE,2026-07-31,1785492900,2026-07-31 07:15:00,8.4,88,5.0,13.0,332,996.4,910.7,0.0,0.0
ULLUM_EMBALSE,2026-07-31,1785493200,2026-07-31 07:20:00,9.0,88,6.7,13.0,356,996.8,911.1,0.0,0.0
ULLUM_EMBALSE,2026-07-31,1785493500,2026-07-31 07:25:00,9.4,87,3.9,7.2,313,996.5,910.8,0.0,0.0
ULLUM_EMBALSE,2026-07-31,1785493800,2026-07-31 07:30:00,9.0,87,8.3,16.6,25,996.4,910.7,0.0,0.0
ULLUM_EMBALSE,2026-07-31,1785494100,2026-07-31 07:35:00,9.6,87,12.4,20.2,68,996.7,911.0,0.0,0.0
ULLUM_EMBALSE,2026-07-31,1785494400,2026-07-31 07:40:00,10.2,86,4.5,9.4,118,996.7,910.9,0.0,0.0
ULLUM_EMBALSE,2026-07-31,1785494700,2026-07-31 07:45:00,10.0,86,1.8,3.6,168,996.7,911.0,0.0,0.0
ULLUM_EMBALSE,2026-07-31,1785495000,2026-07-31 07:50:00,10.4,86,4.5,11.2,154,997.0,911.3,0.0,0.0
ULLUM_EMBALSE,2026-07-31,1785495300,2026-07-31 07:55:00,10.8,86,7.1,13.0,72,997.0,911.4,0.0,0.0
ULLUM_EMBALSE,2026-07-31,1785495600,2026-07-31 08:00:00,11.0,85,5.3,7.2,88,996.7,911.0,0.0,0.1
ULLUM_EMBALSE,2026-07-31,1785495900,2026-07-31 08:05:00,11.0,85,9.1,20.2,74,996.8,911.1,0.0,0.3
ULLUM_EMBALSE,2026-07-31,1785496200,2026-07-31 08:10:00,11.3,84,3.5,11.2,85,997.0,911.3,0.0,0.8
ULLUM_EMBALSE,2026-07-31,1785496500,2026-07-31 08:15:00,11.6,83,4.6,9.4,18,997.3,911.6,0.0,1.8
ULLUM_EMBALSE,2026-07-31,1785496800,2026-07-31 08:20:00,11.7,80,10.2,18.4,61,997.2,911.6,0.0,3.5
ULLUM_EMBALSE,2026-07-31,1785497100,2026-07-31 08:25:00,11.8,80,9.6,18.4,54,997.3,911.6,0.0,5.9
ULLUM_EMBALSE,2026-07-31,1785497400,2026-07-31 08:30:00,12.0,78,2.4,5.4,110,997.4,911.7,0.0,9.3
ULLUM_EMBALSE,2026-07-31,1785497700,2026-07-31 08:35:00,12.5,73,3.1,7.2,96,997.4,911.7,0.0,12.5
ULLUM_EMBALSE,2026-07-31,1785498000,2026-07-31 08:40:00,13.5,60,4.0,7.2,100,997.3,911.6,0.0,16.1
ULLUM_EMBALSE,2026-07-31,1785498300,2026-07-31 08:45:00,16.6,42,3.7,14.8,321,997.3,911.6,0.0,19.5
ULLUM_EMBALSE,2026-07-31,1785498600,2026-07-31 08:50:00,18.1,37,4.2,9.4,354,997.3,911.6,0.0,23.1
ULLUM_EMBALSE,2026-07-31,1785498900,2026-07-31 08:55:00,19.2,34,4.1,9.4,239,997.3,911.6,0.0,35.1
ULLUM_EMBALSE,2026-07-31,1785499200,2026-07-31 09:00:00,17.3,46,2.9,5.4,206,997.3,911.6,0.0,40.8
ULLUM_EMBALSE,2026-07-31,1785499500,2026-07-31 09:05:00,18.2,35,7.4,14.8,76,997.3,911.6,0.0,46.1
ULLUM_EMBALSE,2026-07-31,1785499800,2026-07-31 09:10:00,20.0,28,12.5,22.0,306,997.2,911.5,0.0,52.4
ULLUM_EMBALSE,2026-07-31,1785500100,2026-07-31 09:15:00,21.4,26,4.9,13.0,327,997.1,911.4,0.0,58.4
ULLUM_EMBALSE,2026-07-31,1785500400,2026-07-31 09:20:00,21.3,26,16.6,31.3,321,997.0,911.4,0.0,62.0
ULLUM_EMBALSE,2026-07-31,1785500700,2026-07-31 09:25:00,20.9,27,7.6,14.8,16,997.1,911.4,0.0,69.2
ULLUM_EMBALSE,2026-07-31,1785501000,2026-07-31 09:30:00,20.8,27,11.2,16.6,357,997.2,911.5,0.0,81.6
ULLUM_EMBALSE,2026-07-31,1785501300,2026-07-31 09:35:00,21.0,31,16.2,18.4,338,997.3,911.6,0.0,91.0
ULLUM_EMBALSE,2026-07-31,1785501600,2026-07-31 09:40:00,20.2,31,26.2,38.5,286,997.0,911.3,0.0,100.0
ULLUM_EMBALSE,2026-07-31,1785501900,2026-07-31 09:45:00,20.3,30,19.7,29.5,287,996.9,911.2,0.0,109.1
ULLUM_EMBALSE,2026-07-31,1785502200,2026-07-31 09:50:00,20.1,30,26.3,40.3,265,996.8,911.1,0.0,119.4
ULLUM_EMBALSE,2026-07-31,1785502500,2026-07-31 09:55:00,20.5,30,29.3,38.5,288,996.9,911.2,0.0,130.1
ULLUM_EMBALSE,2026-07-31,1785502800,2026-07-31 10:00:00,20.5,30,23.5,36.7,316,996.9,911.3,0.0,140.7
ULLUM_EMBALSE,2026-07-31,1785503100,2026-07-31 10:05:00,20.2,32,21.7,46.1,283,996.8,911.1,0.0,150.7
ULLUM_EMBALSE,2026-07-31,1785503400,2026-07-31 10:10:00,20.3,30,22.9,42.1,289,996.6,910.9,0.0,162.1
ULLUM_EMBALSE,2026-07-31,1785503700,2026-07-31 10:15:00,20.8,28,25.0,53.3,252,996.5,910.7,0.0,171.5
ULLUM_EMBALSE,2026-07-31,1785504000,2026-07-31 10:20:00,21.6,26,29.7,47.9,252,996.3,910.6,0.0,178.5
ULLUM_EMBALSE,2026-07-31,1785504300,2026-07-31 10:25:00,21.8,24,34.6,62.3,276,996.2,910.5,0.0,188.5
ULLUM_EMBALSE,2026-07-31,1785504600,2026-07-31 10:30:00,22.0,25,28.4,43.9,257,996.2,910.5,0.0,191.3
ULLUM_EMBALSE,2026-07-31,1785508200,2026-07-31 11:30:00,24.0,19,48.6,56.9,321,996.5,910.8,0.0,320.5
ULLUM_EMBALSE,2026-07-31,1785508500,2026-07-31 11:35:00,24.1,19,50.0,66.2,343,996.2,910.5,0.0,329.4
ULLUM_EMBALSE,2026-07-31,1785508800,2026-07-31 11:40:00,24.3,18,53.5,73.4,337,996.2,910.5,0.0,338.0
ULLUM_EMBALSE,2026-07-31,1785509100,2026-07-31 11:45:00,24.3,18,57.0,71.6,347,996.1,910.4,0.0,347.9
ULLUM_EMBALSE,2026-07-31,1785509400,2026-07-31 11:50:00,24.4,18,53.4,68.0,337,996.2,910.5,0.0,355.9
ULLUM_EMBALSE,2026-07-31,1785509700,2026-07-31 11:55:00,24.8,17,50.9,64.4,339,996.4,910.7,0.0,363.3
ULLUM_EMBALSE,2026-07-31,1785510000,2026-07-31 12:00:00,24.9,16,43.7,62.3,343,996.3,910.6,0.0,369.8
ULLUM_EMBALSE,2026-07-31,1785510300,2026-07-31 12:05:00,24.8,17,55.4,77.0,338,996.3,910.6,0.0,378.1
ULLUM_EMBALSE,2026-07-31,1785510600,2026-07-31 12:10:00,24.7,17,50.9,62.3,356,996.2,910.5,0.0,386.4
ULLUM_EMBALSE,2026-07-31,1785510900,2026-07-31 12:15:00,24.9,17,49.5,68.0,335,996.2,910.5,0.0,392.7
ULLUM_EMBALSE,2026-07-31,1785511200,2026-07-31 12:20:00,24.7,18,54.8,66.2,348,996.3,910.6,0.0,398.2
ULLUM_EMBALSE,2026-07-31,1785511500,2026-07-31 12:25:00,24.7,18,53.9,71.6,344,996.3,910.6,0.0,405.3
ULLUM_EMBALSE,2026-07-31,1785511800,2026-07-31 12:30:00,25.1,17,49.7,66.2,346,996.1,910.4,0.0,408.1
ULLUM_EMBALSE,2026-07-31,1785512100,2026-07-31 12:35:00,25.2,16,49.5,69.8,342,995.9,910.2,0.0,416.1
ULLUM_EMBALSE,2026-07-31,1785512400,2026-07-31 12:40:00,25.3,16,45.4,56.9,353,995.7,910.0,0.0,422.2
ULLUM_EMBALSE,2026-07-31,1785512700,2026-07-31 12:45:00,25.3,16,45.8,75.2,349,996.0,910.3,0.0,425.4
ULLUM_EMBALSE,2026-07-31,1785513000,2026-07-31 12:50:00,25.3,16,46.7,68.0,346,995.9,910.2,0.0,428.2
ULLUM_EMBALSE,2026-07-31,1785513300,2026-07-31 12:55:00,25.3,16,48.4,62.3,334,995.8,910.1,0.0,432.9
ULLUM_EMBALSE,2026-07-31,1785513600,2026-07-31 13:00:00,25.3,17,50.3,68.0,336,995.9,910.2,0.0,438.1
ULLUM_EMBALSE,2026-07-31,1785513900,2026-07-31 13:05:00,25.2,17,48.9,66.2,347,996.1,910.4,0.0,440.3
ULLUM_EMBALSE,2026-07-31,1785514200,2026-07-31 13:10:00,25.0,17,42.4,55.1,339,996.2,910.5,0.0,444.2
ULLUM_EMBALSE,2026-07-31,1785514500,2026-07-31 13:15:00,25.3,17,44.3,66.2,332,996.2,910.5,0.0,446.8
ULLUM_EMBALSE,2026-07-31,1785514800,2026-07-31 13:20:00,25.1,17,46.7,60.5,335,996.3,910.6,0.0,449.2
ULLUM_EMBALSE,2026-07-31,1785515100,2026-07-31 13:25:00,25.2,17,39.4,53.3,336,996.3,910.6,0.0,449.9
ULLUM_EMBALSE,2026-07-31,1785515400,2026-07-31 13:30:00,25.3,17,40.7,55.1,340,996.5,910.8,0.0,452.3
ULLUM_EMBALSE,2026-07-31,1785515700,2026-07-31 13:35:00,25.5,17,31.3,43.9,345,996.6,910.8,0.0,458.0
ULLUM_EMBALSE,2026-07-31,1785516000,2026-07-31 13:40:00,25.7,17,30.1,43.9,351,996.7,910.9,0.0,462.8
ULLUM_EMBALSE,2026-07-31,1785516300,2026-07-31 13:45:00,25.8,16,33.1,43.9,344,996.5,910.8,0.0,504.7
ULLUM_EMBALSE,2026-07-31,1785516600,2026-07-31 13:50:00,25.4,19,44.5,58.7,334,996.6,910.9,0.0,509.3
ULLUM_EMBALSE,2026-07-31,1785516900,2026-07-31 13:55:00,23.9,23,26.7,40.3,279,996.7,911.0,0.0,511.2
ULLUM_EMBALSE,2026-07-31,1785517200,2026-07-31 14:00:00,23.4,22,33.2,68.0,263,996.7,911.0,0.0,470.4
ULLUM_EMBALSE,2026-07-31,1785517500,2026-07-31 14:05:00,23.1,23,29.2,46.1,269,996.7,911.0,0.0,450.6
ULLUM_EMBALSE,2026-07-31,1785517800,2026-07-31 14:10:00,22.7,24,26.9,51.5,261,997.1,911.4,0.0,468.5
ULLUM_EMBALSE,2026-07-31,1785518100,2026-07-31 14:15:00,22.7,24,27.5,51.5,291,997.2,911.5,0.0,465.8
ULLUM_EMBALSE,2026-07-31,1785518400,2026-07-31 14:20:00,22.3,27,26.0,36.7,278,997.4,911.7,0.0,457.3
ULLUM_EMBALSE,2026-07-31,1785518700,2026-07-31 14:25:00,22.0,26,38.2,53.3,319,997.5,911.8,0.0,440.1
ULLUM_EMBALSE,2026-07-31,1785519000,2026-07-31 14:30:00,22.3,25,27.3,46.1,266,997.6,911.9,0.0,433.1
ULLUM_EMBALSE,2026-07-31,1785519300,2026-07-31 14:35:00,22.7,23,37.1,53.3,329,997.5,911.8,0.0,440.0
ULLUM_EMBALSE,2026-07-31,1785519600,2026-07-31 14:40:00,22.8,24,23.1,31.3,323,997.6,911.9,0.0,433.3
ULLUM_EMBALSE,2026-07-31,1785519900,2026-07-31 14:45:00,22.0,30,15.8,31.3,267,997.7,912.0,0.0,423.3
ULLUM_EMBALSE,2026-07-31,1785520200,2026-07-31 14:50:00,21.6,28,15.9,33.1,281,997.7,912.0,0.0,413.7
ULLUM_EMBALSE,2026-07-31,1785520500,2026-07-31 14:55:00,22.6,25,21.6,33.1,273,997.8,912.0,0.0,407.2
ULLUM_EMBALSE,2026-07-31,1785520800,2026-07-31 15:00:00,22.8,22,34.2,58.7,263,997.9,912.2,0.0,400.8
ULLUM_EMBALSE,2026-07-31,1785521100,2026-07-31 15:05:00,23.3,22,31.2,47.9,274,997.9,912.2,0.0,393.6
ULLUM_EMBALSE,2026-07-31,1785521400,2026-07-31 15:10:00,22.4,26,22.8,40.3,266,998.2,912.5,0.0,388.6
ULLUM_EMBALSE,2026-07-31,1785521700,2026-07-31 15:15:00,22.4,24,30.2,55.1,286,998.4,912.7,0.0,380.6
ULLUM_EMBALSE,2026-07-31,1785522000,2026-07-31 15:20:00,22.4,25,27.9,47.9,259,998.4,912.7,0.0,374.5
ULLUM_EMBALSE,2026-07-31,1785522300,2026-07-31 15:25:00,21.7,27,32.7,56.9,300,998.3,912.6,0.0,364.1
ULLUM_EMBALSE,2026-07-31,1785522600,2026-07-31 15:30:00,21.8,26,30.7,49.7,250,998.5,912.8,0.0,356.4
ULLUM_EMBALSE,2026-07-31,1785522900,2026-07-31 15:35:00,21.9,27,25.2,40.3,270,998.6,912.9,0.0,348.8
ULLUM_EMBALSE,2026-07-31,1785523200,2026-07-31 15:40:00,21.7,26,21.0,40.3,254,998.8,913.1,0.0,338.5
ULLUM_EMBALSE,2026-07-31,1785523500,2026-07-31 15:45:00,22.5,23,27.4,43.9,276,998.9,913.2,0.0,329.7
ULLUM_EMBALSE,2026-07-31,1785523800,2026-07-31 15:50:00,22.2,25,32.0,62.3,285,998.8,913.0,0.0,326.1
ULLUM_EMBALSE,2026-07-31,1785524100,2026-07-31 15:55:00,21.7,26,17.3,33.1,252,998.9,913.2,0.0,314.6
ULLUM_EMBALSE,2026-07-31,1785524400,2026-07-31 16:00:00,22.0,25,19.2,34.9,285,999.0,913.3,0.0,307.3
ULLUM_EMBALSE,2026-07-31,1785524700,2026-07-31 16:05:00,22.2,22,26.7,40.3,248,999.0,913.3,0.0,254.1
ULLUM_EMBALSE,2026-07-31,1785525000,2026-07-31 16:10:00,22.4,21,31.0,53.3,247,999.0,913.3,0.0,329.5
ULLUM_EMBALSE,2026-07-31,1785525300,2026-07-31 16:15:00,22.8,19,38.7,53.3,270,999.0,913.3,0.0,319.2
ULLUM_EMBALSE,2026-07-31,1785525600,2026-07-31 16:20:00,22.8,19,39.5,56.9,266,999.0,913.3,0.0,296.4
ULLUM_EMBALSE,2026-07-31,1785525900,2026-07-31 16:25:00,22.0,21,25.3,46.1,279,998.9,913.2,0.0,283.2
ULLUM_EMBALSE,2026-07-31,1785526200,2026-07-31 16:30:00,21.9,19,29.5,51.5,271,999.1,913.5,0.0,276.7
ULLUM_EMBALSE,2026-07-31,1785526500,2026-07-31 16:35:00,22.3,17,37.2,73.4,276,998.8,913.1,0.0,259.3
ULLUM_EMBALSE,2026-07-31,1785526800,2026-07-31 16:40:00,22.9,15,47.0,66.2,263,998.9,913.2,0.0,255.6
ULLUM_EMBALSE,2026-07-31,1785527100,2026-07-31 16:45:00,22.4,17,48.9,77.0,259,998.9,913.2,0.0,246.4
ULLUM_EMBALSE,2026-07-31,1785527400,2026-07-31 16:50:00,22.1,21,38.4,60.5,274,999.4,913.7,0.0,234.1
ULLUM_EMBALSE,2026-07-31,1785527700,2026-07-31 16:55:00,21.5,20,34.3,51.5,273,999.3,913.6,0.0,202.6
ULLUM_EMBALSE,2026-07-31,1785528000,2026-07-31 17:00:00,21.9,19,44.6,68.0,290,999.8,914.1,0.0,177.3
ULLUM_EMBALSE,2026-07-31,1785528300,2026-07-31 17:05:00,21.7,20,26.6,42.1,249,1000.1,914.4,0.0,165.4
ULLUM_EMBALSE,2026-07-31,1785528600,2026-07-31 17:10:00,21.3,21,30.3,43.9,304,1000.3,914.6,0.0,154.0
ULLUM_EMBALSE,2026-07-31,1785528900,2026-07-31 17:15:00,21.6,18,26.7,38.5,261,1000.4,914.7,0.0,143.5
ULLUM_EMBALSE,2026-07-31,1785529200,2026-07-31 17:20:00,21.8,18,25.9,40.3,318,1000.5,914.8,0.0,134.2
ULLUM_EMBALSE,2026-07-31,1785529500,2026-07-31 17:25:00,21.6,21,21.7,34.9,263,1000.5,914.8,0.0,124.1
ULLUM_EMBALSE,2026-07-31,1785529800,2026-07-31 17:30:00,21.8,18,19.1,31.3,263,1000.6,914.9,0.0,114.8
ULLUM_EMBALSE,2026-07-31,1785530100,2026-07-31 17:35:00,22.2,17,18.5,27.7,252,1000.7,914.9,0.0,105.2
ULLUM_EMBALSE,2026-07-31,1785530400,2026-07-31 17:40:00,21.5,21,16.6,38.5,269,1000.8,915.1,0.0,96.9
ULLUM_EMBALSE,2026-07-31,1785530700,2026-07-31 17:45:00,21.0,23,17.9,34.9,278,1001.1,915.4,0.0,87.9
ULLUM_EMBALSE,2026-07-31,1785531000,2026-07-31 17:50:00,20.8,24,22.1,33.1,256,1001.2,915.5,0.0,76.4
ULLUM_EMBALSE,2026-07-31,1785531300,2026-07-31 17:55:00,20.5,25,19.2,29.5,287,1001.1,915.4,0.0,72.1
ULLUM_EMBALSE,2026-07-31,1785531600,2026-07-31 18:00:00,20.9,20,20.7,36.7,235,1001.2,915.5,0.0,64.3
ULLUM_EMBALSE,2026-07-31,1785531900,2026-07-31 18:05:00,21.3,23,14.3,27.7,305,1001.3,915.6,0.0,57.2
ULLUM_EMBALSE,2026-07-31,1785532200,2026-07-31 18:10:00,20.7,22,19.7,27.7,304,1001.3,915.6,0.0,49.9
ULLUM_EMBALSE,2026-07-31,1785532500,2026-07-31 18:15:00,20.3,27,15.3,23.8,271,1001.6,915.9,0.0,43.3
ULLUM_EMBALSE,2026-07-31,1785532800,2026-07-31 18:20:00,19.8,24,17.1,27.7,283,1001.7,916.0,0.0,37.0
ULLUM_EMBALSE,2026-07-31,1785533100,2026-07-31 18:25:00,20.6,22,13.5,33.1,275,1001.7,916.0,0.0,31.1
ULLUM_EMBALSE,2026-07-31,1785533400,2026-07-31 18:30:00,20.0,23,13.2,22.0,250,1001.8,916.1,0.0,25.4
ULLUM_EMBALSE,2026-07-31,1785533700,2026-07-31 18:35:00,20.8,17,17.9,25.6,248,1001.8,916.1,0.0,17.3
ULLUM_EMBALSE,2026-07-31,1785534000,2026-07-31 18:40:00,21.3,16,26.0,51.5,264,1001.5,915.8,0.0,12.0
ULLUM_EMBALSE,2026-07-31,1785534300,2026-07-31 18:45:00,20.8,17,33.5,47.9,265,1001.3,915.7,0.0,9.6
ULLUM_EMBALSE,2026-07-31,1785534600,2026-07-31 18:50:00,21.2,15,35.4,49.7,260,1001.3,915.6,0.0,7.1
ULLUM_EMBALSE,2026-07-31,1785534900,2026-07-31 18:55:00,20.7,18,41.8,56.9,273,1001.3,915.7,0.0,4.6
ULLUM_EMBALSE,2026-07-31,1785535200,2026-07-31 19:00:00,20.8,16,35.9,62.3,249,1001.5,915.8,0.0,2.7
ULLUM_EMBALSE,2026-07-31,1785535500,2026-07-31 19:05:00,20.6,18,35.6,51.5,279,1001.6,915.9,0.0,1.4
ULLUM_EMBALSE,2026-07-31,1785535800,2026-07-31 19:10:00,20.5,17,35.2,47.9,277,1001.8,916.0,0.0,0.6
ULLUM_EMBALSE,2026-07-31,1785536100,2026-07-31 19:15:00,20.1,22,27.5,42.1,272,1002.0,916.3,0.0,0.2
ULLUM_EMBALSE,2026-07-31,1785536400,2026-07-31 19:20:00,19.1,24,22.8,36.7,267,1002.1,916.4,0.0,0.1
ULLUM_EMBALSE,2026-07-31,1785536700,2026-07-31 19:25:00,19.3,23,29.0,40.3,297,1002.2,916.5,0.0,0.0
ULLUM_EMBALSE,2026-07-31,1785537000,2026-07-31 19:30:00,19.8,18,27.6,46.1,262,1002.2,916.5,0.0,0.0
ULLUM_EMBALSE,2026-07-31,1785537300,2026-07-31 19:35:00,20.1,18,24.6,42.1,275,1002.3,916.6,0.0,0.0
ULLUM_EMBALSE,2026-07-31,1785537600,2026-07-31 19:40:00,19.7,22,10.8,25.6,276,1002.4,916.7,0.0,0.0
ULLUM_EMBALSE,2026-07-31,1785537900,2026-07-31 19:45:00,19.1,23,6.1,11.2,299,1002.5,916.8,0.0,0.0
ULLUM_EMBALSE,2026-07-31,1785538200,2026-07-31 19:50:00,18.8,24,13.6,23.8,325,1002.8,917.1,0.0,0.0
ULLUM_EMBALSE,2026-07-31,1785538500,2026-07-31 19:55:00,19.1,20,22.1,36.7,299,1002.8,917.0,0.0,0.0
ULLUM_EMBALSE,2026-07-31,1785538800,2026-07-31 20:00:00,19.5,18,25.5,40.3,290,1002.8,917.1,0.0,0.0
ULLUM_EMBALSE,2026-07-31,1785539100,2026-07-31 20:05:00,19.8,17,27.9,42.1,282,1003.0,917.3,0.0,0.0
ULLUM_EMBALSE,2026-07-31,1785539400,2026-07-31 20:10:00,19.8,18,19.1,29.5,275,1003.0,917.3,0.0,0.0
ULLUM_EMBALSE,2026-07-31,1785539700,2026-07-31 20:15:00,19.6,17,17.8,42.1,291,1003.1,917.4,0.0,0.0
ULLUM_EMBALSE,2026-07-31,1785540000,2026-07-31 20:20:00,19.6,17,17.6,33.1,271,1003.3,917.7,0.0,0.0
ULLUM_EMBALSE,2026-07-31,1785540300,2026-07-31 20:25:00,19.6,17,19.7,40.3,281,1003.4,917.8,0.0,0.0
ULLUM_EMBALSE,2026-07-31,1785540600,2026-07-31 20:30:00,18.9,24,13.2,20.2,306,1003.4,917.8,0.0,0.0
ULLUM_EMBALSE,2026-07-31,1785540900,2026-07-31 20:35:00,19.1,17,9.7,25.6,295,1003.8,918.1,0.0,0.0
ULLUM_EMBALSE,2026-07-31,1785541200,2026-07-31 20:40:00,19.8,16,12.3,25.6,273,1004.0,918.3,0.0,0.0
ULLUM_EMBALSE,2026-07-31,1785541500,2026-07-31 20:45:00,19.7,16,10.6,23.8,250,1004.1,918.4,0.0,0.0
ULLUM_EMBALSE,2026-07-31,1785541800,2026-07-31 20:50:00,19.7,15,12.4,20.2,256,1004.3,918.6,0.0,0.0
ULLUM_EMBALSE,2026-07-31,1785542100,2026-07-31 20:55:00,19.7,16,7.6,13.0,262,1004.2,918.5,0.0,0.0
ULLUM_EMBALSE,2026-07-31,1785542400,2026-07-31 21:00:00,19.6,15,10.7,22.0,259,1004.3,918.6,0.0,0.0
ULLUM_EMBALSE,2026-07-31,1785542700,2026-07-31 21:05:00,19.6,18,18.9,25.6,316,1004.1,918.4,0.0,0.0
ULLUM_EMBALSE,2026-07-31,1785543000,2026-07-31 21:10:00,18.7,18,25.4,31.3,343,1003.8,918.1,0.0,0.0
ULLUM_EMBALSE,2026-07-31,1785543300,2026-07-31 21:15:00,19.0,18,28.2,36.7,338,1003.7,918.0,0.0,0.0
ULLUM_EMBALSE,2026-07-31,1785543600,2026-07-31 21:20:00,18.9,17,21.0,29.5,6,1003.8,918.1,0.0,0.0
ULLUM_EMBALSE,2026-07-31,1785543900,2026-07-31 21:25:00,18.9,18,21.0,31.3,340,1003.9,918.2,0.0,0.0
ULLUM_EMBALSE,2026-07-31,1785544200,2026-07-31 21:30:00,18.7,18,23.6,34.9,0,1003.9,918.2,0.0,0.0
ULLUM_EMBALSE,2026-07-31,1785544500,2026-07-31 21:35:00,18.9,18,20.2,27.7,347,1003.8,918.1,0.0,0.0
ULLUM_EMBALSE,2026-07-31,1785544800,2026-07-31 21:40:00,18.6,21,30.6,34.9,347,1003.9,918.1,0.0,0.0
ULLUM_EMBALSE,2026-07-31,1785545100,2026-07-31 21:45:00,18.2,21,39.9,47.9,341,1003.5,917.9,0.0,0.0
ULLUM_EMBALSE,2026-07-31,1785545400,2026-07-31 21:50:00,18.3,21,48.8,60.5,341,1003.3,917.7,0.0,0.0
ULLUM_EMBALSE,2026-07-31,1785545700,2026-07-31 21:55:00,18.8,20,45.5,56.9,341,1003.5,917.8,0.0,0.0
ULLUM_EMBALSE,2026-07-31,1785546000,2026-07-31 22:00:00,18.5,24,29.4,46.1,326,1004.1,918.4,0.0,0.0
ULLUM_EMBALSE,2026-07-31,1785546300,2026-07-31 22:05:00,16.6,33,17.4,22.0,321,1004.5,918.8,0.0,0.0
ULLUM_EMBALSE,2026-07-31,1785546600,2026-07-31 22:10:00,17.0,25,21.2,29.5,327,1004.6,918.9,0.0,0.0
ULLUM_EMBALSE,2026-07-31,1785546900,2026-07-31 22:15:00,17.0,32,14.6,25.6,327,1004.7,919.0,0.0,0.0
ULLUM_EMBALSE,2026-07-31,1785547200,2026-07-31 22:20:00,16.3,34,19.9,27.7,331,1004.6,918.9,0.0,0.0
ULLUM_EMBALSE,2026-07-31,1785547500,2026-07-31 22:25:00,16.6,35,12.1,20.2,312,1004.7,919.0,0.0,0.0
ULLUM_EMBALSE,2026-07-31,1785547800,2026-07-31 22:30:00,16.3,31,8.6,14.8,311,1004.9,919.2,0.0,0.0
ULLUM_EMBALSE,2026-07-31,1785548100,2026-07-31 22:35:00,17.5,25,9.1,16.6,310,1004.9,919.2,0.0,0.0
ULLUM_EMBALSE,2026-07-31,1785548400,2026-07-31 22:40:00,17.0,26,6.8,13.0,303,1005.1,919.4,0.0,0.0
ULLUM_EMBALSE,2026-07-31,1785548700,2026-07-31 22:45:00,17.6,20,9.4,16.6,230,1005.2,919.5,0.0,0.0
ULLUM_EMBALSE,2026-07-31,1785549000,2026-07-31 22:50:00,18.5,18,12.5,27.7,257,1005.1,919.4,0.0,0.0
ULLUM_EMBALSE,2026-07-31,1785549300,2026-07-31 22:55:00,18.4,21,11.9,18.4,312,1005.0,919.3,0.0,0.0
ULLUM_EMBALSE,2026-07-31,1785549600,2026-07-31 23:00:00,18.0,20,7.8,13.0,316,1005.0,919.3,0.0,0.0
ULLUM_EMBALSE,2026-07-31,1785549900,2026-07-31 23:05:00,17.8,22,6.0,9.4,307,1005.2,919.5,0.0,0.0
ULLUM_EMBALSE,2026-07-31,1785550200,2026-07-31 23:10:00,16.9,26,5.1,9.4,290,1005.2,919.5,0.0,0.0
ULLUM_EMBALSE,2026-07-31,1785550500,2026-07-31 23:15:00,17.0,21,4.2,7.2,263,1005.3,919.6,0.0,0.0
ULLUM_EMBALSE,2026-07-31,1785550800,2026-07-31 23:20:00,18.1,19,3.8,5.4,203,1005.3,919.6,0.0,0.0
ULLUM_EMBALSE,2026-07-31,1785551100,2026-07-31 23:25:00,17.5,19,2.4,5.4,205,1005.4,919.7,0.0,0.0
ULLUM_EMBALSE,2026-07-31,1785551400,2026-07-31 23:30:00,17.4,23,11.1,16.6,311,1005.3,919.6,0.0,0.0
ULLUM_EMBALSE,2026-07-31,1785551700,2026-07-31 23:35:00,16.5,28,11.5,14.8,311,1005.3,919.6,0.0,0.0
ULLUM_EMBALSE,2026-07-31,1785552000,2026-07-31 23:40:00,14.6,35,8.0,11.2,310,1005.2,919.5,0.0,0.0
ULLUM_EMBALSE,2026-07-31,1785552300,2026-07-31 23:45:00,14.8,31,11.2,18.4,308,1005.2,919.5,0.0,0.0
ULLUM_EMBALSE,2026-07-31,1785552600,2026-07-31 23:50:00,15.1,26,6.0,9.4,264,1005.1,919.4,0.0,0.0
ULLUM_EMBALSE,2026-07-31,1785552900,2026-07-31 23:55:00,16.9,20,20.2,31.3,272,1005.0,919.3,0.0,0.0
ECOHUMUS,2026-07-31,1785466800,2026-07-31 00:00:00,9.2,81,0.1,1.8,199,936.1,936.1,0.0,0.0
ECOHUMUS,2026-07-31,1785467100,2026-07-31 00:05:00,8.9,82,0.2,1.8,199,936.0,936.0,0.0,0.0
ECOHUMUS,2026-07-31,1785467400,2026-07-31 00:10:00,8.7,83,0.3,1.8,199,936.1,936.1,0.0,0.0
ECOHUMUS,2026-07-31,1785467700,2026-07-31 00:15:00,8.5,83,0.1,1.8,199,936.0,936.0,0.0,0.0
ECOHUMUS,2026-07-31,1785468000,2026-07-31 00:20:00,8.3,84,0.0,1.8,199,936.0,936.0,0.0,0.0
ECOHUMUS,2026-07-31,1785468300,2026-07-31 00:25:00,8.7,84,0.4,5.4,141,935.9,935.9,0.0,0.0
ECOHUMUS,2026-07-31,1785468600,2026-07-31 00:30:00,7.8,84,1.6,3.6,141,935.9,935.9,0.0,0.0
ECOHUMUS,2026-07-31,1785468900,2026-07-31 00:35:00,7.9,84,1.2,3.6,141,935.9,935.9,0.0,0.0
ECOHUMUS,2026-07-31,1785469200,2026-07-31 00:40:00,8.0,85,0.1,3.6,141,936.0,936.0,0.0,0.0
ECOHUMUS,2026-07-31,1785469500,2026-07-31 00:45:00,7.8,85,0.1,1.8,141,935.9,935.9,0.0,0.0
ECOHUMUS,2026-07-31,1785469800,2026-07-31 00:50:00,7.7,86,0.1,1.8,141,935.9,935.9,0.0,0.0
ECOHUMUS,2026-07-31,1785470100,2026-07-31 00:55:00,7.5,86,0.0,0.0,142,935.8,935.8,0.0,0.0
ECOHUMUS,2026-07-31,1785470400,2026-07-31 01:00:00,7.3,86,0.0,0.0,141,935.9,935.9,0.0,0.0
ECOHUMUS,2026-07-31,1785470700,2026-07-31 01:05:00,7.6,87,0.0,0.0,142,935.8,935.8,0.0,0.0
ECOHUMUS,2026-07-31,1785471000,2026-07-31 01:10:00,7.5,87,0.0,0.0,142,935.8,935.8,0.0,0.0
ECOHUMUS,2026-07-31,1785471300,2026-07-31 01:15:00,6.8,86,0.0,0.0,142,935.6,935.6,0.0,0.0
ECOHUMUS,2026-07-31,1785471600,2026-07-31 01:20:00,6.8,86,0.0,0.0,142,935.5,935.5,0.0,0.0
ECOHUMUS,2026-07-31,1785471900,2026-07-31 01:25:00,6.7,87,0.4,1.8,142,935.4,935.4,0.0,0.0
ECOHUMUS,2026-07-31,1785472200,2026-07-31 01:30:00,6.5,87,0.1,1.8,142,935.2,935.2,0.0,0.0
ECOHUMUS,2026-07-31,1785472500,2026-07-31 01:35:00,7.0,88,0.1,1.8,142,935.1,935.1,0.0,0.0
ECOHUMUS,2026-07-31,1785472800,2026-07-31 01:40:00,6.8,88,0.1,1.8,142,935.2,935.2,0.0,0.0
ECOHUMUS,2026-07-31,1785473100,2026-07-31 01:45:00,6.8,88,0.0,1.8,142,935.0,935.0,0.0,0.0
ECOHUMUS,2026-07-31,1785473400,2026-07-31 01:50:00,6.6,88,0.0,0.0,142,934.8,934.8,0.0,0.0
ECOHUMUS,2026-07-31,1785473700,2026-07-31 01:55:00,6.2,88,0.0,0.0,142,934.7,934.7,0.0,0.0
ECOHUMUS,2026-07-31,1785474000,2026-07-31 02:00:00,6.1,88,0.0,0.0,142,934.7,934.7,0.0,0.0
ECOHUMUS,2026-07-31,1785474300,2026-07-31 02:05:00,6.0,89,0.4,1.8,142,934.6,934.6,0.0,0.0
ECOHUMUS,2026-07-31,1785474600,2026-07-31 02:10:00,6.2,89,0.0,1.8,142,934.5,934.5,0.0,0.0
ECOHUMUS,2026-07-31,1785474900,2026-07-31 02:15:00,6.1,89,0.1,1.8,142,934.4,934.4,0.0,0.0
ECOHUMUS,2026-07-31,1785475200,2026-07-31 02:20:00,5.9,89,0.3,1.8,142,934.2,934.2,0.0,0.0
ECOHUMUS,2026-07-31,1785475500,2026-07-31 02:25:00,5.8,89,0.4,1.8,142,934.1,934.1,0.0,0.0
ECOHUMUS,2026-07-31,1785475800,2026-07-31 02:30:00,5.9,90,1.3,3.6,142,934.0,934.0,0.0,0.0
ECOHUMUS,2026-07-31,1785476100,2026-07-31 02:35:00,5.6,89,0.0,0.0,142,934.0,934.0,0.0,0.0
ECOHUMUS,2026-07-31,1785476400,2026-07-31 02:40:00,5.4,89,0.0,1.8,142,934.0,934.0,0.0,0.0
ECOHUMUS,2026-07-31,1785476700,2026-07-31 02:45:00,5.3,90,0.1,1.8,142,934.1,934.1,0.0,0.0
ECOHUMUS,2026-07-31,1785477000,2026-07-31 02:50:00,5.2,90,0.0,0.0,143,933.9,933.9,0.0,0.0
ECOHUMUS,2026-07-31,1785477300,2026-07-31 02:55:00,5.1,90,2.0,5.4,190,933.9,933.9,0.0,0.0
ECOHUMUS,2026-07-31,1785477600,2026-07-31 03:00:00,5.2,90,0.9,3.6,226,933.8,933.8,0.0,0.0
ECOHUMUS,2026-07-31,1785477900,2026-07-31 03:05:00,5.3,90,1.2,3.6,229,933.9,933.9,0.0,0.0
ECOHUMUS,2026-07-31,1785478200,2026-07-31 03:10:00,5.7,91,0.5,3.6,242,933.9,933.9,0.0,0.0
ECOHUMUS,2026-07-31,1785478500,2026-07-31 03:15:00,5.8,91,0.1,1.8,238,933.9,933.9,0.0,0.0
ECOHUMUS,2026-07-31,1785478800,2026-07-31 03:20:00,5.8,91,0.0,1.8,238,933.9,933.9,0.0,0.0
ECOHUMUS,2026-07-31,1785479100,2026-07-31 03:25:00,5.7,91,0.0,0.0,237,933.8,933.8,0.0,0.0
ECOHUMUS,2026-07-31,1785479400,2026-07-31 03:30:00,5.5,91,0.3,1.8,237,934.0,934.0,0.0,0.0
ECOHUMUS,2026-07-31,1785479700,2026-07-31 03:35:00,5.4,91,0.3,1.8,213,933.9,933.9,0.0,0.0
ECOHUMUS,2026-07-31,1785480000,2026-07-31 03:40:00,5.4,92,0.1,1.8,204,934.0,934.0,0.0,0.0
ECOHUMUS,2026-07-31,1785480300,2026-07-31 03:45:00,5.0,92,0.6,1.8,189,934.0,934.0,0.0,0.0
ECOHUMUS,2026-07-31,1785480600,2026-07-31 03:50:00,4.8,92,0.9,1.8,172,934.0,934.0,0.0,0.0
ECOHUMUS,2026-07-31,1785480900,2026-07-31 03:55:00,4.8,92,0.3,1.8,167,933.7,933.7,0.0,0.0
ECOHUMUS,2026-07-31,1785481200,2026-07-31 04:00:00,4.5,92,0.6,1.8,167,933.8,933.8,0.0,0.0
ECOHUMUS,2026-07-31,1785481500,2026-07-31 04:05:00,4.3,92,1.4,3.6,159,933.6,933.6,0.0,0.0
ECOHUMUS,2026-07-31,1785481800,2026-07-31 04:10:00,4.5,92,0.4,1.8,163,933.6,933.6,0.0,0.0
ECOHUMUS,2026-07-31,1785482100,2026-07-31 04:15:00,4.4,92,0.0,1.8,165,933.4,933.4,0.0,0.0
ECOHUMUS,2026-07-31,1785482400,2026-07-31 04:20:00,4.4,92,0.0,0.0,165,933.4,933.4,0.0,0.0
ECOHUMUS,2026-07-31,1785482700,2026-07-31 04:25:00,4.2,92,0.0,0.0,165,933.6,933.6,0.0,0.0
ECOHUMUS,2026-07-31,1785483000,2026-07-31 04:30:00,4.2,92,0.0,1.8,165,933.7,933.7,0.0,0.0
ECOHUMUS,2026-07-31,1785483300,2026-07-31 04:35:00,3.9,92,1.0,3.6,165,933.5,933.5,0.0,0.0
ECOHUMUS,2026-07-31,1785483600,2026-07-31 04:40:00,4.4,92,0.0,3.6,165,933.5,933.5,0.0,0.0
ECOHUMUS,2026-07-31,1785483900,2026-07-31 04:45:00,3.7,92,0.0,0.0,165,933.8,933.8,0.0,0.0
ECOHUMUS,2026-07-31,1785484200,2026-07-31 04:50:00,3.5,93,0.6,1.8,165,933.9,933.9,0.0,0.0
ECOHUMUS,2026-07-31,1785484500,2026-07-31 04:55:00,4.3,93,0.2,1.8,166,933.9,933.9,0.0,0.0
ECOHUMUS,2026-07-31,1785484800,2026-07-31 05:00:00,4.5,94,0.5,1.8,166,933.9,933.9,0.0,0.0
ECOHUMUS,2026-07-31,1785485100,2026-07-31 05:05:00,4.6,93,1.4,3.6,167,933.8,933.8,0.0,0.0
ECOHUMUS,2026-07-31,1785485400,2026-07-31 05:10:00,4.9,94,1.6,1.8,171,933.8,933.8,0.0,0.0
ECOHUMUS,2026-07-31,1785485700,2026-07-31 05:15:00,5.6,94,0.4,3.6,171,934.0,934.0,0.0,0.0
ECOHUMUS,2026-07-31,1785486000,2026-07-31 05:20:00,6.0,95,0.5,1.8,171,934.2,934.2,0.0,0.0
ECOHUMUS,2026-07-31,1785486300,2026-07-31 05:25:00,5.5,94,0.2,1.8,171,934.0,934.0,0.0,0.0
ECOHUMUS,2026-07-31,1785486600,2026-07-31 05:30:00,5.3,95,1.1,3.6,171,934.2,934.2,0.0,0.0
ECOHUMUS,2026-07-31,1785486900,2026-07-31 05:35:00,5.9,95,1.4,3.6,171,934.3,934.3,0.0,0.0
ECOHUMUS,2026-07-31,1785487200,2026-07-31 05:40:00,5.5,95,1.6,3.6,171,934.3,934.3,0.0,0.0
ECOHUMUS,2026-07-31,1785487500,2026-07-31 05:45:00,5.4,96,1.7,5.4,165,934.2,934.2,0.0,0.0
ECOHUMUS,2026-07-31,1785487800,2026-07-31 05:50:00,7.1,96,1.6,5.4,148,934.2,934.2,0.0,0.0
ECOHUMUS,2026-07-31,1785488100,2026-07-31 05:55:00,6.7,95,0.4,1.8,149,934.2,934.2,0.0,0.0
ECOHUMUS,2026-07-31,1785488400,2026-07-31 06:00:00,6.5,96,1.3,3.6,171,934.2,934.2,0.0,0.0
ECOHUMUS,2026-07-31,1785488700,2026-07-31 06:05:00,6.8,96,2.1,3.6,173,934.2,934.2,0.0,0.0
ECOHUMUS,2026-07-31,1785489000,2026-07-31 06:10:00,7.0,96,0.6,1.8,165,934.2,934.2,0.0,0.0
ECOHUMUS,2026-07-31,1785489300,2026-07-31 06:15:00,7.2,96,2.3,3.6,165,934.2,934.2,0.0,0.0
ECOHUMUS,2026-07-31,1785489600,2026-07-31 06:20:00,7.4,96,2.6,5.4,164,934.2,934.2,0.0,0.0
ECOHUMUS,2026-07-31,1785489900,2026-07-31 06:25:00,7.3,96,1.9,5.4,163,934.1,934.1,0.0,0.0
ECOHUMUS,2026-07-31,1785490200,2026-07-31 06:30:00,7.2,96,1.6,3.6,176,934.2,934.2,0.0,0.0
ECOHUMUS,2026-07-31,1785490500,2026-07-31 06:35:00,7.0,96,0.1,1.8,181,934.4,934.4,0.0,0.0
ECOHUMUS,2026-07-31,1785490800,2026-07-31 06:40:00,6.7,96,0.1,1.8,181,934.4,934.4,0.0,0.0
ECOHUMUS,2026-07-31,1785491100,2026-07-31 06:45:00,6.3,96,0.0,1.8,181,934.5,934.5,0.0,0.0
ECOHUMUS,2026-07-31,1785491400,2026-07-31 06:50:00,5.9,96,0.1,1.8,181,934.5,934.5,0.0,0.0
ECOHUMUS,2026-07-31,1785491700,2026-07-31 06:55:00,5.5,96,0.0,1.8,181,934.7,934.7,0.0,0.0
ECOHUMUS,2026-07-31,1785492000,2026-07-31 07:00:00,5.2,96,0.0,0.0,181,934.8,934.8,0.0,0.0
ECOHUMUS,2026-07-31,1785492300,2026-07-31 07:05:00,5.8,96,0.1,1.8,181,935.0,935.0,0.0,0.0
ECOHUMUS,2026-07-31,1785492600,2026-07-31 07:10:00,5.6,96,0.4,3.6,181,935.0,935.0,0.0,0.0
ECOHUMUS,2026-07-31,1785492900,2026-07-31 07:15:00,4.9,96,0.4,3.6,185,934.9,934.9,0.0,0.0
ECOHUMUS,2026-07-31,1785493200,2026-07-31 07:20:00,5.2,97,0.6,1.8,185,935.0,935.0,0.0,0.0
ECOHUMUS,2026-07-31,1785493500,2026-07-31 07:25:00,5.5,97,0.5,1.8,185,935.0,935.0,0.0,0.0
ECOHUMUS,2026-07-31,1785493800,2026-07-31 07:30:00,5.1,97,0.0,1.8,185,935.0,935.0,0.0,0.0
ECOHUMUS,2026-07-31,1785494100,2026-07-31 07:35:00,5.3,97,0.0,0.0,185,935.2,935.2,0.0,0.0
ECOHUMUS,2026-07-31,1785494400,2026-07-31 07:40:00,4.9,96,0.0,0.0,185,935.5,935.5,0.0,0.0
ECOHUMUS,2026-07-31,1785494700,2026-07-31 07:45:00,4.4,96,0.1,1.8,185,935.7,935.7,0.0,0.0
ECOHUMUS,2026-07-31,1785495000,2026-07-31 07:50:00,4.3,97,0.6,1.8,185,935.5,935.5,0.0,0.0
ECOHUMUS,2026-07-31,1785495300,2026-07-31 07:55:00,4.7,97,1.4,3.6,185,935.3,935.3,0.0,0.0
ECOHUMUS,2026-07-31,1785495600,2026-07-31 08:00:00,4.6,97,1.0,3.6,181,935.5,935.5,0.0,0.1
ECOHUMUS,2026-07-31,1785495900,2026-07-31 08:05:00,4.1,97,0.3,1.8,187,935.7,935.7,0.0,0.4
ECOHUMUS,2026-07-31,1785496200,2026-07-31 08:10:00,5.3,97,0.3,1.8,175,935.7,935.7,0.0,1.1
ECOHUMUS,2026-07-31,1785496500,2026-07-31 08:15:00,5.5,97,0.2,1.8,176,935.5,935.5,0.0,2.0
ECOHUMUS,2026-07-31,1785496800,2026-07-31 08:20:00,4.8,97,0.6,1.8,200,935.8,935.8,0.0,3.9
ECOHUMUS,2026-07-31,1785497100,2026-07-31 08:25:00,4.6,97,0.9,1.8,206,935.6,935.6,0.0,6.1
ECOHUMUS,2026-07-31,1785497400,2026-07-31 08:30:00,4.8,97,3.7,9.4,329,935.6,935.6,0.0,8.6
ECOHUMUS,2026-07-31,1785497700,2026-07-31 08:35:00,5.1,97,4.2,9.4,18,935.6,935.6,0.0,11.2
ECOHUMUS,2026-07-31,1785498000,2026-07-31 08:40:00,5.2,97,3.7,11.2,334,935.9,935.9,0.0,14.7
ECOHUMUS,2026-07-31,1785498300,2026-07-31 08:45:00,5.0,97,0.8,5.4,250,936.1,936.1,0.0,17.3
ECOHUMUS,2026-07-31,1785498600,2026-07-31 08:50:00,5.1,97,1.8,3.6,240,936.2,936.2,0.0,20.1
ECOHUMUS,2026-07-31,1785498900,2026-07-31 08:55:00,5.2,97,1.2,3.6,239,936.1,936.1,0.0,22.6
ECOHUMUS,2026-07-31,1785499200,2026-07-31 09:00:00,5.3,97,2.2,5.4,252,936.2,936.2,0.0,24.1
ECOHUMUS,2026-07-31,1785499500,2026-07-31 09:05:00,5.3,97,1.6,5.4,98,936.1,936.1,0.0,27.6
ECOHUMUS,2026-07-31,1785499800,2026-07-31 09:10:00,5.6,97,2.4,5.4,313,935.8,935.8,0.0,32.0
ECOHUMUS,2026-07-31,1785500100,2026-07-31 09:15:00,5.8,97,2.2,5.4,17,936.0,936.0,0.0,43.7
ECOHUMUS,2026-07-31,1785500400,2026-07-31 09:20:00,6.0,97,2.7,5.4,71,935.8,935.8,0.0,49.6
ECOHUMUS,2026-07-31,1785500700,2026-07-31 09:25:00,6.1,97,1.1,3.6,31,935.8,935.8,0.0,57.3
ECOHUMUS,2026-07-31,1785501000,2026-07-31 09:30:00,6.4,97,3.2,7.2,251,936.0,936.0,0.0,63.5
ECOHUMUS,2026-07-31,1785501300,2026-07-31 09:35:00,6.6,97,1.7,5.4,257,935.9,935.9,0.0,71.1
ECOHUMUS,2026-07-31,1785501600,2026-07-31 09:40:00,7.0,97,2.4,9.4,249,935.8,935.8,0.0,77.4
ECOHUMUS,2026-07-31,1785501900,2026-07-31 09:45:00,7.4,97,4.0,9.4,321,936.0,936.0,0.0,86.0
ECOHUMUS,2026-07-31,1785502200,2026-07-31 09:50:00,7.7,97,5.0,9.4,355,936.1,936.1,0.0,94.4
ECOHUMUS,2026-07-31,1785502500,2026-07-31 09:55:00,7.9,97,4.8,9.4,341,936.1,936.1,0.0,103.5
ECOHUMUS,2026-07-31,1785502800,2026-07-31 10:00:00,8.4,96,4.3,9.4,323,936.1,936.1,0.0,116.8
ECOHUMUS,2026-07-31,1785503100,2026-07-31 10:05:00,9.0,96,5.1,9.4,359,936.1,936.1,0.0,136.3
ECOHUMUS,2026-07-31,1785503400,2026-07-31 10:10:00,9.3,95,4.7,9.4,324,935.9,935.9,0.0,148.9
ECOHUMUS,2026-07-31,1785503700,2026-07-31 10:15:00,9.9,93,4.3,11.2,51,935.8,935.8,0.0,149.4
ECOHUMUS,2026-07-31,1785504000,2026-07-31 10:20:00,10.8,89,5.7,13.0,5,935.9,935.9,0.0,172.9
ECOHUMUS,2026-07-31,1785504300,2026-07-31 10:25:00,11.1,83,8.7,13.0,24,935.8,935.8,0.0,198.9
ECOHUMUS,2026-07-31,1785504600,2026-07-31 10:30:00,11.6,79,5.9,13.0,35,935.7,935.7,0.0,199.4
ECOHUMUS,2026-07-31,1785504900,2026-07-31 10:35:00,12.4,76,4.5,9.4,346,935.6,935.6,0.0,214.9
ECOHUMUS,2026-07-31,1785505200,2026-07-31 10:40:00,13.2,72,5.4,9.4,53,935.5,935.5,0.0,224.7
ECOHUMUS,2026-07-31,1785505500,2026-07-31 10:45:00,14.2,66,6.8,14.8,355,935.6,935.6,0.0,237.1
ECOHUMUS,2026-07-31,1785505800,2026-07-31 10:50:00,15.1,63,4.4,11.2,14,935.6,935.6,0.0,248.2
ECOHUMUS,2026-07-31,1785506100,2026-07-31 10:55:00,16.3,58,6.7,13.0,24,935.5,935.5,0.0,261.6
ECOHUMUS,2026-07-31,1785506400,2026-07-31 11:00:00,16.7,55,7.1,13.0,37,935.6,935.6,0.0,269.8
ECOHUMUS,2026-07-31,1785506700,2026-07-31 11:05:00,17.5,50,8.3,14.8,44,935.5,935.5,0.0,304.4
ECOHUMUS,2026-07-31,1785507000,2026-07-31 11:10:00,19.4,42,6.8,11.2,40,935.3,935.3,0.0,314.9
ECOHUMUS,2026-07-31,1785507300,2026-07-31 11:15:00,20.8,40,4.3,7.2,20,935.2,935.2,0.0,307.3
ECOHUMUS,2026-07-31,1785507600,2026-07-31 11:20:00,21.6,37,4.0,9.4,32,935.2,935.2,0.0,315.2
ECOHUMUS,2026-07-31,1785507900,2026-07-31 11:25:00,22.3,35,7.0,11.2,34,935.2,935.2,0.0,324.8
ECOHUMUS,2026-07-31,1785508200,2026-07-31 11:30:00,22.7,34,9.4,14.8,41,935.0,935.0,0.0,335.2
ECOHUMUS,2026-07-31,1785508500,2026-07-31 11:35:00,22.7,35,11.4,22.0,35,935.0,935.0,0.0,344.3
ECOHUMUS,2026-07-31,1785508800,2026-07-31 11:40:00,22.8,34,7.3,16.6,24,934.7,934.7,0.0,352.9
ECOHUMUS,2026-07-31,1785509100,2026-07-31 11:45:00,23.3,30,10.1,16.6,42,934.5,934.5,0.0,363.1
ECOHUMUS,2026-07-31,1785509400,2026-07-31 11:50:00,24.3,29,11.7,18.4,7,934.7,934.7,0.0,371.5
ECOHUMUS,2026-07-31,1785509700,2026-07-31 11:55:00,24.4,30,10.3,20.2,14,934.7,934.7,0.0,380.4
ECOHUMUS,2026-07-31,1785510000,2026-07-31 12:00:00,24.5,29,12.6,23.8,20,934.7,934.7,0.0,390.7
ECOHUMUS,2026-07-31,1785510300,2026-07-31 12:05:00,24.7,28,10.7,22.0,34,934.5,934.5,0.0,400.5
ECOHUMUS,2026-07-31,1785510600,2026-07-31 12:10:00,25.4,25,13.8,23.8,7,934.6,934.6,0.0,411.1
ECOHUMUS,2026-07-31,1785510900,2026-07-31 12:15:00,25.8,23,13.6,23.8,1,934.5,934.5,0.0,417.2
ECOHUMUS,2026-07-31,1785511200,2026-07-31 12:20:00,26.0,22,14.5,23.8,6,934.7,934.7,0.0,423.1
ECOHUMUS,2026-07-31,1785511500,2026-07-31 12:25:00,26.5,21,14.7,29.5,14,934.8,934.8,0.0,432.0
ECOHUMUS,2026-07-31,1785511800,2026-07-31 12:30:00,26.4,22,13.7,29.5,14,934.7,934.7,0.0,439.6
ECOHUMUS,2026-07-31,1785512100,2026-07-31 12:35:00,26.4,22,13.2,27.7,9,934.7,934.7,0.0,444.6
ECOHUMUS,2026-07-31,1785512400,2026-07-31 12:40:00,26.4,21,18.9,29.5,13,934.8,934.8,0.0,449.2
ECOHUMUS,2026-07-31,1785512700,2026-07-31 12:45:00,26.4,22,16.8,33.1,7,934.7,934.7,0.0,451.8
ECOHUMUS,2026-07-31,1785513000,2026-07-31 12:50:00,26.6,22,17.3,29.5,25,934.8,934.8,0.0,457.0
ECOHUMUS,2026-07-31,1785513300,2026-07-31 12:55:00,26.9,20,20.1,29.5,17,934.6,934.6,0.0,457.5
ECOHUMUS,2026-07-31,1785513600,2026-07-31 13:00:00,27.4,19,18.6,34.9,2,934.5,934.5,0.0,457.4
ECOHUMUS,2026-07-31,1785513900,2026-07-31 13:05:00,27.4,19,17.4,33.1,5,934.7,934.7,0.0,457.6
ECOHUMUS,2026-07-31,1785514200,2026-07-31 13:10:00,27.6,20,14.7,25.6,360,934.7,934.7,0.0,457.2
ECOHUMUS,2026-07-31,1785514500,2026-07-31 13:15:00,28.0,18,19.9,34.9,5,934.9,934.9,0.0,460.7
ECOHUMUS,2026-07-31,1785514800,2026-07-31 13:20:00,27.8,19,20.0,38.5,359,935.0,935.0,0.0,452.1
ECOHUMUS,2026-07-31,1785515100,2026-07-31 13:25:00,27.5,21,18.9,31.3,9,935.1,935.1,0.0,444.4
ECOHUMUS,2026-07-31,1785515400,2026-07-31 13:30:00,27.5,20,20.0,31.3,13,935.0,935.0,0.0,445.8
ECOHUMUS,2026-07-31,1785515700,2026-07-31 13:35:00,27.3,19,18.4,36.7,2,934.9,934.9,0.0,457.4
ECOHUMUS,2026-07-31,1785516000,2026-07-31 13:40:00,27.9,19,13.8,31.3,5,934.8,934.8,0.0,449.2
ECOHUMUS,2026-07-31,1785516300,2026-07-31 13:45:00,27.9,19,15.5,29.5,18,934.7,934.7,0.0,450.4
ECOHUMUS,2026-07-31,1785516600,2026-07-31 13:50:00,28.3,18,17.8,31.3,336,934.6,934.6,0.0,446.0
ECOHUMUS,2026-07-31,1785516900,2026-07-31 13:55:00,28.1,18,20.2,36.7,347,934.7,934.7,0.0,445.1
ECOHUMUS,2026-07-31,1785517200,2026-07-31 14:00:00,28.1,19,19.9,36.7,11,934.7,934.7,0.0,449.3
ECOHUMUS,2026-07-31,1785517500,2026-07-31 14:05:00,28.3,19,17.6,31.3,9,934.7,934.7,0.0,461.4
ECOHUMUS,2026-07-31,1785517800,2026-07-31 14:10:00,28.5,15,18.4,36.7,4,934.8,934.8,0.0,456.4
ECOHUMUS,2026-07-31,1785518100,2026-07-31 14:15:00,28.7,14,18.6,34.9,356,934.8,934.8,0.0,460.9
ECOHUMUS,2026-07-31,1785518400,2026-07-31 14:20:00,28.7,14,20.2,36.7,342,934.8,934.8,0.0,462.2
ECOHUMUS,2026-07-31,1785518700,2026-07-31 14:25:00,28.5,14,21.9,36.7,341,934.8,934.8,0.0,453.9
ECOHUMUS,2026-07-31,1785519000,2026-07-31 14:30:00,28.3,14,17.4,34.9,354,934.8,934.8,0.0,443.4
ECOHUMUS,2026-07-31,1785519300,2026-07-31 14:35:00,28.7,14,19.1,34.9,351,934.6,934.6,0.0,443.9
ECOHUMUS,2026-07-31,1785519600,2026-07-31 14:40:00,28.1,14,22.5,36.7,350,934.7,934.7,0.0,457.8
ECOHUMUS,2026-07-31,1785519900,2026-07-31 14:45:00,28.3,14,19.6,43.9,326,934.7,934.7,0.0,475.9
ECOHUMUS,2026-07-31,1785520200,2026-07-31 14:50:00,28.0,14,17.5,40.3,317,934.8,934.8,0.0,442.0
ECOHUMUS,2026-07-31,1785520500,2026-07-31 14:55:00,28.0,15,17.4,36.7,293,935.1,935.1,0.0,418.6
ECOHUMUS,2026-07-31,1785520800,2026-07-31 15:00:00,27.8,15,19.6,34.9,315,935.3,935.3,0.0,403.8
ECOHUMUS,2026-07-31,1785521100,2026-07-31 15:05:00,27.8,15,19.2,34.9,296,935.6,935.6,0.0,394.2
ECOHUMUS,2026-07-31,1785521400,2026-07-31 15:10:00,27.6,15,19.4,40.3,282,935.6,935.6,0.0,380.4
ECOHUMUS,2026-07-31,1785521700,2026-07-31 15:15:00,27.2,15,20.9,33.1,304,935.7,935.7,0.0,376.2
ECOHUMUS,2026-07-31,1785522000,2026-07-31 15:20:00,27.3,15,17.5,31.3,296,935.7,935.7,0.0,369.4
ECOHUMUS,2026-07-31,1785522300,2026-07-31 15:25:00,27.7,15,17.4,33.1,310,935.8,935.8,0.0,357.0
ECOHUMUS,2026-07-31,1785522600,2026-07-31 15:30:00,27.4,15,17.3,36.7,307,936.0,936.0,0.0,345.9
ECOHUMUS,2026-07-31,1785522900,2026-07-31 15:35:00,27.3,15,15.9,33.1,301,936.0,936.0,0.0,335.6
ECOHUMUS,2026-07-31,1785523200,2026-07-31 15:40:00,27.3,16,15.6,36.7,298,936.3,936.3,0.0,330.2
ECOHUMUS,2026-07-31,1785523500,2026-07-31 15:45:00,27.0,16,18.1,33.1,331,936.5,936.5,0.0,320.7
ECOHUMUS,2026-07-31,1785523800,2026-07-31 15:50:00,27.0,16,14.5,29.5,320,936.6,936.6,0.0,315.1
ECOHUMUS,2026-07-31,1785524100,2026-07-31 15:55:00,26.9,17,15.4,31.3,296,936.9,936.9,0.0,308.5
ECOHUMUS,2026-07-31,1785524400,2026-07-31 16:00:00,26.8,16,20.2,43.9,311,937.0,937.0,0.0,298.4
ECOHUMUS,2026-07-31,1785524700,2026-07-31 16:05:00,26.6,15,19.0,42.1,293,937.3,937.3,0.0,287.7
ECOHUMUS,2026-07-31,1785525000,2026-07-31 16:10:00,26.5,15,18.4,33.1,282,937.3,937.3,0.0,282.6
ECOHUMUS,2026-07-31,1785525300,2026-07-31 16:15:00,26.3,15,23.2,38.5,307,937.4,937.4,0.0,274.6
ECOHUMUS,2026-07-31,1785525600,2026-07-31 16:20:00,26.1,16,19.2,38.5,313,937.4,937.4,0.0,266.7
ECOHUMUS,2026-07-31,1785525900,2026-07-31 16:25:00,26.2,15,16.3,38.5,319,937.5,937.5,0.0,257.4
ECOHUMUS,2026-07-31,1785526200,2026-07-31 16:30:00,26.1,14,25.1,40.3,325,937.5,937.5,0.0,247.2
ECOHUMUS,2026-07-31,1785526500,2026-07-31 16:35:00,25.8,14,18.0,40.3,294,937.9,937.9,0.0,232.3
ECOHUMUS,2026-07-31,1785526800,2026-07-31 16:40:00,26.0,15,13.5,31.3,315,937.8,937.8,0.0,234.3
ECOHUMUS,2026-07-31,1785527100,2026-07-31 16:45:00,26.0,15,16.4,23.8,323,937.9,937.9,0.0,224.8
ECOHUMUS,2026-07-31,1785527400,2026-07-31 16:50:00,26.1,15,14.0,23.8,314,938.1,938.1,0.0,209.5
ECOHUMUS,2026-07-31,1785527700,2026-07-31 16:55:00,26.0,14,13.5,25.6,304,938.3,938.3,0.0,203.3
ECOHUMUS,2026-07-31,1785528000,2026-07-31 17:00:00,26.0,12,16.3,34.9,313,938.4,938.4,0.0,191.0
ECOHUMUS,2026-07-31,1785528300,2026-07-31 17:05:00,25.9,12,18.1,33.1,303,938.4,938.4,0.0,174.1
ECOHUMUS,2026-07-31,1785528600,2026-07-31 17:10:00,25.7,11,18.1,38.5,278,938.3,938.3,0.0,157.2
ECOHUMUS,2026-07-31,1785528900,2026-07-31 17:15:00,25.6,11,19.9,33.1,285,938.7,938.7,0.0,146.0
ECOHUMUS,2026-07-31,1785529200,2026-07-31 17:20:00,25.5,11,17.1,34.9,293,938.7,938.7,0.0,138.5
ECOHUMUS,2026-07-31,1785529500,2026-07-31 17:25:00,25.6,11,18.4,33.1,313,938.8,938.8,0.0,130.2
ECOHUMUS,2026-07-31,1785529800,2026-07-31 17:30:00,25.5,11,14.8,29.5,308,938.9,938.9,0.0,118.6
ECOHUMUS,2026-07-31,1785530100,2026-07-31 17:35:00,25.5,11,16.2,29.5,304,939.0,939.0,0.0,108.4
ECOHUMUS,2026-07-31,1785530400,2026-07-31 17:40:00,25.3,11,16.6,31.3,293,939.1,939.1,0.0,97.2
ECOHUMUS,2026-07-31,1785530700,2026-07-31 17:45:00,25.1,11,19.1,33.1,314,939.2,939.2,0.0,89.2
ECOHUMUS,2026-07-31,1785531000,2026-07-31 17:50:00,24.9,11,16.8,29.5,320,939.1,939.1,0.0,80.2
ECOHUMUS,2026-07-31,1785531300,2026-07-31 17:55:00,24.7,11,13.6,22.0,310,939.3,939.3,0.0,71.7
ECOHUMUS,2026-07-31,1785531600,2026-07-31 18:00:00,24.7,11,10.7,22.0,303,939.3,939.3,0.0,63.0
ECOHUMUS,2026-07-31,1785531900,2026-07-31 18:05:00,24.7,11,9.1,16.6,296,939.3,939.3,0.0,54.6
ECOHUMUS,2026-07-31,1785532200,2026-07-31 18:10:00,24.6,12,9.4,18.4,299,939.5,939.5,0.0,45.4
ECOHUMUS,2026-07-31,1785532500,2026-07-31 18:15:00,24.5,12,10.6,18.4,310,939.7,939.7,0.0,39.1
ECOHUMUS,2026-07-31,1785532800,2026-07-31 18:20:00,24.3,13,8.2,16.6,308,939.9,939.9,0.0,34.0
ECOHUMUS,2026-07-31,1785533100,2026-07-31 18:25:00,24.1,12,10.0,22.0,328,939.9,939.9,0.0,27.4
ECOHUMUS,2026-07-31,1785533400,2026-07-31 18:30:00,23.9,11,11.8,20.2,310,939.9,939.9,0.0,21.4
ECOHUMUS,2026-07-31,1785533700,2026-07-31 18:35:00,23.6,11,12.1,27.7,312,940.1,940.1,0.0,18.2
ECOHUMUS,2026-07-31,1785534000,2026-07-31 18:40:00,23.2,11,8.2,22.0,303,940.1,940.1,0.0,12.8
ECOHUMUS,2026-07-31,1785534300,2026-07-31 18:45:00,22.8,11,9.9,18.4,324,939.9,939.9,0.0,11.5
ECOHUMUS,2026-07-31,1785534600,2026-07-31 18:50:00,22.5,12,7.3,14.8,350,940.0,940.0,0.0,8.7
ECOHUMUS,2026-07-31,1785534900,2026-07-31 18:55:00,22.2,12,8.2,20.2,346,940.1,940.1,0.0,4.4
ECOHUMUS,2026-07-31,1785535200,2026-07-31 19:00:00,22.0,13,7.3,16.6,334,940.2,940.2,0.0,2.1
ECOHUMUS,2026-07-31,1785535500,2026-07-31 19:05:00,21.5,13,7.0,13.0,336,940.1,940.1,0.0,1.0
ECOHUMUS,2026-07-31,1785535800,2026-07-31 19:10:00,21.0,13,5.5,9.4,351,940.3,940.3,0.0,0.4
ECOHUMUS,2026-07-31,1785536100,2026-07-31 19:15:00,20.7,14,4.5,7.2,327,940.3,940.3,0.0,0.1
ECOHUMUS,2026-07-31,1785536400,2026-07-31 19:20:00,20.5,14,3.9,9.4,339,940.3,940.3,0.0,0.0
ECOHUMUS,2026-07-31,1785536700,2026-07-31 19:25:00,20.2,14,4.0,9.4,344,940.4,940.4,0.0,0.0
ECOHUMUS,2026-07-31,1785537000,2026-07-31 19:30:00,20.0,14,4.7,7.2,4,940.6,940.6,0.0,0.0
ECOHUMUS,2026-07-31,1785537300,2026-07-31 19:35:00,19.8,15,4.5,7.2,4,940.7,940.7,0.0,0.0
ECOHUMUS,2026-07-31,1785537600,2026-07-31 19:40:00,19.4,15,5.2,9.4,341,940.8,940.8,0.0,0.0
ECOHUMUS,2026-07-31,1785537900,2026-07-31 19:45:00,19.3,15,4.4,7.2,321,940.9,940.9,0.0,0.0
ECOHUMUS,2026-07-31,1785538200,2026-07-31 19:50:00,19.2,15,5.7,14.8,332,940.9,940.9,0.0,0.0
ECOHUMUS,2026-07-31,1785538500,2026-07-31 19:55:00,19.4,15,7.7,14.8,330,940.9,940.9,0.0,0.0
ECOHUMUS,2026-07-31,1785538800,2026-07-31 20:00:00,19.8,14,8.4,16.6,319,941.0,941.0,0.0,0.0
ECOHUMUS,2026-07-31,1785539100,2026-07-31 20:05:00,20.7,14,9.4,20.2,348,941.2,941.2,0.0,0.0
ECOHUMUS,2026-07-31,1785539400,2026-07-31 20:10:00,20.6,14,9.4,18.4,308,941.2,941.2,0.0,0.0
ECOHUMUS,2026-07-31,1785539700,2026-07-31 20:15:00,20.2,14,9.7,16.6,341,941.3,941.3,0.0,0.0
ECOHUMUS,2026-07-31,1785540000,2026-07-31 20:20:00,20.3,14,12.5,23.8,320,941.2,941.2,0.0,0.0
ECOHUMUS,2026-07-31,1785540300,2026-07-31 20:25:00,20.4,14,10.3,18.4,305,941.2,941.2,0.0,0.0
ECOHUMUS,2026-07-31,1785540600,2026-07-31 20:30:00,19.9,15,7.7,14.8,301,941.1,941.1,0.0,0.0
ECOHUMUS,2026-07-31,1785540900,2026-07-31 20:35:00,19.3,15,8.9,16.6,310,940.9,940.9,0.0,0.0
ECOHUMUS,2026-07-31,1785541200,2026-07-31 20:40:00,19.1,15,12.6,20.2,302,940.7,940.7,0.0,0.0
ECOHUMUS,2026-07-31,1785541500,2026-07-31 20:45:00,19.8,14,14.1,23.8,316,940.5,940.5,0.0,0.0
ECOHUMUS,2026-07-31,1785541800,2026-07-31 20:50:00,20.2,14,12.5,22.0,292,940.6,940.6,0.0,0.0
ECOHUMUS,2026-07-31,1785542100,2026-07-31 20:55:00,20.5,13,12.0,25.6,306,940.6,940.6,0.0,0.0
ECOHUMUS,2026-07-31,1785542400,2026-07-31 21:00:00,20.5,13,9.9,22.0,301,940.6,940.6,0.0,0.0
ECOHUMUS,2026-07-31,1785542700,2026-07-31 21:05:00,20.6,13,5.2,20.2,286,941.1,941.1,0.0,0.0
ECOHUMUS,2026-07-31,1785543000,2026-07-31 21:10:00,20.5,13,2.5,11.2,243,941.3,941.3,0.0,0.0
ECOHUMUS,2026-07-31,1785543300,2026-07-31 21:15:00,20.2,13,2.1,7.2,312,941.7,941.7,0.0,0.0
ECOHUMUS,2026-07-31,1785543600,2026-07-31 21:20:00,19.8,14,2.2,5.4,51,941.9,941.9,0.0,0.0
ECOHUMUS,2026-07-31,1785543900,2026-07-31 21:25:00,19.0,15,3.5,7.2,180,942.0,942.0,0.0,0.0
ECOHUMUS,2026-07-31,1785544200,2026-07-31 21:30:00,18.3,16,1.2,7.2,176,942.4,942.4,0.0,0.0
ECOHUMUS,2026-07-31,1785544500,2026-07-31 21:35:00,17.6,16,3.2,7.2,150,942.5,942.5,0.0,0.0
ECOHUMUS,2026-07-31,1785544800,2026-07-31 21:40:00,17.6,16,4.2,13.0,10,942.8,942.8,0.0,0.0
ECOHUMUS,2026-07-31,1785545100,2026-07-31 21:45:00,18.4,15,3.0,5.4,344,943.0,943.0,0.0,0.0
ECOHUMUS,2026-07-31,1785545400,2026-07-31 21:50:00,19.2,14,3.4,7.2,186,943.1,943.1,0.0,0.0
ECOHUMUS,2026-07-31,1785545700,2026-07-31 21:55:00,20.0,14,4.8,9.4,308,943.2,943.2,0.0,0.0
ECOHUMUS,2026-07-31,1785546000,2026-07-31 22:00:00,19.2,15,3.7,7.2,349,943.3,943.3,0.0,0.0
ECOHUMUS,2026-07-31,1785546300,2026-07-31 22:05:00,18.7,15,3.4,5.4,60,943.2,943.2,0.0,0.0
ECOHUMUS,2026-07-31,1785546600,2026-07-31 22:10:00,18.3,16,2.2,3.6,62,943.3,943.3,0.0,0.0
ECOHUMUS,2026-07-31,1785546900,2026-07-31 22:15:00,18.2,16,2.3,3.6,65,943.3,943.3,0.0,0.0
ECOHUMUS,2026-07-31,1785547200,2026-07-31 22:20:00,17.6,17,2.7,7.2,247,943.4,943.4,0.0,0.0
ECOHUMUS,2026-07-31,1785547500,2026-07-31 22:25:00,17.3,17,2.3,5.4,294,943.4,943.4,0.0,0.0
ECOHUMUS,2026-07-31,1785547800,2026-07-31 22:30:00,17.4,17,1.7,3.6,294,943.5,943.5,0.0,0.0
ECOHUMUS,2026-07-31,1785548100,2026-07-31 22:35:00,17.3,17,1.1,3.6,275,943.5,943.5,0.0,0.0
ECOHUMUS,2026-07-31,1785548400,2026-07-31 22:40:00,17.6,17,0.1,3.6,275,943.5,943.5,0.0,0.0
ECOHUMUS,2026-07-31,1785548700,2026-07-31 22:45:00,17.0,18,1.3,3.6,275,943.5,943.5,0.0,0.0
ECOHUMUS,2026-07-31,1785549000,2026-07-31 22:50:00,16.2,19,1.6,1.8,286,943.6,943.6,0.0,0.0
ECOHUMUS,2026-07-31,1785549300,2026-07-31 22:55:00,15.7,19,0.0,1.8,287,943.5,943.5,0.0,0.0
ECOHUMUS,2026-07-31,1785549600,2026-07-31 23:00:00,15.5,20,0.8,3.6,289,943.3,943.3,0.0,0.0
ECOHUMUS,2026-07-31,1785549900,2026-07-31 23:05:00,14.8,21,0.4,3.6,298,943.3,943.3,0.0,0.0
ECOHUMUS,2026-07-31,1785550200,2026-07-31 23:10:00,14.5,21,0.8,1.8,289,943.4,943.4,0.0,0.0
ECOHUMUS,2026-07-31,1785550500,2026-07-31 23:15:00,14.2,21,0.0,1.8,289,943.4,943.4,0.0,0.0
ECOHUMUS,2026-07-31,1785550800,2026-07-31 23:20:00,14.0,21,0.0,0.0,289,943.4,943.4,0.0,0.0
ECOHUMUS,2026-07-31,1785551100,2026-07-31 23:25:00,13.6,22,0.1,1.8,289,943.2,943.2,0.0,0.0
ECOHUMUS,2026-07-31,1785551400,2026-07-31 23:30:00,13.3,22,0.6,1.8,289,943.3,943.3,0.0,0.0
ECOHUMUS,2026-07-31,1785551700,2026-07-31 23:35:00,13.4,22,2.3,5.4,335,943.4,943.4,0.0,0.0
ECOHUMUS,2026-07-31,1785552000,2026-07-31 23:40:00,13.8,21,3.2,5.4,67,943.6,943.6,0.0,0.0
ECOHUMUS,2026-07-31,1785552300,2026-07-31 23:45:00,12.9,23,3.2,5.4,139,943.5,943.5,0.0,0.0
ECOHUMUS,2026-07-31,1785552600,2026-07-31 23:50:00,11.7,25,2.9,5.4,161,943.7,943.7,0.0,0.0
ECOHUMUS,2026-07-31,1785552900,2026-07-31 23:55:00,12.0,24,2.4,3.6,155,943.8,943.8,0.0,0.0
PUNTA_NEGRA,2026-07-31,1785466800,2026-07-31 00:00:00,11.8,76,0.1,1.8,227,997.5,905.1,0.0,0.0
PUNTA_NEGRA,2026-07-31,1785467100,2026-07-31 00:05:00,11.7,77,0.6,1.8,183,997.4,905.1,0.0,0.0
PUNTA_NEGRA,2026-07-31,1785467400,2026-07-31 00:10:00,11.7,77,0.0,0.0,203,997.5,905.1,0.0,0.0
PUNTA_NEGRA,2026-07-31,1785467700,2026-07-31 00:15:00,11.6,78,0.4,1.8,243,997.4,905.0,0.0,0.0
PUNTA_NEGRA,2026-07-31,1785468000,2026-07-31 00:20:00,11.5,78,0.6,1.8,323,997.4,905.0,0.0,0.0
PUNTA_NEGRA,2026-07-31,1785468300,2026-07-31 00:25:00,11.6,78,0.4,1.8,198,997.4,905.0,0.0,0.0
PUNTA_NEGRA,2026-07-31,1785468600,2026-07-31 00:30:00,11.6,77,1.1,3.6,225,997.3,904.9,0.0,0.0
PUNTA_NEGRA,2026-07-31,1785468900,2026-07-31 00:35:00,11.7,77,0.1,1.8,242,997.1,904.7,0.0,0.0
PUNTA_NEGRA,2026-07-31,1785469200,2026-07-31 00:40:00,11.5,77,0.8,1.8,206,996.9,904.6,0.0,0.0
PUNTA_NEGRA,2026-07-31,1785469500,2026-07-31 00:45:00,11.7,76,1.2,9.4,227,997.1,904.7,0.0,0.0
PUNTA_NEGRA,2026-07-31,1785469800,2026-07-31 00:50:00,11.7,77,0.4,3.6,169,997.1,904.7,0.0,0.0
PUNTA_NEGRA,2026-07-31,1785470100,2026-07-31 00:55:00,11.6,77,1.3,3.6,113,997.0,904.6,0.0,0.0
PUNTA_NEGRA,2026-07-31,1785470400,2026-07-31 01:00:00,11.5,78,1.2,3.6,229,997.0,904.6,0.0,0.0
PUNTA_NEGRA,2026-07-31,1785470700,2026-07-31 01:05:00,11.8,76,1.5,3.6,258,996.8,904.4,0.0,0.0
PUNTA_NEGRA,2026-07-31,1785471000,2026-07-31 01:10:00,11.5,77,0.8,3.6,278,996.7,904.3,0.0,0.0
PUNTA_NEGRA,2026-07-31,1785471300,2026-07-31 01:15:00,11.4,78,1.1,1.8,249,996.6,904.2,0.0,0.0
PUNTA_NEGRA,2026-07-31,1785471600,2026-07-31 01:20:00,11.3,78,0.5,1.8,244,996.7,904.3,0.0,0.0
PUNTA_NEGRA,2026-07-31,1785471900,2026-07-31 01:25:00,11.2,78,0.2,1.8,250,996.6,904.2,0.0,0.0
PUNTA_NEGRA,2026-07-31,1785472200,2026-07-31 01:30:00,11.1,79,0.0,0.0,215,996.4,904.0,0.0,0.0
PUNTA_NEGRA,2026-07-31,1785472500,2026-07-31 01:35:00,10.5,81,0.7,1.8,246,996.3,903.9,0.0,0.0
PUNTA_NEGRA,2026-07-31,1785472800,2026-07-31 01:40:00,10.4,81,0.3,1.8,237,996.3,903.9,0.0,0.0
PUNTA_NEGRA,2026-07-31,1785473100,2026-07-31 01:45:00,10.3,82,0.4,1.8,250,996.0,903.6,0.0,0.0
PUNTA_NEGRA,2026-07-31,1785473400,2026-07-31 01:50:00,10.3,82,1.4,3.6,252,996.0,903.6,0.0,0.0
PUNTA_NEGRA,2026-07-31,1785473700,2026-07-31 01:55:00,10.3,82,0.8,1.8,158,995.9,903.5,0.0,0.0
PUNTA_NEGRA,2026-07-31,1785474000,2026-07-31 02:00:00,10.4,82,1.3,1.8,250,996.0,903.5,0.0,0.0
PUNTA_NEGRA,2026-07-31,1785474300,2026-07-31 02:05:00,10.4,81,0.3,1.8,238,995.8,903.4,0.0,0.0
PUNTA_NEGRA,2026-07-31,1785474600,2026-07-31 02:10:00,10.4,81,1.1,3.6,251,995.9,903.5,0.0,0.0
PUNTA_NEGRA,2026-07-31,1785474900,2026-07-31 02:15:00,10.4,81,0.1,1.8,234,995.9,903.4,0.0,0.0
PUNTA_NEGRA,2026-07-31,1785475200,2026-07-31 02:20:00,10.5,82,0.0,0.0,200,995.6,903.2,0.0,0.0
PUNTA_NEGRA,2026-07-31,1785475500,2026-07-31 02:25:00,10.3,81,3.2,7.2,251,995.5,903.1,0.0,0.0
PUNTA_NEGRA,2026-07-31,1785475800,2026-07-31 02:30:00,11.7,77,4.2,9.4,253,995.4,903.0,0.0,0.0
PUNTA_NEGRA,2026-07-31,1785476100,2026-07-31 02:35:00,12.3,74,3.1,7.2,265,995.4,903.0,0.0,0.0
PUNTA_NEGRA,2026-07-31,1785476400,2026-07-31 02:40:00,12.8,72,3.5,5.4,253,995.3,902.9,0.0,0.0
PUNTA_NEGRA,2026-07-31,1785476700,2026-07-31 02:45:00,12.6,73,4.0,9.4,257,995.4,903.0,0.0,0.0
PUNTA_NEGRA,2026-07-31,1785477000,2026-07-31 02:50:00,12.7,73,4.3,7.2,237,995.2,902.8,0.0,0.0
PUNTA_NEGRA,2026-07-31,1785477300,2026-07-31 02:55:00,12.2,76,1.8,3.6,215,995.1,902.8,0.0,0.0
PUNTA_NEGRA,2026-07-31,1785477600,2026-07-31 03:00:00,12.0,77,5.3,9.4,238,995.1,902.7,0.0,0.0
PUNTA_NEGRA,2026-07-31,1785477900,2026-07-31 03:05:00,12.2,76,3.7,7.2,262,995.3,902.9,0.0,0.0
PUNTA_NEGRA,2026-07-31,1785478200,2026-07-31 03:10:00,12.0,76,1.1,3.6,298,995.2,902.8,0.0,0.0
PUNTA_NEGRA,2026-07-31,1785478500,2026-07-31 03:15:00,11.5,77,1.0,1.8,316,995.1,902.8,0.0,0.0
PUNTA_NEGRA,2026-07-31,1785478800,2026-07-31 03:20:00,11.0,79,1.6,7.2,65,995.2,902.8,0.0,0.0
PUNTA_NEGRA,2026-07-31,1785479100,2026-07-31 03:25:00,11.1,79,1.3,3.6,36,995.2,902.8,0.0,0.0
PUNTA_NEGRA,2026-07-31,1785479400,2026-07-31 03:30:00,10.8,80,1.4,3.6,146,995.1,902.7,0.0,0.0
PUNTA_NEGRA,2026-07-31,1785479700,2026-07-31 03:35:00,10.7,80,1.4,3.6,230,995.0,902.6,0.0,0.0
PUNTA_NEGRA,2026-07-31,1785480000,2026-07-31 03:40:00,10.4,81,0.1,1.8,230,994.9,902.6,0.0,0.0
PUNTA_NEGRA,2026-07-31,1785480300,2026-07-31 03:45:00,10.2,82,0.7,1.8,144,994.9,902.6,0.0,0.0
PUNTA_NEGRA,2026-07-31,1785480600,2026-07-31 03:50:00,10.2,82,1.4,3.6,211,994.8,902.4,0.0,0.0
PUNTA_NEGRA,2026-07-31,1785480900,2026-07-31 03:55:00,9.7,83,0.7,3.6,201,994.6,902.2,0.0,0.0
PUNTA_NEGRA,2026-07-31,1785481200,2026-07-31 04:00:00,9.4,85,0.1,1.8,184,994.7,902.3,0.0,0.0
PUNTA_NEGRA,2026-07-31,1785481500,2026-07-31 04:05:00,9.4,85,1.7,5.4,219,994.5,902.0,0.0,0.0
PUNTA_NEGRA,2026-07-31,1785481800,2026-07-31 04:10:00,9.7,83,1.5,3.6,150,994.5,902.1,0.0,0.0
PUNTA_NEGRA,2026-07-31,1785482100,2026-07-31 04:15:00,9.9,83,1.2,1.8,216,994.5,902.1,0.0,0.0
PUNTA_NEGRA,2026-07-31,1785482400,2026-07-31 04:20:00,9.9,83,0.4,1.8,248,994.4,901.9,0.0,0.0
PUNTA_NEGRA,2026-07-31,1785482700,2026-07-31 04:25:00,9.9,83,1.9,3.6,315,994.5,902.1,0.0,0.0
PUNTA_NEGRA,2026-07-31,1785483000,2026-07-31 04:30:00,9.9,83,0.4,1.8,236,994.5,902.1,0.0,0.0
PUNTA_NEGRA,2026-07-31,1785483300,2026-07-31 04:35:00,9.6,83,1.7,3.6,347,994.7,902.3,0.0,0.0
PUNTA_NEGRA,2026-07-31,1785483600,2026-07-31 04:40:00,9.4,84,2.4,3.6,282,994.8,902.4,0.0,0.0
PUNTA_NEGRA,2026-07-31,1785483900,2026-07-31 04:45:00,9.3,84,0.4,1.8,260,994.8,902.4,0.0,0.0
PUNTA_NEGRA,2026-07-31,1785484200,2026-07-31 04:50:00,9.4,85,0.4,1.8,168,994.8,902.4,0.0,0.0
PUNTA_NEGRA,2026-07-31,1785484500,2026-07-31 04:55:00,9.4,85,0.6,1.8,186,994.9,902.5,0.0,0.0
PUNTA_NEGRA,2026-07-31,1785484800,2026-07-31 05:00:00,9.1,85,0.0,0.0,181,995.0,902.6,0.0,0.0
PUNTA_NEGRA,2026-07-31,1785485100,2026-07-31 05:05:00,9.1,86,0.9,1.8,237,995.1,902.8,0.0,0.0
PUNTA_NEGRA,2026-07-31,1785485400,2026-07-31 05:10:00,9.3,85,1.1,3.6,204,995.1,902.7,0.0,0.0
PUNTA_NEGRA,2026-07-31,1785485700,2026-07-31 05:15:00,9.8,85,0.5,1.8,203,994.8,902.5,0.0,0.0
PUNTA_NEGRA,2026-07-31,1785486000,2026-07-31 05:20:00,10.0,83,0.3,1.8,235,994.9,902.5,0.0,0.0
PUNTA_NEGRA,2026-07-31,1785486300,2026-07-31 05:25:00,10.0,83,1.2,3.6,239,994.9,902.5,0.0,0.0
PUNTA_NEGRA,2026-07-31,1785486600,2026-07-31 05:30:00,10.5,80,5.3,13.0,259,994.8,902.4,0.0,0.0
PUNTA_NEGRA,2026-07-31,1785486900,2026-07-31 05:35:00,11.3,77,1.7,9.4,244,994.8,902.5,0.0,0.0
PUNTA_NEGRA,2026-07-31,1785487200,2026-07-31 05:40:00,11.2,78,0.4,1.8,201,995.1,902.7,0.0,0.0
PUNTA_NEGRA,2026-07-31,1785487500,2026-07-31 05:45:00,10.7,80,1.3,3.6,5,995.0,902.6,0.0,0.0
PUNTA_NEGRA,2026-07-31,1785487800,2026-07-31 05:50:00,10.3,81,0.9,3.6,204,995.3,902.9,0.0,0.0
PUNTA_NEGRA,2026-07-31,1785488100,2026-07-31 05:55:00,10.0,82,1.3,3.6,318,995.4,903.0,0.0,0.0
PUNTA_NEGRA,2026-07-31,1785488400,2026-07-31 06:00:00,10.0,83,1.2,3.6,260,995.2,902.8,0.0,0.0
PUNTA_NEGRA,2026-07-31,1785488700,2026-07-31 06:05:00,10.1,83,0.4,1.8,248,995.5,903.1,0.0,0.0
PUNTA_NEGRA,2026-07-31,1785489000,2026-07-31 06:10:00,10.0,83,0.1,1.8,186,995.6,903.2,0.0,0.0
PUNTA_NEGRA,2026-07-31,1785489300,2026-07-31 06:15:00,9.8,83,0.0,0.0,203,995.7,903.3,0.0,0.0
PUNTA_NEGRA,2026-07-31,1785489600,2026-07-31 06:20:00,9.7,84,0.8,3.6,249,995.4,903.1,0.0,0.0
PUNTA_NEGRA,2026-07-31,1785489900,2026-07-31 06:25:00,9.8,84,1.0,5.4,232,995.3,903.0,0.0,0.0
PUNTA_NEGRA,2026-07-31,1785490200,2026-07-31 06:30:00,10.3,82,5.0,13.0,261,995.2,902.9,0.0,0.0
PUNTA_NEGRA,2026-07-31,1785490500,2026-07-31 06:35:00,11.7,77,4.5,7.2,215,994.9,902.6,0.0,0.0
PUNTA_NEGRA,2026-07-31,1785490800,2026-07-31 06:40:00,12.8,68,8.5,16.6,244,994.9,902.5,0.0,0.0
PUNTA_NEGRA,2026-07-31,1785491100,2026-07-31 06:45:00,15.1,49,9.0,16.6,267,994.9,902.5,0.0,0.0
PUNTA_NEGRA,2026-07-31,1785491400,2026-07-31 06:50:00,16.2,55,6.3,13.0,55,995.1,902.7,0.0,0.0
PUNTA_NEGRA,2026-07-31,1785491700,2026-07-31 06:55:00,12.0,75,4.3,9.4,306,995.4,903.0,0.0,0.0
PUNTA_NEGRA,2026-07-31,1785492000,2026-07-31 07:00:00,10.5,80,1.6,3.6,277,995.6,903.2,0.0,0.0
PUNTA_NEGRA,2026-07-31,1785492300,2026-07-31 07:05:00,10.4,80,2.1,5.4,177,995.6,903.2,0.0,0.0
PUNTA_NEGRA,2026-07-31,1785492600,2026-07-31 07:10:00,10.0,82,1.4,3.6,113,995.6,903.2,0.0,0.0
PUNTA_NEGRA,2026-07-31,1785492900,2026-07-31 07:15:00,9.9,82,3.4,7.2,88,995.6,903.2,0.0,0.0
PUNTA_NEGRA,2026-07-31,1785493200,2026-07-31 07:20:00,10.8,73,4.5,13.0,223,995.6,903.2,0.0,0.0
PUNTA_NEGRA,2026-07-31,1785493500,2026-07-31 07:25:00,11.4,67,2.8,9.4,226,995.7,903.3,0.0,0.0
PUNTA_NEGRA,2026-07-31,1785493800,2026-07-31 07:30:00,16.1,29,3.5,9.4,142,995.7,903.3,0.0,0.0
PUNTA_NEGRA,2026-07-31,1785494100,2026-07-31 07:35:00,19.1,24,3.7,9.4,210,995.9,903.5,0.0,0.0
PUNTA_NEGRA,2026-07-31,1785494400,2026-07-31 07:40:00,20.3,24,3.8,7.2,254,996.1,903.7,0.0,0.0
PUNTA_NEGRA,2026-07-31,1785494700,2026-07-31 07:45:00,20.3,23,3.3,5.4,234,996.4,904.0,0.0,0.0
PUNTA_NEGRA,2026-07-31,1785495000,2026-07-31 07:50:00,20.4,22,3.2,7.2,243,996.3,903.9,0.0,0.0
PUNTA_NEGRA,2026-07-31,1785495300,2026-07-31 07:55:00,21.2,22,4.9,9.4,186,996.6,904.2,0.0,0.0
PUNTA_NEGRA,2026-07-31,1785495600,2026-07-31 08:00:00,21.0,22,4.5,7.2,196,996.6,904.2,0.0,0.1
PUNTA_NEGRA,2026-07-31,1785495900,2026-07-31 08:05:00,21.6,22,5.0,9.4,217,996.8,904.4,0.0,0.3
PUNTA_NEGRA,2026-07-31,1785496200,2026-07-31 08:10:00,21.1,23,4.2,9.4,252,996.7,904.3,0.0,0.7
PUNTA_NEGRA,2026-07-31,1785496500,2026-07-31 08:15:00,20.8,22,4.3,9.4,338,996.6,904.2,0.0,1.5
PUNTA_NEGRA,2026-07-31,1785496800,2026-07-31 08:20:00,21.1,22,3.7,11.2,269,996.8,904.4,0.0,3.1
PUNTA_NEGRA,2026-07-31,1785497100,2026-07-31 08:25:00,21.2,22,6.2,13.0,253,996.8,904.4,0.0,5.9
PUNTA_NEGRA,2026-07-31,1785497400,2026-07-31 08:30:00,21.2,22,3.5,9.4,327,996.9,904.6,0.0,9.5
PUNTA_NEGRA,2026-07-31,1785497700,2026-07-31 08:35:00,21.1,22,4.5,11.2,288,997.0,904.6,0.0,13.5
PUNTA_NEGRA,2026-07-31,1785498000,2026-07-31 08:40:00,21.0,22,3.8,9.4,201,997.0,904.6,0.0,19.0
PUNTA_NEGRA,2026-07-31,1785498300,2026-07-31 08:45:00,20.9,23,4.3,7.2,71,997.1,904.7,0.0,22.2
PUNTA_NEGRA,2026-07-31,1785498600,2026-07-31 08:50:00,20.8,23,4.5,7.2,215,997.2,904.8,0.0,25.7
PUNTA_NEGRA,2026-07-31,1785498900,2026-07-31 08:55:00,21.2,22,5.6,13.0,250,997.3,904.9,0.0,28.3
PUNTA_NEGRA,2026-07-31,1785499200,2026-07-31 09:00:00,21.3,22,4.1,9.4,211,997.5,905.1,0.0,31.2
PUNTA_NEGRA,2026-07-31,1785499500,2026-07-31 09:05:00,21.3,22,6.3,11.2,247,997.3,904.9,0.0,30.6
PUNTA_NEGRA,2026-07-31,1785499800,2026-07-31 09:10:00,21.2,22,3.9,5.4,243,997.2,904.9,0.0,37.7
PUNTA_NEGRA,2026-07-31,1785500100,2026-07-31 09:15:00,21.2,22,6.6,14.8,231,997.3,904.9,0.0,36.3
PUNTA_NEGRA,2026-07-31,1785500400,2026-07-31 09:20:00,21.3,22,3.4,11.2,295,997.4,905.0,0.0,41.3
PUNTA_NEGRA,2026-07-31,1785500700,2026-07-31 09:25:00,21.3,23,2.4,7.2,145,997.4,905.0,0.0,47.5
PUNTA_NEGRA,2026-07-31,1785501000,2026-07-31 09:30:00,21.4,21,5.1,9.4,206,997.4,905.0,0.0,67.3
PUNTA_NEGRA,2026-07-31,1785501300,2026-07-31 09:35:00,21.7,21,4.0,9.4,323,997.4,905.0,0.0,114.7
PUNTA_NEGRA,2026-07-31,1785501600,2026-07-31 09:40:00,22.0,20,4.0,9.4,293,997.3,904.9,0.0,122.5
PUNTA_NEGRA,2026-07-31,1785501900,2026-07-31 09:45:00,22.0,20,8.6,14.8,316,997.4,905.0,0.0,118.2
PUNTA_NEGRA,2026-07-31,1785502200,2026-07-31 09:50:00,22.2,19,9.4,22.0,327,997.4,905.1,0.0,121.8
PUNTA_NEGRA,2026-07-31,1785502500,2026-07-31 09:55:00,22.2,19,8.0,16.6,302,997.5,905.1,0.0,86.8
PUNTA_NEGRA,2026-07-31,1785502800,2026-07-31 10:00:00,22.3,19,10.9,22.0,312,997.4,905.0,0.0,151.8
PUNTA_NEGRA,2026-07-31,1785503100,2026-07-31 10:05:00,22.4,19,9.0,16.6,299,997.3,904.9,0.0,203.8
PUNTA_NEGRA,2026-07-31,1785503400,2026-07-31 10:10:00,22.6,19,8.9,18.4,308,997.4,905.0,0.0,211.5
PUNTA_NEGRA,2026-07-31,1785503700,2026-07-31 10:15:00,22.7,19,15.6,22.0,315,997.6,905.2,0.0,202.3
PUNTA_NEGRA,2026-07-31,1785504000,2026-07-31 10:20:00,22.5,19,12.2,20.2,281,997.4,905.0,0.0,180.2
PUNTA_NEGRA,2026-07-31,1785504300,2026-07-31 10:25:00,22.6,19,8.2,16.6,302,997.3,904.9,0.0,173.9
PUNTA_NEGRA,2026-07-31,1785504600,2026-07-31 10:30:00,22.8,18,5.3,9.4,273,997.2,904.8,0.0,183.1
PUNTA_NEGRA,2026-07-31,1785504900,2026-07-31 10:35:00,22.8,18,7.8,14.8,303,997.2,904.8,0.0,192.0
PUNTA_NEGRA,2026-07-31,1785505200,2026-07-31 10:40:00,22.8,18,7.9,13.0,279,997.0,904.6,0.0,201.1
PUNTA_NEGRA,2026-07-31,1785505500,2026-07-31 10:45:00,23.0,18,5.5,14.8,269,996.9,904.5,0.0,209.4
PUNTA_NEGRA,2026-07-31,1785505800,2026-07-31 10:50:00,23.2,18,5.4,14.8,240,996.8,904.4,0.0,217.8
PUNTA_NEGRA,2026-07-31,1785506100,2026-07-31 10:55:00,23.0,18,12.2,18.4,295,996.6,904.2,0.0,225.0
PUNTA_NEGRA,2026-07-31,1785506400,2026-07-31 11:00:00,23.2,17,8.7,13.0,303,996.6,904.2,0.0,236.0
PUNTA_NEGRA,2026-07-31,1785506700,2026-07-31 11:05:00,23.2,17,10.2,20.2,283,996.6,904.2,0.0,243.0
PUNTA_NEGRA,2026-07-31,1785507000,2026-07-31 11:10:00,23.4,17,5.9,14.8,322,996.5,904.1,0.0,250.9
PUNTA_NEGRA,2026-07-31,1785507300,2026-07-31 11:15:00,23.8,17,8.2,14.8,299,996.6,904.2,0.0,260.8
PUNTA_NEGRA,2026-07-31,1785507600,2026-07-31 11:20:00,23.5,18,7.1,18.4,289,996.7,904.3,0.0,269.0
PUNTA_NEGRA,2026-07-31,1785507900,2026-07-31 11:25:00,23.5,18,6.3,14.8,298,996.7,904.3,0.0,277.1
PUNTA_NEGRA,2026-07-31,1785508200,2026-07-31 11:30:00,23.4,18,4.1,13.0,227,996.7,904.2,0.0,284.7
PUNTA_NEGRA,2026-07-31,1785508500,2026-07-31 11:35:00,24.1,18,2.2,5.4,93,996.6,904.2,0.0,293.5
PUNTA_NEGRA,2026-07-31,1785508800,2026-07-31 11:40:00,24.2,19,5.1,11.2,193,996.8,904.4,0.0,301.0
PUNTA_NEGRA,2026-07-31,1785509100,2026-07-31 11:45:00,23.8,19,5.5,14.8,245,996.9,904.5,0.0,310.2
PUNTA_NEGRA,2026-07-31,1785509400,2026-07-31 11:50:00,23.7,20,10.7,20.2,224,996.8,904.4,0.0,317.4
PUNTA_NEGRA,2026-07-31,1785509700,2026-07-31 11:55:00,23.4,19,6.6,13.0,200,996.7,904.3,0.0,325.4
PUNTA_NEGRA,2026-07-31,1785510000,2026-07-31 12:00:00,23.6,19,3.5,7.2,239,996.7,904.3,0.0,330.9
PUNTA_NEGRA,2026-07-31,1785510300,2026-07-31 12:05:00,24.3,18,6.6,14.8,236,996.7,904.3,0.0,338.7
PUNTA_NEGRA,2026-07-31,1785510600,2026-07-31 12:10:00,24.2,18,4.4,14.8,249,996.7,904.3,0.0,345.7
PUNTA_NEGRA,2026-07-31,1785510900,2026-07-31 12:15:00,24.3,17,5.5,11.2,258,996.7,904.3,0.0,352.3
PUNTA_NEGRA,2026-07-31,1785511200,2026-07-31 12:20:00,24.3,17,5.9,11.2,261,996.9,904.4,0.0,359.0
PUNTA_NEGRA,2026-07-31,1785511500,2026-07-31 12:25:00,24.3,17,5.3,11.2,258,996.7,904.3,0.0,365.1
PUNTA_NEGRA,2026-07-31,1785511800,2026-07-31 12:30:00,25.1,16,3.8,11.2,231,996.7,904.2,0.0,370.8
PUNTA_NEGRA,2026-07-31,1785512100,2026-07-31 12:35:00,25.1,17,10.9,22.0,282,996.6,904.2,0.0,377.5
PUNTA_NEGRA,2026-07-31,1785512400,2026-07-31 12:40:00,24.6,17,7.6,20.2,231,996.5,904.1,0.0,380.6
PUNTA_NEGRA,2026-07-31,1785512700,2026-07-31 12:45:00,25.3,17,5.5,13.0,291,996.7,904.3,0.0,386.6
PUNTA_NEGRA,2026-07-31,1785513000,2026-07-31 12:50:00,25.1,17,4.5,9.4,237,996.6,904.1,0.0,392.0
PUNTA_NEGRA,2026-07-31,1785513300,2026-07-31 12:55:00,25.7,17,5.0,9.4,169,996.6,904.2,0.0,392.0
PUNTA_NEGRA,2026-07-31,1785513600,2026-07-31 13:00:00,25.5,17,3.5,7.2,220,996.6,904.1,0.0,395.8
PUNTA_NEGRA,2026-07-31,1785513900,2026-07-31 13:05:00,25.6,17,4.8,7.2,235,996.5,904.1,0.0,399.6
PUNTA_NEGRA,2026-07-31,1785514200,2026-07-31 13:10:00,25.1,18,5.2,13.0,150,996.5,904.1,0.0,402.6
PUNTA_NEGRA,2026-07-31,1785514500,2026-07-31 13:15:00,25.2,17,4.5,9.4,254,996.7,904.3,0.0,408.5
PUNTA_NEGRA,2026-07-31,1785514800,2026-07-31 13:20:00,25.1,18,4.3,9.4,194,996.9,904.5,0.0,414.0
PUNTA_NEGRA,2026-07-31,1785515100,2026-07-31 13:25:00,24.8,18,5.1,11.2,169,996.8,904.4,0.0,409.8
PUNTA_NEGRA,2026-07-31,1785515400,2026-07-31 13:30:00,25.4,17,5.3,9.4,245,996.9,904.5,0.0,413.3
PUNTA_NEGRA,2026-07-31,1785515700,2026-07-31 13:35:00,25.4,17,3.8,9.4,285,997.0,904.6,0.0,424.2
PUNTA_NEGRA,2026-07-31,1785516000,2026-07-31 13:40:00,25.2,17,7.1,14.8,289,997.3,904.9,0.0,420.1
PUNTA_NEGRA,2026-07-31,1785516300,2026-07-31 13:45:00,25.5,17,6.5,16.6,212,997.1,904.7,0.0,414.1
PUNTA_NEGRA,2026-07-31,1785516600,2026-07-31 13:50:00,25.5,17,3.9,5.4,275,997.1,904.7,0.0,412.9
PUNTA_NEGRA,2026-07-31,1785516900,2026-07-31 13:55:00,25.4,18,6.1,14.8,276,997.2,904.8,0.0,411.2
PUNTA_NEGRA,2026-07-31,1785517200,2026-07-31 14:00:00,25.5,18,7.5,14.8,324,997.1,904.7,0.0,408.9
PUNTA_NEGRA,2026-07-31,1785517500,2026-07-31 14:05:00,25.2,18,7.1,11.2,300,997.1,904.7,0.0,407.8
PUNTA_NEGRA,2026-07-31,1785517800,2026-07-31 14:10:00,25.2,19,4.5,7.2,263,997.0,904.6,0.0,406.1
PUNTA_NEGRA,2026-07-31,1785518100,2026-07-31 14:15:00,25.4,18,6.8,13.0,285,997.1,904.7,0.0,404.4
PUNTA_NEGRA,2026-07-31,1785518400,2026-07-31 14:20:00,24.9,19,5.0,11.2,234,997.1,904.7,0.0,401.3
PUNTA_NEGRA,2026-07-31,1785518700,2026-07-31 14:25:00,24.8,19,6.2,11.2,263,997.2,904.8,0.0,398.2
PUNTA_NEGRA,2026-07-31,1785519000,2026-07-31 14:30:00,24.9,19,4.5,11.2,260,997.2,904.8,0.0,394.3
PUNTA_NEGRA,2026-07-31,1785519300,2026-07-31 14:35:00,24.8,19,4.0,9.4,290,997.4,905.0,0.0,392.1
PUNTA_NEGRA,2026-07-31,1785519600,2026-07-31 14:40:00,24.8,19,5.8,9.4,242,997.6,905.2,0.0,388.8
PUNTA_NEGRA,2026-07-31,1785519900,2026-07-31 14:45:00,24.2,20,9.7,22.0,206,997.4,905.0,0.0,384.9
PUNTA_NEGRA,2026-07-31,1785520200,2026-07-31 14:50:00,23.8,21,7.3,16.6,234,997.6,905.2,0.0,383.3
PUNTA_NEGRA,2026-07-31,1785520500,2026-07-31 14:55:00,23.8,21,5.4,9.4,175,997.4,905.0,0.0,380.1
PUNTA_NEGRA,2026-07-31,1785520800,2026-07-31 15:00:00,23.1,22,9.5,18.4,201,997.5,905.1,0.0,378.9
PUNTA_NEGRA,2026-07-31,1785521100,2026-07-31 15:05:00,23.0,21,11.3,23.8,148,997.8,905.4,0.0,374.4
PUNTA_NEGRA,2026-07-31,1785521400,2026-07-31 15:10:00,22.9,21,13.0,40.3,186,998.0,905.6,0.0,360.1
PUNTA_NEGRA,2026-07-31,1785521700,2026-07-31 15:15:00,23.5,20,6.0,14.8,233,998.3,905.9,0.0,355.9
PUNTA_NEGRA,2026-07-31,1785522000,2026-07-31 15:20:00,23.2,20,10.7,25.6,233,998.2,905.8,0.0,352.6
PUNTA_NEGRA,2026-07-31,1785522300,2026-07-31 15:25:00,23.3,20,4.2,9.4,235,998.5,906.1,0.0,342.4
PUNTA_NEGRA,2026-07-31,1785522600,2026-07-31 15:30:00,23.3,19,7.8,16.6,126,998.7,906.3,0.0,333.9
PUNTA_NEGRA,2026-07-31,1785522900,2026-07-31 15:35:00,23.6,19,4.8,11.2,173,998.8,906.4,0.0,342.3
PUNTA_NEGRA,2026-07-31,1785523200,2026-07-31 15:40:00,23.2,19,6.8,16.6,105,998.9,906.5,0.0,322.2
PUNTA_NEGRA,2026-07-31,1785523500,2026-07-31 15:45:00,23.3,18,7.0,20.2,294,998.9,906.5,0.0,313.6
PUNTA_NEGRA,2026-07-31,1785523800,2026-07-31 15:50:00,23.2,19,6.8,13.0,211,998.8,906.4,0.0,307.9
PUNTA_NEGRA,2026-07-31,1785524100,2026-07-31 15:55:00,22.9,19,9.0,18.4,123,998.7,906.3,0.0,299.9
PUNTA_NEGRA,2026-07-31,1785524400,2026-07-31 16:00:00,22.9,19,7.3,14.8,107,998.8,906.4,0.0,295.0
PUNTA_NEGRA,2026-07-31,1785524700,2026-07-31 16:05:00,22.9,19,7.4,31.3,247,998.7,906.3,0.0,293.7
PUNTA_NEGRA,2026-07-31,1785525000,2026-07-31 16:10:00,22.9,19,7.8,16.6,139,998.3,905.9,0.0,293.5
PUNTA_NEGRA,2026-07-31,1785525300,2026-07-31 16:15:00,22.4,18,7.3,18.4,259,998.3,905.9,0.0,290.2
PUNTA_NEGRA,2026-07-31,1785525600,2026-07-31 16:20:00,22.8,16,9.2,16.6,321,998.8,906.3,0.0,273.3
PUNTA_NEGRA,2026-07-31,1785525900,2026-07-31 16:25:00,22.5,17,10.8,20.2,175,999.0,906.6,0.0,255.5
PUNTA_NEGRA,2026-07-31,1785526200,2026-07-31 16:30:00,22.4,17,7.0,20.2,118,999.2,906.8,0.0,248.8
PUNTA_NEGRA,2026-07-31,1785526500,2026-07-31 16:35:00,22.3,16,8.7,20.2,219,999.0,906.6,0.0,241.1
PUNTA_NEGRA,2026-07-31,1785526800,2026-07-31 16:40:00,22.0,15,13.8,55.1,138,998.8,906.4,0.0,224.9
PUNTA_NEGRA,2026-07-31,1785527100,2026-07-31 16:45:00,22.2,16,8.5,18.4,253,999.0,906.6,0.0,63.4
PUNTA_NEGRA,2026-07-31,1785527400,2026-07-31 16:50:00,22.1,15,7.1,14.8,216,998.8,906.3,0.0,62.3
PUNTA_NEGRA,2026-07-31,1785527700,2026-07-31 16:55:00,21.8,15,4.5,9.4,254,998.7,906.3,0.0,53.1
PUNTA_NEGRA,2026-07-31,1785528000,2026-07-31 17:00:00,21.8,15,7.3,14.8,290,998.9,906.5,0.0,67.7
PUNTA_NEGRA,2026-07-31,1785528300,2026-07-31 17:05:00,21.7,15,5.9,14.8,165,999.2,906.8,0.0,41.0
PUNTA_NEGRA,2026-07-31,1785528600,2026-07-31 17:10:00,21.7,15,9.6,18.4,240,999.4,907.1,0.0,27.3
PUNTA_NEGRA,2026-07-31,1785528900,2026-07-31 17:15:00,21.4,15,8.6,23.8,172,999.5,907.1,0.0,26.2
PUNTA_NEGRA,2026-07-31,1785529200,2026-07-31 17:20:00,21.4,14,9.4,23.8,248,999.5,907.1,0.0,25.8
PUNTA_NEGRA,2026-07-31,1785529500,2026-07-31 17:25:00,21.4,13,6.8,13.0,229,999.7,907.3,0.0,25.4
PUNTA_NEGRA,2026-07-31,1785529800,2026-07-31 17:30:00,21.3,13,7.8,13.0,103,999.9,907.5,0.0,24.7
PUNTA_NEGRA,2026-07-31,1785530100,2026-07-31 17:35:00,21.3,13,4.4,14.8,229,1000.2,907.8,0.0,23.9
PUNTA_NEGRA,2026-07-31,1785530400,2026-07-31 17:40:00,21.2,13,6.0,9.4,195,1000.4,908.0,0.0,23.5
PUNTA_NEGRA,2026-07-31,1785530700,2026-07-31 17:45:00,21.0,14,3.7,9.4,179,1000.5,908.1,0.0,22.4
PUNTA_NEGRA,2026-07-31,1785531000,2026-07-31 17:50:00,20.7,14,4.1,11.2,225,1000.7,908.3,0.0,21.8
PUNTA_NEGRA,2026-07-31,1785531300,2026-07-31 17:55:00,20.7,14,8.1,14.8,33,1000.8,908.4,0.0,21.1
PUNTA_NEGRA,2026-07-31,1785531600,2026-07-31 18:00:00,20.7,14,7.1,18.4,218,1000.9,908.4,0.0,20.2
PUNTA_NEGRA,2026-07-31,1785531900,2026-07-31 18:05:00,20.6,15,10.9,27.7,189,1001.0,908.6,0.0,19.3
PUNTA_NEGRA,2026-07-31,1785532200,2026-07-31 18:10:00,20.4,15,6.9,11.2,152,1001.0,908.6,0.0,18.3
PUNTA_NEGRA,2026-07-31,1785532500,2026-07-31 18:15:00,20.3,16,10.9,20.2,134,1000.9,908.5,0.0,17.3
PUNTA_NEGRA,2026-07-31,1785532800,2026-07-31 18:20:00,20.3,15,7.8,20.2,168,1001.1,908.7,0.0,16.3
PUNTA_NEGRA,2026-07-31,1785533100,2026-07-31 18:25:00,20.3,16,9.8,20.2,229,1001.1,908.7,0.0,15.0
PUNTA_NEGRA,2026-07-31,1785533400,2026-07-31 18:30:00,20.1,16,11.4,25.6,229,1001.2,908.8,0.0,13.6
PUNTA_NEGRA,2026-07-31,1785533700,2026-07-31 18:35:00,20.2,16,16.4,33.1,179,1001.2,908.8,0.0,11.8
PUNTA_NEGRA,2026-07-31,1785534000,2026-07-31 18:40:00,20.2,16,9.0,23.8,60,1001.3,908.9,0.0,9.9
PUNTA_NEGRA,2026-07-31,1785534300,2026-07-31 18:45:00,20.0,16,10.3,22.0,236,1001.6,909.3,0.0,7.8
PUNTA_NEGRA,2026-07-31,1785534600,2026-07-31 18:50:00,20.1,16,11.9,22.0,150,1001.8,909.4,0.0,5.8
PUNTA_NEGRA,2026-07-31,1785534900,2026-07-31 18:55:00,19.9,16,9.4,16.6,175,1001.9,909.5,0.0,3.8
PUNTA_NEGRA,2026-07-31,1785535200,2026-07-31 19:00:00,19.7,17,11.0,29.5,209,1001.8,909.4,0.0,2.3
PUNTA_NEGRA,2026-07-31,1785535500,2026-07-31 19:05:00,19.8,17,10.9,22.0,70,1002.2,909.8,0.0,1.1
PUNTA_NEGRA,2026-07-31,1785535800,2026-07-31 19:10:00,19.6,17,5.3,9.4,217,1002.3,909.9,0.0,0.5
PUNTA_NEGRA,2026-07-31,1785536100,2026-07-31 19:15:00,19.4,17,2.2,5.4,258,1002.3,909.8,0.0,0.1
PUNTA_NEGRA,2026-07-31,1785536400,2026-07-31 19:20:00,19.2,16,3.2,9.4,195,1002.5,910.1,0.0,0.1
PUNTA_NEGRA,2026-07-31,1785536700,2026-07-31 19:25:00,19.2,16,3.3,5.4,190,1002.5,910.1,0.0,0.0
PUNTA_NEGRA,2026-07-31,1785537000,2026-07-31 19:30:00,19.0,16,2.9,5.4,230,1002.5,910.1,0.0,0.0
PUNTA_NEGRA,2026-07-31,1785537300,2026-07-31 19:35:00,18.7,16,4.0,9.4,139,1002.6,910.2,0.0,0.0
PUNTA_NEGRA,2026-07-31,1785537600,2026-07-31 19:40:00,18.8,16,3.1,7.2,212,1002.7,910.3,0.0,0.0
PUNTA_NEGRA,2026-07-31,1785537900,2026-07-31 19:45:00,18.6,16,3.0,11.2,65,1002.7,910.3,0.0,0.0
PUNTA_NEGRA,2026-07-31,1785538200,2026-07-31 19:50:00,18.6,16,2.1,3.6,145,1002.9,910.5,0.0,0.0
PUNTA_NEGRA,2026-07-31,1785538500,2026-07-31 19:55:00,18.4,16,5.8,13.0,341,1002.9,910.4,0.0,0.0
PUNTA_NEGRA,2026-07-31,1785538800,2026-07-31 20:00:00,18.5,17,1.9,5.4,192,1003.1,910.7,0.0,0.0
PUNTA_NEGRA,2026-07-31,1785539100,2026-07-31 20:05:00,18.2,18,0.8,3.6,176,1003.3,910.9,0.0,0.0
PUNTA_NEGRA,2026-07-31,1785539400,2026-07-31 20:10:00,18.1,17,1.9,7.2,177,1003.2,910.8,0.0,0.0
PUNTA_NEGRA,2026-07-31,1785539700,2026-07-31 20:15:00,18.2,17,1.3,3.6,199,1003.3,910.9,0.0,0.0
PUNTA_NEGRA,2026-07-31,1785540000,2026-07-31 20:20:00,18.3,17,3.8,9.4,201,1003.4,911.0,0.0,0.0
PUNTA_NEGRA,2026-07-31,1785540300,2026-07-31 20:25:00,18.3,17,2.2,5.4,247,1003.2,910.9,0.0,0.0
PUNTA_NEGRA,2026-07-31,1785540600,2026-07-31 20:30:00,17.9,17,1.1,3.6,232,1003.3,910.9,0.0,0.0
PUNTA_NEGRA,2026-07-31,1785540900,2026-07-31 20:35:00,17.6,18,2.4,3.6,253,1003.4,911.0,0.0,0.0
PUNTA_NEGRA,2026-07-31,1785541200,2026-07-31 20:40:00,17.2,18,1.8,5.4,225,1003.4,911.1,0.0,0.0
PUNTA_NEGRA,2026-07-31,1785541500,2026-07-31 20:45:00,17.6,16,2.7,5.4,323,1003.4,911.0,0.0,0.0
PUNTA_NEGRA,2026-07-31,1785541800,2026-07-31 20:50:00,18.0,16,1.4,3.6,218,1003.6,911.2,0.0,0.0
PUNTA_NEGRA,2026-07-31,1785542100,2026-07-31 20:55:00,17.8,16,3.8,7.2,278,1003.9,911.5,0.0,0.0
PUNTA_NEGRA,2026-07-31,1785542400,2026-07-31 21:00:00,17.8,16,2.5,5.4,252,1003.9,911.6,0.0,0.0
PUNTA_NEGRA,2026-07-31,1785542700,2026-07-31 21:05:00,18.1,15,5.6,13.0,323,1003.9,911.5,0.0,0.0
PUNTA_NEGRA,2026-07-31,1785543000,2026-07-31 21:10:00,18.6,15,2.5,3.6,243,1003.5,911.1,0.0,0.0
PUNTA_NEGRA,2026-07-31,1785543300,2026-07-31 21:15:00,18.4,15,5.5,14.8,258,1003.6,911.2,0.0,0.0
PUNTA_NEGRA,2026-07-31,1785543600,2026-07-31 21:20:00,18.4,15,1.4,3.6,296,1003.4,911.0,0.0,0.0
PUNTA_NEGRA,2026-07-31,1785543900,2026-07-31 21:25:00,17.9,16,0.9,1.8,207,1003.3,911.0,0.0,0.0
PUNTA_NEGRA,2026-07-31,1785544200,2026-07-31 21:30:00,17.4,17,1.1,1.8,191,1003.6,911.3,0.0,0.0
PUNTA_NEGRA,2026-07-31,1785544500,2026-07-31 21:35:00,17.1,17,0.4,1.8,123,1003.7,911.4,0.0,0.0
PUNTA_NEGRA,2026-07-31,1785544800,2026-07-31 21:40:00,17.0,17,1.8,3.6,284,1003.8,911.4,0.0,0.0
PUNTA_NEGRA,2026-07-31,1785545100,2026-07-31 21:45:00,17.1,17,1.4,3.6,246,1003.8,911.4,0.0,0.0
PUNTA_NEGRA,2026-07-31,1785545400,2026-07-31 21:50:00,16.8,18,2.4,5.4,271,1003.8,911.4,0.0,0.0
PUNTA_NEGRA,2026-07-31,1785545700,2026-07-31 21:55:00,17.2,16,3.0,9.4,277,1003.9,911.5,0.0,0.0
PUNTA_NEGRA,2026-07-31,1785546000,2026-07-31 22:00:00,17.9,16,3.1,7.2,244,1003.8,911.4,0.0,0.0
PUNTA_NEGRA,2026-07-31,1785546300,2026-07-31 22:05:00,17.9,17,1.0,1.8,205,1003.8,911.4,0.0,0.0
PUNTA_NEGRA,2026-07-31,1785546600,2026-07-31 22:10:00,17.5,18,2.2,3.6,220,1004.2,911.8,0.0,0.0
PUNTA_NEGRA,2026-07-31,1785546900,2026-07-31 22:15:00,17.3,18,3.0,5.4,152,1004.4,912.0,0.0,0.0
PUNTA_NEGRA,2026-07-31,1785547200,2026-07-31 22:20:00,16.6,18,2.8,5.4,190,1004.5,912.1,0.0,0.0
PUNTA_NEGRA,2026-07-31,1785547500,2026-07-31 22:25:00,16.8,18,1.1,5.4,279,1004.6,912.2,0.0,0.0
PUNTA_NEGRA,2026-07-31,1785547800,2026-07-31 22:30:00,16.4,19,1.9,5.4,245,1004.6,912.2,0.0,0.0
PUNTA_NEGRA,2026-07-31,1785548100,2026-07-31 22:35:00,16.3,18,1.9,5.4,220,1004.5,912.1,0.0,0.0
PUNTA_NEGRA,2026-07-31,1785548400,2026-07-31 22:40:00,17.0,17,2.7,7.2,196,1004.7,912.3,0.0,0.0
PUNTA_NEGRA,2026-07-31,1785548700,2026-07-31 22:45:00,16.9,19,1.9,7.2,248,1004.9,912.5,0.0,0.0
PUNTA_NEGRA,2026-07-31,1785549000,2026-07-31 22:50:00,16.8,19,3.1,5.4,261,1005.1,912.6,0.0,0.0
PUNTA_NEGRA,2026-07-31,1785549600,2026-07-31 23:00:00,16.3,19,2.4,5.4,266,1005.1,912.7,0.0,0.0
PUNTA_NEGRA,2026-07-31,1785549900,2026-07-31 23:05:00,17.0,18,2.8,5.4,231,1005.2,912.8,0.0,0.0
PUNTA_NEGRA,2026-07-31,1785550200,2026-07-31 23:10:00,17.1,18,1.7,3.6,263,1005.1,912.6,0.0,0.0
PUNTA_NEGRA,2026-07-31,1785550500,2026-07-31 23:15:00,16.8,18,3.8,9.4,238,1005.0,912.6,0.0,0.0
PUNTA_NEGRA,2026-07-31,1785550800,2026-07-31 23:20:00,17.1,17,3.1,7.2,234,1005.0,912.6,0.0,0.0
PUNTA_NEGRA,2026-07-31,1785551100,2026-07-31 23:25:00,16.9,18,3.4,9.4,237,1005.1,912.7,0.0,0.0
PUNTA_NEGRA,2026-07-31,1785551400,2026-07-31 23:30:00,16.7,18,1.8,3.6,232,1005.0,912.6,0.0,0.0
PUNTA_NEGRA,2026-07-31,1785551700,2026-07-31 23:35:00,16.5,18,1.8,3.6,229,1005.1,912.7,0.0,0.0
PUNTA_NEGRA,2026-07-31,1785552000,2026-07-31 23:40:00,16.5,18,4.0,7.2,271,1005.1,912.7,0.0,0.0
PUNTA_NEGRA,2026-07-31,1785552300,2026-07-31 23:45:00,16.8,17,2.6,5.4,225,1005.2,912.8,0.0,0.0
PUNTA_NEGRA,2026-07-31,1785552600,2026-07-31 23:50:00,16.7,18,1.1,5.4,221,1005.2,912.8,0.0,0.0
PUNTA_NEGRA,2026-07-31,1785552900,2026-07-31 23:55:00,15.9,19,0.9,3.6,216,1005.1,912.7,0.0,0.0
INTA_SANMARTIN,2026-07-31,1785466800,2026-07-31 00:00:00,,,,,,987.8,938.8,,
INTA_SANMARTIN,2026-07-31,1785467100,2026-07-31 00:05:00,,,,,,987.8,938.8,,
INTA_SANMARTIN,2026-07-31,1785467400,2026-07-31 00:10:00,,,,,,987.8,938.8,,
INTA_SANMARTIN,2026-07-31,1785467700,2026-07-31 00:15:00,,,,,,987.9,938.8,,
INTA_SANMARTIN,2026-07-31,1785468000,2026-07-31 00:20:00,,,,,,987.8,938.8,,
INTA_SANMARTIN,2026-07-31,1785468300,2026-07-31 00:25:00,,,,,,987.8,938.8,,
INTA_SANMARTIN,2026-07-31,1785468600,2026-07-31 00:30:00,,,,,,987.6,938.6,,
INTA_SANMARTIN,2026-07-31,1785468900,2026-07-31 00:35:00,,,,,,987.8,938.8,,
INTA_SANMARTIN,2026-07-31,1785469200,2026-07-31 00:40:00,,,,,,987.6,938.6,,
INTA_SANMARTIN,2026-07-31,1785469500,2026-07-31 00:45:00,,,,,,987.7,938.7,,
INTA_SANMARTIN,2026-07-31,1785469800,2026-07-31 00:50:00,,,,,,987.7,938.7,,
INTA_SANMARTIN,2026-07-31,1785470100,2026-07-31 00:55:00,,,,,,987.7,938.7,,
INTA_SANMARTIN,2026-07-31,1785470400,2026-07-31 01:00:00,,,,,,987.7,938.7,,
INTA_SANMARTIN,2026-07-31,1785470700,2026-07-31 01:05:00,,,,,,987.6,938.6,,
INTA_SANMARTIN,2026-07-31,1785471000,2026-07-31 01:10:00,,,,,,987.5,938.5,,
INTA_SANMARTIN,2026-07-31,1785471300,2026-07-31 01:15:00,,,,,,987.5,938.5,,
INTA_SANMARTIN,2026-07-31,1785471600,2026-07-31 01:20:00,,,,,,987.5,938.5,,
INTA_SANMARTIN,2026-07-31,1785471900,2026-07-31 01:25:00,,,,,,987.2,938.2,,
INTA_SANMARTIN,2026-07-31,1785472200,2026-07-31 01:30:00,,,,,,987.2,938.2,,
INTA_SANMARTIN,2026-07-31,1785472500,2026-07-31 01:35:00,,,,,,987.1,938.1,,
INTA_SANMARTIN,2026-07-31,1785472800,2026-07-31 01:40:00,,,,,,986.8,937.8,,
INTA_SANMARTIN,2026-07-31,1785473100,2026-07-31 01:45:00,,,,,,986.7,937.7,,
INTA_SANMARTIN,2026-07-31,1785473400,2026-07-31 01:50:00,,,,,,986.5,937.5,,
INTA_SANMARTIN,2026-07-31,1785473700,2026-07-31 01:55:00,,,,,,986.7,937.7,,
INTA_SANMARTIN,2026-07-31,1785474000,2026-07-31 02:00:00,,,,,,986.5,937.5,,
INTA_SANMARTIN,2026-07-31,1785474300,2026-07-31 02:05:00,,,,,,986.4,937.4,,
INTA_SANMARTIN,2026-07-31,1785474600,2026-07-31 02:10:00,,,,,,986.3,937.3,,
INTA_SANMARTIN,2026-07-31,1785474900,2026-07-31 02:15:00,,,,,,986.2,937.2,,
INTA_SANMARTIN,2026-07-31,1785475200,2026-07-31 02:20:00,,,,,,986.1,937.1,,
INTA_SANMARTIN,2026-07-31,1785475500,2026-07-31 02:25:00,,,,,,986.0,937.0,,
INTA_SANMARTIN,2026-07-31,1785475800,2026-07-31 02:30:00,,,,,,986.0,937.0,,
INTA_SANMARTIN,2026-07-31,1785476100,2026-07-31 02:35:00,,,,,,986.0,937.0,,
INTA_SANMARTIN,2026-07-31,1785476400,2026-07-31 02:40:00,,,,,,985.8,936.8,,
INTA_SANMARTIN,2026-07-31,1785476700,2026-07-31 02:45:00,,,,,,985.9,936.9,,
INTA_SANMARTIN,2026-07-31,1785477000,2026-07-31 02:50:00,,,,,,985.7,936.7,,
INTA_SANMARTIN,2026-07-31,1785477300,2026-07-31 02:55:00,,,,,,985.7,936.7,,
INTA_SANMARTIN,2026-07-31,1785477600,2026-07-31 03:00:00,,,,,,985.7,936.7,,
INTA_SANMARTIN,2026-07-31,1785477900,2026-07-31 03:05:00,,,,,,985.7,936.7,,
INTA_SANMARTIN,2026-07-31,1785478200,2026-07-31 03:10:00,,,,,,985.7,936.7,,
INTA_SANMARTIN,2026-07-31,1785478500,2026-07-31 03:15:00,,,,,,985.8,936.8,,
INTA_SANMARTIN,2026-07-31,1785478800,2026-07-31 03:20:00,,,,,,985.7,936.7,,
INTA_SANMARTIN,2026-07-31,1785479100,2026-07-31 03:25:00,,,,,,985.8,936.8,,
INTA_SANMARTIN,2026-07-31,1785479400,2026-07-31 03:30:00,,,,,,985.8,936.7,,
INTA_SANMARTIN,2026-07-31,1785479700,2026-07-31 03:35:00,,,,,,985.7,936.7,,
INTA_SANMARTIN,2026-07-31,1785480000,2026-07-31 03:40:00,,,,,,985.8,936.8,,
INTA_SANMARTIN,2026-07-31,1785480300,2026-07-31 03:45:00,,,,,,985.7,936.7,,
INTA_SANMARTIN,2026-07-31,1785480600,2026-07-31 03:50:00,,,,,,985.7,936.7,,
INTA_SANMARTIN,2026-07-31,1785480900,2026-07-31 03:55:00,,,,,,985.5,936.5,,
INTA_SANMARTIN,2026-07-31,1785481200,2026-07-31 04:00:00,,,,,,985.4,936.4,,
INTA_SANMARTIN,2026-07-31,1785481500,2026-07-31 04:05:00,,,,,,985.4,936.4,,
INTA_SANMARTIN,2026-07-31,1785481800,2026-07-31 04:10:00,,,,,,985.4,936.4,,
INTA_SANMARTIN,2026-07-31,1785482100,2026-07-31 04:15:00,,,,,,985.3,936.3,,
INTA_SANMARTIN,2026-07-31,1785482400,2026-07-31 04:20:00,,,,,,985.5,936.5,,
INTA_SANMARTIN,2026-07-31,1785482700,2026-07-31 04:25:00,,,,,,985.3,936.3,,
INTA_SANMARTIN,2026-07-31,1785483000,2026-07-31 04:30:00,,,,,,985.3,936.3,,
INTA_SANMARTIN,2026-07-31,1785483300,2026-07-31 04:35:00,,,,,,985.4,936.4,,
INTA_SANMARTIN,2026-07-31,1785483600,2026-07-31 04:40:00,,,,,,985.5,936.5,,
INTA_SANMARTIN,2026-07-31,1785483900,2026-07-31 04:45:00,,,,,,985.6,936.6,,
INTA_SANMARTIN,2026-07-31,1785484200,2026-07-31 04:50:00,,,,,,985.6,936.6,,
INTA_SANMARTIN,2026-07-31,1785484500,2026-07-31 04:55:00,,,,,,985.5,936.5,,
INTA_SANMARTIN,2026-07-31,1785484800,2026-07-31 05:00:00,,,,,,985.6,936.6,,
INTA_SANMARTIN,2026-07-31,1785485100,2026-07-31 05:05:00,,,,,,985.7,936.7,,
INTA_SANMARTIN,2026-07-31,1785485400,2026-07-31 05:10:00,,,,,,985.8,936.8,,
INTA_SANMARTIN,2026-07-31,1785485700,2026-07-31 05:15:00,,,,,,985.9,936.9,,
INTA_SANMARTIN,2026-07-31,1785486000,2026-07-31 05:20:00,,,,,,985.9,936.9,,
INTA_SANMARTIN,2026-07-31,1785486300,2026-07-31 05:25:00,,,,,,986.0,937.0,,
INTA_SANMARTIN,2026-07-31,1785486600,2026-07-31 05:30:00,,,,,,986.0,937.0,,
INTA_SANMARTIN,2026-07-31,1785486900,2026-07-31 05:35:00,,,,,,986.0,937.1,,
INTA_SANMARTIN,2026-07-31,1785487200,2026-07-31 05:40:00,,,,,,986.0,937.0,,
INTA_SANMARTIN,2026-07-31,1785487500,2026-07-31 05:45:00,,,,,,986.1,937.1,,
INTA_SANMARTIN,2026-07-31,1785487800,2026-07-31 05:50:00,,,,,,986.1,937.1,,
INTA_SANMARTIN,2026-07-31,1785488100,2026-07-31 05:55:00,,,,,,986.1,937.1,,
INTA_SANMARTIN,2026-07-31,1785488400,2026-07-31 06:00:00,,,,,,986.1,937.1,,
INTA_SANMARTIN,2026-07-31,1785488700,2026-07-31 06:05:00,,,,,,986.1,937.1,,
INTA_SANMARTIN,2026-07-31,1785489000,2026-07-31 06:10:00,,,,,,986.1,937.2,,
INTA_SANMARTIN,2026-07-31,1785489300,2026-07-31 06:15:00,,,,,,986.0,937.0,,
INTA_SANMARTIN,2026-07-31,1785489600,2026-07-31 06:20:00,,,,,,986.1,937.1,,
INTA_SANMARTIN,2026-07-31,1785489900,2026-07-31 06:25:00,,,,,,985.9,936.9,,
INTA_SANMARTIN,2026-07-31,1785490200,2026-07-31 06:30:00,,,,,,986.2,937.2,,
INTA_SANMARTIN,2026-07-31,1785490500,2026-07-31 06:35:00,,,,,,986.3,937.3,,
INTA_SANMARTIN,2026-07-31,1785490800,2026-07-31 06:40:00,,,,,,986.2,937.3,,
INTA_SANMARTIN,2026-07-31,1785491100,2026-07-31 06:45:00,,,,,,986.2,937.2,,
INTA_SANMARTIN,2026-07-31,1785491400,2026-07-31 06:50:00,,,,,,986.4,937.4,,
INTA_SANMARTIN,2026-07-31,1785491700,2026-07-31 06:55:00,,,,,,986.7,937.7,,
INTA_SANMARTIN,2026-07-31,1785492000,2026-07-31 07:00:00,,,,,,986.7,937.7,,
INTA_SANMARTIN,2026-07-31,1785492300,2026-07-31 07:05:00,,,,,,986.5,937.5,,
INTA_SANMARTIN,2026-07-31,1785492600,2026-07-31 07:10:00,,,,,,986.7,937.7,,
INTA_SANMARTIN,2026-07-31,1785492900,2026-07-31 07:15:00,,,,,,986.8,937.8,,
INTA_SANMARTIN,2026-07-31,1785493200,2026-07-31 07:20:00,,,,,,986.6,937.6,,
INTA_SANMARTIN,2026-07-31,1785493500,2026-07-31 07:25:00,,,,,,986.8,937.8,,
INTA_SANMARTIN,2026-07-31,1785493800,2026-07-31 07:30:00,,,,,,987.0,938.0,,
INTA_SANMARTIN,2026-07-31,1785494100,2026-07-31 07:35:00,,,,,,987.5,938.5,,
INTA_SANMARTIN,2026-07-31,1785494400,2026-07-31 07:40:00,,,,,,987.5,938.5,,
INTA_SANMARTIN,2026-07-31,1785494700,2026-07-31 07:45:00,,,,,,987.3,938.3,,
INTA_SANMARTIN,2026-07-31,1785495000,2026-07-31 07:50:00,,,,,,987.2,938.2,,
INTA_SANMARTIN,2026-07-31,1785495300,2026-07-31 07:55:00,,,,,,987.2,938.2,,
INTA_SANMARTIN,2026-07-31,1785495600,2026-07-31 08:00:00,,,,,,987.3,938.3,,
INTA_SANMARTIN,2026-07-31,1785495900,2026-07-31 08:05:00,,,,,,987.7,938.7,,
INTA_SANMARTIN,2026-07-31,1785496200,2026-07-31 08:10:00,,,,,,987.7,938.7,,
INTA_SANMARTIN,2026-07-31,1785496500,2026-07-31 08:15:00,,,,,,987.8,938.8,,
INTA_SANMARTIN,2026-07-31,1785496800,2026-07-31 08:20:00,,,,,,988.1,939.1,,
INTA_SANMARTIN,2026-07-31,1785497100,2026-07-31 08:25:00,,,,,,987.7,938.7,,
INTA_SANMARTIN,2026-07-31,1785497400,2026-07-31 08:30:00,,,,,,988.0,939.0,,
INTA_SANMARTIN,2026-07-31,1785497700,2026-07-31 08:35:00,,,,,,988.1,939.1,,
INTA_SANMARTIN,2026-07-31,1785498000,2026-07-31 08:40:00,,,,,,987.7,938.7,,
INTA_SANMARTIN,2026-07-31,1785498300,2026-07-31 08:45:00,,,,,,987.8,938.8,,
INTA_SANMARTIN,2026-07-31,1785498600,2026-07-31 08:50:00,,,,,,987.7,938.7,,
INTA_SANMARTIN,2026-07-31,1785498900,2026-07-31 08:55:00,,,,,,987.7,938.7,,
INTA_SANMARTIN,2026-07-31,1785499200,2026-07-31 09:00:00,,,,,,988.0,939.0,,
INTA_SANMARTIN,2026-07-31,1785499500,2026-07-31 09:05:00,,,,,,987.9,938.9,,
INTA_SANMARTIN,2026-07-31,1785499800,2026-07-31 09:10:00,,,,,,987.9,938.9,,
INTA_SANMARTIN,2026-07-31,1785500100,2026-07-31 09:15:00,,,,,,987.9,938.9,,
INTA_SANMARTIN,2026-07-31,1785500400,2026-07-31 09:20:00,,,,,,987.7,938.7,,
INTA_SANMARTIN,2026-07-31,1785500700,2026-07-31 09:25:00,,,,,,987.8,938.8,,
INTA_SANMARTIN,2026-07-31,1785501000,2026-07-31 09:30:00,,,,,,987.9,938.8,,
INTA_SANMARTIN,2026-07-31,1785501300,2026-07-31 09:35:00,,,,,,988.0,939.0,,
INTA_SANMARTIN,2026-07-31,1785501600,2026-07-31 09:40:00,,,,,,988.0,939.0,,
INTA_SANMARTIN,2026-07-31,1785501900,2026-07-31 09:45:00,,,,,,988.0,939.0,,
INTA_SANMARTIN,2026-07-31,1785502200,2026-07-31 09:50:00,,,,,,988.0,939.0,,
INTA_SANMARTIN,2026-07-31,1785502500,2026-07-31 09:55:00,,,,,,987.8,938.8,,
INTA_SANMARTIN,2026-07-31,1785502800,2026-07-31 10:00:00,,,,,,988.0,939.0,,
INTA_SANMARTIN,2026-07-31,1785503100,2026-07-31 10:05:00,,,,,,987.8,938.8,,
INTA_SANMARTIN,2026-07-31,1785503400,2026-07-31 10:10:00,,,,,,987.6,938.6,,
INTA_SANMARTIN,2026-07-31,1785503700,2026-07-31 10:15:00,,,,,,987.6,938.6,,
INTA_SANMARTIN,2026-07-31,1785504000,2026-07-31 10:20:00,,,,,,987.6,938.6,,
INTA_SANMARTIN,2026-07-31,1785504300,2026-07-31 10:25:00,,,,,,987.7,938.7,,
INTA_SANMARTIN,2026-07-31,1785504600,2026-07-31 10:30:00,,,,,,987.5,938.5,,
INTA_SANMARTIN,2026-07-31,1785504900,2026-07-31 10:35:00,,,,,,987.6,938.6,,
INTA_SANMARTIN,2026-07-31,1785505200,2026-07-31 10:40:00,,,,,,987.4,938.4,,
INTA_SANMARTIN,2026-07-31,1785505500,2026-07-31 10:45:00,,,,,,987.5,938.5,,
INTA_SANMARTIN,2026-07-31,1785505800,2026-07-31 10:50:00,,,,,,987.4,938.4,,
INTA_SANMARTIN,2026-07-31,1785506100,2026-07-31 10:55:00,,,,,,987.4,938.4,,
INTA_SANMARTIN,2026-07-31,1785506400,2026-07-31 11:00:00,,,,,,987.4,938.4,,
INTA_SANMARTIN,2026-07-31,1785506700,2026-07-31 11:05:00,,,,,,987.3,938.3,,
INTA_SANMARTIN,2026-07-31,1785507000,2026-07-31 11:10:00,,,,,,987.0,938.0,,
INTA_SANMARTIN,2026-07-31,1785507300,2026-07-31 11:15:00,,,,,,986.9,937.9,,
INTA_SANMARTIN,2026-07-31,1785507600,2026-07-31 11:20:00,,,,,,986.9,937.9,,
INTA_SANMARTIN,2026-07-31,1785507900,2026-07-31 11:25:00,,,,,,986.7,937.7,,
INTA_SANMARTIN,2026-07-31,1785508200,2026-07-31 11:30:00,,,,,,986.7,937.7,,
INTA_SANMARTIN,2026-07-31,1785508500,2026-07-31 11:35:00,,,,,,986.5,937.5,,
INTA_SANMARTIN,2026-07-31,1785508800,2026-07-31 11:40:00,,,,,,986.3,937.3,,
INTA_SANMARTIN,2026-07-31,1785509100,2026-07-31 11:45:00,,,,,,986.4,937.4,,
INTA_SANMARTIN,2026-07-31,1785509400,2026-07-31 11:50:00,,,,,,986.5,937.5,,
INTA_SANMARTIN,2026-07-31,1785509700,2026-07-31 11:55:00,,,,,,986.4,937.4,,
INTA_SANMARTIN,2026-07-31,1785510000,2026-07-31 12:00:00,,,,,,986.2,937.2,,
INTA_SANMARTIN,2026-07-31,1785510300,2026-07-31 12:05:00,,,,,,986.1,937.1,,
INTA_SANMARTIN,2026-07-31,1785510600,2026-07-31 12:10:00,,,,,,986.0,937.0,,
INTA_SANMARTIN,2026-07-31,1785510900,2026-07-31 12:15:00,,,,,,986.2,937.2,,
INTA_SANMARTIN,2026-07-31,1785511200,2026-07-31 12:20:00,,,,,,986.3,937.3,,
INTA_SANMARTIN,2026-07-31,1785511500,2026-07-31 12:25:00,,,,,,986.3,937.3,,
INTA_SANMARTIN,2026-07-31,1785511800,2026-07-31 12:30:00,,,,,,986.1,937.1,,
INTA_SANMARTIN,2026-07-31,1785512100,2026-07-31 12:35:00,,,,,,986.1,937.1,,
INTA_SANMARTIN,2026-07-31,1785512400,2026-07-31 12:40:00,,,,,,986.1,937.1,,
INTA_SANMARTIN,2026-07-31,1785512700,2026-07-31 12:45:00,,,,,,986.1,937.1,,
INTA_SANMARTIN,2026-07-31,1785513000,2026-07-31 12:50:00,,,,,,986.0,937.0,,
INTA_SANMARTIN,2026-07-31,1785513300,2026-07-31 12:55:00,,,,,,985.9,936.9,,
INTA_SANMARTIN,2026-07-31,1785513600,2026-07-31 13:00:00,,,,,,985.9,936.9,,
INTA_SANMARTIN,2026-07-31,1785513900,2026-07-31 13:05:00,,,,,,986.1,937.1,,
INTA_SANMARTIN,2026-07-31,1785514200,2026-07-31 13:10:00,,,,,,986.1,937.1,,
INTA_SANMARTIN,2026-07-31,1785514500,2026-07-31 13:15:00,,,,,,986.2,937.2,,
INTA_SANMARTIN,2026-07-31,1785514800,2026-07-31 13:20:00,,,,,,986.3,937.3,,
INTA_SANMARTIN,2026-07-31,1785515100,2026-07-31 13:25:00,,,,,,986.4,937.4,,
INTA_SANMARTIN,2026-07-31,1785515400,2026-07-31 13:30:00,,,,,,986.3,937.3,,
INTA_SANMARTIN,2026-07-31,1785515700,2026-07-31 13:35:00,,,,,,986.4,937.4,,
INTA_SANMARTIN,2026-07-31,1785516000,2026-07-31 13:40:00,,,,,,986.2,937.2,,
INTA_SANMARTIN,2026-07-31,1785516300,2026-07-31 13:45:00,,,,,,986.2,937.2,,
INTA_SANMARTIN,2026-07-31,1785516600,2026-07-31 13:50:00,,,,,,986.2,937.3,,
INTA_SANMARTIN,2026-07-31,1785516900,2026-07-31 13:55:00,,,,,,986.2,937.2,,
INTA_SANMARTIN,2026-07-31,1785517200,2026-07-31 14:00:00,,,,,,986.2,937.2,,
INTA_SANMARTIN,2026-07-31,1785517500,2026-07-31 14:05:00,,,,,,986.2,937.2,,
INTA_SANMARTIN,2026-07-31,1785517800,2026-07-31 14:10:00,,,,,,986.2,937.2,,
INTA_SANMARTIN,2026-07-31,1785518100,2026-07-31 14:15:00,,,,,,986.4,937.4,,
INTA_SANMARTIN,2026-07-31,1785518400,2026-07-31 14:20:00,,,,,,986.2,937.2,,
INTA_SANMARTIN,2026-07-31,1785518700,2026-07-31 14:25:00,,,,,,986.2,937.2,,
INTA_SANMARTIN,2026-07-31,1785519000,2026-07-31 14:30:00,,,,,,986.2,937.2,,
INTA_SANMARTIN,2026-07-31,1785519300,2026-07-31 14:35:00,,,,,,986.3,937.3,,
INTA_SANMARTIN,2026-07-31,1785519600,2026-07-31 14:40:00,,,,,,986.3,937.3,,
INTA_SANMARTIN,2026-07-31,1785519900,2026-07-31 14:45:00,,,,,,986.3,937.4,,
INTA_SANMARTIN,2026-07-31,1785520200,2026-07-31 14:50:00,,,,,,986.4,937.4,,
INTA_SANMARTIN,2026-07-31,1785520500,2026-07-31 14:55:00,,,,,,986.6,937.6,,
INTA_SANMARTIN,2026-07-31,1785520800,2026-07-31 15:00:00,,,,,,986.8,937.8,,
INTA_SANMARTIN,2026-07-31,1785521100,2026-07-31 15:05:00,,,,,,987.0,938.0,,
INTA_SANMARTIN,2026-07-31,1785521400,2026-07-31 15:10:00,,,,,,987.1,938.1,,
INTA_SANMARTIN,2026-07-31,1785522300,2026-07-31 15:25:00,,,,,,987.6,938.6,,
INTA_SANMARTIN,2026-07-31,1785522600,2026-07-31 15:30:00,,,,,,987.6,938.6,,
INTA_SANMARTIN,2026-07-31,1785522900,2026-07-31 15:35:00,,,,,,987.9,938.9,,
INTA_SANMARTIN,2026-07-31,1785523200,2026-07-31 15:40:00,,,,,,987.9,938.9,,
INTA_SANMARTIN,2026-07-31,1785523500,2026-07-31 15:45:00,,,,,,988.1,939.1,,
INTA_SANMARTIN,2026-07-31,1785523800,2026-07-31 15:50:00,,,,,,988.3,939.3,,
INTA_SANMARTIN,2026-07-31,1785524100,2026-07-31 15:55:00,,,,,,988.5,939.5,,
INTA_SANMARTIN,2026-07-31,1785524400,2026-07-31 16:00:00,,,,,,988.7,939.7,,
INTA_SANMARTIN,2026-07-31,1785524700,2026-07-31 16:05:00,,,,,,988.8,939.8,,
INTA_SANMARTIN,2026-07-31,1785525000,2026-07-31 16:10:00,,,,,,988.9,939.9,,
INTA_SANMARTIN,2026-07-31,1785525300,2026-07-31 16:15:00,,,,,,988.9,939.9,,
INTA_SANMARTIN,2026-07-31,1785525600,2026-07-31 16:20:00,,,,,,989.1,940.1,,
INTA_SANMARTIN,2026-07-31,1785525900,2026-07-31 16:25:00,,,,,,989.2,940.2,,
INTA_SANMARTIN,2026-07-31,1785526200,2026-07-31 16:30:00,,,,,,989.3,940.3,,
INTA_SANMARTIN,2026-07-31,1785526500,2026-07-31 16:35:00,,,,,,989.4,940.3,,
INTA_SANMARTIN,2026-07-31,1785526800,2026-07-31 16:40:00,,,,,,989.4,940.4,,
INTA_SANMARTIN,2026-07-31,1785527100,2026-07-31 16:45:00,,,,,,989.5,940.5,,
INTA_SANMARTIN,2026-07-31,1785527400,2026-07-31 16:50:00,,,,,,989.7,940.7,,
INTA_SANMARTIN,2026-07-31,1785527700,2026-07-31 16:55:00,,,,,,989.8,940.8,,
INTA_SANMARTIN,2026-07-31,1785528000,2026-07-31 17:00:00,,,,,,989.9,940.9,,
INTA_SANMARTIN,2026-07-31,1785528300,2026-07-31 17:05:00,,,,,,990.1,941.1,,
INTA_SANMARTIN,2026-07-31,1785528600,2026-07-31 17:10:00,,,,,,990.2,941.2,,
INTA_SANMARTIN,2026-07-31,1785528900,2026-07-31 17:15:00,,,,,,990.4,941.4,,
INTA_SANMARTIN,2026-07-31,1785529200,2026-07-31 17:20:00,,,,,,990.4,941.4,,
INTA_SANMARTIN,2026-07-31,1785529500,2026-07-31 17:25:00,,,,,,990.4,941.4,,
INTA_SANMARTIN,2026-07-31,1785529800,2026-07-31 17:30:00,,,,,,990.4,941.4,,
INTA_SANMARTIN,2026-07-31,1785530100,2026-07-31 17:35:00,,,,,,990.7,941.7,,
INTA_SANMARTIN,2026-07-31,1785530400,2026-07-31 17:40:00,,,,,,990.5,941.5,,
INTA_SANMARTIN,2026-07-31,1785530700,2026-07-31 17:45:00,,,,,,990.7,941.7,,
INTA_SANMARTIN,2026-07-31,1785531000,2026-07-31 17:50:00,,,,,,990.6,941.6,,
INTA_SANMARTIN,2026-07-31,1785531300,2026-07-31 17:55:00,,,,,,990.8,941.8,,
INTA_SANMARTIN,2026-07-31,1785531600,2026-07-31 18:00:00,,,,,,990.8,941.8,,
INTA_SANMARTIN,2026-07-31,1785531900,2026-07-31 18:05:00,,,,,,991.1,942.1,,
INTA_SANMARTIN,2026-07-31,1785532200,2026-07-31 18:10:00,,,,,,991.2,942.2,,
INTA_SANMARTIN,2026-07-31,1785532500,2026-07-31 18:15:00,,,,,,991.3,942.3,,
INTA_SANMARTIN,2026-07-31,1785532800,2026-07-31 18:20:00,,,,,,991.3,942.3,,
INTA_SANMARTIN,2026-07-31,1785533100,2026-07-31 18:25:00,,,,,,991.4,942.4,,
INTA_SANMARTIN,2026-07-31,1785533400,2026-07-31 18:30:00,,,,,,991.3,942.3,,
INTA_SANMARTIN,2026-07-31,1785533700,2026-07-31 18:35:00,,,,,,991.4,942.4,,
INTA_SANMARTIN,2026-07-31,1785534000,2026-07-31 18:40:00,,,,,,991.5,942.5,,
INTA_SANMARTIN,2026-07-31,1785534300,2026-07-31 18:45:00,,,,,,991.6,942.6,,
INTA_SANMARTIN,2026-07-31,1785534600,2026-07-31 18:50:00,,,,,,991.5,942.5,,
INTA_SANMARTIN,2026-07-31,1785534900,2026-07-31 18:55:00,,,,,,991.6,942.6,,
INTA_SANMARTIN,2026-07-31,1785535200,2026-07-31 19:00:00,,,,,,991.6,942.6,,
INTA_SANMARTIN,2026-07-31,1785535500,2026-07-31 19:05:00,,,,,,991.8,942.8,,
INTA_SANMARTIN,2026-07-31,1785535800,2026-07-31 19:10:00,,,,,,991.9,942.9,,
INTA_SANMARTIN,2026-07-31,1785536100,2026-07-31 19:15:00,,,,,,992.0,943.0,,
INTA_SANMARTIN,2026-07-31,1785536400,2026-07-31 19:20:00,,,,,,992.1,943.1,,
INTA_SANMARTIN,2026-07-31,1785536700,2026-07-31 19:25:00,,,,,,992.2,943.2,,
INTA_SANMARTIN,2026-07-31,1785537000,2026-07-31 19:30:00,,,,,,992.5,943.5,,
INTA_SANMARTIN,2026-07-31,1785537300,2026-07-31 19:35:00,,,,,,992.6,943.6,,
INTA_SANMARTIN,2026-07-31,1785537600,2026-07-31 19:40:00,,,,,,992.7,943.7,,
INTA_SANMARTIN,2026-07-31,1785537900,2026-07-31 19:45:00,,,,,,992.9,943.9,,
INTA_SANMARTIN,2026-07-31,1785538200,2026-07-31 19:50:00,,,,,,992.9,943.9,,
INTA_SANMARTIN,2026-07-31,1785538500,2026-07-31 19:55:00,,,,,,993.1,944.1,,
INTA_SANMARTIN,2026-07-31,1785538800,2026-07-31 20:00:00,,,,,,993.2,944.2,,
INTA_SANMARTIN,2026-07-31,1785539100,2026-07-31 20:05:00,,,,,,993.4,944.4,,
INTA_SANMARTIN,2026-07-31,1785539400,2026-07-31 20:10:00,,,,,,993.3,944.3,,
INTA_SANMARTIN,2026-07-31,1785539700,2026-07-31 20:15:00,,,,,,993.4,944.4,,
INTA_SANMARTIN,2026-07-31,1785540000,2026-07-31 20:20:00,,,,,,993.4,944.4,,
INTA_SANMARTIN,2026-07-31,1785540300,2026-07-31 20:25:00,,,,,,993.3,944.3,,
INTA_SANMARTIN,2026-07-31,1785540600,2026-07-31 20:30:00,,,,,,993.2,944.2,,
INTA_SANMARTIN,2026-07-31,1785540900,2026-07-31 20:35:00,,,,,,993.4,944.4,,
INTA_SANMARTIN,2026-07-31,1785541200,2026-07-31 20:40:00,,,,,,993.3,944.3,,
INTA_SANMARTIN,2026-07-31,1785541500,2026-07-31 20:45:00,,,,,,993.3,944.3,,
INTA_SANMARTIN,2026-07-31,1785541800,2026-07-31 20:50:00,,,,,,993.3,944.3,,
INTA_SANMARTIN,2026-07-31,1785542100,2026-07-31 20:55:00,,,,,,993.4,944.4,,
INTA_SANMARTIN,2026-07-31,1785542400,2026-07-31 21:00:00,,,,,,993.3,944.3,,
INTA_SANMARTIN,2026-07-31,1785542700,2026-07-31 21:05:00,,,,,,993.4,944.4,,
INTA_SANMARTIN,2026-07-31,1785543000,2026-07-31 21:10:00,,,,,,993.1,944.1,,
INTA_SANMARTIN,2026-07-31,1785543300,2026-07-31 21:15:00,,,,,,992.9,943.9,,
INTA_SANMARTIN,2026-07-31,1785543600,2026-07-31 21:20:00,,,,,,992.6,943.6,,
INTA_SANMARTIN,2026-07-31,1785543900,2026-07-31 21:25:00,,,,,,992.5,943.5,,
INTA_SANMARTIN,2026-07-31,1785544200,2026-07-31 21:30:00,,,,,,992.8,943.8,,
INTA_SANMARTIN,2026-07-31,1785544500,2026-07-31 21:35:00,,,,,,993.1,944.1,,
INTA_SANMARTIN,2026-07-31,1785544800,2026-07-31 21:40:00,,,,,,993.6,944.6,,
INTA_SANMARTIN,2026-07-31,1785545100,2026-07-31 21:45:00,,,,,,994.1,945.1,,
INTA_SANMARTIN,2026-07-31,1785545400,2026-07-31 21:50:00,,,,,,994.5,945.5,,
INTA_SANMARTIN,2026-07-31,1785545700,2026-07-31 21:55:00,,,,,,994.7,945.7,,
INTA_SANMARTIN,2026-07-31,1785546000,2026-07-31 22:00:00,,,,,,994.9,945.9,,
INTA_SANMARTIN,2026-07-31,1785546300,2026-07-31 22:05:00,,,,,,995.1,946.1,,
INTA_SANMARTIN,2026-07-31,1785546600,2026-07-31 22:10:00,,,,,,995.1,946.1,,
INTA_SANMARTIN,2026-07-31,1785546900,2026-07-31 22:15:00,,,,,,995.0,946.0,,
INTA_SANMARTIN,2026-07-31,1785547200,2026-07-31 22:20:00,,,,,,994.9,945.9,,
INTA_SANMARTIN,2026-07-31,1785547500,2026-07-31 22:25:00,,,,,,995.3,946.3,,
INTA_SANMARTIN,2026-07-31,1785547800,2026-07-31 22:30:00,,,,,,995.2,946.2,,
INTA_SANMARTIN,2026-07-31,1785548100,2026-07-31 22:35:00,,,,,,995.0,946.0,,
INTA_SANMARTIN,2026-07-31,1785548400,2026-07-31 22:40:00,,,,,,995.2,946.2,,
INTA_SANMARTIN,2026-07-31,1785548700,2026-07-31 22:45:00,,,,,,995.2,946.2,,
INTA_SANMARTIN,2026-07-31,1785549000,2026-07-31 22:50:00,,,,,,995.0,946.0,,
INTA_SANMARTIN,2026-07-31,1785549300,2026-07-31 22:55:00,,,,,,995.2,946.2,,
INTA_SANMARTIN,2026-07-31,1785549600,2026-07-31 23:00:00,,,,,,995.2,946.2,,
INTA_SANMARTIN,2026-07-31,1785549900,2026-07-31 23:05:00,,,,,,995.2,946.2,,
INTA_SANMARTIN,2026-07-31,1785550200,2026-07-31 23:10:00,,,,,,995.0,946.0,,
INTA_SANMARTIN,2026-07-31,1785550500,2026-07-31 23:15:00,,,,,,994.9,945.9,,
INTA_SANMARTIN,2026-07-31,1785550800,2026-07-31 23:20:00,,,,,,994.9,945.9,,
INTA_SANMARTIN,2026-07-31,1785551100,2026-07-31 23:25:00,,,,,,994.9,945.9,,
INTA_SANMARTIN,2026-07-31,1785551400,2026-07-31 23:30:00,,,,,,995.0,946.0,,
INTA_SANMARTIN,2026-07-31,1785551700,2026-07-31 23:35:00,,,,,,995.2,946.2,,
INTA_SANMARTIN,2026-07-31,1785552000,2026-07-31 23:40:00,,,,,,995.2,946.2,,
INTA_SANMARTIN,2026-07-31,1785552300,2026-07-31 23:45:00,,,,,,995.1,946.1,,
INTA_SANMARTIN,2026-07-31,1785552600,2026-07-31 23:50:00,,,,,,995.2,946.2,,
INTA_SANMARTIN,2026-07-31,1785552900,2026-07-31 23:55:00,,,,,,995.3,946.3,,
VALLE_FERTIL,2026-07-31,1785466800,2026-07-31 00:00:00,13.7,90,0.9,1.8,342,1003.5,906.8,0.0,0.0
VALLE_FERTIL,2026-07-31,1785467100,2026-07-31 00:05:00,13.6,90,1.1,1.8,335,1003.5,906.8,0.0,0.0
VALLE_FERTIL,2026-07-31,1785467400,2026-07-31 00:10:00,13.7,90,1.9,3.6,307,1003.4,906.8,0.0,0.0
VALLE_FERTIL,2026-07-31,1785467700,2026-07-31 00:15:00,13.7,90,1.8,3.6,274,1003.4,906.7,0.0,0.0
VALLE_FERTIL,2026-07-31,1785468000,2026-07-31 00:20:00,13.7,89,1.7,3.6,280,1003.3,906.7,0.0,0.0
VALLE_FERTIL,2026-07-31,1785468300,2026-07-31 00:25:00,13.7,89,2.8,5.4,274,1003.3,906.6,0.0,0.0
VALLE_FERTIL,2026-07-31,1785468600,2026-07-31 00:30:00,13.8,89,0.5,1.8,266,1003.4,906.7,0.0,0.0
VALLE_FERTIL,2026-07-31,1785468900,2026-07-31 00:35:00,13.7,89,0.4,1.8,267,1003.4,906.7,0.0,0.0
VALLE_FERTIL,2026-07-31,1785469200,2026-07-31 00:40:00,13.7,90,0.1,1.8,267,1003.4,906.8,0.0,0.0
VALLE_FERTIL,2026-07-31,1785469500,2026-07-31 00:45:00,13.7,90,0.3,1.8,10,1003.5,906.8,0.0,0.0
VALLE_FERTIL,2026-07-31,1785469800,2026-07-31 00:50:00,13.6,90,0.0,0.0,10,1003.3,906.6,0.0,0.0
VALLE_FERTIL,2026-07-31,1785470100,2026-07-31 00:55:00,13.7,90,2.7,5.4,278,1003.3,906.6,0.0,0.0
VALLE_FERTIL,2026-07-31,1785470400,2026-07-31 01:00:00,13.7,89,2.9,3.6,268,1003.2,906.5,0.0,0.0
VALLE_FERTIL,2026-07-31,1785470700,2026-07-31 01:05:00,13.7,89,0.9,1.8,311,1003.2,906.5,0.0,0.0
VALLE_FERTIL,2026-07-31,1785471000,2026-07-31 01:10:00,13.7,90,1.1,3.6,43,1003.2,906.5,0.0,0.0
VALLE_FERTIL,2026-07-31,1785471300,2026-07-31 01:15:00,13.6,90,0.6,1.8,38,1003.0,906.3,0.0,0.0
VALLE_FERTIL,2026-07-31,1785471600,2026-07-31 01:20:00,13.6,90,2.2,3.6,312,1003.1,906.4,0.0,0.0
VALLE_FERTIL,2026-07-31,1785471900,2026-07-31 01:25:00,13.6,90,2.0,3.6,313,1003.0,906.3,0.0,0.0
VALLE_FERTIL,2026-07-31,1785472200,2026-07-31 01:30:00,13.6,90,1.9,3.6,322,1003.0,906.2,0.0,0.0
VALLE_FERTIL,2026-07-31,1785472500,2026-07-31 01:35:00,13.6,90,0.9,1.8,356,1002.9,906.1,0.0,0.0
VALLE_FERTIL,2026-07-31,1785472800,2026-07-31 01:40:00,13.7,90,0.9,1.8,9,1002.7,906.0,0.0,0.0
VALLE_FERTIL,2026-07-31,1785473100,2026-07-31 01:45:00,13.7,90,0.5,1.8,12,1002.6,905.9,0.0,0.0
VALLE_FERTIL,2026-07-31,1785473400,2026-07-31 01:50:00,13.7,89,0.4,1.8,11,1002.5,905.8,0.0,0.0
VALLE_FERTIL,2026-07-31,1785473700,2026-07-31 01:55:00,13.7,89,0.4,1.8,11,1002.6,905.9,0.0,0.0
VALLE_FERTIL,2026-07-31,1785474000,2026-07-31 02:00:00,13.7,89,0.5,1.8,10,1002.5,905.8,0.0,0.0
VALLE_FERTIL,2026-07-31,1785474300,2026-07-31 02:05:00,13.7,90,0.2,1.8,10,1002.4,905.6,0.0,0.0
VALLE_FERTIL,2026-07-31,1785474600,2026-07-31 02:10:00,13.6,90,2.9,5.4,37,1002.3,905.6,0.0,0.0
VALLE_FERTIL,2026-07-31,1785474900,2026-07-31 02:15:00,13.7,90,3.4,5.4,47,1002.3,905.6,0.0,0.0
VALLE_FERTIL,2026-07-31,1785475200,2026-07-31 02:20:00,13.7,90,0.9,1.8,35,1002.2,905.5,0.0,0.0
VALLE_FERTIL,2026-07-31,1785475500,2026-07-31 02:25:00,13.6,90,0.9,1.8,30,1002.2,905.5,0.0,0.0
VALLE_FERTIL,2026-07-31,1785475800,2026-07-31 02:30:00,13.6,90,0.3,1.8,30,1002.1,905.4,0.0,0.0
VALLE_FERTIL,2026-07-31,1785476100,2026-07-31 02:35:00,13.7,90,1.1,3.6,334,1002.0,905.3,0.0,0.0
VALLE_FERTIL,2026-07-31,1785476400,2026-07-31 02:40:00,13.7,90,1.3,1.8,333,1001.9,905.2,0.0,0.0
VALLE_FERTIL,2026-07-31,1785476700,2026-07-31 02:45:00,13.7,90,1.3,3.6,332,1001.8,905.1,0.0,0.0
VALLE_FERTIL,2026-07-31,1785477000,2026-07-31 02:50:00,13.7,89,2.2,3.6,345,1001.7,905.0,0.0,0.0
VALLE_FERTIL,2026-07-31,1785477300,2026-07-31 02:55:00,13.7,89,4.3,7.2,296,1001.6,904.9,0.0,0.0
VALLE_FERTIL,2026-07-31,1785477600,2026-07-31 03:00:00,13.7,90,1.4,3.6,279,1001.6,904.9,0.0,0.0
VALLE_FERTIL,2026-07-31,1785477900,2026-07-31 03:05:00,13.7,90,0.9,1.8,281,1001.5,904.8,0.0,0.0
VALLE_FERTIL,2026-07-31,1785478200,2026-07-31 03:10:00,13.7,90,1.0,1.8,281,1001.4,904.7,0.0,0.0
VALLE_FERTIL,2026-07-31,1785478500,2026-07-31 03:15:00,13.7,90,2.1,3.6,278,1001.3,904.7,0.0,0.0
VALLE_FERTIL,2026-07-31,1785478800,2026-07-31 03:20:00,13.8,89,3.0,5.4,270,1001.2,904.5,0.0,0.0
VALLE_FERTIL,2026-07-31,1785479100,2026-07-31 03:25:00,13.8,89,2.7,3.6,274,1000.9,904.2,0.0,0.0
VALLE_FERTIL,2026-07-31,1785479400,2026-07-31 03:30:00,13.9,88,4.5,5.4,264,1000.8,904.0,0.0,0.0
VALLE_FERTIL,2026-07-31,1785479700,2026-07-31 03:35:00,14.0,87,1.7,1.8,268,1000.6,903.9,0.0,0.0
VALLE_FERTIL,2026-07-31,1785480000,2026-07-31 03:40:00,13.9,87,1.4,5.4,311,1000.6,903.9,0.0,0.0
VALLE_FERTIL,2026-07-31,1785480300,2026-07-31 03:45:00,14.0,86,4.0,5.4,240,1000.6,903.9,0.0,0.0
VALLE_FERTIL,2026-07-31,1785480600,2026-07-31 03:50:00,14.1,85,3.9,5.4,258,1000.5,903.7,0.0,0.0
VALLE_FERTIL,2026-07-31,1785480900,2026-07-31 03:55:00,14.1,86,2.8,5.4,284,1000.4,903.7,0.0,0.0
VALLE_FERTIL,2026-07-31,1785481200,2026-07-31 04:00:00,14.1,86,0.9,3.6,293,1000.4,903.7,0.0,0.0
VALLE_FERTIL,2026-07-31,1785481500,2026-07-31 04:05:00,14.0,87,1.7,3.6,303,1000.3,903.6,0.0,0.0
VALLE_FERTIL,2026-07-31,1785481800,2026-07-31 04:10:00,13.9,86,4.3,7.2,294,1000.2,903.5,0.0,0.0
VALLE_FERTIL,2026-07-31,1785482100,2026-07-31 04:15:00,14.0,86,1.0,1.8,356,1000.4,903.7,0.0,0.0
VALLE_FERTIL,2026-07-31,1785482400,2026-07-31 04:20:00,13.8,87,1.1,1.8,348,1000.3,903.5,0.0,0.0
VALLE_FERTIL,2026-07-31,1785482700,2026-07-31 04:25:00,13.7,88,1.4,1.8,323,1000.2,903.5,0.0,0.0
VALLE_FERTIL,2026-07-31,1785483000,2026-07-31 04:30:00,13.7,87,1.6,5.4,314,1000.1,903.4,0.0,0.0
VALLE_FERTIL,2026-07-31,1785483300,2026-07-31 04:35:00,13.7,87,0.5,1.8,306,1000.1,903.3,0.0,0.0
VALLE_FERTIL,2026-07-31,1785483600,2026-07-31 04:40:00,13.7,87,0.6,1.8,306,1000.2,903.4,0.0,0.0
VALLE_FERTIL,2026-07-31,1785483900,2026-07-31 04:45:00,13.7,87,0.0,0.0,307,999.9,903.2,0.0,0.0
VALLE_FERTIL,2026-07-31,1785484200,2026-07-31 04:50:00,13.6,87,0.7,1.8,307,999.9,903.2,0.0,0.0
VALLE_FERTIL,2026-07-31,1785484500,2026-07-31 04:55:00,13.6,87,0.4,1.8,307,999.7,903.0,0.0,0.0
VALLE_FERTIL,2026-07-31,1785484800,2026-07-31 05:00:00,13.5,87,1.0,3.6,306,999.6,902.9,0.0,0.0
VALLE_FERTIL,2026-07-31,1785485100,2026-07-31 05:05:00,13.2,88,1.2,1.8,307,999.6,902.9,0.0,0.0
VALLE_FERTIL,2026-07-31,1785485400,2026-07-31 05:10:00,12.9,88,0.7,1.8,332,999.6,902.9,0.0,0.0
VALLE_FERTIL,2026-07-31,1785485700,2026-07-31 05:15:00,12.6,88,1.5,3.6,9,999.5,902.9,0.0,0.0
VALLE_FERTIL,2026-07-31,1785486000,2026-07-31 05:20:00,12.4,88,0.8,1.8,347,999.3,902.6,0.0,0.0
VALLE_FERTIL,2026-07-31,1785486300,2026-07-31 05:25:00,12.1,89,0.9,1.8,349,999.4,902.8,0.0,0.0
VALLE_FERTIL,2026-07-31,1785486600,2026-07-31 05:30:00,11.9,90,1.1,1.8,334,999.4,902.7,0.0,0.0
VALLE_FERTIL,2026-07-31,1785486900,2026-07-31 05:35:00,11.7,90,1.2,3.6,307,999.5,902.8,0.0,0.0
VALLE_FERTIL,2026-07-31,1785487200,2026-07-31 05:40:00,11.4,91,2.0,3.6,306,999.4,902.7,0.0,0.0
VALLE_FERTIL,2026-07-31,1785487500,2026-07-31 05:45:00,11.1,91,0.9,1.8,307,999.4,902.7,0.0,0.0
VALLE_FERTIL,2026-07-31,1785487800,2026-07-31 05:50:00,10.8,92,4.1,5.4,290,999.4,902.7,0.0,0.0
VALLE_FERTIL,2026-07-31,1785488100,2026-07-31 05:55:00,10.9,91,3.6,3.6,295,999.3,902.7,0.0,0.0
VALLE_FERTIL,2026-07-31,1785488400,2026-07-31 06:00:00,10.9,91,2.8,5.4,311,999.4,902.7,0.0,0.0
VALLE_FERTIL,2026-07-31,1785488700,2026-07-31 06:05:00,10.7,91,1.7,3.6,334,999.4,902.7,0.0,0.0
VALLE_FERTIL,2026-07-31,1785489000,2026-07-31 06:10:00,10.4,92,1.9,3.6,321,999.3,902.6,0.0,0.0
VALLE_FERTIL,2026-07-31,1785489300,2026-07-31 06:15:00,10.2,92,1.1,1.8,305,999.3,902.6,0.0,0.0
VALLE_FERTIL,2026-07-31,1785489600,2026-07-31 06:20:00,9.9,92,1.1,1.8,327,999.2,902.5,0.0,0.0
VALLE_FERTIL,2026-07-31,1785489900,2026-07-31 06:25:00,9.7,93,3.5,3.6,277,999.1,902.4,0.0,0.0
VALLE_FERTIL,2026-07-31,1785490200,2026-07-31 06:30:00,9.3,93,2.4,3.6,311,999.1,902.4,0.0,0.0
VALLE_FERTIL,2026-07-31,1785490500,2026-07-31 06:35:00,9.2,94,2.9,3.6,312,999.0,902.3,0.0,0.0
VALLE_FERTIL,2026-07-31,1785490800,2026-07-31 06:40:00,8.9,94,1.7,3.6,319,998.9,902.2,0.0,0.0
VALLE_FERTIL,2026-07-31,1785491100,2026-07-31 06:45:00,8.7,94,0.7,3.6,358,998.9,902.2,0.0,0.0
VALLE_FERTIL,2026-07-31,1785491400,2026-07-31 06:50:00,8.4,94,1.3,3.6,346,998.9,902.2,0.0,0.0
VALLE_FERTIL,2026-07-31,1785491700,2026-07-31 06:55:00,8.2,95,1.7,3.6,289,998.8,902.1,0.0,0.0
VALLE_FERTIL,2026-07-31,1785492000,2026-07-31 07:00:00,8.2,95,1.3,1.8,295,999.0,902.3,0.0,0.0
VALLE_FERTIL,2026-07-31,1785492300,2026-07-31 07:05:00,7.9,95,3.6,5.4,281,998.9,902.2,0.0,0.0
VALLE_FERTIL,2026-07-31,1785492600,2026-07-31 07:10:00,7.8,95,0.4,1.8,275,999.0,902.3,0.0,0.0
VALLE_FERTIL,2026-07-31,1785492900,2026-07-31 07:15:00,7.8,95,2.7,3.6,256,999.0,902.3,0.0,0.0
VALLE_FERTIL,2026-07-31,1785493200,2026-07-31 07:20:00,7.6,95,0.7,1.8,349,999.0,902.3,0.0,0.0
VALLE_FERTIL,2026-07-31,1785493500,2026-07-31 07:25:00,7.6,95,1.2,3.6,310,999.0,902.3,0.0,0.0
VALLE_FERTIL,2026-07-31,1785493800,2026-07-31 07:30:00,8.1,96,1.6,3.6,287,999.1,902.4,0.0,0.0
VALLE_FERTIL,2026-07-31,1785494100,2026-07-31 07:35:00,8.1,96,1.1,1.8,25,999.1,902.4,0.0,0.0
VALLE_FERTIL,2026-07-31,1785494400,2026-07-31 07:40:00,7.9,96,3.4,7.2,313,999.3,902.6,0.0,0.0
VALLE_FERTIL,2026-07-31,1785494700,2026-07-31 07:45:00,8.5,96,6.8,9.4,267,999.2,902.5,0.0,0.0
VALLE_FERTIL,2026-07-31,1785495000,2026-07-31 07:50:00,9.6,94,7.8,11.2,269,999.4,902.7,0.0,0.1
VALLE_FERTIL,2026-07-31,1785495300,2026-07-31 07:55:00,9.8,93,8.8,11.2,256,999.4,902.7,0.0,0.1
VALLE_FERTIL,2026-07-31,1785495600,2026-07-31 08:00:00,10.2,91,7.3,11.2,250,999.1,902.5,0.0,0.4
VALLE_FERTIL,2026-07-31,1785495900,2026-07-31 08:05:00,10.4,91,5.2,9.4,259,998.8,902.1,0.0,1.1
VALLE_FERTIL,2026-07-31,1785496200,2026-07-31 08:10:00,10.3,91,2.4,5.4,260,998.8,902.1,0.0,2.4
VALLE_FERTIL,2026-07-31,1785496500,2026-07-31 08:15:00,8.8,91,4.1,9.4,28,999.1,902.4,0.0,4.2
VALLE_FERTIL,2026-07-31,1785496800,2026-07-31 08:20:00,7.5,93,3.1,5.4,44,999.1,902.4,0.0,6.7
VALLE_FERTIL,2026-07-31,1785497100,2026-07-31 08:25:00,7.3,94,6.3,9.4,304,999.3,902.6,0.0,9.5
VALLE_FERTIL,2026-07-31,1785497400,2026-07-31 08:30:00,7.2,95,5.7,9.4,306,999.1,902.4,0.0,13.0
VALLE_FERTIL,2026-07-31,1785497700,2026-07-31 08:35:00,7.3,95,5.4,7.2,307,999.2,902.5,0.0,16.6
VALLE_FERTIL,2026-07-31,1785498000,2026-07-31 08:40:00,7.4,95,3.5,7.2,3,999.1,902.4,0.0,20.9
VALLE_FERTIL,2026-07-31,1785498300,2026-07-31 08:45:00,7.7,95,6.3,7.2,323,999.1,902.5,0.0,25.5
VALLE_FERTIL,2026-07-31,1785498600,2026-07-31 08:50:00,8.7,95,4.3,7.2,321,999.1,902.4,0.0,30.7
VALLE_FERTIL,2026-07-31,1785498900,2026-07-31 08:55:00,8.9,94,6.4,9.4,288,999.1,902.4,0.0,34.5
VALLE_FERTIL,2026-07-31,1785499200,2026-07-31 09:00:00,8.9,93,4.4,7.2,297,999.2,902.5,0.0,39.6
VALLE_FERTIL,2026-07-31,1785499500,2026-07-31 09:05:00,9.0,93,5.9,9.4,309,999.2,902.5,0.0,45.3
VALLE_FERTIL,2026-07-31,1785499800,2026-07-31 09:10:00,9.5,93,7.4,9.4,265,999.2,902.5,0.0,53.1
VALLE_FERTIL,2026-07-31,1785500100,2026-07-31 09:15:00,10.1,92,5.5,9.4,331,999.3,902.6,0.0,59.2
VALLE_FERTIL,2026-07-31,1785500400,2026-07-31 09:20:00,10.8,90,7.6,11.2,320,999.2,902.5,0.0,66.0
VALLE_FERTIL,2026-07-31,1785500700,2026-07-31 09:25:00,11.4,88,6.3,7.2,315,999.2,902.6,0.0,75.3
VALLE_FERTIL,2026-07-31,1785501000,2026-07-31 09:30:00,12.2,86,5.3,7.2,338,999.3,902.6,0.0,85.1
VALLE_FERTIL,2026-07-31,1785501300,2026-07-31 09:35:00,13.0,84,4.1,7.2,335,999.3,902.6,0.0,100.3
VALLE_FERTIL,2026-07-31,1785501600,2026-07-31 09:40:00,13.5,82,5.5,9.4,325,999.2,902.6,0.0,128.4
VALLE_FERTIL,2026-07-31,1785501900,2026-07-31 09:45:00,14.0,78,5.8,9.4,327,999.5,902.8,0.0,155.2
VALLE_FERTIL,2026-07-31,1785502200,2026-07-31 09:50:00,15.0,72,5.3,11.2,339,999.6,903.0,0.0,140.0
VALLE_FERTIL,2026-07-31,1785502500,2026-07-31 09:55:00,15.7,71,4.1,7.2,4,999.8,903.1,0.0,149.4
VALLE_FERTIL,2026-07-31,1785502800,2026-07-31 10:00:00,15.9,71,3.8,7.2,316,999.8,903.1,0.0,158.6
VALLE_FERTIL,2026-07-31,1785503100,2026-07-31 10:05:00,16.1,69,1.9,5.4,331,999.9,903.2,0.0,170.3
VALLE_FERTIL,2026-07-31,1785503400,2026-07-31 10:10:00,16.9,67,1.7,5.4,64,1000.1,903.3,0.0,181.1
VALLE_FERTIL,2026-07-31,1785503700,2026-07-31 10:15:00,16.7,71,5.5,9.4,67,1000.3,903.6,0.0,191.3
VALLE_FERTIL,2026-07-31,1785504000,2026-07-31 10:20:00,15.9,75,7.1,11.2,57,1000.4,903.7,0.0,204.6
VALLE_FERTIL,2026-07-31,1785504300,2026-07-31 10:25:00,15.7,75,1.6,5.4,66,1000.4,903.7,0.0,214.8
VALLE_FERTIL,2026-07-31,1785504600,2026-07-31 10:30:00,16.2,72,3.9,7.2,186,1000.4,903.7,0.0,226.2
VALLE_FERTIL,2026-07-31,1785504900,2026-07-31 10:35:00,15.6,72,3.2,5.4,173,1000.5,903.8,0.0,235.4
VALLE_FERTIL,2026-07-31,1785505200,2026-07-31 10:40:00,15.8,72,4.8,7.2,148,1000.4,903.7,0.0,252.0
VALLE_FERTIL,2026-07-31,1785505500,2026-07-31 10:45:00,16.2,73,7.1,13.0,53,1000.5,903.8,0.0,260.5
VALLE_FERTIL,2026-07-31,1785505800,2026-07-31 10:50:00,16.3,74,6.3,9.4,48,1000.4,903.7,0.0,270.0
VALLE_FERTIL,2026-07-31,1785506100,2026-07-31 10:55:00,16.7,72,2.1,7.2,86,1000.5,903.8,0.0,284.4
VALLE_FERTIL,2026-07-31,1785506400,2026-07-31 11:00:00,16.9,73,10.3,14.8,61,1000.6,903.9,0.0,293.4
VALLE_FERTIL,2026-07-31,1785506700,2026-07-31 11:05:00,16.8,74,6.5,11.2,43,1000.7,904.0,0.0,304.2
VALLE_FERTIL,2026-07-31,1785507000,2026-07-31 11:10:00,17.6,69,3.2,9.4,348,1000.5,903.8,0.0,314.8
VALLE_FERTIL,2026-07-31,1785507300,2026-07-31 11:15:00,18.5,66,4.9,9.4,288,1000.3,903.6,0.0,325.3
VALLE_FERTIL,2026-07-31,1785507600,2026-07-31 11:20:00,18.6,65,6.6,11.2,258,1000.1,903.4,0.0,333.9
VALLE_FERTIL,2026-07-31,1785507900,2026-07-31 11:25:00,19.3,58,5.2,11.2,319,999.8,903.1,0.0,342.6
VALLE_FERTIL,2026-07-31,1785508200,2026-07-31 11:30:00,22.0,45,6.9,13.0,15,999.9,903.2,0.0,352.8
VALLE_FERTIL,2026-07-31,1785508500,2026-07-31 11:35:00,23.0,43,9.7,14.8,46,999.9,903.2,0.0,360.4
VALLE_FERTIL,2026-07-31,1785508800,2026-07-31 11:40:00,23.3,45,8.3,16.6,31,1000.0,903.3,0.0,372.4
VALLE_FERTIL,2026-07-31,1785509100,2026-07-31 11:45:00,23.4,42,5.1,11.2,9,1000.0,903.3,0.0,377.9
VALLE_FERTIL,2026-07-31,1785509400,2026-07-31 11:50:00,25.3,25,13.4,22.0,302,1000.0,903.3,0.0,387.1
VALLE_FERTIL,2026-07-31,1785509700,2026-07-31 11:55:00,27.2,18,13.6,27.7,297,1000.3,903.6,0.0,400.7
VALLE_FERTIL,2026-07-31,1785510000,2026-07-31 12:00:00,27.9,19,16.6,27.7,287,1000.3,903.6,0.0,404.2
VALLE_FERTIL,2026-07-31,1785510300,2026-07-31 12:05:00,23.2,62,20.8,47.9,142,1000.2,903.5,0.0,406.0
VALLE_FERTIL,2026-07-31,1785510600,2026-07-31 12:10:00,19.2,69,14.3,22.0,191,1000.6,903.9,0.0,416.5
VALLE_FERTIL,2026-07-31,1785510900,2026-07-31 12:15:00,19.9,66,8.4,18.4,141,1000.3,903.6,0.0,423.8
VALLE_FERTIL,2026-07-31,1785511200,2026-07-31 12:20:00,20.7,62,9.7,18.4,183,1000.2,903.5,0.0,429.8
VALLE_FERTIL,2026-07-31,1785511500,2026-07-31 12:25:00,21.2,60,6.8,14.8,199,1000.2,903.5,0.0,435.8
VALLE_FERTIL,2026-07-31,1785511800,2026-07-31 12:30:00,21.6,45,9.4,23.8,185,1000.1,903.4,0.0,437.6
VALLE_FERTIL,2026-07-31,1785512100,2026-07-31 12:35:00,26.1,18,22.2,34.9,286,999.8,903.1,0.0,444.1
VALLE_FERTIL,2026-07-31,1785512400,2026-07-31 12:40:00,27.2,17,25.3,38.5,317,999.6,902.9,0.0,451.2
VALLE_FERTIL,2026-07-31,1785512700,2026-07-31 12:45:00,27.3,17,33.3,43.9,282,999.5,902.8,0.0,454.1
VALLE_FERTIL,2026-07-31,1785513000,2026-07-31 12:50:00,27.3,16,38.9,53.3,294,999.3,902.6,0.0,462.1
VALLE_FERTIL,2026-07-31,1785513300,2026-07-31 12:55:00,27.3,15,33.9,51.5,274,999.4,902.7,0.0,453.0
VALLE_FERTIL,2026-07-31,1785513600,2026-07-31 13:00:00,27.3,15,43.7,53.3,287,999.6,902.9,0.0,444.6
VALLE_FERTIL,2026-07-31,1785514200,2026-07-31 13:10:00,27.6,14,34.9,49.7,276,999.0,902.3,0.0,434.0
VALLE_FERTIL,2026-07-31,1785514500,2026-07-31 13:15:00,27.8,14,41.0,62.3,285,999.1,902.4,0.0,437.5
VALLE_FERTIL,2026-07-31,1785514800,2026-07-31 13:20:00,27.7,14,38.3,56.9,296,999.1,902.4,0.0,410.5
VALLE_FERTIL,2026-07-31,1785515100,2026-07-31 13:25:00,27.7,14,47.3,62.3,275,999.2,902.5,0.0,393.5
VALLE_FERTIL,2026-07-31,1785515400,2026-07-31 13:30:00,27.6,14,44.1,68.0,276,999.0,902.3,0.0,403.2
VALLE_FERTIL,2026-07-31,1785515700,2026-07-31 13:35:00,27.5,13,48.6,69.8,274,998.7,902.0,0.0,404.3
VALLE_FERTIL,2026-07-31,1785516000,2026-07-31 13:40:00,27.6,13,46.1,64.4,279,999.1,902.4,0.0,406.7
VALLE_FERTIL,2026-07-31,1785516300,2026-07-31 13:45:00,27.6,13,37.9,64.4,282,999.2,902.5,0.0,397.4
VALLE_FERTIL,2026-07-31,1785516600,2026-07-31 13:50:00,27.3,14,44.1,64.4,286,999.5,902.8,0.0,389.3
VALLE_FERTIL,2026-07-31,1785516900,2026-07-31 13:55:00,27.5,14,39.0,68.0,286,999.2,902.5,0.0,391.9
VALLE_FERTIL,2026-07-31,1785517200,2026-07-31 14:00:00,27.3,13,38.2,49.7,270,999.2,902.5,0.0,413.8
VALLE_FERTIL,2026-07-31,1785517500,2026-07-31 14:05:00,27.2,13,46.5,58.7,287,999.1,902.4,0.0,384.1
VALLE_FERTIL,2026-07-31,1785517800,2026-07-31 14:10:00,27.2,13,45.9,60.5,290,999.0,902.3,0.0,412.0
VALLE_FERTIL,2026-07-31,1785518100,2026-07-31 14:15:00,27.1,13,42.8,62.3,274,999.4,902.7,0.0,415.5
VALLE_FERTIL,2026-07-31,1785518400,2026-07-31 14:20:00,27.2,13,36.3,49.7,292,999.4,902.7,0.0,415.2
VALLE_FERTIL,2026-07-31,1785518700,2026-07-31 14:25:00,27.4,13,39.0,56.9,277,999.6,902.9,0.0,415.0
VALLE_FERTIL,2026-07-31,1785519000,2026-07-31 14:30:00,27.2,13,33.3,53.3,289,999.6,902.9,0.0,385.2
VALLE_FERTIL,2026-07-31,1785519300,2026-07-31 14:35:00,27.3,13,33.4,55.1,286,999.6,902.9,0.0,395.5
VALLE_FERTIL,2026-07-31,1785519600,2026-07-31 14:40:00,27.6,14,30.3,43.9,277,999.7,903.0,0.0,413.0
VALLE_FERTIL,2026-07-31,1785519900,2026-07-31 14:45:00,27.4,14,35.2,46.1,294,999.9,903.2,0.0,409.7
VALLE_FERTIL,2026-07-31,1785520200,2026-07-31 14:50:00,27.2,14,33.0,47.9,284,999.8,903.1,0.0,410.3
VALLE_FERTIL,2026-07-31,1785520500,2026-07-31 14:55:00,27.4,15,25.0,34.9,266,999.7,903.0,0.0,402.0
VALLE_FERTIL,2026-07-31,1785520800,2026-07-31 15:00:00,27.1,15,32.8,49.7,268,1000.1,903.4,0.0,402.1
VALLE_FERTIL,2026-07-31,1785521100,2026-07-31 15:05:00,26.9,15,34.9,46.1,270,1000.3,903.6,0.0,393.8
VALLE_FERTIL,2026-07-31,1785521400,2026-07-31 15:10:00,26.9,15,34.1,46.1,285,1000.2,903.5,0.0,396.0
VALLE_FERTIL,2026-07-31,1785521700,2026-07-31 15:15:00,26.8,15,32.5,56.9,285,1000.3,903.6,0.0,379.7
VALLE_FERTIL,2026-07-31,1785522000,2026-07-31 15:20:00,26.9,15,31.7,51.5,272,1000.2,903.5,0.0,380.6
VALLE_FERTIL,2026-07-31,1785522300,2026-07-31 15:25:00,27.0,15,34.6,49.7,284,1000.2,903.5,0.0,384.3
VALLE_FERTIL,2026-07-31,1785522600,2026-07-31 15:30:00,27.2,15,23.6,31.3,295,1000.3,903.6,0.0,377.8
VALLE_FERTIL,2026-07-31,1785522900,2026-07-31 15:35:00,27.4,14,39.7,55.1,300,1000.6,903.9,0.0,369.4
VALLE_FERTIL,2026-07-31,1785523800,2026-07-31 15:50:00,27.0,13,32.0,42.1,257,1000.5,903.8,0.0,338.6
VALLE_FERTIL,2026-07-31,1785524100,2026-07-31 15:55:00,27.3,14,33.5,43.9,266,1000.7,904.0,0.0,332.4
VALLE_FERTIL,2026-07-31,1785524400,2026-07-31 16:00:00,26.9,14,39.6,49.7,272,1000.8,904.0,0.0,300.2
VALLE_FERTIL,2026-07-31,1785524700,2026-07-31 16:05:00,26.8,14,28.2,40.3,295,1001.1,904.4,0.0,304.7
VALLE_FERTIL,2026-07-31,1785525000,2026-07-31 16:10:00,26.8,14,29.9,43.9,297,1001.1,904.4,0.0,291.0
VALLE_FERTIL,2026-07-31,1785525300,2026-07-31 16:15:00,26.8,14,28.4,43.9,291,1001.2,904.5,0.0,290.1
VALLE_FERTIL,2026-07-31,1785525600,2026-07-31 16:20:00,26.7,15,28.3,34.9,280,1001.3,904.6,0.0,270.7
VALLE_FERTIL,2026-07-31,1785525900,2026-07-31 16:25:00,26.5,15,29.2,40.3,268,1001.4,904.7,0.0,254.0
VALLE_FERTIL,2026-07-31,1785526200,2026-07-31 16:30:00,26.5,15,26.8,46.1,284,1001.6,904.9,0.0,237.1
VALLE_FERTIL,2026-07-31,1785526500,2026-07-31 16:35:00,26.5,15,30.2,47.9,311,1001.8,905.1,0.0,230.1
VALLE_FERTIL,2026-07-31,1785526800,2026-07-31 16:40:00,26.4,15,29.0,38.5,290,1001.9,905.2,0.0,209.0
VALLE_FERTIL,2026-07-31,1785527100,2026-07-31 16:45:00,26.2,16,20.1,33.1,292,1002.0,905.3,0.0,198.7
VALLE_FERTIL,2026-07-31,1785527400,2026-07-31 16:50:00,26.3,16,25.2,34.9,294,1002.1,905.4,0.0,185.8
VALLE_FERTIL,2026-07-31,1785527700,2026-07-31 16:55:00,26.3,15,23.6,31.3,281,1002.0,905.3,0.0,171.3
VALLE_FERTIL,2026-07-31,1785528000,2026-07-31 17:00:00,26.4,16,17.7,29.5,287,1002.1,905.4,0.0,165.5
VALLE_FERTIL,2026-07-31,1785528300,2026-07-31 17:05:00,26.3,15,17.9,25.6,294,1002.0,905.3,0.0,152.4
VALLE_FERTIL,2026-07-31,1785528600,2026-07-31 17:10:00,26.1,16,26.2,38.5,299,1002.0,905.3,0.0,142.8
VALLE_FERTIL,2026-07-31,1785528900,2026-07-31 17:15:00,25.8,16,25.2,38.5,296,1002.2,905.5,0.0,130.5
VALLE_FERTIL,2026-07-31,1785529200,2026-07-31 17:20:00,26.0,16,22.0,36.7,301,1002.2,905.5,0.0,126.7
VALLE_FERTIL,2026-07-31,1785529500,2026-07-31 17:25:00,25.7,16,29.9,46.1,290,1002.4,905.7,0.0,107.0
VALLE_FERTIL,2026-07-31,1785529800,2026-07-31 17:30:00,24.9,16,25.3,33.1,257,1002.6,905.9,0.0,88.5
VALLE_FERTIL,2026-07-31,1785530100,2026-07-31 17:35:00,24.4,17,29.8,40.3,253,1002.8,906.1,0.0,85.7
VALLE_FERTIL,2026-07-31,1785530400,2026-07-31 17:40:00,24.1,17,27.3,36.7,261,1003.0,906.3,0.0,78.6
VALLE_FERTIL,2026-07-31,1785530700,2026-07-31 17:45:00,24.0,18,21.8,31.3,264,1003.2,906.5,0.0,75.9
VALLE_FERTIL,2026-07-31,1785531000,2026-07-31 17:50:00,23.6,18,25.5,38.5,271,1003.4,906.7,0.0,69.6
VALLE_FERTIL,2026-07-31,1785531300,2026-07-31 17:55:00,23.2,17,27.7,38.5,264,1003.5,906.8,0.0,59.9
VALLE_FERTIL,2026-07-31,1785531600,2026-07-31 18:00:00,22.9,17,26.1,33.1,263,1003.6,906.9,0.0,51.5
VALLE_FERTIL,2026-07-31,1785531900,2026-07-31 18:05:00,22.7,17,22.1,31.3,256,1003.7,907.0,0.0,44.4
VALLE_FERTIL,2026-07-31,1785532200,2026-07-31 18:10:00,22.6,17,23.2,40.3,265,1003.8,907.1,0.0,40.3
VALLE_FERTIL,2026-07-31,1785532500,2026-07-31 18:15:00,22.4,17,21.7,31.3,264,1003.8,907.1,0.0,36.0
VALLE_FERTIL,2026-07-31,1785532800,2026-07-31 18:20:00,22.3,17,19.5,25.6,242,1003.9,907.3,0.0,26.9
VALLE_FERTIL,2026-07-31,1785533100,2026-07-31 18:25:00,22.1,17,16.6,23.8,256,1003.9,907.2,0.0,22.5
VALLE_FERTIL,2026-07-31,1785533400,2026-07-31 18:30:00,21.9,17,17.6,23.8,265,1004.1,907.4,0.0,19.2
VALLE_FERTIL,2026-07-31,1785533700,2026-07-31 18:35:00,21.8,16,17.9,27.7,251,1004.2,907.5,0.0,14.9
VALLE_FERTIL,2026-07-31,1785534000,2026-07-31 18:40:00,21.8,16,20.5,27.7,245,1004.1,907.4,0.0,11.3
VALLE_FERTIL,2026-07-31,1785534300,2026-07-31 18:45:00,21.7,16,19.0,25.6,258,1004.2,907.5,0.0,8.2
VALLE_FERTIL,2026-07-31,1785534600,2026-07-31 18:50:00,21.6,16,14.8,22.0,269,1004.3,907.6,0.0,5.5
VALLE_FERTIL,2026-07-31,1785534900,2026-07-31 18:55:00,21.5,16,12.4,16.6,251,1004.2,907.5,0.0,3.3
VALLE_FERTIL,2026-07-31,1785535200,2026-07-31 19:00:00,21.3,16,21.1,27.7,257,1004.3,907.6,0.0,1.7
VALLE_FERTIL,2026-07-31,1785535500,2026-07-31 19:05:00,21.3,16,17.2,27.7,253,1004.3,907.6,0.0,0.8
VALLE_FERTIL,2026-07-31,1785535800,2026-07-31 19:10:00,21.2,16,19.6,31.3,268,1004.2,907.5,0.0,0.2
VALLE_FERTIL,2026-07-31,1785536100,2026-07-31 19:15:00,21.3,16,18.1,25.6,246,1004.1,907.4,0.0,0.1
VALLE_FERTIL,2026-07-31,1785536400,2026-07-31 19:20:00,21.1,16,15.6,25.6,250,1004.2,907.5,0.0,0.0
VALLE_FERTIL,2026-07-31,1785536700,2026-07-31 19:25:00,21.0,16,14.9,22.0,251,1004.2,907.5,0.0,0.0
VALLE_FERTIL,2026-07-31,1785537000,2026-07-31 19:30:00,20.8,16,12.9,18.4,260,1004.3,907.6,0.0,0.0
VALLE_FERTIL,2026-07-31,1785537300,2026-07-31 19:35:00,20.8,16,15.2,22.0,247,1004.4,907.7,0.0,0.0
VALLE_FERTIL,2026-07-31,1785537600,2026-07-31 19:40:00,20.9,16,16.4,25.6,259,1004.6,907.9,0.0,0.0
VALLE_FERTIL,2026-07-31,1785537900,2026-07-31 19:45:00,20.9,16,16.1,20.2,247,1004.8,908.1,0.0,0.0
VALLE_FERTIL,2026-07-31,1785538200,2026-07-31 19:50:00,20.6,16,12.8,23.8,243,1004.7,908.0,0.0,0.0
VALLE_FERTIL,2026-07-31,1785538500,2026-07-31 19:55:00,20.3,16,13.3,18.4,240,1004.6,907.9,0.0,0.0
VALLE_FERTIL,2026-07-31,1785538800,2026-07-31 20:00:00,20.1,17,14.1,18.4,256,1004.5,907.8,0.0,0.0
VALLE_FERTIL,2026-07-31,1785539100,2026-07-31 20:05:00,20.2,16,16.8,23.8,267,1004.5,907.8,0.0,0.0
VALLE_FERTIL,2026-07-31,1785539400,2026-07-31 20:10:00,20.1,16,14.8,23.8,256,1004.6,907.8,0.0,0.0
VALLE_FERTIL,2026-07-31,1785539700,2026-07-31 20:15:00,20.3,16,18.2,23.8,250,1004.5,907.8,0.0,0.0
VALLE_FERTIL,2026-07-31,1785540000,2026-07-31 20:20:00,20.3,17,17.4,25.6,253,1004.6,907.9,0.0,0.0
VALLE_FERTIL,2026-07-31,1785540300,2026-07-31 20:25:00,20.4,17,20.8,27.7,248,1004.6,907.9,0.0,0.0
VALLE_FERTIL,2026-07-31,1785540600,2026-07-31 20:30:00,20.4,17,17.2,23.8,241,1004.6,907.9,0.0,0.0
VALLE_FERTIL,2026-07-31,1785540900,2026-07-31 20:35:00,20.0,17,18.4,27.7,253,1004.6,907.9,0.0,0.0
VALLE_FERTIL,2026-07-31,1785541200,2026-07-31 20:40:00,20.1,17,20.8,29.5,249,1004.5,907.7,0.0,0.0
VALLE_FERTIL,2026-07-31,1785541500,2026-07-31 20:45:00,20.1,17,26.9,43.9,250,1004.3,907.6,0.0,0.0
VALLE_FERTIL,2026-07-31,1785541800,2026-07-31 20:50:00,20.2,17,28.6,43.9,256,1004.1,907.4,0.0,0.0
VALLE_FERTIL,2026-07-31,1785542100,2026-07-31 20:55:00,20.1,17,29.5,40.3,253,1004.0,907.3,0.0,0.0
VALLE_FERTIL,2026-07-31,1785542400,2026-07-31 21:00:00,20.1,17,29.4,40.3,246,1003.7,907.1,0.0,0.0
VALLE_FERTIL,2026-07-31,1785542700,2026-07-31 21:05:00,20.1,17,31.5,43.9,230,1003.5,906.8,0.0,0.0
VALLE_FERTIL,2026-07-31,1785543000,2026-07-31 21:10:00,20.1,17,27.0,42.1,253,1003.5,906.8,0.0,0.0
VALLE_FERTIL,2026-07-31,1785543300,2026-07-31 21:15:00,20.0,17,33.3,46.1,250,1003.6,906.9,0.0,0.0
VALLE_FERTIL,2026-07-31,1785543600,2026-07-31 21:20:00,20.1,16,32.5,47.9,251,1003.7,907.1,0.0,0.0
VALLE_FERTIL,2026-07-31,1785543900,2026-07-31 21:25:00,20.2,16,35.3,43.9,254,1003.9,907.2,0.0,0.0
VALLE_FERTIL,2026-07-31,1785544200,2026-07-31 21:30:00,20.2,16,31.1,47.9,242,1003.7,907.1,0.0,0.0
VALLE_FERTIL,2026-07-31,1785544500,2026-07-31 21:35:00,20.0,16,26.5,40.3,269,1004.0,907.3,0.0,0.0
VALLE_FERTIL,2026-07-31,1785544800,2026-07-31 21:40:00,20.1,16,28.6,43.9,257,1004.2,907.5,0.0,0.0
VALLE_FERTIL,2026-07-31,1785545100,2026-07-31 21:45:00,20.0,15,23.3,40.3,250,1004.5,907.8,0.0,0.0
VALLE_FERTIL,2026-07-31,1785545400,2026-07-31 21:50:00,19.9,15,19.2,25.6,249,1004.6,907.9,0.0,0.0
VALLE_FERTIL,2026-07-31,1785545700,2026-07-31 21:55:00,19.7,15,15.6,23.8,248,1004.7,908.0,0.0,0.0
VALLE_FERTIL,2026-07-31,1785546000,2026-07-31 22:00:00,19.6,15,17.4,27.7,262,1005.0,908.2,0.0,0.0
VALLE_FERTIL,2026-07-31,1785546300,2026-07-31 22:05:00,20.0,15,19.9,40.3,238,1004.6,907.9,0.0,0.0
VALLE_FERTIL,2026-07-31,1785546600,2026-07-31 22:10:00,20.0,14,19.7,31.3,250,1004.9,908.1,0.0,0.0
VALLE_FERTIL,2026-07-31,1785546900,2026-07-31 22:15:00,20.0,14,25.9,42.1,251,1005.1,908.4,0.0,0.0
VALLE_FERTIL,2026-07-31,1785547200,2026-07-31 22:20:00,20.0,15,19.4,33.1,233,1005.2,908.5,0.0,0.0
VALLE_FERTIL,2026-07-31,1785547500,2026-07-31 22:25:00,20.2,14,20.2,33.1,245,1005.3,908.6,0.0,0.0
VALLE_FERTIL,2026-07-31,1785547800,2026-07-31 22:30:00,20.1,14,17.4,25.6,239,1005.5,908.8,0.0,0.0
VALLE_FERTIL,2026-07-31,1785548100,2026-07-31 22:35:00,20.1,14,14.6,29.5,240,1005.4,908.7,0.0,0.0
VALLE_FERTIL,2026-07-31,1785548400,2026-07-31 22:40:00,20.0,15,20.4,31.3,236,1005.7,909.0,0.0,0.0
VALLE_FERTIL,2026-07-31,1785548700,2026-07-31 22:45:00,20.0,15,16.8,23.8,222,1005.8,909.2,0.0,0.0
VALLE_FERTIL,2026-07-31,1785549000,2026-07-31 22:50:00,19.8,15,15.8,23.8,199,1006.1,909.4,0.0,0.0
VALLE_FERTIL,2026-07-31,1785549300,2026-07-31 22:55:00,20.0,15,9.9,14.8,218,1006.3,909.6,0.0,0.0
VALLE_FERTIL,2026-07-31,1785549600,2026-07-31 23:00:00,19.5,15,9.6,23.8,238,1006.3,909.6,0.0,0.0
VALLE_FERTIL,2026-07-31,1785549900,2026-07-31 23:05:00,19.6,15,10.0,18.4,245,1006.4,909.7,0.0,0.0
VALLE_FERTIL,2026-07-31,1785550200,2026-07-31 23:10:00,18.8,16,4.6,5.4,236,1006.5,909.7,0.0,0.0
VALLE_FERTIL,2026-07-31,1785550500,2026-07-31 23:15:00,18.6,16,11.3,18.4,241,1006.6,909.9,0.0,0.0
VALLE_FERTIL,2026-07-31,1785550800,2026-07-31 23:20:00,19.0,16,6.4,11.2,234,1006.6,909.9,0.0,0.0
VALLE_FERTIL,2026-07-31,1785551100,2026-07-31 23:25:00,18.7,15,7.7,14.8,225,1006.8,910.1,0.0,0.0
VALLE_FERTIL,2026-07-31,1785551400,2026-07-31 23:30:00,19.1,16,7.3,18.4,262,1007.1,910.4,0.0,0.0
VALLE_FERTIL,2026-07-31,1785551700,2026-07-31 23:35:00,18.6,15,3.6,5.4,274,1007.1,910.4,0.0,0.0
VALLE_FERTIL,2026-07-31,1785552000,2026-07-31 23:40:00,18.7,16,6.2,11.2,264,1007.2,910.5,0.0,0.0
VALLE_FERTIL,2026-07-31,1785552300,2026-07-31 23:45:00,18.1,17,7.9,13.0,257,1007.1,910.4,0.0,0.0
VALLE_FERTIL,2026-07-31,1785552600,2026-07-31 23:50:00,18.2,16,7.9,16.6,235,1007.2,910.5,0.0,0.0
VALLE_FERTIL,2026-07-31,1785552900,2026-07-31 23:55:00,18.2,16,10.9,16.6,251,1007.1,910.4,0.0,0.0
CUESTA_Viento,2026-07-31,1785466800,2026-07-31 00:00:00,16.3,19,0.0,0.0,210,1005.8,842.2,0.0,0.0
CUESTA_Viento,2026-07-31,1785467100,2026-07-31 00:05:00,16.2,19,0.0,0.0,218,1005.8,842.2,0.0,0.0
CUESTA_Viento,2026-07-31,1785467400,2026-07-31 00:10:00,16.7,18,0.0,0.0,199,1005.9,842.3,0.0,0.0
CUESTA_Viento,2026-07-31,1785467700,2026-07-31 00:15:00,16.8,18,0.0,0.0,224,1005.9,842.3,0.0,0.0
CUESTA_Viento,2026-07-31,1785468000,2026-07-31 00:20:00,16.6,17,0.0,0.0,230,1005.9,842.3,0.0,0.0
CUESTA_Viento,2026-07-31,1785468300,2026-07-31 00:25:00,16.8,18,0.0,0.0,185,1006.0,842.4,0.0,0.0
CUESTA_Viento,2026-07-31,1785468600,2026-07-31 00:30:00,16.2,18,0.1,1.8,346,1005.8,842.2,0.0,0.0
CUESTA_Viento,2026-07-31,1785468900,2026-07-31 00:35:00,16.3,19,0.0,0.0,180,1005.7,842.1,0.0,0.0
CUESTA_Viento,2026-07-31,1785469200,2026-07-31 00:40:00,16.4,19,0.4,1.8,341,1005.8,842.2,0.0,0.0
CUESTA_Viento,2026-07-31,1785469500,2026-07-31 00:45:00,17.5,20,4.4,13.0,297,1005.9,842.3,0.0,0.0
CUESTA_Viento,2026-07-31,1785469800,2026-07-31 00:50:00,17.5,19,1.2,3.6,301,1005.8,842.2,0.0,0.0
CUESTA_Viento,2026-07-31,1785470100,2026-07-31 00:55:00,16.5,20,0.0,0.0,226,1005.6,842.0,0.0,0.0
CUESTA_Viento,2026-07-31,1785470400,2026-07-31 01:00:00,16.2,18,0.0,0.0,263,1005.5,841.9,0.0,0.0
CUESTA_Viento,2026-07-31,1785470700,2026-07-31 01:05:00,17.1,18,0.0,0.0,293,1005.6,842.0,0.0,0.0
CUESTA_Viento,2026-07-31,1785471000,2026-07-31 01:10:00,15.7,21,0.0,0.0,231,1005.4,841.8,0.0,0.0
CUESTA_Viento,2026-07-31,1785471300,2026-07-31 01:15:00,14.8,20,0.0,0.0,224,1005.5,841.9,0.0,0.0
CUESTA_Viento,2026-07-31,1785471600,2026-07-31 01:20:00,15.0,18,0.7,3.6,268,1005.3,841.7,0.0,0.0
CUESTA_Viento,2026-07-31,1785471900,2026-07-31 01:25:00,16.6,18,0.4,1.8,30,1005.3,841.7,0.0,0.0
CUESTA_Viento,2026-07-31,1785472200,2026-07-31 01:30:00,15.8,19,0.0,0.0,188,1005.2,841.6,0.0,0.0
CUESTA_Viento,2026-07-31,1785472500,2026-07-31 01:35:00,15.2,20,0.0,0.0,193,1005.1,841.5,0.0,0.0
CUESTA_Viento,2026-07-31,1785472800,2026-07-31 01:40:00,13.8,23,0.0,0.0,223,1005.1,841.5,0.0,0.0
CUESTA_Viento,2026-07-31,1785473100,2026-07-31 01:45:00,14.2,20,0.0,0.0,193,1005.0,841.4,0.0,0.0
CUESTA_Viento,2026-07-31,1785473400,2026-07-31 01:50:00,14.1,22,0.0,0.0,215,1005.0,841.4,0.0,0.0
CUESTA_Viento,2026-07-31,1785473700,2026-07-31 01:55:00,14.2,20,0.0,0.0,250,1005.0,841.4,0.0,0.0
CUESTA_Viento,2026-07-31,1785474000,2026-07-31 02:00:00,14.3,21,0.0,0.0,133,1004.9,841.3,0.0,0.0
CUESTA_Viento,2026-07-31,1785474300,2026-07-31 02:05:00,14.1,22,0.0,0.0,136,1004.9,841.3,0.0,0.0
CUESTA_Viento,2026-07-31,1785474600,2026-07-31 02:10:00,13.0,24,0.0,0.0,244,1004.8,841.2,0.0,0.0
CUESTA_Viento,2026-07-31,1785474900,2026-07-31 02:15:00,13.2,25,0.0,0.0,175,1004.7,841.1,0.0,0.0
CUESTA_Viento,2026-07-31,1785475200,2026-07-31 02:20:00,12.2,30,0.0,0.0,196,1004.8,841.2,0.0,0.0
CUESTA_Viento,2026-07-31,1785475500,2026-07-31 02:25:00,12.3,24,0.1,1.8,42,1004.8,841.2,0.0,0.0
CUESTA_Viento,2026-07-31,1785475800,2026-07-31 02:30:00,14.1,24,1.1,3.6,60,1004.8,841.2,0.0,0.0
CUESTA_Viento,2026-07-31,1785476100,2026-07-31 02:35:00,13.5,28,0.0,0.0,223,1005.0,841.4,0.0,0.0
CUESTA_Viento,2026-07-31,1785476400,2026-07-31 02:40:00,13.4,25,0.0,0.0,250,1004.8,841.2,0.0,0.0
CUESTA_Viento,2026-07-31,1785476700,2026-07-31 02:45:00,13.9,24,0.0,0.0,346,1004.6,841.1,0.0,0.0
CUESTA_Viento,2026-07-31,1785477000,2026-07-31 02:50:00,13.1,31,0.4,3.6,193,1004.7,841.2,0.0,0.0
CUESTA_Viento,2026-07-31,1785477300,2026-07-31 02:55:00,13.0,24,4.2,14.8,302,1004.6,841.1,0.0,0.0
CUESTA_Viento,2026-07-31,1785477600,2026-07-31 03:00:00,14.6,26,1.8,11.2,45,1004.7,841.1,0.0,0.0
CUESTA_Viento,2026-07-31,1785477900,2026-07-31 03:05:00,13.5,26,1.4,5.4,275,1004.8,841.2,0.0,0.0
CUESTA_Viento,2026-07-31,1785478200,2026-07-31 03:10:00,12.9,29,0.1,1.8,69,1004.8,841.2,0.0,0.0
CUESTA_Viento,2026-07-31,1785478500,2026-07-31 03:15:00,12.3,29,0.0,0.0,181,1004.6,841.0,0.0,0.0
CUESTA_Viento,2026-07-31,1785478800,2026-07-31 03:20:00,12.5,26,0.0,0.0,152,1004.5,840.9,0.0,0.0
CUESTA_Viento,2026-07-31,1785479100,2026-07-31 03:25:00,12.4,26,0.0,0.0,178,1004.8,841.2,0.0,0.0
CUESTA_Viento,2026-07-31,1785479400,2026-07-31 03:30:00,12.2,27,0.0,0.0,186,1004.7,841.1,0.0,0.0
CUESTA_Viento,2026-07-31,1785479700,2026-07-31 03:35:00,12.6,24,0.0,0.0,218,1004.6,841.0,0.0,0.0
CUESTA_Viento,2026-07-31,1785480000,2026-07-31 03:40:00,13.5,22,0.0,0.0,236,1004.6,841.0,0.0,0.0
CUESTA_Viento,2026-07-31,1785480300,2026-07-31 03:45:00,14.3,21,0.0,0.0,156,1004.5,840.9,0.0,0.0
CUESTA_Viento,2026-07-31,1785480600,2026-07-31 03:50:00,14.7,21,0.0,0.0,8,1004.5,840.9,0.0,0.0
CUESTA_Viento,2026-07-31,1785480900,2026-07-31 03:55:00,14.7,22,0.0,0.0,194,1004.3,840.7,0.0,0.0
CUESTA_Viento,2026-07-31,1785481200,2026-07-31 04:00:00,14.3,29,0.0,0.0,185,1004.4,840.8,0.0,0.0
CUESTA_Viento,2026-07-31,1785481500,2026-07-31 04:05:00,12.5,34,0.0,0.0,202,1004.4,840.8,0.0,0.0
CUESTA_Viento,2026-07-31,1785481800,2026-07-31 04:10:00,12.1,26,0.0,0.0,275,1004.4,840.8,0.0,0.0
CUESTA_Viento,2026-07-31,1785482100,2026-07-31 04:15:00,12.4,27,0.0,0.0,144,1004.5,840.9,0.0,0.0
CUESTA_Viento,2026-07-31,1785482400,2026-07-31 04:20:00,12.3,28,0.0,0.0,177,1004.3,840.7,0.0,0.0
CUESTA_Viento,2026-07-31,1785482700,2026-07-31 04:25:00,12.0,26,0.0,0.0,225,1004.5,840.9,0.0,0.0
CUESTA_Viento,2026-07-31,1785483000,2026-07-31 04:30:00,11.9,29,0.2,1.8,312,1004.4,840.8,0.0,0.0
CUESTA_Viento,2026-07-31,1785483300,2026-07-31 04:35:00,11.7,27,0.9,5.4,50,1004.5,840.9,0.0,0.0
CUESTA_Viento,2026-07-31,1785483600,2026-07-31 04:40:00,11.8,25,0.9,3.6,288,1004.5,840.9,0.0,0.0
CUESTA_Viento,2026-07-31,1785483900,2026-07-31 04:45:00,12.3,25,0.0,0.0,165,1004.4,840.8,0.0,0.0
CUESTA_Viento,2026-07-31,1785484200,2026-07-31 04:50:00,12.1,24,0.3,1.8,71,1004.4,840.8,0.0,0.0
CUESTA_Viento,2026-07-31,1785484500,2026-07-31 04:55:00,12.2,28,0.0,0.0,149,1004.3,840.7,0.0,0.0
CUESTA_Viento,2026-07-31,1785484800,2026-07-31 05:00:00,11.8,26,0.0,0.0,176,1004.3,840.7,0.0,0.0
CUESTA_Viento,2026-07-31,1785485100,2026-07-31 05:05:00,11.6,29,0.0,0.0,185,1004.4,840.8,0.0,0.0
CUESTA_Viento,2026-07-31,1785485400,2026-07-31 05:10:00,11.7,30,0.0,0.0,192,1004.3,840.7,0.0,0.0
CUESTA_Viento,2026-07-31,1785485700,2026-07-31 05:15:00,11.6,30,0.0,0.0,200,1004.5,840.9,0.0,0.0
CUESTA_Viento,2026-07-31,1785486000,2026-07-31 05:20:00,11.5,30,0.0,0.0,165,1004.5,840.9,0.0,0.0
CUESTA_Viento,2026-07-31,1785486300,2026-07-31 05:25:00,11.7,27,0.0,0.0,206,1004.3,840.7,0.0,0.0
CUESTA_Viento,2026-07-31,1785486600,2026-07-31 05:30:00,11.9,29,0.5,3.6,54,1004.2,840.6,0.0,0.0
CUESTA_Viento,2026-07-31,1785486900,2026-07-31 05:35:00,11.8,29,0.0,0.0,179,1004.3,840.7,0.0,0.0
CUESTA_Viento,2026-07-31,1785487200,2026-07-31 05:40:00,11.5,31,0.8,3.6,61,1004.3,840.7,0.0,0.0
CUESTA_Viento,2026-07-31,1785487500,2026-07-31 05:45:00,11.3,30,0.0,0.0,222,1004.3,840.7,0.0,0.0
CUESTA_Viento,2026-07-31,1785487800,2026-07-31 05:50:00,11.4,32,0.3,1.8,52,1004.5,840.9,0.0,0.0
CUESTA_Viento,2026-07-31,1785488100,2026-07-31 05:55:00,11.3,30,0.0,0.0,217,1004.4,840.8,0.0,0.0
CUESTA_Viento,2026-07-31,1785488400,2026-07-31 06:00:00,11.6,32,0.0,0.0,167,1004.6,841.0,0.0,0.0
CUESTA_Viento,2026-07-31,1785488700,2026-07-31 06:05:00,11.5,30,2.3,7.2,280,1004.6,841.0,0.0,0.0
CUESTA_Viento,2026-07-31,1785489000,2026-07-31 06:10:00,13.4,27,1.2,5.4,21,1004.6,841.0,0.0,0.0
CUESTA_Viento,2026-07-31,1785489300,2026-07-31 06:15:00,13.6,26,0.3,1.8,319,1004.7,841.1,0.0,0.0
CUESTA_Viento,2026-07-31,1785489600,2026-07-31 06:20:00,14.0,26,1.2,5.4,251,1004.7,841.1,0.0,0.0
CUESTA_Viento,2026-07-31,1785489900,2026-07-31 06:25:00,15.3,28,0.0,0.0,163,1004.8,841.2,0.0,0.0
CUESTA_Viento,2026-07-31,1785490200,2026-07-31 06:30:00,14.6,27,0.7,3.6,331,1004.7,841.1,0.0,0.0
CUESTA_Viento,2026-07-31,1785490500,2026-07-31 06:35:00,14.8,27,0.2,1.8,294,1004.5,840.9,0.0,0.0
CUESTA_Viento,2026-07-31,1785490800,2026-07-31 06:40:00,15.1,26,0.0,0.0,258,1004.7,841.1,0.0,0.0
CUESTA_Viento,2026-07-31,1785491100,2026-07-31 06:45:00,14.8,35,0.0,0.0,197,1004.7,841.1,0.0,0.0
CUESTA_Viento,2026-07-31,1785491400,2026-07-31 06:50:00,13.7,33,0.0,0.0,214,1004.7,841.2,0.0,0.0
CUESTA_Viento,2026-07-31,1785491700,2026-07-31 06:55:00,13.2,38,0.0,0.0,209,1004.8,841.2,0.0,0.0
CUESTA_Viento,2026-07-31,1785492000,2026-07-31 07:00:00,12.7,34,0.2,1.8,171,1004.8,841.3,0.0,0.0
CUESTA_Viento,2026-07-31,1785492300,2026-07-31 07:05:00,12.7,32,0.0,0.0,198,1005.0,841.4,0.0,0.0
CUESTA_Viento,2026-07-31,1785492600,2026-07-31 07:10:00,12.7,32,0.0,0.0,211,1005.0,841.3,0.0,0.0
CUESTA_Viento,2026-07-31,1785492900,2026-07-31 07:15:00,12.7,32,0.4,1.8,59,1005.1,841.4,0.0,0.0
CUESTA_Viento,2026-07-31,1785493200,2026-07-31 07:20:00,12.7,31,0.1,1.8,306,1005.1,841.4,0.0,0.0
CUESTA_Viento,2026-07-31,1785493500,2026-07-31 07:25:00,13.4,30,0.5,3.6,298,1005.1,841.5,0.0,0.0
CUESTA_Viento,2026-07-31,1785493800,2026-07-31 07:30:00,13.4,31,0.0,0.0,106,1005.2,841.6,0.0,0.0
CUESTA_Viento,2026-07-31,1785494100,2026-07-31 07:35:00,13.3,32,0.0,0.0,207,1005.1,841.5,0.0,0.0
CUESTA_Viento,2026-07-31,1785494400,2026-07-31 07:40:00,13.1,33,1.1,5.4,42,1005.3,841.7,0.0,0.0
CUESTA_Viento,2026-07-31,1785494700,2026-07-31 07:45:00,13.9,31,2.2,5.4,302,1005.6,842.0,0.0,0.0
CUESTA_Viento,2026-07-31,1785495000,2026-07-31 07:50:00,14.7,31,1.2,5.4,69,1006.0,842.4,0.0,0.0
CUESTA_Viento,2026-07-31,1785495300,2026-07-31 07:55:00,14.3,33,1.7,7.2,238,1006.1,842.5,0.0,0.0
CUESTA_Viento,2026-07-31,1785495600,2026-07-31 08:00:00,14.7,31,3.1,11.2,44,1006.3,842.7,0.0,0.1
CUESTA_Viento,2026-07-31,1785495900,2026-07-31 08:05:00,15.4,30,5.6,16.6,32,1006.3,842.7,0.0,0.2
CUESTA_Viento,2026-07-31,1785496200,2026-07-31 08:10:00,15.9,28,8.3,16.6,56,1006.1,842.6,0.0,0.5
CUESTA_Viento,2026-07-31,1785496500,2026-07-31 08:15:00,15.6,31,8.3,23.8,73,1006.2,842.6,0.0,1.2
CUESTA_Viento,2026-07-31,1785496800,2026-07-31 08:20:00,15.2,31,5.0,14.8,37,1006.1,842.5,0.0,2.2
CUESTA_Viento,2026-07-31,1785497100,2026-07-31 08:25:00,15.5,30,17.9,23.8,55,1006.4,842.8,0.0,3.6
CUESTA_Viento,2026-07-31,1785497400,2026-07-31 08:30:00,15.8,29,12.1,23.8,81,1006.3,842.7,0.0,6.9
CUESTA_Viento,2026-07-31,1785497700,2026-07-31 08:35:00,16.0,28,8.9,20.2,83,1006.4,842.8,0.0,9.2
CUESTA_Viento,2026-07-31,1785498000,2026-07-31 08:40:00,16.0,28,8.9,14.8,54,1006.4,842.8,0.0,10.8
CUESTA_Viento,2026-07-31,1785498300,2026-07-31 08:45:00,16.2,28,7.1,13.0,49,1006.3,842.7,0.0,13.0
CUESTA_Viento,2026-07-31,1785498600,2026-07-31 08:50:00,15.9,29,4.1,13.0,54,1006.5,842.9,0.0,17.1
CUESTA_Viento,2026-07-31,1785498900,2026-07-31 08:55:00,15.7,29,5.2,13.0,49,1006.7,843.1,0.0,18.9
CUESTA_Viento,2026-07-31,1785499200,2026-07-31 09:00:00,15.6,31,4.6,13.0,64,1006.7,843.1,0.0,30.8
CUESTA_Viento,2026-07-31,1785499500,2026-07-31 09:05:00,15.4,29,1.6,5.4,47,1006.8,843.2,0.0,32.9
CUESTA_Viento,2026-07-31,1785499800,2026-07-31 09:10:00,15.5,29,3.2,7.2,58,1007.0,843.4,0.0,35.4
CUESTA_Viento,2026-07-31,1785500100,2026-07-31 09:15:00,15.6,29,0.1,1.8,173,1006.9,843.3,0.0,33.3
CUESTA_Viento,2026-07-31,1785500400,2026-07-31 09:20:00,15.3,31,0.0,0.0,255,1006.8,843.2,0.0,40.6
CUESTA_Viento,2026-07-31,1785500700,2026-07-31 09:25:00,15.1,31,1.2,5.4,38,1007.1,843.5,0.0,35.2
CUESTA_Viento,2026-07-31,1785501000,2026-07-31 09:30:00,14.9,33,1.9,7.2,49,1007.3,843.7,0.0,40.4
CUESTA_Viento,2026-07-31,1785501300,2026-07-31 09:35:00,14.8,34,0.4,3.6,358,1007.3,843.7,0.0,38.4
CUESTA_Viento,2026-07-31,1785501600,2026-07-31 09:40:00,14.5,35,2.0,7.2,31,1007.5,843.8,0.0,37.6
CUESTA_Viento,2026-07-31,1785501900,2026-07-31 09:45:00,14.6,33,8.0,20.2,60,1007.3,843.7,0.0,47.7
CUESTA_Viento,2026-07-31,1785502200,2026-07-31 09:50:00,14.5,34,13.6,23.8,31,1007.6,844.0,0.0,49.8
CUESTA_Viento,2026-07-31,1785502500,2026-07-31 09:55:00,14.5,34,12.8,22.0,36,1007.5,843.9,0.0,53.4
CUESTA_Viento,2026-07-31,1785502800,2026-07-31 10:00:00,14.7,32,15.1,23.8,47,1007.6,844.1,0.0,43.0
CUESTA_Viento,2026-07-31,1785503100,2026-07-31 10:05:00,14.8,31,14.9,25.6,31,1007.7,844.1,0.0,45.0
CUESTA_Viento,2026-07-31,1785503400,2026-07-31 10:10:00,14.9,31,17.4,29.5,41,1007.5,843.9,0.0,61.1
CUESTA_Viento,2026-07-31,1785503700,2026-07-31 10:15:00,14.8,32,15.0,27.7,37,1007.6,843.9,0.0,59.0
CUESTA_Viento,2026-07-31,1785504000,2026-07-31 10:20:00,14.4,32,17.1,27.7,49,1007.7,844.1,0.0,57.1
CUESTA_Viento,2026-07-31,1785504300,2026-07-31 10:25:00,14.3,32,17.4,29.5,5,1007.7,844.1,0.0,65.2
CUESTA_Viento,2026-07-31,1785504600,2026-07-31 10:30:00,14.4,31,18.4,29.5,51,1007.7,844.1,0.0,79.8
CUESTA_Viento,2026-07-31,1785504900,2026-07-31 10:35:00,14.3,32,12.4,27.7,45,1007.7,844.1,0.0,110.8
CUESTA_Viento,2026-07-31,1785505200,2026-07-31 10:40:00,14.2,33,15.5,25.6,50,1007.9,844.3,0.0,164.4
CUESTA_Viento,2026-07-31,1785505500,2026-07-31 10:45:00,14.2,33,11.5,18.4,60,1007.6,844.0,0.0,147.5
CUESTA_Viento,2026-07-31,1785505800,2026-07-31 10:50:00,14.1,35,12.9,20.2,42,1007.7,844.2,0.0,165.7
CUESTA_Viento,2026-07-31,1785506100,2026-07-31 10:55:00,14.1,35,11.1,22.0,47,1007.8,844.2,0.0,216.1
CUESTA_Viento,2026-07-31,1785506400,2026-07-31 11:00:00,14.3,35,9.6,18.4,53,1007.6,844.0,0.0,321.8
CUESTA_Viento,2026-07-31,1785506700,2026-07-31 11:05:00,14.5,35,6.4,14.8,54,1007.6,843.9,0.0,266.9
CUESTA_Viento,2026-07-31,1785507000,2026-07-31 11:10:00,14.6,34,1.9,5.4,48,1007.6,844.1,0.0,146.4
CUESTA_Viento,2026-07-31,1785507300,2026-07-31 11:15:00,14.9,33,1.6,5.4,44,1007.7,844.1,0.0,286.0
CUESTA_Viento,2026-07-31,1785507600,2026-07-31 11:20:00,15.4,32,0.1,1.8,85,1007.6,844.0,0.0,248.0
CUESTA_Viento,2026-07-31,1785507900,2026-07-31 11:25:00,15.2,32,0.1,1.8,130,1007.6,844.0,0.0,185.2
CUESTA_Viento,2026-07-31,1785508200,2026-07-31 11:30:00,15.2,33,0.6,3.6,91,1007.6,844.1,0.0,190.7
CUESTA_Viento,2026-07-31,1785508500,2026-07-31 11:35:00,15.3,32,0.0,0.0,181,1007.7,844.1,0.0,184.7
CUESTA_Viento,2026-07-31,1785508800,2026-07-31 11:40:00,15.3,32,0.0,0.0,165,1007.8,844.2,0.0,115.6
CUESTA_Viento,2026-07-31,1785509100,2026-07-31 11:45:00,15.2,32,1.7,7.2,106,1008.0,844.4,0.0,101.8
CUESTA_Viento,2026-07-31,1785509400,2026-07-31 11:50:00,15.1,33,0.1,1.8,132,1008.1,844.5,0.0,80.7
CUESTA_Viento,2026-07-31,1785509700,2026-07-31 11:55:00,15.1,32,0.0,0.0,184,1008.1,844.5,0.0,91.4
CUESTA_Viento,2026-07-31,1785510000,2026-07-31 12:00:00,15.2,32,1.0,3.6,68,1008.2,844.6,0.0,133.9
CUESTA_Viento,2026-07-31,1785510300,2026-07-31 12:05:00,15.4,31,7.8,22.0,58,1008.2,844.6,0.0,117.3
CUESTA_Viento,2026-07-31,1785510600,2026-07-31 12:10:00,15.5,30,16.4,36.7,52,1008.4,844.8,0.0,108.5
CUESTA_Viento,2026-07-31,1785510900,2026-07-31 12:15:00,15.7,30,12.1,22.0,59,1008.2,844.6,0.0,117.6
CUESTA_Viento,2026-07-31,1785511200,2026-07-31 12:20:00,15.4,31,15.8,25.6,60,1008.0,844.4,0.0,130.1
CUESTA_Viento,2026-07-31,1785511500,2026-07-31 12:25:00,15.2,33,15.3,23.8,53,1008.1,844.5,0.0,110.6
CUESTA_Viento,2026-07-31,1785511800,2026-07-31 12:30:00,14.7,35,11.9,22.0,67,1008.0,844.4,0.0,153.4
CUESTA_Viento,2026-07-31,1785512100,2026-07-31 12:35:00,15.2,31,15.4,29.5,62,1007.9,844.3,0.0,226.1
CUESTA_Viento,2026-07-31,1785512400,2026-07-31 12:40:00,15.3,31,15.5,25.6,46,1008.0,844.4,0.0,223.8
CUESTA_Viento,2026-07-31,1785512700,2026-07-31 12:45:00,15.3,31,13.4,25.6,55,1007.8,844.2,0.0,198.5
CUESTA_Viento,2026-07-31,1785513000,2026-07-31 12:50:00,15.4,31,7.6,13.0,61,1007.8,844.2,0.0,446.8
CUESTA_Viento,2026-07-31,1785513300,2026-07-31 12:55:00,15.8,29,12.5,31.3,77,1007.7,844.1,0.0,423.1
CUESTA_Viento,2026-07-31,1785513600,2026-07-31 13:00:00,15.8,29,17.9,33.1,61,1007.7,844.1,0.0,332.9
CUESTA_Viento,2026-07-31,1785513900,2026-07-31 13:05:00,15.6,30,20.4,36.7,52,1007.6,844.1,0.0,452.1
CUESTA_Viento,2026-07-31,1785514200,2026-07-31 13:10:00,15.9,30,12.8,25.6,56,1007.6,844.0,0.0,494.2
CUESTA_Viento,2026-07-31,1785514500,2026-07-31 13:15:00,15.9,31,11.9,23.8,44,1007.6,844.0,0.0,491.1
CUESTA_Viento,2026-07-31,1785514800,2026-07-31 13:20:00,16.3,30,14.8,23.8,58,1007.6,844.0,0.0,488.8
CUESTA_Viento,2026-07-31,1785515100,2026-07-31 13:25:00,16.7,28,15.1,29.5,48,1007.3,843.7,0.0,486.8
CUESTA_Viento,2026-07-31,1785515400,2026-07-31 13:30:00,17.0,27,16.7,34.9,57,1007.5,843.8,0.0,488.1
CUESTA_Viento,2026-07-31,1785515700,2026-07-31 13:35:00,17.1,26,18.7,29.5,42,1007.3,843.7,0.0,488.6
CUESTA_Viento,2026-07-31,1785516000,2026-07-31 13:40:00,16.8,28,21.7,40.3,46,1007.3,843.7,0.0,488.0
CUESTA_Viento,2026-07-31,1785516300,2026-07-31 13:45:00,16.9,28,17.9,29.5,55,1007.1,843.5,0.0,487.4
CUESTA_Viento,2026-07-31,1785516600,2026-07-31 13:50:00,17.2,27,20.9,46.1,54,1007.1,843.5,0.0,493.4
CUESTA_Viento,2026-07-31,1785516900,2026-07-31 13:55:00,17.1,26,20.4,40.3,61,1007.1,843.5,0.0,489.9
CUESTA_Viento,2026-07-31,1785517200,2026-07-31 14:00:00,17.3,25,22.0,36.7,55,1006.7,843.1,0.0,485.8
CUESTA_Viento,2026-07-31,1785517500,2026-07-31 14:05:00,17.5,25,19.4,38.5,57,1006.8,843.3,0.0,482.7
CUESTA_Viento,2026-07-31,1785517800,2026-07-31 14:10:00,17.6,24,21.7,38.5,40,1007.0,843.4,0.0,480.9
CUESTA_Viento,2026-07-31,1785518100,2026-07-31 14:15:00,17.5,24,16.3,36.7,65,1006.8,843.2,0.0,473.0
CUESTA_Viento,2026-07-31,1785518400,2026-07-31 14:20:00,17.3,25,25.1,40.3,51,1006.8,843.2,0.0,472.3
CUESTA_Viento,2026-07-31,1785518700,2026-07-31 14:25:00,17.2,24,33.8,47.9,53,1006.7,843.1,0.0,467.1
CUESTA_Viento,2026-07-31,1785519000,2026-07-31 14:30:00,17.2,24,27.2,40.3,49,1006.8,843.2,0.0,463.1
CUESTA_Viento,2026-07-31,1785519300,2026-07-31 14:35:00,17.6,23,24.9,38.5,59,1006.7,843.1,0.0,459.8
CUESTA_Viento,2026-07-31,1785519600,2026-07-31 14:40:00,17.5,23,32.6,69.8,53,1006.6,843.0,0.0,452.5
CUESTA_Viento,2026-07-31,1785519900,2026-07-31 14:45:00,17.5,22,30.6,53.3,36,1006.6,843.0,0.0,447.6
CUESTA_Viento,2026-07-31,1785520200,2026-07-31 14:50:00,17.3,23,33.6,49.7,46,1006.9,843.3,0.0,441.5
CUESTA_Viento,2026-07-31,1785520500,2026-07-31 14:55:00,17.3,22,34.4,47.9,57,1006.9,843.3,0.0,437.1
CUESTA_Viento,2026-07-31,1785520800,2026-07-31 15:00:00,17.2,22,39.8,62.3,54,1006.8,843.2,0.0,430.5
CUESTA_Viento,2026-07-31,1785521100,2026-07-31 15:05:00,17.2,22,34.9,55.1,49,1007.1,843.5,0.0,423.3
CUESTA_Viento,2026-07-31,1785521400,2026-07-31 15:10:00,16.8,24,31.3,51.5,42,1007.1,843.5,0.0,423.8
CUESTA_Viento,2026-07-31,1785521700,2026-07-31 15:15:00,16.9,24,24.5,42.1,67,1007.1,843.5,0.0,410.5
CUESTA_Viento,2026-07-31,1785522000,2026-07-31 15:20:00,17.4,22,29.7,53.3,60,1007.0,843.4,0.0,399.1
CUESTA_Viento,2026-07-31,1785522300,2026-07-31 15:25:00,17.6,21,31.3,42.1,64,1007.0,843.4,0.0,390.7
CUESTA_Viento,2026-07-31,1785522600,2026-07-31 15:30:00,17.3,22,29.2,43.9,44,1007.2,843.6,0.0,379.5
CUESTA_Viento,2026-07-31,1785522900,2026-07-31 15:35:00,17.5,21,33.6,64.4,56,1007.4,843.7,0.0,369.2
CUESTA_Viento,2026-07-31,1785523200,2026-07-31 15:40:00,17.3,23,26.1,46.1,56,1007.5,843.9,0.0,360.8
CUESTA_Viento,2026-07-31,1785523500,2026-07-31 15:45:00,17.6,23,10.7,33.1,59,1007.7,844.2,0.0,351.9
CUESTA_Viento,2026-07-31,1785523800,2026-07-31 15:50:00,17.9,23,6.5,14.8,115,1007.8,844.2,0.0,342.1
CUESTA_Viento,2026-07-31,1785524100,2026-07-31 15:55:00,17.7,25,5.8,14.8,121,1007.9,844.3,0.0,37.9
CUESTA_Viento,2026-07-31,1785524400,2026-07-31 16:00:00,17.4,25,4.5,14.8,84,1008.1,844.5,0.0,38.1
CUESTA_Viento,2026-07-31,1785524700,2026-07-31 16:05:00,17.4,25,3.3,9.4,103,1008.3,844.7,0.0,43.8
CUESTA_Viento,2026-07-31,1785525000,2026-07-31 16:10:00,17.0,26,4.0,14.8,40,1008.6,845.0,0.0,44.5
CUESTA_Viento,2026-07-31,1785525300,2026-07-31 16:15:00,16.7,27,7.7,22.0,120,1008.7,845.1,0.0,39.2
CUESTA_Viento,2026-07-31,1785525600,2026-07-31 16:20:00,16.5,27,5.5,20.2,171,1008.7,845.1,0.0,35.3
CUESTA_Viento,2026-07-31,1785525900,2026-07-31 16:25:00,16.1,28,9.3,18.4,112,1008.8,845.2,0.0,34.8
CUESTA_Viento,2026-07-31,1785526200,2026-07-31 16:30:00,15.7,29,4.5,7.2,83,1008.8,845.2,0.0,31.5
CUESTA_Viento,2026-07-31,1785526500,2026-07-31 16:35:00,15.4,31,9.2,20.2,43,1009.1,845.5,0.0,30.5
CUESTA_Viento,2026-07-31,1785526800,2026-07-31 16:40:00,15.2,31,16.3,29.5,43,1009.2,845.6,0.0,28.6
CUESTA_Viento,2026-07-31,1785527100,2026-07-31 16:45:00,15.0,31,20.3,29.5,47,1009.4,845.8,0.0,28.2
CUESTA_Viento,2026-07-31,1785527400,2026-07-31 16:50:00,14.9,32,19.3,33.1,44,1009.4,845.8,0.0,26.9
CUESTA_Viento,2026-07-31,1785527700,2026-07-31 16:55:00,14.5,33,14.1,25.6,50,1009.6,846.0,0.0,26.6
CUESTA_Viento,2026-07-31,1785528000,2026-07-31 17:00:00,14.3,34,9.1,18.4,33,1009.5,845.9,0.0,26.2
CUESTA_Viento,2026-07-31,1785528300,2026-07-31 17:05:00,14.2,34,10.1,31.3,47,1009.4,845.8,0.0,26.0
CUESTA_Viento,2026-07-31,1785528600,2026-07-31 17:10:00,14.3,32,16.3,25.6,37,1009.2,845.6,0.0,25.3
CUESTA_Viento,2026-07-31,1785528900,2026-07-31 17:15:00,14.5,30,11.4,23.8,37,1009.2,845.6,0.0,24.7
CUESTA_Viento,2026-07-31,1785529200,2026-07-31 17:20:00,14.5,30,9.3,16.6,11,1009.2,845.6,0.0,24.3
CUESTA_Viento,2026-07-31,1785529500,2026-07-31 17:25:00,14.5,30,12.4,27.7,54,1009.1,845.5,0.0,23.8
CUESTA_Viento,2026-07-31,1785529800,2026-07-31 17:30:00,14.3,30,12.5,20.2,47,1009.1,845.5,0.0,23.3
CUESTA_Viento,2026-07-31,1785530100,2026-07-31 17:35:00,14.4,30,9.9,18.4,46,1009.1,845.5,0.0,22.8
CUESTA_Viento,2026-07-31,1785530400,2026-07-31 17:40:00,14.4,30,8.8,16.6,30,1009.1,845.5,0.0,22.2
CUESTA_Viento,2026-07-31,1785530700,2026-07-31 17:45:00,14.7,29,14.1,22.0,44,1009.1,845.5,0.0,21.7
CUESTA_Viento,2026-07-31,1785531000,2026-07-31 17:50:00,14.9,26,14.2,22.0,43,1009.1,845.5,0.0,21.1
CUESTA_Viento,2026-07-31,1785531300,2026-07-31 17:55:00,15.0,27,3.1,13.0,20,1009.1,845.5,0.0,20.7
CUESTA_Viento,2026-07-31,1785531600,2026-07-31 18:00:00,15.0,26,2.5,7.2,55,1009.2,845.6,0.0,19.9
CUESTA_Viento,2026-07-31,1785531900,2026-07-31 18:05:00,15.2,25,11.0,25.6,31,1009.0,845.5,0.0,19.3
CUESTA_Viento,2026-07-31,1785532200,2026-07-31 18:10:00,15.2,25,6.3,14.8,38,1009.2,845.6,0.0,18.3
CUESTA_Viento,2026-07-31,1785532500,2026-07-31 18:15:00,15.0,26,3.8,11.2,42,1009.3,845.6,0.0,17.4
CUESTA_Viento,2026-07-31,1785532800,2026-07-31 18:20:00,14.8,26,0.4,3.6,49,1009.5,845.9,0.0,16.4
CUESTA_Viento,2026-07-31,1785533100,2026-07-31 18:25:00,14.6,26,0.0,0.0,170,1009.7,846.1,0.0,15.3
CUESTA_Viento,2026-07-31,1785533400,2026-07-31 18:30:00,14.4,26,0.0,0.0,193,1009.7,846.2,0.0,14.0
CUESTA_Viento,2026-07-31,1785533700,2026-07-31 18:35:00,14.3,26,0.0,0.0,203,1009.8,846.2,0.0,12.5
CUESTA_Viento,2026-07-31,1785534000,2026-07-31 18:40:00,14.2,26,0.0,0.0,208,1009.7,846.1,0.0,10.5
CUESTA_Viento,2026-07-31,1785534300,2026-07-31 18:45:00,14.1,27,0.0,0.0,264,1009.8,846.2,0.0,8.2
CUESTA_Viento,2026-07-31,1785534600,2026-07-31 18:50:00,14.3,25,0.0,0.0,216,1009.9,846.3,0.0,6.3
CUESTA_Viento,2026-07-31,1785534900,2026-07-31 18:55:00,14.3,26,0.1,1.8,343,1009.9,846.3,0.0,4.5
CUESTA_Viento,2026-07-31,1785535200,2026-07-31 19:00:00,14.3,26,0.1,1.8,19,1009.9,846.3,0.0,3.2
CUESTA_Viento,2026-07-31,1785535500,2026-07-31 19:05:00,14.1,26,0.0,0.0,163,1010.2,846.6,0.0,1.9
CUESTA_Viento,2026-07-31,1785535800,2026-07-31 19:10:00,13.9,27,0.9,7.2,177,1010.2,846.6,0.0,0.9
CUESTA_Viento,2026-07-31,1785536100,2026-07-31 19:15:00,13.8,26,2.7,7.2,148,1010.3,846.7,0.0,0.3
CUESTA_Viento,2026-07-31,1785536400,2026-07-31 19:20:00,13.8,26,6.6,11.2,149,1010.3,846.7,0.0,0.1
CUESTA_Viento,2026-07-31,1785536700,2026-07-31 19:25:00,13.7,27,5.8,13.0,145,1010.2,846.6,0.0,0.0
CUESTA_Viento,2026-07-31,1785537000,2026-07-31 19:30:00,13.6,26,4.8,14.8,116,1010.2,846.6,0.0,0.0
CUESTA_Viento,2026-07-31,1785537300,2026-07-31 19:35:00,13.7,25,0.9,5.4,130,1010.3,846.7,0.0,0.0
CUESTA_Viento,2026-07-31,1785537600,2026-07-31 19:40:00,13.8,25,2.2,9.4,74,1010.3,846.7,0.0,0.0
CUESTA_Viento,2026-07-31,1785537900,2026-07-31 19:45:00,13.7,24,0.4,3.6,103,1010.5,846.9,0.0,0.0
CUESTA_Viento,2026-07-31,1785538200,2026-07-31 19:50:00,13.5,25,0.4,1.8,48,1010.6,847.0,0.0,0.0
CUESTA_Viento,2026-07-31,1785538500,2026-07-31 19:55:00,13.3,26,0.0,0.0,139,1010.6,847.0,0.0,0.0
CUESTA_Viento,2026-07-31,1785538800,2026-07-31 20:00:00,13.3,25,0.6,1.8,18,1010.7,847.1,0.0,0.0
CUESTA_Viento,2026-07-31,1785539100,2026-07-31 20:05:00,13.3,25,0.0,0.0,213,1010.8,847.2,0.0,0.0
CUESTA_Viento,2026-07-31,1785539400,2026-07-31 20:10:00,13.4,23,0.3,3.6,143,1010.8,847.2,0.0,0.0
CUESTA_Viento,2026-07-31,1785539700,2026-07-31 20:15:00,13.1,24,0.1,1.8,60,1010.8,847.2,0.0,0.0
CUESTA_Viento,2026-07-31,1785540000,2026-07-31 20:20:00,13.1,24,1.7,13.0,165,1010.8,847.2,0.0,0.0
CUESTA_Viento,2026-07-31,1785540300,2026-07-31 20:25:00,13.1,24,0.6,5.4,191,1010.9,847.3,0.0,0.0
CUESTA_Viento,2026-07-31,1785540600,2026-07-31 20:30:00,13.1,24,0.0,0.0,159,1010.9,847.3,0.0,0.0
CUESTA_Viento,2026-07-31,1785540900,2026-07-31 20:35:00,12.9,24,0.0,0.0,287,1011.2,847.6,0.0,0.0
CUESTA_Viento,2026-07-31,1785541200,2026-07-31 20:40:00,13.3,23,2.5,9.4,46,1011.3,847.7,0.0,0.0
CUESTA_Viento,2026-07-31,1785541500,2026-07-31 20:45:00,13.3,23,2.8,14.8,204,1011.3,847.7,0.0,0.0
CUESTA_Viento,2026-07-31,1785541800,2026-07-31 20:50:00,13.6,21,1.0,3.6,51,1011.4,847.7,0.0,0.0
CUESTA_Viento,2026-07-31,1785542100,2026-07-31 20:55:00,13.4,22,4.4,7.2,356,1011.4,847.8,0.0,0.0
CUESTA_Viento,2026-07-31,1785542400,2026-07-31 21:00:00,13.3,22,0.6,3.6,347,1011.4,847.8,0.0,0.0
CUESTA_Viento,2026-07-31,1785542700,2026-07-31 21:05:00,12.8,22,0.0,0.0,235,1011.6,848.0,0.0,0.0
CUESTA_Viento,2026-07-31,1785543000,2026-07-31 21:10:00,12.9,21,1.8,5.4,328,1011.7,848.1,0.0,0.0
CUESTA_Viento,2026-07-31,1785543300,2026-07-31 21:15:00,13.1,21,2.2,7.2,12,1011.8,848.2,0.0,0.0
CUESTA_Viento,2026-07-31,1785543600,2026-07-31 21:20:00,13.1,21,1.1,5.4,51,1011.8,848.2,0.0,0.0
CUESTA_Viento,2026-07-31,1785543900,2026-07-31 21:25:00,12.7,21,1.9,9.4,356,1011.9,848.3,0.0,0.0
CUESTA_Viento,2026-07-31,1785544200,2026-07-31 21:30:00,12.5,22,1.7,9.4,329,1011.9,848.3,0.0,0.0
CUESTA_Viento,2026-07-31,1785544500,2026-07-31 21:35:00,12.5,21,2.7,7.2,357,1011.8,848.2,0.0,0.0
CUESTA_Viento,2026-07-31,1785544800,2026-07-31 21:40:00,12.8,21,13.1,22.0,43,1011.7,848.0,0.0,0.0
CUESTA_Viento,2026-07-31,1785545100,2026-07-31 21:45:00,13.0,23,17.6,31.3,59,1011.6,847.9,0.0,0.0
CUESTA_Viento,2026-07-31,1785545400,2026-07-31 21:50:00,13.0,25,13.0,29.5,65,1011.6,848.0,0.0,0.0
CUESTA_Viento,2026-07-31,1785545700,2026-07-31 21:55:00,12.9,23,9.1,14.8,18,1011.6,848.0,0.0,0.0
CUESTA_Viento,2026-07-31,1785546000,2026-07-31 22:00:00,13.2,20,6.8,23.8,29,1011.8,848.2,0.0,0.0
CUESTA_Viento,2026-07-31,1785546300,2026-07-31 22:05:00,13.3,19,5.8,11.2,360,1012.0,848.4,0.0,0.0
CUESTA_Viento,2026-07-31,1785546600,2026-07-31 22:10:00,13.1,19,2.9,9.4,120,1012.2,848.6,0.0,0.0
CUESTA_Viento,2026-07-31,1785546900,2026-07-31 22:15:00,12.7,19,0.8,5.4,26,1012.0,848.5,0.0,0.0
CUESTA_Viento,2026-07-31,1785547200,2026-07-31 22:20:00,12.4,19,1.1,7.2,195,1012.1,848.5,0.0,0.0
CUESTA_Viento,2026-07-31,1785547500,2026-07-31 22:25:00,12.7,18,4.0,11.2,77,1012.1,848.5,0.0,0.0
CUESTA_Viento,2026-07-31,1785547800,2026-07-31 22:30:00,12.8,19,2.3,9.4,95,1012.2,848.6,0.0,0.0
CUESTA_Viento,2026-07-31,1785548100,2026-07-31 22:35:00,12.6,19,1.7,11.2,70,1012.2,848.6,0.0,0.0
CUESTA_Viento,2026-07-31,1785548400,2026-07-31 22:40:00,12.7,19,2.7,11.2,60,1012.2,848.6,0.0,0.0
CUESTA_Viento,2026-07-31,1785548700,2026-07-31 22:45:00,12.3,20,2.3,7.2,273,1012.1,848.5,0.0,0.0
CUESTA_Viento,2026-07-31,1785549000,2026-07-31 22:50:00,12.4,20,2.3,11.2,201,1011.9,848.3,0.0,0.0
CUESTA_Viento,2026-07-31,1785549300,2026-07-31 22:55:00,12.3,20,7.5,18.4,156,1011.9,848.3,0.0,0.0
CUESTA_Viento,2026-07-31,1785549600,2026-07-31 23:00:00,12.3,20,7.8,18.4,131,1012.0,848.4,0.0,0.0
CUESTA_Viento,2026-07-31,1785549900,2026-07-31 23:05:00,12.3,20,3.1,11.2,131,1012.2,848.6,0.0,0.0
CUESTA_Viento,2026-07-31,1785550200,2026-07-31 23:10:00,12.1,20,0.2,3.6,21,1012.4,848.8,0.0,0.0
CUESTA_Viento,2026-07-31,1785550500,2026-07-31 23:15:00,11.7,21,0.0,0.0,237,1012.7,849.1,0.0,0.0
CUESTA_Viento,2026-07-31,1785550800,2026-07-31 23:20:00,11.3,21,0.1,1.8,49,1012.6,849.0,0.0,0.0
CUESTA_Viento,2026-07-31,1785551100,2026-07-31 23:25:00,11.2,21,0.0,0.0,258,1012.8,849.2,0.0,0.0
CUESTA_Viento,2026-07-31,1785551400,2026-07-31 23:30:00,11.3,21,0.0,0.0,231,1013.0,849.4,0.0,0.0
CUESTA_Viento,2026-07-31,1785551700,2026-07-31 23:35:00,11.5,19,0.0,0.0,176,1013.1,849.5,0.0,0.0
CUESTA_Viento,2026-07-31,1785552000,2026-07-31 23:40:00,12.1,18,3.7,11.2,167,1013.1,849.5,0.0,0.0
CUESTA_Viento,2026-07-31,1785552300,2026-07-31 23:45:00,12.6,17,7.8,18.4,115,1013.2,849.6,0.0,0.0
CUESTA_Viento,2026-07-31,1785552600,2026-07-31 23:50:00,12.6,17,8.2,16.6,130,1013.3,849.7,0.0,0.0
CUESTA_Viento,2026-07-31,1785552900,2026-07-31 23:55:00,12.4,18,8.4,14.8,164,1013.3,849.7,0.0,0.0
CARACOLES,2026-07-31,1785466800,2026-07-31 00:00:00,12.7,74,1.7,5.4,68,994.8,892.0,0.0,0.0
CARACOLES,2026-07-31,1785467100,2026-07-31 00:05:00,12.8,74,2.3,13.0,59,994.9,892.1,0.0,0.0
CARACOLES,2026-07-31,1785467400,2026-07-31 00:10:00,12.8,74,1.2,5.4,82,994.8,892.0,0.0,0.0
CARACOLES,2026-07-31,1785467700,2026-07-31 00:15:00,12.7,73,1.4,3.6,127,994.8,892.0,0.0,0.0
CARACOLES,2026-07-31,1785468000,2026-07-31 00:20:00,12.8,74,3.4,9.4,105,994.7,891.9,0.0,0.0
CARACOLES,2026-07-31,1785468300,2026-07-31 00:25:00,12.9,73,1.8,7.2,77,994.7,891.9,0.0,0.0
CARACOLES,2026-07-31,1785468600,2026-07-31 00:30:00,12.7,74,0.7,1.8,129,994.6,891.8,0.0,0.0
CARACOLES,2026-07-31,1785468900,2026-07-31 00:35:00,12.5,74,2.0,7.2,94,994.6,891.8,0.0,0.0
CARACOLES,2026-07-31,1785469200,2026-07-31 00:40:00,12.5,75,1.3,5.4,109,994.6,891.8,0.0,0.0
CARACOLES,2026-07-31,1785469500,2026-07-31 00:45:00,12.1,75,1.2,3.6,106,994.4,891.6,0.0,0.0
CARACOLES,2026-07-31,1785469800,2026-07-31 00:50:00,12.3,75,2.1,7.2,92,994.4,891.5,0.0,0.0
CARACOLES,2026-07-31,1785470100,2026-07-31 00:55:00,12.2,76,2.2,3.6,68,994.3,891.5,0.0,0.0
CARACOLES,2026-07-31,1785470400,2026-07-31 01:00:00,12.2,76,2.9,7.2,101,994.2,891.4,0.0,0.0
CARACOLES,2026-07-31,1785470700,2026-07-31 01:05:00,12.3,75,6.3,13.0,73,994.2,891.4,0.0,0.0
CARACOLES,2026-07-31,1785471000,2026-07-31 01:10:00,12.2,76,1.6,3.6,80,994.0,891.2,0.0,0.0
CARACOLES,2026-07-31,1785471300,2026-07-31 01:15:00,12.1,76,2.6,7.2,60,994.0,891.2,0.0,0.0
CARACOLES,2026-07-31,1785471600,2026-07-31 01:20:00,11.9,76,0.4,1.8,81,993.9,891.1,0.0,0.0
CARACOLES,2026-07-31,1785471900,2026-07-31 01:25:00,11.8,77,2.1,7.2,104,993.7,890.9,0.0,0.0
CARACOLES,2026-07-31,1785472200,2026-07-31 01:30:00,11.7,78,1.6,3.6,154,993.7,890.9,0.0,0.0
CARACOLES,2026-07-31,1785472500,2026-07-31 01:35:00,11.5,78,2.2,3.6,124,993.6,890.7,0.0,0.0
CARACOLES,2026-07-31,1785472800,2026-07-31 01:40:00,11.8,77,3.7,9.4,73,993.4,890.6,0.0,0.0
CARACOLES,2026-07-31,1785473100,2026-07-31 01:45:00,11.8,77,3.0,5.4,53,993.3,890.5,0.0,0.0
CARACOLES,2026-07-31,1785473400,2026-07-31 01:50:00,11.7,77,3.2,9.4,149,993.2,890.4,0.0,0.0
CARACOLES,2026-07-31,1785473700,2026-07-31 01:55:00,11.6,78,1.4,5.4,76,993.3,890.5,0.0,0.0
CARACOLES,2026-07-31,1785474000,2026-07-31 02:00:00,11.8,78,2.5,7.2,77,993.3,890.5,0.0,0.0
CARACOLES,2026-07-31,1785474300,2026-07-31 02:05:00,11.8,77,3.7,9.4,161,993.3,890.5,0.0,0.0
CARACOLES,2026-07-31,1785474600,2026-07-31 02:10:00,12.0,76,0.4,3.6,181,993.3,890.5,0.0,0.0
CARACOLES,2026-07-31,1785474900,2026-07-31 02:15:00,11.7,78,1.7,5.4,53,993.1,890.3,0.0,0.0
CARACOLES,2026-07-31,1785475200,2026-07-31 02:20:00,11.3,79,1.0,3.6,85,992.9,890.2,0.0,0.0
CARACOLES,2026-07-31,1785475500,2026-07-31 02:25:00,11.1,80,0.3,1.8,100,993.1,890.3,0.0,0.0
CARACOLES,2026-07-31,1785475800,2026-07-31 02:30:00,11.2,79,0.1,1.8,214,993.0,890.2,0.0,0.0
CARACOLES,2026-07-31,1785476100,2026-07-31 02:35:00,11.1,81,0.4,1.8,216,993.0,890.2,0.0,0.0
CARACOLES,2026-07-31,1785476400,2026-07-31 02:40:00,10.8,81,0.0,0.0,155,993.0,890.2,0.0,0.0
CARACOLES,2026-07-31,1785476700,2026-07-31 02:45:00,11.0,81,0.5,1.8,91,992.9,890.1,0.0,0.0
CARACOLES,2026-07-31,1785477000,2026-07-31 02:50:00,10.8,81,1.0,3.6,174,992.9,890.2,0.0,0.0
CARACOLES,2026-07-31,1785477300,2026-07-31 02:55:00,10.8,81,0.4,1.8,185,992.8,890.0,0.0,0.0
CARACOLES,2026-07-31,1785477600,2026-07-31 03:00:00,10.8,81,0.3,3.6,82,992.7,890.0,0.0,0.0
CARACOLES,2026-07-31,1785477900,2026-07-31 03:05:00,10.6,82,0.4,1.8,167,992.9,890.1,0.0,0.0
CARACOLES,2026-07-31,1785478200,2026-07-31 03:10:00,10.7,81,0.8,3.6,182,992.8,890.1,0.0,0.0
CARACOLES,2026-07-31,1785478500,2026-07-31 03:15:00,10.5,82,0.8,1.8,138,992.8,890.0,0.0,0.0
CARACOLES,2026-07-31,1785478800,2026-07-31 03:20:00,10.3,82,0.2,1.8,206,992.7,889.9,0.0,0.0
CARACOLES,2026-07-31,1785479100,2026-07-31 03:25:00,10.2,83,0.8,3.6,134,992.7,890.0,0.0,0.0
CARACOLES,2026-07-31,1785479400,2026-07-31 03:30:00,10.0,83,1.4,5.4,137,992.7,890.0,0.0,0.0
CARACOLES,2026-07-31,1785479700,2026-07-31 03:35:00,10.0,82,0.4,3.6,186,992.4,889.6,0.0,0.0
CARACOLES,2026-07-31,1785480000,2026-07-31 03:40:00,9.8,83,0.6,1.8,136,992.4,889.6,0.0,0.0
CARACOLES,2026-07-31,1785480300,2026-07-31 03:45:00,9.7,83,0.4,1.8,161,992.4,889.5,0.0,0.0
CARACOLES,2026-07-31,1785480600,2026-07-31 03:50:00,9.8,83,0.6,3.6,187,992.4,889.6,0.0,0.0
CARACOLES,2026-07-31,1785480900,2026-07-31 03:55:00,9.7,84,0.6,1.8,99,992.4,889.6,0.0,0.0
CARACOLES,2026-07-31,1785481200,2026-07-31 04:00:00,9.6,84,1.9,5.4,101,992.4,889.6,0.0,0.0
CARACOLES,2026-07-31,1785481500,2026-07-31 04:05:00,9.3,85,1.9,3.6,196,992.4,889.6,0.0,0.0
CARACOLES,2026-07-31,1785481800,2026-07-31 04:10:00,9.8,83,2.6,3.6,229,992.2,889.4,0.0,0.0
CARACOLES,2026-07-31,1785482100,2026-07-31 04:15:00,10.3,82,0.5,1.8,167,992.1,889.3,0.0,0.0
CARACOLES,2026-07-31,1785482400,2026-07-31 04:20:00,10.1,83,1.1,5.4,240,992.2,889.4,0.0,0.0
CARACOLES,2026-07-31,1785482700,2026-07-31 04:25:00,9.8,84,0.8,1.8,179,992.2,889.4,0.0,0.0
CARACOLES,2026-07-31,1785483000,2026-07-31 04:30:00,10.0,83,3.0,5.4,208,992.2,889.4,0.0,0.0
CARACOLES,2026-07-31,1785483300,2026-07-31 04:35:00,10.0,83,1.1,1.8,208,992.2,889.4,0.0,0.0
CARACOLES,2026-07-31,1785483600,2026-07-31 04:40:00,9.8,84,0.4,1.8,155,992.3,889.5,0.0,0.0
CARACOLES,2026-07-31,1785483900,2026-07-31 04:45:00,9.5,85,0.6,1.8,167,992.4,889.5,0.0,0.0
CARACOLES,2026-07-31,1785484200,2026-07-31 04:50:00,9.5,85,0.6,3.6,162,992.3,889.5,0.0,0.0
CARACOLES,2026-07-31,1785484500,2026-07-31 04:55:00,9.2,86,0.6,3.6,149,992.5,889.7,0.0,0.0
CARACOLES,2026-07-31,1785484800,2026-07-31 05:00:00,9.3,86,0.6,1.8,163,992.5,889.6,0.0,0.0
CARACOLES,2026-07-31,1785485100,2026-07-31 05:05:00,9.3,85,0.0,0.0,137,992.5,889.7,0.0,0.0
CARACOLES,2026-07-31,1785485400,2026-07-31 05:10:00,9.4,85,2.7,7.2,166,992.5,889.7,0.0,0.0
CARACOLES,2026-07-31,1785485700,2026-07-31 05:15:00,9.8,83,1.0,3.6,153,992.5,889.7,0.0,0.0
CARACOLES,2026-07-31,1785486000,2026-07-31 05:20:00,9.7,84,0.2,1.8,181,992.7,889.9,0.0,0.0
CARACOLES,2026-07-31,1785486300,2026-07-31 05:25:00,9.5,84,0.0,0.0,177,992.6,889.8,0.0,0.0
CARACOLES,2026-07-31,1785486600,2026-07-31 05:30:00,9.5,85,0.1,1.8,189,992.7,889.9,0.0,0.0
CARACOLES,2026-07-31,1785486900,2026-07-31 05:35:00,9.5,84,2.2,5.4,179,992.5,889.7,0.0,0.0
CARACOLES,2026-07-31,1785487200,2026-07-31 05:40:00,9.8,84,0.6,1.8,116,992.7,889.9,0.0,0.0
CARACOLES,2026-07-31,1785487500,2026-07-31 05:45:00,9.8,83,3.4,9.4,170,992.7,889.9,0.0,0.0
CARACOLES,2026-07-31,1785487800,2026-07-31 05:50:00,10.1,82,2.6,5.4,96,992.8,890.0,0.0,0.0
CARACOLES,2026-07-31,1785488100,2026-07-31 05:55:00,9.6,84,1.5,3.6,144,993.0,890.2,0.0,0.0
CARACOLES,2026-07-31,1785488400,2026-07-31 06:00:00,9.7,84,1.7,5.4,211,993.1,890.3,0.0,0.0
CARACOLES,2026-07-31,1785488700,2026-07-31 06:05:00,10.1,81,2.4,7.2,142,993.1,890.3,0.0,0.0
CARACOLES,2026-07-31,1785489000,2026-07-31 06:10:00,11.0,72,2.4,7.2,148,993.1,890.3,0.0,0.0
CARACOLES,2026-07-31,1785489300,2026-07-31 06:15:00,14.1,39,6.0,13.0,237,993.0,890.2,0.0,0.0
CARACOLES,2026-07-31,1785489600,2026-07-31 06:20:00,20.0,24,11.6,23.8,254,992.9,890.2,0.0,0.0
CARACOLES,2026-07-31,1785489900,2026-07-31 06:25:00,22.2,19,12.2,20.2,260,993.0,890.3,0.0,0.0
CARACOLES,2026-07-31,1785490200,2026-07-31 06:30:00,22.8,18,12.1,22.0,264,993.1,890.3,0.0,0.0
CARACOLES,2026-07-31,1785490500,2026-07-31 06:35:00,22.9,18,21.8,36.7,255,993.2,890.4,0.0,0.0
CARACOLES,2026-07-31,1785490800,2026-07-31 06:40:00,22.8,19,19.1,46.1,265,993.5,890.6,0.0,0.0
CARACOLES,2026-07-31,1785491100,2026-07-31 06:45:00,22.6,20,15.9,27.7,225,993.7,890.9,0.0,0.0
CARACOLES,2026-07-31,1785491400,2026-07-31 06:50:00,22.4,20,17.8,51.5,265,993.9,891.1,0.0,0.0
CARACOLES,2026-07-31,1785491700,2026-07-31 06:55:00,22.4,20,15.0,33.1,260,994.2,891.4,0.0,0.0
CARACOLES,2026-07-31,1785492000,2026-07-31 07:00:00,22.1,21,16.6,36.7,285,994.1,891.3,0.0,0.0
CARACOLES,2026-07-31,1785492300,2026-07-31 07:05:00,21.8,22,21.3,51.5,253,994.4,891.6,0.0,0.0
CARACOLES,2026-07-31,1785492600,2026-07-31 07:10:00,21.8,22,19.2,33.1,281,994.4,891.5,0.0,0.0
CARACOLES,2026-07-31,1785492900,2026-07-31 07:15:00,21.8,22,13.0,20.2,261,994.5,891.7,0.0,0.0
CARACOLES,2026-07-31,1785493200,2026-07-31 07:20:00,21.7,22,5.9,11.2,233,994.6,891.8,0.0,0.0
CARACOLES,2026-07-31,1785493500,2026-07-31 07:25:00,21.8,21,6.4,14.8,265,994.7,891.9,0.0,0.0
CARACOLES,2026-07-31,1785493800,2026-07-31 07:30:00,21.8,21,13.2,23.8,272,994.7,891.9,0.0,0.0
CARACOLES,2026-07-31,1785494100,2026-07-31 07:35:00,21.9,21,7.1,20.2,201,995.0,892.2,0.0,0.0
CARACOLES,2026-07-31,1785494400,2026-07-31 07:40:00,21.4,23,4.7,14.8,328,995.2,892.4,0.0,0.0
CARACOLES,2026-07-31,1785494700,2026-07-31 07:45:00,21.4,22,6.5,18.4,123,995.5,892.7,0.0,0.0
CARACOLES,2026-07-31,1785495000,2026-07-31 07:50:00,21.6,21,13.9,27.7,242,995.7,892.8,0.0,0.0
CARACOLES,2026-07-31,1785495300,2026-07-31 07:55:00,21.5,22,9.2,22.0,243,995.8,893.0,0.0,0.0
CARACOLES,2026-07-31,1785495600,2026-07-31 08:00:00,21.4,22,6.0,20.2,256,996.0,893.2,0.0,0.1
CARACOLES,2026-07-31,1785495900,2026-07-31 08:05:00,21.2,22,8.4,16.6,199,996.2,893.4,0.0,0.2
CARACOLES,2026-07-31,1785496200,2026-07-31 08:10:00,21.3,22,2.4,9.4,192,996.4,893.6,0.0,0.5
CARACOLES,2026-07-31,1785496500,2026-07-31 08:15:00,21.0,23,6.7,20.2,226,996.4,893.6,0.0,1.4
CARACOLES,2026-07-31,1785496800,2026-07-31 08:20:00,20.8,23,0.0,0.0,183,996.5,893.7,0.0,3.5
CARACOLES,2026-07-31,1785497100,2026-07-31 08:25:00,20.6,23,8.5,25.6,250,996.3,893.5,0.0,6.2
CARACOLES,2026-07-31,1785497400,2026-07-31 08:30:00,20.9,23,9.4,22.0,243,996.6,893.7,0.0,11.4
CARACOLES,2026-07-31,1785497700,2026-07-31 08:35:00,20.9,23,12.0,34.9,247,996.7,893.9,0.0,15.4
CARACOLES,2026-07-31,1785498000,2026-07-31 08:40:00,20.8,23,13.8,33.1,250,996.7,893.9,0.0,19.4
CARACOLES,2026-07-31,1785498300,2026-07-31 08:45:00,20.8,23,10.9,16.6,317,996.6,893.8,0.0,23.6
CARACOLES,2026-07-31,1785498600,2026-07-31 08:50:00,20.7,23,13.9,23.8,248,996.9,894.2,0.0,40.9
CARACOLES,2026-07-31,1785498900,2026-07-31 08:55:00,20.6,23,9.8,14.8,260,996.8,894.0,0.0,55.7
CARACOLES,2026-07-31,1785499200,2026-07-31 09:00:00,20.6,23,18.0,36.7,243,996.8,894.0,0.0,57.4
CARACOLES,2026-07-31,1785499500,2026-07-31 09:05:00,20.7,22,14.6,25.6,237,996.7,893.9,0.0,58.5
CARACOLES,2026-07-31,1785499800,2026-07-31 09:10:00,20.7,22,12.3,22.0,256,996.6,893.8,0.0,61.5
CARACOLES,2026-07-31,1785500100,2026-07-31 09:15:00,20.6,22,14.5,33.1,272,996.8,893.9,0.0,62.0
CARACOLES,2026-07-31,1785500400,2026-07-31 09:20:00,20.8,22,14.7,34.9,249,996.7,893.9,0.0,91.8
CARACOLES,2026-07-31,1785500700,2026-07-31 09:25:00,21.0,21,16.8,27.7,237,996.9,894.1,0.0,94.3
CARACOLES,2026-07-31,1785501000,2026-07-31 09:30:00,21.1,21,16.3,33.1,257,996.7,893.9,0.0,104.9
CARACOLES,2026-07-31,1785501300,2026-07-31 09:35:00,21.2,21,16.0,23.8,248,996.7,893.9,0.0,112.2
CARACOLES,2026-07-31,1785501600,2026-07-31 09:40:00,21.2,21,8.6,23.8,265,996.5,893.7,0.0,122.3
CARACOLES,2026-07-31,1785501900,2026-07-31 09:45:00,21.2,21,8.5,20.2,226,996.8,894.0,0.0,119.4
CARACOLES,2026-07-31,1785502200,2026-07-31 09:50:00,21.2,21,16.4,33.1,262,996.5,893.7,0.0,83.8
CARACOLES,2026-07-31,1785502500,2026-07-31 09:55:00,21.0,21,15.8,29.5,244,996.4,893.6,0.0,65.3
CARACOLES,2026-07-31,1785502800,2026-07-31 10:00:00,21.0,21,15.6,33.1,254,996.2,893.4,0.0,68.6
CARACOLES,2026-07-31,1785503100,2026-07-31 10:05:00,21.1,20,8.6,16.6,229,996.4,893.6,0.0,79.9
CARACOLES,2026-07-31,1785503400,2026-07-31 10:10:00,21.0,21,9.4,16.6,237,996.2,893.4,0.0,104.9
CARACOLES,2026-07-31,1785503700,2026-07-31 10:15:00,21.1,20,17.3,31.3,251,996.3,893.5,0.0,170.5
CARACOLES,2026-07-31,1785504000,2026-07-31 10:20:00,21.4,20,11.9,20.2,232,995.9,893.1,0.0,169.8
CARACOLES,2026-07-31,1785504300,2026-07-31 10:25:00,21.5,20,8.1,14.8,278,996.0,893.2,0.0,167.7
CARACOLES,2026-07-31,1785504600,2026-07-31 10:30:00,21.6,20,6.4,13.0,246,995.7,892.9,0.0,174.2
CARACOLES,2026-07-31,1785504900,2026-07-31 10:35:00,21.5,20,5.4,7.2,181,995.5,892.7,0.0,187.0
CARACOLES,2026-07-31,1785505200,2026-07-31 10:40:00,21.8,20,1.0,3.6,215,995.3,892.5,0.0,202.3
CARACOLES,2026-07-31,1785505500,2026-07-31 10:45:00,22.6,20,1.3,5.4,114,995.4,892.6,0.0,196.0
CARACOLES,2026-07-31,1785505800,2026-07-31 10:50:00,22.3,21,5.9,14.8,97,995.3,892.5,0.0,211.0
CARACOLES,2026-07-31,1785506100,2026-07-31 10:55:00,22.2,20,4.0,9.4,123,995.2,892.4,0.0,220.4
CARACOLES,2026-07-31,1785506400,2026-07-31 11:00:00,22.4,20,2.1,7.2,95,995.2,892.4,0.0,231.8
CARACOLES,2026-07-31,1785506700,2026-07-31 11:05:00,22.5,21,7.7,20.2,180,995.1,892.3,0.0,238.3
CARACOLES,2026-07-31,1785507000,2026-07-31 11:10:00,21.9,20,14.7,29.5,223,994.9,892.2,0.0,250.2
CARACOLES,2026-07-31,1785507300,2026-07-31 11:15:00,21.9,20,8.1,18.4,218,994.8,892.0,0.0,259.3
CARACOLES,2026-07-31,1785507600,2026-07-31 11:20:00,22.2,19,15.6,38.5,222,994.6,891.8,0.0,267.5
CARACOLES,2026-07-31,1785507900,2026-07-31 11:25:00,22.0,19,14.1,23.8,252,994.7,891.9,0.0,275.5
CARACOLES,2026-07-31,1785508200,2026-07-31 11:30:00,22.0,19,14.7,31.3,267,994.9,892.1,0.0,285.4
CARACOLES,2026-07-31,1785508500,2026-07-31 11:35:00,22.2,19,21.8,31.3,246,994.8,892.0,0.0,295.5
CARACOLES,2026-07-31,1785508800,2026-07-31 11:40:00,22.3,19,30.2,47.9,243,994.8,892.0,0.0,305.2
CARACOLES,2026-07-31,1785509100,2026-07-31 11:45:00,22.4,19,26.5,47.9,265,994.6,891.8,0.0,313.9
CARACOLES,2026-07-31,1785509400,2026-07-31 11:50:00,22.5,19,18.1,42.1,240,994.6,891.8,0.0,324.2
CARACOLES,2026-07-31,1785509700,2026-07-31 11:55:00,22.7,19,19.4,33.1,264,994.6,891.8,0.0,336.4
CARACOLES,2026-07-31,1785510000,2026-07-31 12:00:00,22.7,19,24.2,42.1,255,994.6,891.8,0.0,347.1
CARACOLES,2026-07-31,1785510300,2026-07-31 12:05:00,22.7,20,26.6,60.5,249,994.5,891.7,0.0,351.1
CARACOLES,2026-07-31,1785510600,2026-07-31 12:10:00,22.8,20,19.7,31.3,237,994.5,891.7,0.0,357.0
CARACOLES,2026-07-31,1785510900,2026-07-31 12:15:00,22.9,20,27.0,51.5,253,994.5,891.6,0.0,361.9
CARACOLES,2026-07-31,1785511200,2026-07-31 12:20:00,22.8,20,24.6,49.7,242,994.6,891.8,0.0,366.6
CARACOLES,2026-07-31,1785511500,2026-07-31 12:25:00,22.8,20,31.3,51.5,250,994.4,891.6,0.0,371.7
CARACOLES,2026-07-31,1785511800,2026-07-31 12:30:00,22.8,20,14.5,25.6,227,994.4,891.6,0.0,379.3
CARACOLES,2026-07-31,1785512100,2026-07-31 12:35:00,23.0,20,24.6,49.7,245,994.3,891.4,0.0,387.7
CARACOLES,2026-07-31,1785512400,2026-07-31 12:40:00,23.0,20,24.3,49.7,238,994.6,891.8,0.0,392.8
CARACOLES,2026-07-31,1785512700,2026-07-31 12:45:00,22.8,20,16.7,33.1,219,994.7,891.9,0.0,400.2
CARACOLES,2026-07-31,1785513000,2026-07-31 12:50:00,22.9,20,29.6,56.9,250,994.6,891.8,0.0,404.9
CARACOLES,2026-07-31,1785513300,2026-07-31 12:55:00,22.8,20,26.6,53.3,243,994.4,891.6,0.0,408.8
CARACOLES,2026-07-31,1785513600,2026-07-31 13:00:00,22.8,21,20.3,56.9,273,994.5,891.7,0.0,410.0
CARACOLES,2026-07-31,1785513900,2026-07-31 13:05:00,22.8,21,16.3,29.5,256,994.7,891.9,0.0,415.2
CARACOLES,2026-07-31,1785514200,2026-07-31 13:10:00,22.8,21,20.6,53.3,266,994.8,892.0,0.0,419.2
CARACOLES,2026-07-31,1785514500,2026-07-31 13:15:00,22.9,21,14.8,22.0,254,994.8,892.0,0.0,422.3
CARACOLES,2026-07-31,1785514800,2026-07-31 13:20:00,22.9,21,17.9,43.9,234,994.9,892.2,0.0,426.8
CARACOLES,2026-07-31,1785515100,2026-07-31 13:25:00,22.9,21,27.4,62.3,233,994.9,892.2,0.0,428.2
CARACOLES,2026-07-31,1785515400,2026-07-31 13:30:00,22.8,21,22.3,51.5,252,995.5,892.7,0.0,435.6
CARACOLES,2026-07-31,1785515700,2026-07-31 13:35:00,22.7,21,26.7,49.7,250,995.4,892.6,0.0,439.1
CARACOLES,2026-07-31,1785516000,2026-07-31 13:40:00,22.8,22,27.4,46.1,257,995.4,892.6,0.0,462.6
CARACOLES,2026-07-31,1785516300,2026-07-31 13:45:00,22.5,22,21.2,43.9,259,995.3,892.5,0.0,449.1
CARACOLES,2026-07-31,1785516600,2026-07-31 13:50:00,22.6,22,16.1,36.7,295,995.5,892.7,0.0,445.8
CARACOLES,2026-07-31,1785516900,2026-07-31 13:55:00,22.5,22,16.7,33.1,242,995.3,892.5,0.0,443.3
CARACOLES,2026-07-31,1785517200,2026-07-31 14:00:00,22.5,22,20.4,36.7,258,995.5,892.7,0.0,454.5
CARACOLES,2026-07-31,1785517500,2026-07-31 14:05:00,22.6,23,22.1,47.9,260,995.8,893.0,0.0,452.0
CARACOLES,2026-07-31,1785517800,2026-07-31 14:10:00,22.5,23,11.4,29.5,287,995.9,893.1,0.0,447.6
CARACOLES,2026-07-31,1785518100,2026-07-31 14:15:00,22.3,24,20.2,36.7,226,995.9,893.1,0.0,451.3
CARACOLES,2026-07-31,1785518400,2026-07-31 14:20:00,22.0,24,13.2,22.0,234,995.9,893.1,0.0,459.4
CARACOLES,2026-07-31,1785518700,2026-07-31 14:25:00,21.9,24,27.0,47.9,263,995.9,893.1,0.0,438.1
CARACOLES,2026-07-31,1785519000,2026-07-31 14:30:00,21.7,25,15.3,33.1,233,996.0,893.2,0.0,434.2
CARACOLES,2026-07-31,1785519300,2026-07-31 14:35:00,21.8,25,10.4,29.5,154,995.9,893.1,0.0,451.2
CARACOLES,2026-07-31,1785519600,2026-07-31 14:40:00,21.5,25,13.8,27.7,130,995.9,893.1,0.0,439.8
CARACOLES,2026-07-31,1785519900,2026-07-31 14:45:00,21.6,24,21.7,31.3,268,996.0,893.2,0.0,434.5
CARACOLES,2026-07-31,1785520200,2026-07-31 14:50:00,21.7,24,21.6,38.5,242,996.1,893.3,0.0,431.5
CARACOLES,2026-07-31,1785520500,2026-07-31 14:55:00,21.7,24,19.5,38.5,245,996.3,893.5,0.0,350.7
CARACOLES,2026-07-31,1785520800,2026-07-31 15:00:00,21.3,24,24.6,40.3,281,996.3,893.5,0.0,384.8
CARACOLES,2026-07-31,1785521100,2026-07-31 15:05:00,21.2,24,20.7,38.5,242,996.1,893.3,0.0,413.4
CARACOLES,2026-07-31,1785521400,2026-07-31 15:10:00,21.2,24,17.3,43.9,249,996.1,893.3,0.0,388.1
CARACOLES,2026-07-31,1785521700,2026-07-31 15:15:00,21.3,25,22.4,40.3,250,996.5,893.7,0.0,370.8
CARACOLES,2026-07-31,1785522000,2026-07-31 15:20:00,21.0,26,13.9,23.8,250,996.7,893.9,0.0,294.6
CARACOLES,2026-07-31,1785522300,2026-07-31 15:25:00,21.0,26,17.5,25.6,285,996.7,893.9,0.0,388.6
CARACOLES,2026-07-31,1785522600,2026-07-31 15:30:00,21.2,25,12.0,29.5,245,996.7,893.9,0.0,383.5
