estacion,fecha,hora_unix,fecha_hora,temp_c,humedad_pct,viento_kmh,viento_rafaga_kmh,direcc_grados,presion_relativa_hpa,presion_absoluta_hpa,lluvia_diaria_mm,solar_wm2
INTA_POCITO,2026-08-06,1786012200,2026-08-06 07:30:00,14.1,80,6.8,7.2,178,1014.0,933.4,0.0,0.0
ECOHUMUS,2026-08-06,1785985200,2026-08-06 00:00:00,12.7,71,6.6,16.6,356,935.1,935.1,0.0,0.0
ECOHUMUS,2026-08-06,1785985500,2026-08-06 00:05:00,13.4,69,4.8,13.0,345,935.2,935.2,0.0,0.0
ECOHUMUS,2026-08-06,1785985800,2026-08-06 00:10:00,13.5,69,4.8,9.4,309,935.2,935.2,0.0,0.0
ECOHUMUS,2026-08-06,1785986100,2026-08-06 00:15:00,13.2,70,4.0,7.2,315,935.1,935.1,0.0,0.0
ECOHUMUS,2026-08-06,1785986400,2026-08-06 00:20:00,13.2,70,3.6,7.2,348,935.0,935.0,0.0,0.0
ECOHUMUS,2026-08-06,1785986700,2026-08-06 00:25:00,13.7,68,5.5,11.2,31,934.7,934.7,0.0,0.0
ECOHUMUS,2026-08-06,1785987000,2026-08-06 00:30:00,13.7,68,4.2,9.4,12,934.7,934.7,0.0,0.0
ECOHUMUS,2026-08-06,1785987300,2026-08-06 00:35:00,13.7,67,3.5,9.4,0,934.6,934.6,0.0,0.0
ECOHUMUS,2026-08-06,1785987600,2026-08-06 00:40:00,13.5,67,2.4,5.4,25,934.6,934.6,0.0,0.0
ECOHUMUS,2026-08-06,1785987900,2026-08-06 00:45:00,14.0,65,2.7,7.2,347,934.8,934.8,0.0,0.0
ECOHUMUS,2026-08-06,1785988200,2026-08-06 00:50:00,13.5,67,4.7,7.2,144,934.7,934.7,0.0,0.0
ECOHUMUS,2026-08-06,1785988500,2026-08-06 00:55:00,12.2,70,2.5,7.2,159,934.7,934.7,0.0,0.0
ECOHUMUS,2026-08-06,1785988800,2026-08-06 01:00:00,12.1,70,1.0,3.6,159,934.8,934.8,0.0,0.0
ECOHUMUS,2026-08-06,1785989100,2026-08-06 01:05:00,11.7,71,1.9,3.6,198,934.8,934.8,0.0,0.0
ECOHUMUS,2026-08-06,1785989400,2026-08-06 01:10:00,11.2,73,2.4,3.6,196,934.6,934.6,0.0,0.0
ECOHUMUS,2026-08-06,1785989700,2026-08-06 01:15:00,11.7,72,1.7,5.4,163,934.7,934.7,0.0,0.0
ECOHUMUS,2026-08-06,1785990000,2026-08-06 01:20:00,11.9,71,1.3,5.4,121,934.5,934.5,0.0,0.0
ECOHUMUS,2026-08-06,1785990300,2026-08-06 01:25:00,11.9,70,1.4,3.6,202,934.5,934.5,0.0,0.0
ECOHUMUS,2026-08-06,1785990600,2026-08-06 01:30:00,12.0,70,1.0,5.4,186,934.4,934.4,0.0,0.0
ECOHUMUS,2026-08-06,1785990900,2026-08-06 01:35:00,12.8,66,2.3,11.2,245,934.2,934.2,0.0,0.0
ECOHUMUS,2026-08-06,1785991200,2026-08-06 01:40:00,14.3,60,1.4,11.2,224,934.2,934.2,0.0,0.0
ECOHUMUS,2026-08-06,1785991500,2026-08-06 01:45:00,13.8,61,1.7,5.4,258,934.1,934.1,0.0,0.0
ECOHUMUS,2026-08-06,1785991800,2026-08-06 01:50:00,14.3,58,1.7,5.4,290,933.9,933.9,0.0,0.0
ECOHUMUS,2026-08-06,1785992100,2026-08-06 01:55:00,14.7,55,2.9,7.2,291,933.9,933.9,0.0,0.0
ECOHUMUS,2026-08-06,1785992400,2026-08-06 02:00:00,15.6,49,3.2,9.4,315,933.8,933.8,0.0,0.0
ECOHUMUS,2026-08-06,1785992700,2026-08-06 02:05:00,15.7,51,0.3,1.8,331,933.9,933.9,0.0,0.0
ECOHUMUS,2026-08-06,1785993000,2026-08-06 02:10:00,14.8,52,0.1,1.8,331,933.9,933.9,0.0,0.0
ECOHUMUS,2026-08-06,1785993300,2026-08-06 02:15:00,14.7,47,2.7,5.4,259,934.1,934.1,0.0,0.0
ECOHUMUS,2026-08-06,1785993600,2026-08-06 02:20:00,16.3,37,2.4,5.4,256,934.0,934.0,0.0,0.0
ECOHUMUS,2026-08-06,1785993900,2026-08-06 02:25:00,15.9,45,1.5,5.4,213,933.9,933.9,0.0,0.0
ECOHUMUS,2026-08-06,1785994200,2026-08-06 02:30:00,13.8,49,5.3,14.8,217,933.6,933.6,0.0,0.0
ECOHUMUS,2026-08-06,1785994500,2026-08-06 02:35:00,15.0,43,1.9,9.4,351,933.8,933.8,0.0,0.0
ECOHUMUS,2026-08-06,1785994800,2026-08-06 02:40:00,14.7,44,1.1,1.8,215,933.6,933.6,0.0,0.0
ECOHUMUS,2026-08-06,1785995100,2026-08-06 02:45:00,14.8,33,4.4,25.6,124,933.5,933.5,0.0,0.0
ECOHUMUS,2026-08-06,1785995400,2026-08-06 02:50:00,21.8,15,14.3,29.5,327,933.5,933.5,0.0,0.0
ECOHUMUS,2026-08-06,1785995700,2026-08-06 02:55:00,23.5,14,14.1,43.9,290,933.4,933.4,0.0,0.0
ECOHUMUS,2026-08-06,1785996000,2026-08-06 03:00:00,24.2,13,16.3,33.1,299,933.4,933.4,0.0,0.0
ECOHUMUS,2026-08-06,1785996300,2026-08-06 03:05:00,24.3,12,20.5,36.7,314,933.5,933.5,0.0,0.0
ECOHUMUS,2026-08-06,1785996600,2026-08-06 03:10:00,24.7,12,18.6,42.1,323,933.5,933.5,0.0,0.0
ECOHUMUS,2026-08-06,1785996900,2026-08-06 03:15:00,24.7,12,21.2,36.7,324,933.5,933.5,0.0,0.0
ECOHUMUS,2026-08-06,1785997200,2026-08-06 03:20:00,24.4,12,16.3,33.1,335,933.5,933.5,0.0,0.0
ECOHUMUS,2026-08-06,1785997500,2026-08-06 03:25:00,24.2,12,15.3,31.3,319,933.5,933.5,0.0,0.0
ECOHUMUS,2026-08-06,1785997800,2026-08-06 03:30:00,23.8,13,10.9,20.2,305,933.6,933.6,0.0,0.0
ECOHUMUS,2026-08-06,1785998100,2026-08-06 03:35:00,23.8,12,13.8,22.0,288,933.6,933.6,0.0,0.0
ECOHUMUS,2026-08-06,1785998400,2026-08-06 03:40:00,23.8,12,14.2,31.3,334,933.6,933.6,0.0,0.0
ECOHUMUS,2026-08-06,1785998700,2026-08-06 03:45:00,23.8,12,13.9,31.3,354,933.5,933.5,0.0,0.0
ECOHUMUS,2026-08-06,1785999000,2026-08-06 03:50:00,24.0,12,13.3,23.8,325,933.5,933.5,0.0,0.0
ECOHUMUS,2026-08-06,1785999300,2026-08-06 03:55:00,23.5,13,8.6,20.2,316,933.6,933.6,0.0,0.0
ECOHUMUS,2026-08-06,1785999600,2026-08-06 04:00:00,23.2,13,8.9,16.6,312,933.8,933.8,0.0,0.0
ECOHUMUS,2026-08-06,1785999900,2026-08-06 04:05:00,22.8,13,5.9,14.8,280,933.8,933.8,0.0,0.0
ECOHUMUS,2026-08-06,1786000200,2026-08-06 04:10:00,22.3,14,3.9,9.4,275,933.7,933.7,0.0,0.0
ECOHUMUS,2026-08-06,1786000500,2026-08-06 04:15:00,21.7,14,4.7,11.2,270,933.7,933.7,0.0,0.0
ECOHUMUS,2026-08-06,1786000800,2026-08-06 04:20:00,21.7,14,3.2,11.2,277,933.9,933.9,0.0,0.0
ECOHUMUS,2026-08-06,1786001100,2026-08-06 04:25:00,21.4,14,5.3,11.2,344,933.9,933.9,0.0,0.0
ECOHUMUS,2026-08-06,1786003200,2026-08-06 05:00:00,10.7,72,7.0,13.0,158,934.9,934.9,0.0,0.0
ECOHUMUS,2026-08-06,1786003500,2026-08-06 05:05:00,9.9,77,4.0,7.2,135,935.3,935.3,0.0,0.0
ECOHUMUS,2026-08-06,1786003800,2026-08-06 05:10:00,9.6,80,5.8,9.4,143,935.5,935.5,0.0,0.0
ECOHUMUS,2026-08-06,1786004100,2026-08-06 05:15:00,9.4,81,4.6,9.4,140,935.5,935.5,0.0,0.0
ECOHUMUS,2026-08-06,1786004400,2026-08-06 05:20:00,9.3,83,5.5,9.4,159,936.0,936.0,0.0,0.0
ECOHUMUS,2026-08-06,1786004700,2026-08-06 05:25:00,9.9,84,10.4,22.0,178,936.2,936.2,0.0,0.0
ECOHUMUS,2026-08-06,1786005000,2026-08-06 05:30:00,11.1,87,14.5,23.8,165,936.5,936.5,0.0,0.0
ECOHUMUS,2026-08-06,1786005300,2026-08-06 05:35:00,11.2,91,13.7,23.8,141,936.7,936.7,0.0,0.0
ECOHUMUS,2026-08-06,1786005600,2026-08-06 05:40:00,11.1,92,12.7,20.2,138,937.1,937.1,0.0,0.0
ECOHUMUS,2026-08-06,1786005900,2026-08-06 05:45:00,11.2,93,13.5,25.6,126,937.4,937.4,0.0,0.0
ECOHUMUS,2026-08-06,1786006200,2026-08-06 05:50:00,11.3,94,14.8,23.8,142,937.4,937.4,0.0,0.0
ECOHUMUS,2026-08-06,1786006500,2026-08-06 05:55:00,11.2,94,10.5,20.2,134,937.5,937.5,0.0,0.0
ECOHUMUS,2026-08-06,1786006800,2026-08-06 06:00:00,10.3,95,9.1,18.4,122,937.7,937.7,0.0,0.0
ECOHUMUS,2026-08-06,1786007100,2026-08-06 06:05:00,10.6,95,10.7,18.4,135,937.9,937.9,0.0,0.0
ECOHUMUS,2026-08-06,1786007400,2026-08-06 06:10:00,10.8,95,8.7,16.6,152,938.1,938.1,0.0,0.0
ECOHUMUS,2026-08-06,1786007700,2026-08-06 06:15:00,11.1,96,11.7,18.4,149,938.2,938.2,0.0,0.0
ECOHUMUS,2026-08-06,1786008000,2026-08-06 06:20:00,11.2,95,11.1,22.0,143,938.4,938.4,0.0,0.0
ECOHUMUS,2026-08-06,1786008300,2026-08-06 06:25:00,11.5,94,12.1,22.0,162,938.6,938.6,0.0,0.0
ECOHUMUS,2026-08-06,1786008600,2026-08-06 06:30:00,12.1,93,12.2,23.8,142,938.8,938.8,0.0,0.0
ECOHUMUS,2026-08-06,1786008900,2026-08-06 06:35:00,12.4,92,12.0,22.0,141,939.1,939.1,0.0,0.0
ECOHUMUS,2026-08-06,1786009200,2026-08-06 06:40:00,12.7,91,13.3,25.6,145,939.4,939.4,0.0,0.0
ECOHUMUS,2026-08-06,1786009500,2026-08-06 06:45:00,12.9,91,12.1,20.2,151,939.7,939.7,0.0,0.0
ECOHUMUS,2026-08-06,1786009800,2026-08-06 06:50:00,13.0,91,11.5,25.6,169,939.8,939.8,0.0,0.0
ECOHUMUS,2026-08-06,1786010100,2026-08-06 06:55:00,13.0,91,12.5,23.8,144,940.1,940.1,0.0,0.0
ECOHUMUS,2026-08-06,1786010400,2026-08-06 07:00:00,13.1,91,9.2,20.2,156,940.5,940.5,0.0,0.0
ECOHUMUS,2026-08-06,1786010700,2026-08-06 07:05:00,13.2,91,8.8,14.8,169,940.8,940.8,0.0,0.0
ECOHUMUS,2026-08-06,1786011000,2026-08-06 07:10:00,13.2,91,8.1,16.6,154,941.1,941.1,0.0,0.0
ECOHUMUS,2026-08-06,1786011300,2026-08-06 07:15:00,13.2,91,11.1,16.6,154,941.3,941.3,0.0,0.0
ECOHUMUS,2026-08-06,1786011600,2026-08-06 07:20:00,13.2,91,8.5,14.8,160,941.5,941.5,0.0,0.0
ECOHUMUS,2026-08-06,1786011900,2026-08-06 07:25:00,13.3,90,10.3,16.6,168,941.5,941.5,0.0,0.0
ECOHUMUS,2026-08-06,1786012200,2026-08-06 07:30:00,13.4,90,11.0,18.4,148,941.7,941.7,0.0,0.0
ECOHUMUS,2026-08-06,1786012500,2026-08-06 07:35:00,13.5,90,8.9,18.4,159,941.9,941.9,0.0,0.0
ECOHUMUS,2026-08-06,1786012800,2026-08-06 07:40:00,13.5,90,11.2,16.6,175,942.3,942.3,0.0,0.0
ECOHUMUS,2026-08-06,1786013100,2026-08-06 07:45:00,13.5,90,11.8,18.4,178,942.5,942.5,0.0,0.0
ECOHUMUS,2026-08-06,1786013400,2026-08-06 07:50:00,13.5,91,13.0,20.2,182,942.7,942.7,0.0,0.0
ECOHUMUS,2026-08-06,1786013700,2026-08-06 07:55:00,13.4,91,12.7,20.2,185,942.9,942.9,0.0,0.0
ECOHUMUS,2026-08-06,1786014000,2026-08-06 08:00:00,13.3,91,11.1,16.6,182,943.0,943.0,0.0,0.1
ECOHUMUS,2026-08-06,1786014300,2026-08-06 08:05:00,13.2,91,12.9,22.0,182,943.2,943.2,0.0,0.2
ECOHUMUS,2026-08-06,1786014600,2026-08-06 08:10:00,13.2,91,13.2,23.8,163,943.3,943.3,0.0,0.8
ECOHUMUS,2026-08-06,1786014900,2026-08-06 08:15:00,13.1,90,11.0,23.8,182,943.5,943.5,0.0,1.6
ECOHUMUS,2026-08-06,1786015200,2026-08-06 08:20:00,13.1,90,10.2,20.2,180,943.8,943.8,0.0,2.3
ECOHUMUS,2026-08-06,1786015500,2026-08-06 08:25:00,13.0,90,13.3,22.0,183,943.8,943.8,0.0,2.8
ECOHUMUS,2026-08-06,1786015800,2026-08-06 08:30:00,13.0,90,14.2,22.0,178,944.1,944.1,0.0,2.3
ECOHUMUS,2026-08-06,1786016100,2026-08-06 08:35:00,13.0,90,14.8,23.8,190,944.3,944.3,0.0,2.6
ECOHUMUS,2026-08-06,1786016400,2026-08-06 08:40:00,13.1,89,16.2,31.3,175,944.5,944.5,0.0,2.3
ECOHUMUS,2026-08-06,1786016700,2026-08-06 08:45:00,13.0,88,16.6,36.7,183,944.5,944.5,0.0,4.3
ECOHUMUS,2026-08-06,1786017000,2026-08-06 08:50:00,12.9,85,21.1,34.9,162,944.8,944.8,0.0,13.0
ECOHUMUS,2026-08-06,1786017300,2026-08-06 08:55:00,12.9,79,22.4,38.5,156,945.0,945.0,0.0,19.4
ECOHUMUS,2026-08-06,1786017600,2026-08-06 09:00:00,12.9,75,16.8,31.3,171,945.4,945.4,0.0,20.9
ECOHUMUS,2026-08-06,1786017900,2026-08-06 09:05:00,12.9,74,17.1,29.5,174,945.6,945.6,0.0,35.8
ECOHUMUS,2026-08-06,1786018200,2026-08-06 09:10:00,12.8,73,16.4,27.7,168,945.8,945.8,0.0,58.2
ECOHUMUS,2026-08-06,1786018500,2026-08-06 09:15:00,12.8,72,17.6,33.1,158,945.8,945.8,0.0,56.5
ECOHUMUS,2026-08-06,1786018800,2026-08-06 09:20:00,12.9,71,18.3,29.5,148,946.0,946.0,0.0,69.5
ECOHUMUS,2026-08-06,1786019100,2026-08-06 09:25:00,12.9,71,16.4,27.7,151,946.1,946.1,0.0,73.6
ECOHUMUS,2026-08-06,1786019400,2026-08-06 09:30:00,12.9,71,16.2,29.5,161,946.1,946.1,0.0,84.0
ECOHUMUS,2026-08-06,1786019700,2026-08-06 09:35:00,12.9,72,13.5,29.5,165,946.6,946.6,0.0,113.7
ECOHUMUS,2026-08-06,1786020000,2026-08-06 09:40:00,12.9,72,16.6,27.7,159,946.7,946.7,0.0,156.2
ECOHUMUS,2026-08-06,1786020300,2026-08-06 09:45:00,13.1,71,16.1,33.1,161,946.9,946.9,0.0,170.3
ECOHUMUS,2026-08-06,1786020600,2026-08-06 09:50:00,13.4,68,16.1,29.5,143,947.0,947.0,0.0,170.1
ECOHUMUS,2026-08-06,1786020900,2026-08-06 09:55:00,13.2,67,20.4,29.5,147,947.1,947.1,0.0,167.3
ECOHUMUS,2026-08-06,1786021200,2026-08-06 10:00:00,13.2,66,16.6,34.9,137,947.5,947.5,0.0,174.8
ECOHUMUS,2026-08-06,1786021500,2026-08-06 10:05:00,13.1,65,13.7,23.8,169,947.7,947.7,0.0,192.2
ECOHUMUS,2026-08-06,1786021800,2026-08-06 10:10:00,13.0,63,19.1,36.7,166,947.8,947.8,0.0,235.9
ECOHUMUS,2026-08-06,1786022100,2026-08-06 10:15:00,13.2,61,19.0,34.9,170,948.0,948.0,0.0,256.5
ECOHUMUS,2026-08-06,1786022400,2026-08-06 10:20:00,13.4,59,16.1,34.9,177,948.1,948.1,0.0,260.2
ECOHUMUS,2026-08-06,1786022700,2026-08-06 10:25:00,13.4,59,20.4,40.3,183,948.3,948.3,0.0,281.6
ECOHUMUS,2026-08-06,1786023000,2026-08-06 10:30:00,13.1,58,22.3,43.9,175,948.6,948.6,0.0,205.0
ECOHUMUS,2026-08-06,1786023300,2026-08-06 10:35:00,12.8,59,18.4,33.1,169,948.8,948.8,0.0,282.0
ECOHUMUS,2026-08-06,1786023600,2026-08-06 10:40:00,12.9,58,17.9,31.3,174,948.9,948.9,0.0,331.5
ECOHUMUS,2026-08-06,1786023900,2026-08-06 10:45:00,13.3,58,18.5,31.3,187,948.9,948.9,0.0,283.5
ECOHUMUS,2026-08-06,1786024200,2026-08-06 10:50:00,13.3,58,16.3,31.3,186,949.1,949.1,0.0,321.4
ECOHUMUS,2026-08-06,1786024500,2026-08-06 10:55:00,13.4,58,15.3,23.8,187,949.1,949.1,0.0,392.4
ECOHUMUS,2026-08-06,1786024800,2026-08-06 11:00:00,13.6,57,19.3,33.1,178,949.4,949.4,0.0,420.8
ECOHUMUS,2026-08-06,1786025100,2026-08-06 11:05:00,13.4,57,15.0,29.5,172,949.4,949.4,0.0,354.9
ECOHUMUS,2026-08-06,1786025400,2026-08-06 11:10:00,13.5,57,17.7,33.1,192,949.5,949.5,0.0,358.8
ECOHUMUS,2026-08-06,1786025700,2026-08-06 11:15:00,13.4,57,19.1,34.9,186,949.7,949.7,0.0,407.1
ECOHUMUS,2026-08-06,1786026000,2026-08-06 11:20:00,13.6,57,18.5,31.3,187,949.9,949.9,0.0,395.4
ECOHUMUS,2026-08-06,1786026300,2026-08-06 11:25:00,13.1,59,20.0,29.5,204,949.9,949.9,0.0,315.2
ECOHUMUS,2026-08-06,1786026600,2026-08-06 11:30:00,12.8,59,15.5,29.5,152,950.0,950.0,0.0,428.0
ECOHUMUS,2026-08-06,1786026900,2026-08-06 11:35:00,13.0,59,16.3,29.5,160,950.1,950.1,0.0,367.6
ECOHUMUS,2026-08-06,1786027200,2026-08-06 11:40:00,12.8,59,17.4,34.9,177,950.1,950.1,0.0,432.5
ECOHUMUS,2026-08-06,1786027500,2026-08-06 11:45:00,12.9,60,20.9,31.3,188,950.1,950.1,0.0,415.6
ECOHUMUS,2026-08-06,1786027800,2026-08-06 11:50:00,12.5,60,18.1,27.7,161,950.0,950.0,0.0,436.2
ECOHUMUS,2026-08-06,1786028100,2026-08-06 11:55:00,12.8,59,17.3,33.1,163,950.0,950.0,0.0,418.4
ECOHUMUS,2026-08-06,1786028400,2026-08-06 12:00:00,13.0,57,15.3,33.1,160,949.9,949.9,0.0,419.9
ECOHUMUS,2026-08-06,1786028700,2026-08-06 12:05:00,12.8,58,18.4,31.3,172,950.0,950.0,0.0,447.1
ECOHUMUS,2026-08-06,1786029000,2026-08-06 12:10:00,13.0,54,19.5,34.9,154,950.1,950.1,0.0,435.4
ECOHUMUS,2026-08-06,1786029300,2026-08-06 12:15:00,13.3,54,18.3,27.7,159,950.0,950.0,0.0,443.0
ECOHUMUS,2026-08-06,1786029600,2026-08-06 12:20:00,13.2,55,18.0,31.3,175,950.0,950.0,0.0,463.4
ECOHUMUS,2026-08-06,1786029900,2026-08-06 12:25:00,13.4,54,17.2,29.5,174,950.0,950.0,0.0,460.5
ECOHUMUS,2026-08-06,1786030200,2026-08-06 12:30:00,13.2,55,19.3,29.5,168,950.0,950.0,0.0,488.4
ECOHUMUS,2026-08-06,1786030500,2026-08-06 12:35:00,13.1,54,15.3,34.9,162,950.0,950.0,0.0,492.0
ECOHUMUS,2026-08-06,1786030800,2026-08-06 12:40:00,13.1,53,18.6,27.7,180,950.0,950.0,0.0,484.2
ECOHUMUS,2026-08-06,1786031100,2026-08-06 12:45:00,13.0,53,16.6,31.3,173,950.1,950.1,0.0,483.1
ECOHUMUS,2026-08-06,1786031400,2026-08-06 12:50:00,13.2,51,17.0,31.3,157,949.9,949.9,0.0,488.1
ECOHUMUS,2026-08-06,1786031700,2026-08-06 12:55:00,13.2,51,13.2,31.3,156,949.9,949.9,0.0,475.7
ECOHUMUS,2026-08-06,1786032000,2026-08-06 13:00:00,13.5,51,16.1,29.5,165,949.8,949.8,0.0,472.4
ECOHUMUS,2026-08-06,1786032300,2026-08-06 13:05:00,13.5,48,16.7,31.3,173,949.8,949.8,0.0,464.1
ECOHUMUS,2026-08-06,1786032600,2026-08-06 13:10:00,13.3,48,18.6,33.1,172,950.0,950.0,0.0,475.7
ECOHUMUS,2026-08-06,1786032900,2026-08-06 13:15:00,13.3,48,17.2,29.5,165,949.9,949.9,0.0,490.0
ECOHUMUS,2026-08-06,1786033200,2026-08-06 13:20:00,13.1,48,15.2,29.5,161,949.9,949.9,0.0,476.1
ECOHUMUS,2026-08-06,1786033500,2026-08-06 13:25:00,13.4,47,15.0,27.7,167,949.7,949.7,0.0,493.0
ECOHUMUS,2026-08-06,1786033800,2026-08-06 13:30:00,13.7,46,15.0,31.3,173,949.6,949.6,0.0,505.6
ECOHUMUS,2026-08-06,1786034100,2026-08-06 13:35:00,13.6,46,17.4,34.9,173,949.6,949.6,0.0,519.5
ECOHUMUS,2026-08-06,1786034400,2026-08-06 13:40:00,13.6,46,17.9,27.7,152,949.8,949.8,0.0,494.6
ECOHUMUS,2026-08-06,1786034700,2026-08-06 13:45:00,13.8,46,14.5,27.7,169,949.7,949.7,0.0,514.1
ECOHUMUS,2026-08-06,1786035000,2026-08-06 13:50:00,13.9,45,15.3,27.7,153,949.8,949.8,0.0,497.4
ECOHUMUS,2026-08-06,1786035300,2026-08-06 13:55:00,14.1,45,14.3,25.6,164,949.7,949.7,0.0,521.5
ECOHUMUS,2026-08-06,1786035600,2026-08-06 14:00:00,14.1,45,14.5,25.6,157,949.7,949.7,0.0,513.4
ECOHUMUS,2026-08-06,1786035900,2026-08-06 14:05:00,14.3,44,15.7,29.5,178,949.7,949.7,0.0,475.9
ECOHUMUS,2026-08-06,1786036200,2026-08-06 14:10:00,14.1,44,13.7,27.7,173,949.6,949.6,0.0,474.0
ECOHUMUS,2026-08-06,1786036500,2026-08-06 14:15:00,14.5,43,16.0,23.8,163,949.5,949.5,0.0,478.2
ECOHUMUS,2026-08-06,1786036800,2026-08-06 14:20:00,14.4,43,12.5,23.8,158,949.6,949.6,0.0,481.1
ECOHUMUS,2026-08-06,1786037100,2026-08-06 14:25:00,14.7,42,16.9,25.6,196,949.4,949.4,0.0,474.7
ECOHUMUS,2026-08-06,1786037400,2026-08-06 14:30:00,14.8,42,12.3,23.8,165,949.4,949.4,0.0,472.1
ECOHUMUS,2026-08-06,1786037700,2026-08-06 14:35:00,15.1,41,17.5,25.6,184,949.3,949.3,0.0,455.1
ECOHUMUS,2026-08-06,1786038000,2026-08-06 14:40:00,14.7,42,14.8,29.5,187,949.3,949.3,0.0,450.6
ECOHUMUS,2026-08-06,1786038300,2026-08-06 14:45:00,14.9,41,12.2,23.8,180,949.1,949.1,0.0,450.2
ECOHUMUS,2026-08-06,1786038600,2026-08-06 14:50:00,15.3,41,13.8,23.8,168,949.2,949.2,0.0,440.1
ECOHUMUS,2026-08-06,1786038900,2026-08-06 14:55:00,15.1,41,15.2,27.7,187,949.3,949.3,0.0,430.6
ECOHUMUS,2026-08-06,1786039200,2026-08-06 15:00:00,15.0,41,16.6,31.3,176,949.2,949.2,0.0,422.6
ECOHUMUS,2026-08-06,1786039500,2026-08-06 15:05:00,14.9,40,13.5,27.7,159,949.2,949.2,0.0,415.4
ECOHUMUS,2026-08-06,1786039800,2026-08-06 15:10:00,15.1,40,13.9,27.7,177,949.2,949.2,0.0,406.0
ECOHUMUS,2026-08-06,1786040100,2026-08-06 15:15:00,15.2,40,12.3,23.8,169,949.3,949.3,0.0,393.8
ECOHUMUS,2026-08-06,1786040400,2026-08-06 15:20:00,15.3,40,10.6,18.4,161,949.3,949.3,0.0,386.6
ECOHUMUS,2026-08-06,1786040700,2026-08-06 15:25:00,15.4,40,12.9,23.8,196,949.0,949.0,0.0,375.4
ECOHUMUS,2026-08-06,1786041000,2026-08-06 15:30:00,15.2,39,13.2,25.6,175,949.2,949.2,0.0,364.3
ECOHUMUS,2026-08-06,1786041300,2026-08-06 15:35:00,15.3,39,13.7,20.2,201,949.2,949.2,0.0,355.1
ECOHUMUS,2026-08-06,1786041600,2026-08-06 15:40:00,15.2,39,12.7,20.2,189,949.2,949.2,0.0,345.3
ECOHUMUS,2026-08-06,1786041900,2026-08-06 15:45:00,15.3,39,13.5,20.2,172,949.1,949.1,0.0,337.0
ECOHUMUS,2026-08-06,1786042200,2026-08-06 15:50:00,15.4,39,12.5,22.0,164,949.2,949.2,0.0,330.1
ECOHUMUS,2026-08-06,1786042500,2026-08-06 15:55:00,15.5,38,10.1,14.8,187,949.1,949.1,0.0,321.1
ECOHUMUS,2026-08-06,1786042800,2026-08-06 16:00:00,15.6,38,10.4,18.4,183,949.1,949.1,0.0,314.2
ECOHUMUS,2026-08-06,1786043100,2026-08-06 16:05:00,15.6,38,12.5,18.4,174,949.1,949.1,0.0,302.9
ECOHUMUS,2026-08-06,1786043400,2026-08-06 16:10:00,15.7,38,13.0,23.8,168,949.0,949.0,0.0,294.3
ECOHUMUS,2026-08-06,1786043700,2026-08-06 16:15:00,15.5,38,10.9,22.0,191,949.0,949.0,0.0,284.8
ECOHUMUS,2026-08-06,1786044000,2026-08-06 16:20:00,16.0,37,9.6,23.8,175,948.9,948.9,0.0,275.1
ECOHUMUS,2026-08-06,1786044300,2026-08-06 16:25:00,16.0,37,11.8,20.2,181,948.9,948.9,0.0,264.1
ECOHUMUS,2026-08-06,1786044600,2026-08-06 16:30:00,15.9,37,12.4,20.2,195,948.9,948.9,0.0,254.8
ECOHUMUS,2026-08-06,1786044900,2026-08-06 16:35:00,15.9,36,13.0,23.8,187,948.9,948.9,0.0,242.1
ECOHUMUS,2026-08-06,1786045200,2026-08-06 16:40:00,15.8,36,12.9,20.2,198,948.7,948.7,0.0,229.3
ECOHUMUS,2026-08-06,1786045500,2026-08-06 16:45:00,16.0,36,14.3,22.0,195,948.9,948.9,0.0,217.6
ECOHUMUS,2026-08-06,1786045800,2026-08-06 16:50:00,15.8,36,13.8,20.2,197,948.7,948.7,0.0,207.9
ECOHUMUS,2026-08-06,1786046100,2026-08-06 16:55:00,15.8,36,13.2,25.6,184,948.8,948.8,0.0,195.4
ECOHUMUS,2026-08-06,1786046400,2026-08-06 17:00:00,15.8,36,11.8,25.6,169,948.8,948.8,0.0,183.0
ECOHUMUS,2026-08-06,1786046700,2026-08-06 17:05:00,15.9,36,11.9,18.4,164,949.0,949.0,0.0,171.4
ECOHUMUS,2026-08-06,1786047000,2026-08-06 17:10:00,16.0,36,11.3,22.0,181,948.9,948.9,0.0,160.6
ECOHUMUS,2026-08-06,1786047300,2026-08-06 17:15:00,16.0,33,12.8,23.8,182,948.8,948.8,0.0,151.7
ECOHUMUS,2026-08-06,1786047600,2026-08-06 17:20:00,15.8,34,12.9,20.2,173,949.0,949.0,0.0,140.7
ECOHUMUS,2026-08-06,1786047900,2026-08-06 17:25:00,15.8,34,12.5,22.0,190,948.9,948.9,0.0,131.5
ECOHUMUS,2026-08-06,1786048200,2026-08-06 17:30:00,15.8,34,9.4,20.2,173,949.0,949.0,0.0,122.1
ECOHUMUS,2026-08-06,1786048500,2026-08-06 17:35:00,15.8,34,12.0,22.0,179,949.1,949.1,0.0,113.3
ECOHUMUS,2026-08-06,1786048800,2026-08-06 17:40:00,15.7,34,11.5,22.0,169,949.1,949.1,0.0,103.7
ECOHUMUS,2026-08-06,1786049100,2026-08-06 17:45:00,15.7,34,10.9,18.4,176,949.1,949.1,0.0,95.2
ECOHUMUS,2026-08-06,1786049400,2026-08-06 17:50:00,15.6,34,12.0,23.8,180,949.1,949.1,0.0,89.6
ECOHUMUS,2026-08-06,1786049700,2026-08-06 17:55:00,15.4,35,12.9,27.7,190,949.0,949.0,0.0,82.1
ECOHUMUS,2026-08-06,1786050000,2026-08-06 18:00:00,15.2,35,10.8,20.2,189,949.0,949.0,0.0,72.8
ECOHUMUS,2026-08-06,1786050300,2026-08-06 18:05:00,15.3,34,9.6,18.4,176,949.0,949.0,0.0,63.8
ECOHUMUS,2026-08-06,1786050600,2026-08-06 18:10:00,15.2,34,10.0,23.8,193,949.0,949.0,0.0,55.8
ECOHUMUS,2026-08-06,1786050900,2026-08-06 18:15:00,15.0,34,10.5,18.4,175,949.1,949.1,0.0,44.2
ECOHUMUS,2026-08-06,1786051200,2026-08-06 18:20:00,15.0,34,10.1,16.6,185,949.2,949.2,0.0,37.5
ECOHUMUS,2026-08-06,1786051500,2026-08-06 18:25:00,14.8,35,11.8,20.2,179,949.3,949.3,0.0,25.5
ECOHUMUS,2026-08-06,1786051800,2026-08-06 18:30:00,14.7,35,9.0,16.6,184,949.3,949.3,0.0,24.9
ECOHUMUS,2026-08-06,1786052100,2026-08-06 18:35:00,14.5,35,8.3,16.6,189,949.4,949.4,0.0,19.6
ECOHUMUS,2026-08-06,1786052400,2026-08-06 18:40:00,14.3,36,9.0,16.6,188,949.5,949.5,0.0,15.2
ECOHUMUS,2026-08-06,1786052700,2026-08-06 18:45:00,14.1,36,8.2,14.8,189,949.5,949.5,0.0,11.8
ECOHUMUS,2026-08-06,1786053000,2026-08-06 18:50:00,13.8,36,7.6,11.2,191,949.4,949.4,0.0,8.9
ECOHUMUS,2026-08-06,1786053300,2026-08-06 18:55:00,13.5,37,5.9,9.4,192,949.4,949.4,0.0,6.0
ECOHUMUS,2026-08-06,1786053600,2026-08-06 19:00:00,13.1,38,4.1,5.4,200,949.5,949.5,0.0,3.8
ECOHUMUS,2026-08-06,1786053900,2026-08-06 19:05:00,12.7,39,3.6,5.4,190,949.7,949.7,0.0,2.1
ECOHUMUS,2026-08-06,1786054200,2026-08-06 19:10:00,12.3,40,3.5,5.4,194,949.7,949.7,0.0,1.0
ECOHUMUS,2026-08-06,1786054500,2026-08-06 19:15:00,12.1,40,3.6,5.4,199,949.7,949.7,0.0,0.4
ECOHUMUS,2026-08-06,1786054800,2026-08-06 19:20:00,11.8,41,3.5,5.4,202,949.8,949.8,0.0,0.1
ECOHUMUS,2026-08-06,1786055100,2026-08-06 19:25:00,11.6,41,3.7,5.4,199,949.8,949.8,0.0,0.0
ECOHUMUS,2026-08-06,1786055400,2026-08-06 19:30:00,11.5,41,3.5,5.4,198,949.8,949.8,0.0,0.0
ECOHUMUS,2026-08-06,1786055700,2026-08-06 19:35:00,11.3,42,3.2,3.6,197,949.9,949.9,0.0,0.0
ECOHUMUS,2026-08-06,1786056000,2026-08-06 19:40:00,10.9,43,3.0,3.6,197,949.9,949.9,0.0,0.0
ECOHUMUS,2026-08-06,1786056300,2026-08-06 19:45:00,10.8,43,1.9,3.6,186,950.0,950.0,0.0,0.0
ECOHUMUS,2026-08-06,1786056600,2026-08-06 19:50:00,10.6,44,3.5,5.4,192,949.9,949.9,0.0,0.0
ECOHUMUS,2026-08-06,1786056900,2026-08-06 19:55:00,10.6,43,2.5,5.4,191,949.9,949.9,0.0,0.0
ECOHUMUS,2026-08-06,1786057200,2026-08-06 20:00:00,10.3,44,2.1,3.6,185,950.0,950.0,0.0,0.0
ECOHUMUS,2026-08-06,1786057500,2026-08-06 20:05:00,10.3,44,3.1,3.6,200,949.9,949.9,0.0,0.0
ECOHUMUS,2026-08-06,1786057800,2026-08-06 20:10:00,10.2,44,3.7,5.4,205,950.0,950.0,0.0,0.0
ECOHUMUS,2026-08-06,1786058100,2026-08-06 20:15:00,10.1,44,4.4,5.4,204,949.9,949.9,0.0,0.0
ECOHUMUS,2026-08-06,1786058400,2026-08-06 20:20:00,9.9,45,5.0,7.2,204,949.9,949.9,0.0,0.0
ECOHUMUS,2026-08-06,1786058700,2026-08-06 20:25:00,9.8,45,5.6,7.2,206,950.0,950.0,0.0,0.0
ECOHUMUS,2026-08-06,1786059000,2026-08-06 20:30:00,9.7,45,5.4,7.2,200,950.0,950.0,0.0,0.0
ECOHUMUS,2026-08-06,1786059300,2026-08-06 20:35:00,9.4,46,4.7,7.2,201,950.0,950.0,0.0,0.0
ECOHUMUS,2026-08-06,1786059600,2026-08-06 20:40:00,9.2,47,0.4,5.4,177,950.0,950.0,0.0,0.0
ECOHUMUS,2026-08-06,1786059900,2026-08-06 20:45:00,8.7,49,1.8,3.6,157,950.1,950.1,0.0,0.0
ECOHUMUS,2026-08-06,1786060200,2026-08-06 20:50:00,9.4,45,0.8,5.4,78,950.0,950.0,0.0,0.0
ECOHUMUS,2026-08-06,1786060500,2026-08-06 20:55:00,9.5,45,1.4,3.6,78,950.2,950.2,0.0,0.0
ECOHUMUS,2026-08-06,1786060800,2026-08-06 21:00:00,9.1,46,0.6,1.8,79,950.1,950.1,0.0,0.0
ECOHUMUS,2026-08-06,1786061100,2026-08-06 21:05:00,8.8,47,0.0,1.8,79,950.2,950.2,0.0,0.0
ECOHUMUS,2026-08-06,1786061400,2026-08-06 21:10:00,8.4,49,0.0,0.0,79,950.2,950.2,0.0,0.0
ECOHUMUS,2026-08-06,1786061700,2026-08-06 21:15:00,7.8,51,0.0,0.0,79,950.1,950.1,0.0,0.0
ECOHUMUS,2026-08-06,1786062000,2026-08-06 21:20:00,7.4,51,0.6,1.8,129,950.1,950.1,0.0,0.0
ECOHUMUS,2026-08-06,1786062300,2026-08-06 21:25:00,7.0,50,1.2,3.6,163,950.1,950.1,0.0,0.0
ECOHUMUS,2026-08-06,1786062600,2026-08-06 21:30:00,6.4,51,0.1,1.8,130,950.1,950.1,0.0,0.0
ECOHUMUS,2026-08-06,1786062900,2026-08-06 21:35:00,5.9,53,0.0,1.8,130,950.1,950.1,0.0,0.0
ECOHUMUS,2026-08-06,1786063200,2026-08-06 21:40:00,6.1,54,0.0,0.0,175,950.1,950.1,0.0,0.0
ECOHUMUS,2026-08-06,1786063500,2026-08-06 21:45:00,6.8,51,1.8,3.6,177,950.1,950.1,0.0,0.0
ECOHUMUS,2026-08-06,1786063800,2026-08-06 21:50:00,8.1,48,0.5,3.6,187,950.2,950.2,0.0,0.0
ECOHUMUS,2026-08-06,1786064100,2026-08-06 21:55:00,7.2,51,0.4,1.8,213,950.1,950.1,0.0,0.0
ECOHUMUS,2026-08-06,1786064400,2026-08-06 22:00:00,7.4,51,0.5,1.8,225,950.0,950.0,0.0,0.0
ECOHUMUS,2026-08-06,1786064700,2026-08-06 22:05:00,6.4,53,0.4,1.8,190,950.0,950.0,0.0,0.0
ECOHUMUS,2026-08-06,1786065000,2026-08-06 22:10:00,6.6,54,0.2,1.8,187,950.0,950.0,0.0,0.0
ECOHUMUS,2026-08-06,1786065300,2026-08-06 22:15:00,6.7,54,0.3,1.8,187,950.0,950.0,0.0,0.0
ECOHUMUS,2026-08-06,1786065600,2026-08-06 22:20:00,6.0,56,0.4,1.8,187,950.1,950.1,0.0,0.0
ECOHUMUS,2026-08-06,1786065900,2026-08-06 22:25:00,5.1,58,0.0,0.0,187,950.2,950.2,0.0,0.0
ECOHUMUS,2026-08-06,1786066200,2026-08-06 22:30:00,4.6,59,0.0,0.0,187,950.2,950.2,0.0,0.0
ECOHUMUS,2026-08-06,1786066500,2026-08-06 22:35:00,4.3,59,0.0,0.0,187,950.1,950.1,0.0,0.0
ECOHUMUS,2026-08-06,1786066800,2026-08-06 22:40:00,4.3,59,0.1,1.8,187,949.9,949.9,0.0,0.0
ECOHUMUS,2026-08-06,1786067100,2026-08-06 22:45:00,3.8,59,0.1,1.8,187,950.0,950.0,0.0,0.0
ECOHUMUS,2026-08-06,1786067400,2026-08-06 22:50:00,3.9,61,0.6,1.8,187,950.0,950.0,0.0,0.0
ECOHUMUS,2026-08-06,1786067700,2026-08-06 22:55:00,3.7,60,0.0,0.0,187,950.0,950.0,0.0,0.0
ECOHUMUS,2026-08-06,1786068000,2026-08-06 23:00:00,3.0,59,0.4,1.8,187,949.9,949.9,0.0,0.0
ECOHUMUS,2026-08-06,1786068300,2026-08-06 23:05:00,3.0,61,1.2,3.6,187,949.9,949.9,0.0,0.0
ECOHUMUS,2026-08-06,1786068600,2026-08-06 23:10:00,3.7,61,1.7,3.6,187,949.9,949.9,0.0,0.0
ECOHUMUS,2026-08-06,1786068900,2026-08-06 23:15:00,3.9,61,0.0,1.8,187,950.0,950.0,0.0,0.0
ECOHUMUS,2026-08-06,1786069200,2026-08-06 23:20:00,3.0,61,1.1,3.6,173,950.0,950.0,0.0,0.0
ECOHUMUS,2026-08-06,1786069500,2026-08-06 23:25:00,2.7,65,0.2,1.8,152,950.1,950.1,0.0,0.0
ECOHUMUS,2026-08-06,1786069800,2026-08-06 23:30:00,2.7,66,0.0,0.0,152,950.1,950.1,0.0,0.0
ECOHUMUS,2026-08-06,1786070100,2026-08-06 23:35:00,3.0,67,0.0,0.0,152,949.9,949.9,0.0,0.0
ECOHUMUS,2026-08-06,1786070400,2026-08-06 23:40:00,3.3,66,0.0,0.0,152,950.0,950.0,0.0,0.0
ECOHUMUS,2026-08-06,1786070700,2026-08-06 23:45:00,3.2,66,0.0,0.0,152,949.9,949.9,0.0,0.0
ECOHUMUS,2026-08-06,1786071000,2026-08-06 23:50:00,2.8,66,0.0,0.0,152,949.9,949.9,0.0,0.0
ECOHUMUS,2026-08-06,1786071300,2026-08-06 23:55:00,2.6,66,0.0,0.0,152,949.8,949.8,0.0,0.0
PUNTA_NEGRA,2026-08-06,1785985200,2026-08-06 00:00:00,23.9,11,6.6,25.6,41,997.5,905.1,0.0,0.0
PUNTA_NEGRA,2026-08-06,1785985500,2026-08-06 00:05:00,24.0,11,2.4,7.2,232,997.5,905.1,0.0,0.0
PUNTA_NEGRA,2026-08-06,1785985800,2026-08-06 00:10:00,23.8,11,3.4,7.2,297,997.5,905.1,0.0,0.0
PUNTA_NEGRA,2026-08-06,1785986100,2026-08-06 00:15:00,23.4,11,1.7,5.4,233,997.4,905.0,0.0,0.0
PUNTA_NEGRA,2026-08-06,1785986400,2026-08-06 00:20:00,23.3,12,3.6,13.0,286,997.2,904.8,0.0,0.0
PUNTA_NEGRA,2026-08-06,1785986700,2026-08-06 00:25:00,23.7,11,4.2,11.2,267,997.3,904.9,0.0,0.0
PUNTA_NEGRA,2026-08-06,1785987000,2026-08-06 00:30:00,23.6,11,4.0,9.4,260,997.2,904.8,0.0,0.0
PUNTA_NEGRA,2026-08-06,1785987300,2026-08-06 00:35:00,23.6,11,3.7,7.2,202,997.4,905.0,0.0,0.0
PUNTA_NEGRA,2026-08-06,1785987600,2026-08-06 00:40:00,23.6,11,2.4,5.4,243,997.2,904.8,0.0,0.0
PUNTA_NEGRA,2026-08-06,1785987900,2026-08-06 00:45:00,23.1,12,1.7,5.4,166,997.3,904.9,0.0,0.0
PUNTA_NEGRA,2026-08-06,1785988200,2026-08-06 00:50:00,23.1,12,5.0,13.0,275,997.3,904.9,0.0,0.0
PUNTA_NEGRA,2026-08-06,1785988500,2026-08-06 00:55:00,23.4,12,3.6,9.4,306,997.1,904.7,0.0,0.0
PUNTA_NEGRA,2026-08-06,1785988800,2026-08-06 01:00:00,23.2,12,4.3,7.2,224,997.1,904.7,0.0,0.0
PUNTA_NEGRA,2026-08-06,1785989100,2026-08-06 01:05:00,23.2,12,1.7,7.2,215,996.9,904.5,0.0,0.0
PUNTA_NEGRA,2026-08-06,1785989400,2026-08-06 01:10:00,22.8,12,1.1,7.2,201,996.8,904.4,0.0,0.0
PUNTA_NEGRA,2026-08-06,1785989700,2026-08-06 01:15:00,23.0,12,3.7,9.4,281,996.7,904.3,0.0,0.0
PUNTA_NEGRA,2026-08-06,1785990000,2026-08-06 01:20:00,23.2,12,1.9,5.4,338,996.6,904.2,0.0,0.0
PUNTA_NEGRA,2026-08-06,1785990300,2026-08-06 01:25:00,22.7,12,2.8,13.0,254,996.8,904.4,0.0,0.0
PUNTA_NEGRA,2026-08-06,1785990600,2026-08-06 01:30:00,22.5,13,2.0,3.6,47,996.6,904.2,0.0,0.0
PUNTA_NEGRA,2026-08-06,1785990900,2026-08-06 01:35:00,22.8,12,3.9,9.4,218,996.5,904.1,0.0,0.0
PUNTA_NEGRA,2026-08-06,1785991200,2026-08-06 01:40:00,22.8,12,2.3,5.4,179,996.2,903.8,0.0,0.0
PUNTA_NEGRA,2026-08-06,1785991500,2026-08-06 01:45:00,22.7,12,2.0,3.6,300,996.2,903.8,0.0,0.0
PUNTA_NEGRA,2026-08-06,1785991800,2026-08-06 01:50:00,22.4,13,0.4,1.8,264,996.1,903.7,0.0,0.0
PUNTA_NEGRA,2026-08-06,1785992100,2026-08-06 01:55:00,22.0,13,1.0,3.6,240,996.1,903.6,0.0,0.0
PUNTA_NEGRA,2026-08-06,1785992400,2026-08-06 02:00:00,22.3,13,1.2,3.6,80,996.1,903.7,0.0,0.0
PUNTA_NEGRA,2026-08-06,1785992700,2026-08-06 02:05:00,22.3,13,2.8,5.4,264,996.4,904.0,0.0,0.0
PUNTA_NEGRA,2026-08-06,1785993000,2026-08-06 02:10:00,22.3,13,3.1,7.2,254,996.3,903.9,0.0,0.0
PUNTA_NEGRA,2026-08-06,1785993300,2026-08-06 02:15:00,22.5,12,4.4,11.2,252,996.4,904.0,0.0,0.0
PUNTA_NEGRA,2026-08-06,1785993600,2026-08-06 02:20:00,22.6,13,2.3,5.4,54,996.2,903.8,0.0,0.0
PUNTA_NEGRA,2026-08-06,1785993900,2026-08-06 02:25:00,22.4,12,6.3,14.8,359,996.2,903.8,0.0,0.0
PUNTA_NEGRA,2026-08-06,1785994200,2026-08-06 02:30:00,23.3,12,9.8,20.2,275,996.2,903.8,0.0,0.0
PUNTA_NEGRA,2026-08-06,1785994500,2026-08-06 02:35:00,23.3,12,7.1,13.0,288,996.2,903.8,0.0,0.0
PUNTA_NEGRA,2026-08-06,1785994800,2026-08-06 02:40:00,23.0,12,3.2,5.4,46,996.3,903.9,0.0,0.0
PUNTA_NEGRA,2026-08-06,1785995100,2026-08-06 02:45:00,22.7,13,2.8,11.2,196,996.5,904.0,0.0,0.0
PUNTA_NEGRA,2026-08-06,1785995400,2026-08-06 02:50:00,22.7,12,4.0,9.4,249,996.4,903.9,0.0,0.0
PUNTA_NEGRA,2026-08-06,1785995700,2026-08-06 02:55:00,22.8,13,3.1,7.2,288,996.2,903.8,0.0,0.0
PUNTA_NEGRA,2026-08-06,1785996000,2026-08-06 03:00:00,22.7,13,6.2,16.6,306,996.4,903.9,0.0,0.0
PUNTA_NEGRA,2026-08-06,1785996300,2026-08-06 03:05:00,23.1,12,4.8,13.0,262,996.3,903.9,0.0,0.0
PUNTA_NEGRA,2026-08-06,1785996600,2026-08-06 03:10:00,22.8,12,5.3,14.8,224,996.2,903.8,0.0,0.0
PUNTA_NEGRA,2026-08-06,1785996900,2026-08-06 03:15:00,22.6,13,2.9,7.2,240,996.1,903.7,0.0,0.0
PUNTA_NEGRA,2026-08-06,1785997200,2026-08-06 03:20:00,22.4,13,2.1,7.2,279,996.2,903.8,0.0,0.0
PUNTA_NEGRA,2026-08-06,1785997500,2026-08-06 03:25:00,22.4,13,4.3,9.4,255,996.2,903.8,0.0,0.0
PUNTA_NEGRA,2026-08-06,1785997800,2026-08-06 03:30:00,22.7,13,8.2,25.6,19,995.9,903.5,0.0,0.0
PUNTA_NEGRA,2026-08-06,1785998100,2026-08-06 03:35:00,22.9,13,3.5,9.4,284,996.1,903.6,0.0,0.0
PUNTA_NEGRA,2026-08-06,1785998400,2026-08-06 03:40:00,22.7,13,4.9,9.4,263,996.2,903.8,0.0,0.0
PUNTA_NEGRA,2026-08-06,1785998700,2026-08-06 03:45:00,22.5,14,3.3,7.2,210,996.2,903.8,0.0,0.0
PUNTA_NEGRA,2026-08-06,1785999000,2026-08-06 03:50:00,22.4,13,2.7,5.4,264,996.0,903.6,0.0,0.0
PUNTA_NEGRA,2026-08-06,1785999300,2026-08-06 03:55:00,22.3,14,0.8,1.8,212,996.1,903.7,0.0,0.0
PUNTA_NEGRA,2026-08-06,1785999600,2026-08-06 04:00:00,21.9,14,2.8,7.2,76,996.2,903.8,0.0,0.0
PUNTA_NEGRA,2026-08-06,1785999900,2026-08-06 04:05:00,22.1,14,5.7,13.0,273,996.1,903.7,0.0,0.0
PUNTA_NEGRA,2026-08-06,1786000200,2026-08-06 04:10:00,22.3,14,6.6,13.0,283,996.0,903.5,0.0,0.0
PUNTA_NEGRA,2026-08-06,1786000500,2026-08-06 04:15:00,22.1,14,3.5,5.4,333,996.0,903.6,0.0,0.0
PUNTA_NEGRA,2026-08-06,1786000800,2026-08-06 04:20:00,22.0,14,2.6,5.4,201,996.1,903.7,0.0,0.0
PUNTA_NEGRA,2026-08-06,1786001100,2026-08-06 04:25:00,21.8,14,1.6,3.6,247,996.2,903.8,0.0,0.0
PUNTA_NEGRA,2026-08-06,1786002900,2026-08-06 04:55:00,21.9,16,1.8,3.6,305,996.3,903.9,0.0,0.0
PUNTA_NEGRA,2026-08-06,1786003200,2026-08-06 05:00:00,21.9,16,3.6,3.6,226,996.3,903.9,0.0,0.0
PUNTA_NEGRA,2026-08-06,1786003500,2026-08-06 05:05:00,21.9,16,2.5,5.4,224,996.7,904.3,0.0,0.0
PUNTA_NEGRA,2026-08-06,1786003800,2026-08-06 05:10:00,21.5,16,4.6,11.2,227,996.6,904.2,0.0,0.0
PUNTA_NEGRA,2026-08-06,1786004100,2026-08-06 05:15:00,21.7,16,6.1,13.0,271,996.8,904.4,0.0,0.0
PUNTA_NEGRA,2026-08-06,1786004400,2026-08-06 05:20:00,22.0,16,5.0,11.2,288,996.8,904.4,0.0,0.0
PUNTA_NEGRA,2026-08-06,1786004700,2026-08-06 05:25:00,21.8,16,5.5,13.0,307,997.1,904.7,0.0,0.0
PUNTA_NEGRA,2026-08-06,1786005000,2026-08-06 05:30:00,21.8,17,2.0,5.4,223,997.2,904.8,0.0,0.0
PUNTA_NEGRA,2026-08-06,1786005300,2026-08-06 05:35:00,21.3,18,1.4,3.6,178,997.3,904.9,0.0,0.0
PUNTA_NEGRA,2026-08-06,1786005600,2026-08-06 05:40:00,21.1,18,2.2,3.6,268,997.3,904.9,0.0,0.0
PUNTA_NEGRA,2026-08-06,1786005900,2026-08-06 05:45:00,21.0,18,0.9,3.6,215,997.5,905.1,0.0,0.0
PUNTA_NEGRA,2026-08-06,1786006200,2026-08-06 05:50:00,20.9,19,2.9,7.2,123,997.6,905.2,0.0,0.0
PUNTA_NEGRA,2026-08-06,1786006500,2026-08-06 05:55:00,20.9,19,7.0,18.4,283,997.9,905.5,0.0,0.0
PUNTA_NEGRA,2026-08-06,1786006800,2026-08-06 06:00:00,21.4,19,6.4,18.4,289,998.0,905.5,0.0,0.0
PUNTA_NEGRA,2026-08-06,1786007100,2026-08-06 06:05:00,21.4,20,8.9,18.4,261,998.2,905.8,0.0,0.0
PUNTA_NEGRA,2026-08-06,1786007400,2026-08-06 06:10:00,21.1,20,9.6,16.6,217,998.4,906.0,0.0,0.0
PUNTA_NEGRA,2026-08-06,1786007700,2026-08-06 06:15:00,20.7,21,6.9,11.2,175,998.5,906.1,0.0,0.0
PUNTA_NEGRA,2026-08-06,1786008000,2026-08-06 06:20:00,20.6,21,5.8,13.0,188,998.5,906.1,0.0,0.0
PUNTA_NEGRA,2026-08-06,1786008300,2026-08-06 06:25:00,20.7,22,3.2,7.2,228,998.8,906.4,0.0,0.0
PUNTA_NEGRA,2026-08-06,1786008600,2026-08-06 06:30:00,20.6,21,5.2,13.0,185,998.9,906.5,0.0,0.0
PUNTA_NEGRA,2026-08-06,1786008900,2026-08-06 06:35:00,20.7,21,8.1,16.6,185,998.9,906.5,0.0,0.0
PUNTA_NEGRA,2026-08-06,1786009200,2026-08-06 06:40:00,21.0,21,7.6,14.8,178,999.1,906.7,0.0,0.0
PUNTA_NEGRA,2026-08-06,1786009500,2026-08-06 06:45:00,20.8,21,5.0,7.2,199,999.1,906.7,0.0,0.0
PUNTA_NEGRA,2026-08-06,1786009800,2026-08-06 06:50:00,20.6,22,10.4,16.6,161,999.2,906.8,0.0,0.0
PUNTA_NEGRA,2026-08-06,1786010100,2026-08-06 06:55:00,20.3,22,5.5,11.2,239,999.4,907.1,0.0,0.0
PUNTA_NEGRA,2026-08-06,1786010400,2026-08-06 07:00:00,20.2,22,0.4,1.8,225,999.5,907.1,0.0,0.0
PUNTA_NEGRA,2026-08-06,1786010700,2026-08-06 07:05:00,19.9,22,3.9,7.2,232,999.7,907.3,0.0,0.0
PUNTA_NEGRA,2026-08-06,1786011000,2026-08-06 07:10:00,19.9,23,4.0,9.4,196,999.7,907.3,0.0,0.0
PUNTA_NEGRA,2026-08-06,1786011300,2026-08-06 07:15:00,19.6,32,4.3,9.4,68,1000.2,907.8,0.0,0.0
PUNTA_NEGRA,2026-08-06,1786011600,2026-08-06 07:20:00,16.1,54,2.3,5.4,216,1000.9,908.5,0.0,0.0
PUNTA_NEGRA,2026-08-06,1786011900,2026-08-06 07:25:00,14.8,61,2.0,5.4,88,1001.2,908.9,0.0,0.0
PUNTA_NEGRA,2026-08-06,1786012200,2026-08-06 07:30:00,14.1,63,2.2,5.4,64,1001.4,909.1,0.0,0.0
PUNTA_NEGRA,2026-08-06,1786012500,2026-08-06 07:35:00,13.7,67,2.7,5.4,177,1001.8,909.4,0.0,0.0
PUNTA_NEGRA,2026-08-06,1786012800,2026-08-06 07:40:00,13.3,70,3.2,9.4,157,1002.0,909.6,0.0,0.0
PUNTA_NEGRA,2026-08-06,1786013100,2026-08-06 07:45:00,13.2,71,3.5,7.2,91,1002.4,909.9,0.0,0.0
PUNTA_NEGRA,2026-08-06,1786013400,2026-08-06 07:50:00,13.1,72,2.7,7.2,51,1002.5,910.1,0.0,0.0
PUNTA_NEGRA,2026-08-06,1786013700,2026-08-06 07:55:00,12.9,73,1.1,3.6,202,1002.5,910.1,0.0,0.1
PUNTA_NEGRA,2026-08-06,1786014000,2026-08-06 08:00:00,12.9,74,2.1,7.2,164,1002.9,910.5,0.0,0.2
PUNTA_NEGRA,2026-08-06,1786014300,2026-08-06 08:05:00,12.9,74,1.4,1.8,262,1003.1,910.7,0.0,0.2
PUNTA_NEGRA,2026-08-06,1786014900,2026-08-06 08:15:00,12.9,75,4.2,7.2,269,1003.5,911.1,0.0,2.8
PUNTA_NEGRA,2026-08-06,1786015200,2026-08-06 08:20:00,13.0,75,1.9,5.4,188,1003.5,911.2,0.0,4.5
PUNTA_NEGRA,2026-08-06,1786015500,2026-08-06 08:25:00,13.0,75,1.3,3.6,184,1003.8,911.4,0.0,7.9
PUNTA_NEGRA,2026-08-06,1786015800,2026-08-06 08:30:00,13.1,75,1.3,3.6,174,1004.0,911.6,0.0,14.0
PUNTA_NEGRA,2026-08-06,1786016100,2026-08-06 08:35:00,13.1,76,1.9,5.4,55,1004.2,911.8,0.0,21.6
PUNTA_NEGRA,2026-08-06,1786016400,2026-08-06 08:40:00,13.2,76,1.4,3.6,120,1004.4,912.0,0.0,30.9
PUNTA_NEGRA,2026-08-06,1786016700,2026-08-06 08:45:00,13.4,75,1.7,3.6,89,1004.5,912.1,0.0,34.6
PUNTA_NEGRA,2026-08-06,1786017000,2026-08-06 08:50:00,13.5,76,2.4,7.2,221,1005.0,912.6,0.0,39.3
PUNTA_NEGRA,2026-08-06,1786017300,2026-08-06 08:55:00,13.4,75,1.4,3.6,244,1005.1,912.7,0.0,38.6
PUNTA_NEGRA,2026-08-06,1786017600,2026-08-06 09:00:00,13.6,75,1.6,3.6,226,1005.4,913.0,0.0,38.7
INTA_SANMARTIN,2026-08-06,1786012500,2026-08-06 07:35:00,,,,,,993.5,944.5,,
INTA_SANMARTIN,2026-08-06,1786012800,2026-08-06 07:40:00,,,,,,993.5,944.5,,
INTA_SANMARTIN,2026-08-06,1786013100,2026-08-06 07:45:00,,,,,,993.7,944.7,,
INTA_SANMARTIN,2026-08-06,1786013400,2026-08-06 07:50:00,,,,,,993.8,944.8,,
INTA_SANMARTIN,2026-08-06,1786013700,2026-08-06 07:55:00,,,,,,994.1,945.1,,
INTA_SANMARTIN,2026-08-06,1786014000,2026-08-06 08:00:00,,,,,,994.3,945.3,,
INTA_SANMARTIN,2026-08-06,1786014300,2026-08-06 08:05:00,,,,,,994.6,945.6,,
INTA_SANMARTIN,2026-08-06,1786014600,2026-08-06 08:10:00,,,,,,994.6,945.6,,
INTA_SANMARTIN,2026-08-06,1786014900,2026-08-06 08:15:00,,,,,,994.8,945.8,,
INTA_SANMARTIN,2026-08-06,1786015200,2026-08-06 08:20:00,,,,,,994.9,945.9,,
INTA_SANMARTIN,2026-08-06,1786015500,2026-08-06 08:25:00,,,,,,995.1,946.1,,
INTA_SANMARTIN,2026-08-06,1786015800,2026-08-06 08:30:00,,,,,,995.3,946.3,,
INTA_SANMARTIN,2026-08-06,1786016100,2026-08-06 08:35:00,,,,,,995.4,946.4,,
INTA_SANMARTIN,2026-08-06,1786016400,2026-08-06 08:40:00,,,,,,995.5,946.5,,
INTA_SANMARTIN,2026-08-06,1786016700,2026-08-06 08:45:00,,,,,,995.7,946.7,,
INTA_SANMARTIN,2026-08-06,1786017000,2026-08-06 08:50:00,,,,,,996.0,947.0,,
INTA_SANMARTIN,2026-08-06,1786017300,2026-08-06 08:55:00,,,,,,996.3,947.3,,
INTA_SANMARTIN,2026-08-06,1786017600,2026-08-06 09:00:00,,,,,,996.6,947.6,,
INTA_SANMARTIN,2026-08-06,1786017900,2026-08-06 09:05:00,,,,,,996.8,947.8,,
INTA_SANMARTIN,2026-08-06,1786018200,2026-08-06 09:10:00,,,,,,997.0,948.0,,
INTA_SANMARTIN,2026-08-06,1786018500,2026-08-06 09:15:00,,,,,,997.1,948.1,,
INTA_SANMARTIN,2026-08-06,1786018800,2026-08-06 09:20:00,,,,,,997.4,948.4,,
INTA_SANMARTIN,2026-08-06,1786019100,2026-08-06 09:25:00,,,,,,997.6,948.6,,
INTA_SANMARTIN,2026-08-06,1786019400,2026-08-06 09:30:00,,,,,,997.7,948.7,,
INTA_SANMARTIN,2026-08-06,1786019700,2026-08-06 09:35:00,,,,,,997.9,948.9,,
INTA_SANMARTIN,2026-08-06,1786020000,2026-08-06 09:40:00,,,,,,998.1,949.1,,
INTA_SANMARTIN,2026-08-06,1786020300,2026-08-06 09:45:00,,,,,,998.4,949.4,,
INTA_SANMARTIN,2026-08-06,1786020600,2026-08-06 09:50:00,,,,,,998.7,949.7,,
INTA_SANMARTIN,2026-08-06,1786020900,2026-08-06 09:55:00,,,,,,998.8,949.8,,
INTA_SANMARTIN,2026-08-06,1786021200,2026-08-06 10:00:00,,,,,,999.0,950.0,,
INTA_SANMARTIN,2026-08-06,1786021500,2026-08-06 10:05:00,,,,,,999.3,950.3,,
INTA_SANMARTIN,2026-08-06,1786021800,2026-08-06 10:10:00,,,,,,999.8,950.8,,
INTA_SANMARTIN,2026-08-06,1786022100,2026-08-06 10:15:00,,,,,,999.8,950.8,,
INTA_SANMARTIN,2026-08-06,1786022400,2026-08-06 10:20:00,,,,,,999.9,950.9,,
INTA_SANMARTIN,2026-08-06,1786022700,2026-08-06 10:25:00,,,,,,1000.2,951.2,,
INTA_SANMARTIN,2026-08-06,1786023000,2026-08-06 10:30:00,,,,,,1000.5,951.5,,
INTA_SANMARTIN,2026-08-06,1786023300,2026-08-06 10:35:00,,,,,,1000.5,951.5,,
INTA_SANMARTIN,2026-08-06,1786023600,2026-08-06 10:40:00,,,,,,1000.6,951.6,,
INTA_SANMARTIN,2026-08-06,1786023900,2026-08-06 10:45:00,,,,,,1000.8,951.8,,
INTA_SANMARTIN,2026-08-06,1786024200,2026-08-06 10:50:00,,,,,,1000.9,951.9,,
INTA_SANMARTIN,2026-08-06,1786024500,2026-08-06 10:55:00,,,,,,1001.1,952.1,,
INTA_SANMARTIN,2026-08-06,1786024800,2026-08-06 11:00:00,,,,,,1001.1,952.1,,
INTA_SANMARTIN,2026-08-06,1786025100,2026-08-06 11:05:00,,,,,,1001.0,952.0,,
INTA_SANMARTIN,2026-08-06,1786025400,2026-08-06 11:10:00,,,,,,1001.1,952.1,,
INTA_SANMARTIN,2026-08-06,1786025700,2026-08-06 11:15:00,,,,,,1001.1,952.1,,
INTA_SANMARTIN,2026-08-06,1786026000,2026-08-06 11:20:00,,,,,,1001.4,952.4,,
INTA_SANMARTIN,2026-08-06,1786026300,2026-08-06 11:25:00,,,,,,1001.4,952.4,,
INTA_SANMARTIN,2026-08-06,1786026600,2026-08-06 11:30:00,,,,,,1001.4,952.4,,
INTA_SANMARTIN,2026-08-06,1786026900,2026-08-06 11:35:00,,,,,,1001.3,952.3,,
INTA_SANMARTIN,2026-08-06,1786027200,2026-08-06 11:40:00,,,,,,1001.5,952.5,,
INTA_SANMARTIN,2026-08-06,1786027500,2026-08-06 11:45:00,,,,,,1001.4,952.4,,
INTA_SANMARTIN,2026-08-06,1786027800,2026-08-06 11:50:00,,,,,,1001.5,952.5,,
INTA_SANMARTIN,2026-08-06,1786028100,2026-08-06 11:55:00,,,,,,1001.4,952.4,,
INTA_SANMARTIN,2026-08-06,1786028400,2026-08-06 12:00:00,,,,,,1001.6,952.6,,
INTA_SANMARTIN,2026-08-06,1786028700,2026-08-06 12:05:00,,,,,,1001.4,952.4,,
INTA_SANMARTIN,2026-08-06,1786029000,2026-08-06 12:10:00,,,,,,1001.5,952.5,,
INTA_SANMARTIN,2026-08-06,1786029300,2026-08-06 12:15:00,,,,,,1001.5,952.5,,
INTA_SANMARTIN,2026-08-06,1786029600,2026-08-06 12:20:00,,,,,,1001.5,952.5,,
INTA_SANMARTIN,2026-08-06,1786029900,2026-08-06 12:25:00,,,,,,1001.4,952.4,,
INTA_SANMARTIN,2026-08-06,1786030200,2026-08-06 12:30:00,,,,,,1001.4,952.4,,
INTA_SANMARTIN,2026-08-06,1786030500,2026-08-06 12:35:00,,,,,,1001.4,952.4,,
INTA_SANMARTIN,2026-08-06,1786030800,2026-08-06 12:40:00,,,,,,1001.4,952.4,,
INTA_SANMARTIN,2026-08-06,1786031100,2026-08-06 12:45:00,,,,,,1001.4,952.4,,
INTA_SANMARTIN,2026-08-06,1786031400,2026-08-06 12:50:00,,,,,,1001.4,952.4,,
INTA_SANMARTIN,2026-08-06,1786031700,2026-08-06 12:55:00,,,,,,1001.3,952.3,,
INTA_SANMARTIN,2026-08-06,1786032000,2026-08-06 13:00:00,,,,,,1001.3,952.3,,
INTA_SANMARTIN,2026-08-06,1786032300,2026-08-06 13:05:00,,,,,,1001.3,952.3,,
INTA_SANMARTIN,2026-08-06,1786032600,2026-08-06 13:10:00,,,,,,1001.4,952.4,,
INTA_SANMARTIN,2026-08-06,1786032900,2026-08-06 13:15:00,,,,,,1001.4,952.4,,
INTA_SANMARTIN,2026-08-06,1786033200,2026-08-06 13:20:00,,,,,,1001.3,952.3,,
INTA_SANMARTIN,2026-08-06,1786033500,2026-08-06 13:25:00,,,,,,1001.2,952.2,,
INTA_SANMARTIN,2026-08-06,1786033800,2026-08-06 13:30:00,,,,,,1001.3,952.3,,
INTA_SANMARTIN,2026-08-06,1786034100,2026-08-06 13:35:00,,,,,,1001.3,952.3,,
INTA_SANMARTIN,2026-08-06,1786034400,2026-08-06 13:40:00,,,,,,1001.3,952.3,,
INTA_SANMARTIN,2026-08-06,1786034700,2026-08-06 13:45:00,,,,,,1001.3,952.3,,
INTA_SANMARTIN,2026-08-06,1786035000,2026-08-06 13:50:00,,,,,,1001.3,952.3,,
INTA_SANMARTIN,2026-08-06,1786035300,2026-08-06 13:55:00,,,,,,1001.5,952.5,,
INTA_SANMARTIN,2026-08-06,1786035600,2026-08-06 14:00:00,,,,,,1001.3,952.3,,
INTA_SANMARTIN,2026-08-06,1786035900,2026-08-06 14:05:00,,,,,,1001.3,952.3,,
INTA_SANMARTIN,2026-08-06,1786036200,2026-08-06 14:10:00,,,,,,1001.2,952.2,,
INTA_SANMARTIN,2026-08-06,1786036500,2026-08-06 14:15:00,,,,,,1001.3,952.3,,
INTA_SANMARTIN,2026-08-06,1786036800,2026-08-06 14:20:00,,,,,,1001.4,952.4,,
INTA_SANMARTIN,2026-08-06,1786037100,2026-08-06 14:25:00,,,,,,1001.3,952.3,,
INTA_SANMARTIN,2026-08-06,1786037400,2026-08-06 14:30:00,,,,,,1001.1,952.1,,
INTA_SANMARTIN,2026-08-06,1786037700,2026-08-06 14:35:00,,,,,,1001.1,952.1,,
INTA_SANMARTIN,2026-08-06,1786038000,2026-08-06 14:40:00,,,,,,1001.1,952.1,,
INTA_SANMARTIN,2026-08-06,1786038300,2026-08-06 14:45:00,,,,,,1001.2,952.2,,
INTA_SANMARTIN,2026-08-06,1786038600,2026-08-06 14:50:00,,,,,,1001.2,952.2,,
INTA_SANMARTIN,2026-08-06,1786038900,2026-08-06 14:55:00,,,,,,1001.1,952.2,,
INTA_SANMARTIN,2026-08-06,1786039200,2026-08-06 15:00:00,,,,,,1001.0,952.0,,
INTA_SANMARTIN,2026-08-06,1786039500,2026-08-06 15:05:00,,,,,,1001.1,952.1,,
INTA_SANMARTIN,2026-08-06,1786039800,2026-08-06 15:10:00,,,,,,1001.0,952.0,,
INTA_SANMARTIN,2026-08-06,1786040100,2026-08-06 15:15:00,,,,,,1001.0,952.0,,
INTA_SANMARTIN,2026-08-06,1786040400,2026-08-06 15:20:00,,,,,,1001.1,952.1,,
INTA_SANMARTIN,2026-08-06,1786040700,2026-08-06 15:25:00,,,,,,1001.1,952.1,,
INTA_SANMARTIN,2026-08-06,1786041000,2026-08-06 15:30:00,,,,,,1001.1,952.1,,
INTA_SANMARTIN,2026-08-06,1786041300,2026-08-06 15:35:00,,,,,,1001.0,952.0,,
INTA_SANMARTIN,2026-08-06,1786041600,2026-08-06 15:40:00,,,,,,1001.0,952.0,,
INTA_SANMARTIN,2026-08-06,1786041900,2026-08-06 15:45:00,,,,,,1001.0,952.0,,
INTA_SANMARTIN,2026-08-06,1786042200,2026-08-06 15:50:00,,,,,,1000.9,951.9,,
INTA_SANMARTIN,2026-08-06,1786042500,2026-08-06 15:55:00,,,,,,1000.8,951.8,,
INTA_SANMARTIN,2026-08-06,1786042800,2026-08-06 16:00:00,,,,,,1000.9,951.9,,
INTA_SANMARTIN,2026-08-06,1786043100,2026-08-06 16:05:00,,,,,,1001.0,952.0,,
INTA_SANMARTIN,2026-08-06,1786043400,2026-08-06 16:10:00,,,,,,1000.9,951.9,,
INTA_SANMARTIN,2026-08-06,1786043700,2026-08-06 16:15:00,,,,,,1000.8,951.8,,
INTA_SANMARTIN,2026-08-06,1786044000,2026-08-06 16:20:00,,,,,,1000.7,951.7,,
INTA_SANMARTIN,2026-08-06,1786044300,2026-08-06 16:25:00,,,,,,1000.7,951.7,,
INTA_SANMARTIN,2026-08-06,1786044600,2026-08-06 16:30:00,,,,,,1000.7,951.7,,
INTA_SANMARTIN,2026-08-06,1786044900,2026-08-06 16:35:00,,,,,,1000.5,951.5,,
INTA_SANMARTIN,2026-08-06,1786045200,2026-08-06 16:40:00,,,,,,1000.6,951.6,,
INTA_SANMARTIN,2026-08-06,1786045500,2026-08-06 16:45:00,,,,,,1000.5,951.5,,
INTA_SANMARTIN,2026-08-06,1786045800,2026-08-06 16:50:00,,,,,,1000.6,951.6,,
INTA_SANMARTIN,2026-08-06,1786046100,2026-08-06 16:55:00,,,,,,1000.7,951.7,,
INTA_SANMARTIN,2026-08-06,1786046400,2026-08-06 17:00:00,,,,,,1000.7,951.7,,
INTA_SANMARTIN,2026-08-06,1786046700,2026-08-06 17:05:00,,,,,,1000.7,951.7,,
INTA_SANMARTIN,2026-08-06,1786047000,2026-08-06 17:10:00,,,,,,1000.7,951.7,,
INTA_SANMARTIN,2026-08-06,1786047300,2026-08-06 17:15:00,,,,,,1000.7,951.7,,
INTA_SANMARTIN,2026-08-06,1786047600,2026-08-06 17:20:00,,,,,,1000.7,951.7,,
INTA_SANMARTIN,2026-08-06,1786047900,2026-08-06 17:25:00,,,,,,1000.8,951.8,,
INTA_SANMARTIN,2026-08-06,1786048200,2026-08-06 17:30:00,,,,,,1000.9,951.9,,
INTA_SANMARTIN,2026-08-06,1786048500,2026-08-06 17:35:00,,,,,,1000.9,951.9,,
INTA_SANMARTIN,2026-08-06,1786048800,2026-08-06 17:40:00,,,,,,1000.9,951.9,,
INTA_SANMARTIN,2026-08-06,1786049100,2026-08-06 17:45:00,,,,,,1000.9,951.9,,
INTA_SANMARTIN,2026-08-06,1786049400,2026-08-06 17:50:00,,,,,,1000.8,951.8,,
INTA_SANMARTIN,2026-08-06,1786049700,2026-08-06 17:55:00,,,,,,1000.8,951.8,,
INTA_SANMARTIN,2026-08-06,1786050000,2026-08-06 18:00:00,,,,,,1000.7,951.7,,
INTA_SANMARTIN,2026-08-06,1786050300,2026-08-06 18:05:00,,,,,,1000.8,951.8,,
INTA_SANMARTIN,2026-08-06,1786050600,2026-08-06 18:10:00,,,,,,1000.8,951.8,,
INTA_SANMARTIN,2026-08-06,1786050900,2026-08-06 18:15:00,,,,,,1000.9,951.9,,
INTA_SANMARTIN,2026-08-06,1786051200,2026-08-06 18:20:00,,,,,,1001.0,952.0,,
INTA_SANMARTIN,2026-08-06,1786051500,2026-08-06 18:25:00,,,,,,1001.1,952.1,,
INTA_SANMARTIN,2026-08-06,1786051800,2026-08-06 18:30:00,,,,,,1001.2,952.2,,
INTA_SANMARTIN,2026-08-06,1786052100,2026-08-06 18:35:00,,,,,,1001.2,952.2,,
INTA_SANMARTIN,2026-08-06,1786052400,2026-08-06 18:40:00,,,,,,1001.3,952.3,,
INTA_SANMARTIN,2026-08-06,1786052700,2026-08-06 18:45:00,,,,,,1001.3,952.3,,
INTA_SANMARTIN,2026-08-06,1786053000,2026-08-06 18:50:00,,,,,,1001.2,952.2,,
INTA_SANMARTIN,2026-08-06,1786053300,2026-08-06 18:55:00,,,,,,1001.3,952.3,,
INTA_SANMARTIN,2026-08-06,1786053600,2026-08-06 19:00:00,,,,,,1001.2,952.2,,
INTA_SANMARTIN,2026-08-06,1786053900,2026-08-06 19:05:00,,,,,,1001.3,952.3,,
INTA_SANMARTIN,2026-08-06,1786054200,2026-08-06 19:10:00,,,,,,1001.4,952.4,,
INTA_SANMARTIN,2026-08-06,1786054500,2026-08-06 19:15:00,,,,,,1001.4,952.4,,
INTA_SANMARTIN,2026-08-06,1786054800,2026-08-06 19:20:00,,,,,,1001.4,952.4,,
INTA_SANMARTIN,2026-08-06,1786055100,2026-08-06 19:25:00,,,,,,1001.4,952.4,,
INTA_SANMARTIN,2026-08-06,1786055400,2026-08-06 19:30:00,,,,,,1001.4,952.4,,
INTA_SANMARTIN,2026-08-06,1786055700,2026-08-06 19:35:00,,,,,,1001.5,952.5,,
INTA_SANMARTIN,2026-08-06,1786056000,2026-08-06 19:40:00,,,,,,1001.7,952.7,,
INTA_SANMARTIN,2026-08-06,1786056300,2026-08-06 19:45:00,,,,,,1001.7,952.7,,
INTA_SANMARTIN,2026-08-06,1786056600,2026-08-06 19:50:00,,,,,,1001.7,952.7,,
INTA_SANMARTIN,2026-08-06,1786056900,2026-08-06 19:55:00,,,,,,1001.7,952.7,,
INTA_SANMARTIN,2026-08-06,1786057200,2026-08-06 20:00:00,,,,,,1001.9,952.9,,
INTA_SANMARTIN,2026-08-06,1786057500,2026-08-06 20:05:00,,,,,,1001.8,952.8,,
INTA_SANMARTIN,2026-08-06,1786057800,2026-08-06 20:10:00,,,,,,1001.7,952.7,,
INTA_SANMARTIN,2026-08-06,1786058100,2026-08-06 20:15:00,,,,,,1001.9,952.9,,
INTA_SANMARTIN,2026-08-06,1786058400,2026-08-06 20:20:00,,,,,,1001.9,952.9,,
INTA_SANMARTIN,2026-08-06,1786058700,2026-08-06 20:25:00,,,,,,1001.8,952.8,,
INTA_SANMARTIN,2026-08-06,1786059000,2026-08-06 20:30:00,,,,,,1001.9,952.9,,
INTA_SANMARTIN,2026-08-06,1786059300,2026-08-06 20:35:00,,,,,,1001.9,952.9,,
INTA_SANMARTIN,2026-08-06,1786059600,2026-08-06 20:40:00,,,,,,1001.8,952.8,,
INTA_SANMARTIN,2026-08-06,1786059900,2026-08-06 20:45:00,,,,,,1001.9,952.9,,
INTA_SANMARTIN,2026-08-06,1786060200,2026-08-06 20:50:00,,,,,,1001.9,952.9,,
INTA_SANMARTIN,2026-08-06,1786060500,2026-08-06 20:55:00,,,,,,1001.9,952.9,,
INTA_SANMARTIN,2026-08-06,1786060800,2026-08-06 21:00:00,,,,,,1001.9,952.9,,
INTA_SANMARTIN,2026-08-06,1786061100,2026-08-06 21:05:00,,,,,,1002.0,953.0,,
INTA_SANMARTIN,2026-08-06,1786061400,2026-08-06 21:10:00,,,,,,1001.9,952.9,,
INTA_SANMARTIN,2026-08-06,1786061700,2026-08-06 21:15:00,,,,,,1001.9,952.9,,
INTA_SANMARTIN,2026-08-06,1786062000,2026-08-06 21:20:00,,,,,,1001.9,952.9,,
INTA_SANMARTIN,2026-08-06,1786062300,2026-08-06 21:25:00,,,,,,1002.0,953.0,,
INTA_SANMARTIN,2026-08-06,1786062600,2026-08-06 21:30:00,,,,,,1002.0,953.0,,
INTA_SANMARTIN,2026-08-06,1786062900,2026-08-06 21:35:00,,,,,,1002.0,953.0,,
INTA_SANMARTIN,2026-08-06,1786063200,2026-08-06 21:40:00,,,,,,1002.0,953.0,,
INTA_SANMARTIN,2026-08-06,1786063500,2026-08-06 21:45:00,,,,,,1002.0,953.0,,
INTA_SANMARTIN,2026-08-06,1786063800,2026-08-06 21:50:00,,,,,,1002.1,953.1,,
INTA_SANMARTIN,2026-08-06,1786064100,2026-08-06 21:55:00,,,,,,1002.1,953.1,,
INTA_SANMARTIN,2026-08-06,1786064400,2026-08-06 22:00:00,,,,,,1002.0,953.0,,
INTA_SANMARTIN,2026-08-06,1786064700,2026-08-06 22:05:00,,,,,,1002.0,953.0,,
INTA_SANMARTIN,2026-08-06,1786065000,2026-08-06 22:10:00,,,,,,1001.9,952.9,,
INTA_SANMARTIN,2026-08-06,1786065300,2026-08-06 22:15:00,,,,,,1001.9,952.9,,
INTA_SANMARTIN,2026-08-06,1786065600,2026-08-06 22:20:00,,,,,,1002.0,953.0,,
INTA_SANMARTIN,2026-08-06,1786065900,2026-08-06 22:25:00,,,,,,1002.2,953.2,,
INTA_SANMARTIN,2026-08-06,1786066200,2026-08-06 22:30:00,,,,,,1002.0,953.0,,
INTA_SANMARTIN,2026-08-06,1786066500,2026-08-06 22:35:00,,,,,,1001.9,952.9,,
INTA_SANMARTIN,2026-08-06,1786066800,2026-08-06 22:40:00,,,,,,1002.0,953.0,,
INTA_SANMARTIN,2026-08-06,1786067100,2026-08-06 22:45:00,,,,,,1002.0,953.0,,
INTA_SANMARTIN,2026-08-06,1786067400,2026-08-06 22:50:00,,,,,,1001.9,952.9,,
INTA_SANMARTIN,2026-08-06,1786067700,2026-08-06 22:55:00,,,,,,1001.9,952.9,,
INTA_SANMARTIN,2026-08-06,1786068000,2026-08-06 23:00:00,,,,,,1001.9,952.9,,
INTA_SANMARTIN,2026-08-06,1786068300,2026-08-06 23:05:00,,,,,,1001.8,952.8,,
INTA_SANMARTIN,2026-08-06,1786068600,2026-08-06 23:10:00,,,,,,1001.9,952.9,,
INTA_SANMARTIN,2026-08-06,1786068900,2026-08-06 23:15:00,,,,,,1001.9,952.9,,
INTA_SANMARTIN,2026-08-06,1786069200,2026-08-06 23:20:00,,,,,,1001.9,952.9,,
INTA_SANMARTIN,2026-08-06,1786069500,2026-08-06 23:25:00,,,,,,1002.0,953.0,,
INTA_SANMARTIN,2026-08-06,1786069800,2026-08-06 23:30:00,,,,,,1001.9,952.9,,
INTA_SANMARTIN,2026-08-06,1786070100,2026-08-06 23:35:00,,,,,,1002.0,953.0,,
INTA_SANMARTIN,2026-08-06,1786070400,2026-08-06 23:40:00,,,,,,1001.9,952.9,,
INTA_SANMARTIN,2026-08-06,1786070700,2026-08-06 23:45:00,,,,,,1002.0,953.0,,
INTA_SANMARTIN,2026-08-06,1786071000,2026-08-06 23:50:00,,,,,,1001.9,952.9,,
INTA_SANMARTIN,2026-08-06,1786071300,2026-08-06 23:55:00,,,,,,1001.9,952.9,,
VALLE_FERTIL,2026-08-06,1785985200,2026-08-06 00:00:00,12.9,95,5.5,9.4,332,1001.1,904.4,0.0,0.0
VALLE_FERTIL,2026-08-06,1785985500,2026-08-06 00:05:00,13.0,95,7.1,9.4,330,1001.2,904.5,0.0,0.0
VALLE_FERTIL,2026-08-06,1785985800,2026-08-06 00:10:00,12.9,95,5.6,11.2,343,1001.1,904.4,0.0,0.0
VALLE_FERTIL,2026-08-06,1785986100,2026-08-06 00:15:00,12.9,95,4.4,7.2,333,1001.0,904.3,0.0,0.0
VALLE_FERTIL,2026-08-06,1785986400,2026-08-06 00:20:00,12.9,95,3.1,5.4,329,1001.0,904.3,0.0,0.0
VALLE_FERTIL,2026-08-06,1785986700,2026-08-06 00:25:00,12.9,95,2.9,5.4,327,1001.1,904.4,0.0,0.0
VALLE_FERTIL,2026-08-06,1785987000,2026-08-06 00:30:00,12.9,95,3.0,5.4,336,1000.9,904.2,0.0,0.0
VALLE_FERTIL,2026-08-06,1785987300,2026-08-06 00:35:00,12.8,95,4.5,7.2,321,1000.9,904.1,0.0,0.0
VALLE_FERTIL,2026-08-06,1785987600,2026-08-06 00:40:00,12.7,95,4.2,7.2,321,1000.8,904.1,0.0,0.0
VALLE_FERTIL,2026-08-06,1785987900,2026-08-06 00:45:00,12.7,95,4.8,9.4,308,1000.8,904.1,0.0,0.0
VALLE_FERTIL,2026-08-06,1785988200,2026-08-06 00:50:00,12.7,96,5.5,9.4,304,1000.8,904.1,0.0,0.0
VALLE_FERTIL,2026-08-06,1785988500,2026-08-06 00:55:00,12.6,96,5.5,9.4,302,1000.9,904.2,0.0,0.0
VALLE_FERTIL,2026-08-06,1785988800,2026-08-06 01:00:00,12.5,96,7.1,13.0,291,1000.8,904.1,0.0,0.0
VALLE_FERTIL,2026-08-06,1785989100,2026-08-06 01:05:00,12.4,96,6.9,11.2,286,1000.5,903.8,0.0,0.0
VALLE_FERTIL,2026-08-06,1785989400,2026-08-06 01:10:00,12.3,96,7.0,9.4,303,1000.5,903.8,0.0,0.0
VALLE_FERTIL,2026-08-06,1785989700,2026-08-06 01:15:00,12.2,96,5.0,7.2,311,1000.6,903.9,0.0,0.0
VALLE_FERTIL,2026-08-06,1785990000,2026-08-06 01:20:00,12.1,96,5.0,9.4,338,1000.5,903.8,0.0,0.0
VALLE_FERTIL,2026-08-06,1785990300,2026-08-06 01:25:00,12.1,97,3.7,7.2,333,1000.3,903.6,0.0,0.0
VALLE_FERTIL,2026-08-06,1785990600,2026-08-06 01:30:00,12.0,97,5.7,7.2,320,1000.4,903.7,0.0,0.0
VALLE_FERTIL,2026-08-06,1785990900,2026-08-06 01:35:00,11.9,97,5.7,13.0,305,1000.3,903.6,0.0,0.0
VALLE_FERTIL,2026-08-06,1785991200,2026-08-06 01:40:00,11.9,97,5.8,11.2,315,1000.2,903.5,0.0,0.0
VALLE_FERTIL,2026-08-06,1785991500,2026-08-06 01:45:00,11.8,97,4.0,7.2,312,1000.0,903.3,0.0,0.0
VALLE_FERTIL,2026-08-06,1785991800,2026-08-06 01:50:00,11.8,97,5.0,9.4,306,1000.0,903.3,0.0,0.0
VALLE_FERTIL,2026-08-06,1785992100,2026-08-06 01:55:00,11.7,97,5.8,7.2,316,1000.1,903.3,0.0,0.0
VALLE_FERTIL,2026-08-06,1785992400,2026-08-06 02:00:00,11.7,97,5.4,9.4,318,1000.0,903.3,0.0,0.0
VALLE_FERTIL,2026-08-06,1785992700,2026-08-06 02:05:00,11.6,97,6.3,9.4,318,999.9,903.2,0.0,0.0
VALLE_FERTIL,2026-08-06,1785993000,2026-08-06 02:10:00,11.5,97,7.1,11.2,293,999.9,903.2,0.0,0.0
VALLE_FERTIL,2026-08-06,1785993300,2026-08-06 02:15:00,11.4,97,7.7,13.0,315,999.8,903.1,0.0,0.0
VALLE_FERTIL,2026-08-06,1785993600,2026-08-06 02:20:00,11.4,98,6.9,9.4,318,999.8,903.1,0.0,0.0
VALLE_FERTIL,2026-08-06,1785993900,2026-08-06 02:25:00,11.3,98,7.6,11.2,319,999.6,902.9,0.0,0.0
VALLE_FERTIL,2026-08-06,1785994200,2026-08-06 02:30:00,11.1,98,8.6,13.0,315,999.6,902.9,0.0,0.0
VALLE_FERTIL,2026-08-06,1785994500,2026-08-06 02:35:00,10.9,98,9.5,13.0,313,999.5,902.8,0.0,0.0
VALLE_FERTIL,2026-08-06,1785994800,2026-08-06 02:40:00,10.5,98,9.7,16.6,317,999.4,902.7,0.0,0.0
VALLE_FERTIL,2026-08-06,1785995100,2026-08-06 02:45:00,10.2,98,8.7,13.0,320,999.2,902.5,0.0,0.0
VALLE_FERTIL,2026-08-06,1785995400,2026-08-06 02:50:00,10.0,98,9.4,14.8,321,999.1,902.5,0.0,0.0
VALLE_FERTIL,2026-08-06,1785995700,2026-08-06 02:55:00,9.8,98,7.9,13.0,330,999.0,902.3,0.0,0.0
VALLE_FERTIL,2026-08-06,1785996000,2026-08-06 03:00:00,9.7,98,6.6,13.0,325,998.9,902.2,0.0,0.0
VALLE_FERTIL,2026-08-06,1785996300,2026-08-06 03:05:00,9.6,98,7.0,11.2,308,998.7,902.0,0.0,0.0
VALLE_FERTIL,2026-08-06,1785996600,2026-08-06 03:10:00,9.4,98,7.6,11.2,331,998.6,901.9,0.0,0.0
VALLE_FERTIL,2026-08-06,1785996900,2026-08-06 03:15:00,9.3,98,7.4,11.2,323,998.4,901.6,0.0,0.0
VALLE_FERTIL,2026-08-06,1785997200,2026-08-06 03:20:00,9.2,98,7.4,13.0,297,998.3,901.6,0.0,0.0
VALLE_FERTIL,2026-08-06,1785997500,2026-08-06 03:25:00,9.1,98,11.4,14.8,301,998.2,901.5,0.0,0.0
VALLE_FERTIL,2026-08-06,1785997800,2026-08-06 03:30:00,9.8,89,9.7,14.8,308,998.0,901.3,0.0,0.0
VALLE_FERTIL,2026-08-06,1785998100,2026-08-06 03:35:00,10.9,82,5.9,7.2,326,997.9,901.2,0.0,0.0
VALLE_FERTIL,2026-08-06,1785998400,2026-08-06 03:40:00,10.4,79,6.6,9.4,330,997.9,901.2,0.0,0.0
VALLE_FERTIL,2026-08-06,1785998700,2026-08-06 03:45:00,11.7,64,8.9,14.8,299,997.8,901.1,0.0,0.0
VALLE_FERTIL,2026-08-06,1785999000,2026-08-06 03:50:00,16.5,35,14.0,18.4,249,997.8,901.1,0.0,0.0
VALLE_FERTIL,2026-08-06,1785999300,2026-08-06 03:55:00,19.0,30,17.7,25.6,248,998.0,901.3,0.0,0.0
VALLE_FERTIL,2026-08-06,1785999600,2026-08-06 04:00:00,19.3,28,15.5,22.0,247,997.8,901.1,0.0,0.0
VALLE_FERTIL,2026-08-06,1785999900,2026-08-06 04:05:00,19.3,27,15.9,20.2,240,998.0,901.2,0.0,0.0
VALLE_FERTIL,2026-08-06,1786000200,2026-08-06 04:10:00,19.6,25,16.0,22.0,240,998.1,901.4,0.0,0.0
VALLE_FERTIL,2026-08-06,1786000500,2026-08-06 04:15:00,19.7,25,15.9,18.4,240,998.3,901.5,0.0,0.0
VALLE_FERTIL,2026-08-06,1786000800,2026-08-06 04:20:00,19.7,25,13.6,22.0,262,998.3,901.6,0.0,0.0
VALLE_FERTIL,2026-08-06,1786001100,2026-08-06 04:25:00,19.7,23,15.8,18.4,248,998.3,901.6,0.0,0.0
VALLE_FERTIL,2026-08-06,1786002900,2026-08-06 04:55:00,19.5,23,14.2,18.4,251,998.5,901.8,0.0,0.0
VALLE_FERTIL,2026-08-06,1786003200,2026-08-06 05:00:00,19.6,23,15.5,18.4,245,998.4,901.7,0.0,0.0
VALLE_FERTIL,2026-08-06,1786003500,2026-08-06 05:05:00,20.7,20,17.3,23.8,252,998.6,901.9,0.0,0.0
VALLE_FERTIL,2026-08-06,1786003800,2026-08-06 05:10:00,19.7,22,14.2,16.6,249,998.8,902.1,0.0,0.0
VALLE_FERTIL,2026-08-06,1786004100,2026-08-06 05:15:00,20.0,21,16.2,22.0,240,999.1,902.4,0.0,0.0
VALLE_FERTIL,2026-08-06,1786004400,2026-08-06 05:20:00,20.5,20,13.9,23.8,242,998.9,902.2,0.0,0.0
VALLE_FERTIL,2026-08-06,1786004700,2026-08-06 05:25:00,20.3,20,14.9,20.2,242,999.1,902.4,0.0,0.0
VALLE_FERTIL,2026-08-06,1786005000,2026-08-06 05:30:00,19.8,21,14.3,20.2,245,999.2,902.5,0.0,0.0
VALLE_FERTIL,2026-08-06,1786005300,2026-08-06 05:35:00,19.6,23,13.2,18.4,245,999.2,902.6,0.0,0.0
VALLE_FERTIL,2026-08-06,1786005600,2026-08-06 05:40:00,19.2,24,11.4,14.8,253,999.3,902.6,0.0,0.0
VALLE_FERTIL,2026-08-06,1786005900,2026-08-06 05:45:00,18.8,24,2.6,13.0,252,999.2,902.5,0.0,0.0
VALLE_FERTIL,2026-08-06,1786006200,2026-08-06 05:50:00,18.8,22,1.2,5.4,270,999.2,902.6,0.0,0.0
VALLE_FERTIL,2026-08-06,1786006500,2026-08-06 05:55:00,18.9,24,1.7,7.2,256,999.3,902.6,0.0,0.0
VALLE_FERTIL,2026-08-06,1786006800,2026-08-06 06:00:00,18.4,24,2.2,5.4,245,999.4,902.7,0.0,0.0
VALLE_FERTIL,2026-08-06,1786007100,2026-08-06 06:05:00,18.5,23,1.2,1.8,258,999.4,902.8,0.0,0.0
VALLE_FERTIL,2026-08-06,1786007400,2026-08-06 06:10:00,18.3,24,1.5,7.2,255,999.5,902.8,0.0,0.0
VALLE_FERTIL,2026-08-06,1786007700,2026-08-06 06:15:00,18.3,24,2.5,11.2,245,999.7,903.1,0.0,0.0
VALLE_FERTIL,2026-08-06,1786008000,2026-08-06 06:20:00,18.5,22,8.3,14.8,245,999.7,903.0,0.0,0.0
VALLE_FERTIL,2026-08-06,1786008300,2026-08-06 06:25:00,18.8,23,11.1,14.8,257,999.6,903.0,0.0,0.0
VALLE_FERTIL,2026-08-06,1786008600,2026-08-06 06:30:00,18.5,23,9.6,13.0,259,999.4,902.8,0.0,0.0
VALLE_FERTIL,2026-08-06,1786008900,2026-08-06 06:35:00,18.5,23,10.0,13.0,253,999.6,902.9,0.0,0.0
VALLE_FERTIL,2026-08-06,1786009200,2026-08-06 06:40:00,18.8,23,8.3,16.6,247,999.8,903.1,0.0,0.0
VALLE_FERTIL,2026-08-06,1786009500,2026-08-06 06:45:00,18.9,22,10.9,14.8,242,1000.0,903.3,0.0,0.0
VALLE_FERTIL,2026-08-06,1786009800,2026-08-06 06:50:00,19.1,21,11.2,14.8,245,1000.3,903.6,0.0,0.0
VALLE_FERTIL,2026-08-06,1786010100,2026-08-06 06:55:00,19.1,21,9.3,14.8,247,1000.4,903.7,0.0,0.0
VALLE_FERTIL,2026-08-06,1786010400,2026-08-06 07:00:00,19.1,21,9.3,13.0,251,1000.5,903.8,0.0,0.0
VALLE_FERTIL,2026-08-06,1786010700,2026-08-06 07:05:00,19.2,21,12.4,14.8,242,1000.7,904.0,0.0,0.0
VALLE_FERTIL,2026-08-06,1786011000,2026-08-06 07:10:00,19.7,19,12.2,18.4,242,1000.7,904.0,0.0,0.0
VALLE_FERTIL,2026-08-06,1786011300,2026-08-06 07:15:00,19.8,19,10.3,14.8,248,1000.6,903.9,0.0,0.0
VALLE_FERTIL,2026-08-06,1786011600,2026-08-06 07:20:00,19.5,19,10.8,16.6,251,1000.8,904.1,0.0,0.0
VALLE_FERTIL,2026-08-06,1786011900,2026-08-06 07:25:00,19.8,19,9.1,13.0,241,1001.1,904.4,0.0,0.0
VALLE_FERTIL,2026-08-06,1786012200,2026-08-06 07:30:00,19.8,18,9.0,14.8,238,1001.1,904.4,0.0,0.0
VALLE_FERTIL,2026-08-06,1786012500,2026-08-06 07:35:00,20.0,18,10.1,14.8,241,1001.4,904.7,0.0,0.0
VALLE_FERTIL,2026-08-06,1786012800,2026-08-06 07:40:00,20.2,18,7.7,13.0,241,1001.4,904.8,0.0,0.0
VALLE_FERTIL,2026-08-06,1786013100,2026-08-06 07:45:00,20.3,17,10.6,18.4,236,1001.6,905.0,0.0,0.0
VALLE_FERTIL,2026-08-06,1786013400,2026-08-06 07:50:00,20.0,18,9.6,14.8,240,1001.8,905.1,0.0,0.1
VALLE_FERTIL,2026-08-06,1786013700,2026-08-06 07:55:00,20.2,18,4.0,7.2,231,1001.8,905.1,0.0,0.5
VALLE_FERTIL,2026-08-06,1786014000,2026-08-06 08:00:00,20.2,18,0.6,3.6,245,1002.1,905.4,0.0,1.2
VALLE_FERTIL,2026-08-06,1786014300,2026-08-06 08:05:00,20.0,17,1.9,9.4,227,1002.3,905.5,0.0,2.6
VALLE_FERTIL,2026-08-06,1786014600,2026-08-06 08:10:00,21.0,16,7.8,11.2,225,1002.3,905.5,0.0,4.2
VALLE_FERTIL,2026-08-06,1786014900,2026-08-06 08:15:00,20.9,17,4.2,7.2,218,1002.5,905.8,0.0,6.7
VALLE_FERTIL,2026-08-06,1786015200,2026-08-06 08:20:00,19.9,34,8.7,20.2,58,1002.8,906.1,0.0,10.0
VALLE_FERTIL,2026-08-06,1786015500,2026-08-06 08:25:00,12.8,73,10.4,18.4,114,1003.0,906.3,0.0,13.4
VALLE_FERTIL,2026-08-06,1786015800,2026-08-06 08:30:00,11.5,80,7.8,14.8,129,1003.2,906.5,0.0,18.5
VALLE_FERTIL,2026-08-06,1786016100,2026-08-06 08:35:00,11.3,83,6.2,14.8,99,1003.3,906.6,0.0,23.6
VALLE_FERTIL,2026-08-06,1786016400,2026-08-06 08:40:00,11.2,85,5.5,9.4,72,1003.9,907.2,0.0,26.8
VALLE_FERTIL,2026-08-06,1786016700,2026-08-06 08:45:00,10.8,87,7.1,13.0,106,1003.9,907.2,0.0,33.0
VALLE_FERTIL,2026-08-06,1786017000,2026-08-06 08:50:00,10.9,88,3.7,5.4,97,1004.1,907.4,0.0,37.0
VALLE_FERTIL,2026-08-06,1786017300,2026-08-06 08:55:00,10.8,88,6.4,9.4,101,1004.2,907.5,0.0,49.0
VALLE_FERTIL,2026-08-06,1786017600,2026-08-06 09:00:00,11.0,87,4.2,7.2,83,1004.5,907.8,0.0,54.8
VALLE_FERTIL,2026-08-06,1786017900,2026-08-06 09:05:00,11.0,86,2.7,7.2,164,1004.6,907.9,0.0,53.2
VALLE_FERTIL,2026-08-06,1786018200,2026-08-06 09:10:00,14.4,45,17.7,29.5,230,1004.8,908.1,0.0,67.3
VALLE_FERTIL,2026-08-06,1786018500,2026-08-06 09:15:00,18.2,40,19.8,29.5,218,1004.9,908.2,0.0,86.5
VALLE_FERTIL,2026-08-06,1786018800,2026-08-06 09:20:00,18.1,43,18.1,23.8,223,1004.9,908.2,0.0,77.9
VALLE_FERTIL,2026-08-06,1786019100,2026-08-06 09:25:00,17.8,45,23.6,31.3,227,1005.1,908.4,0.0,113.9
VALLE_FERTIL,2026-08-06,1786019400,2026-08-06 09:30:00,17.8,46,25.3,31.3,221,1005.1,908.4,0.0,139.9
VALLE_FERTIL,2026-08-06,1786019700,2026-08-06 09:35:00,17.9,47,19.8,25.6,236,1005.4,908.7,0.0,166.3
VALLE_FERTIL,2026-08-06,1786020000,2026-08-06 09:40:00,18.1,47,22.0,34.9,216,1005.6,908.9,0.0,174.9
VALLE_FERTIL,2026-08-06,1786020300,2026-08-06 09:45:00,18.2,47,22.0,31.3,232,1005.8,909.1,0.0,188.1
VALLE_FERTIL,2026-08-06,1786020600,2026-08-06 09:50:00,18.2,48,22.3,33.1,213,1005.9,909.2,0.0,194.5
VALLE_FERTIL,2026-08-06,1786020900,2026-08-06 09:55:00,18.3,47,18.1,25.6,228,1005.9,909.3,0.0,200.3
VALLE_FERTIL,2026-08-06,1786021200,2026-08-06 10:00:00,18.4,47,14.5,20.2,230,1006.3,909.6,0.0,203.1
VALLE_FERTIL,2026-08-06,1786021500,2026-08-06 10:05:00,18.5,48,14.3,23.8,206,1006.4,909.6,0.0,211.6
VALLE_FERTIL,2026-08-06,1786021800,2026-08-06 10:10:00,18.7,46,12.1,18.4,183,1006.6,909.9,0.0,211.6
VALLE_FERTIL,2026-08-06,1786022100,2026-08-06 10:15:00,18.5,54,5.9,14.8,93,1007.1,910.3,0.0,72.5
VALLE_FERTIL,2026-08-06,1786022400,2026-08-06 10:20:00,16.0,67,9.4,13.0,86,1007.3,910.6,0.0,153.0
VALLE_FERTIL,2026-08-06,1786022700,2026-08-06 10:25:00,15.8,67,14.3,27.7,116,1007.3,910.6,0.0,248.6
VALLE_FERTIL,2026-08-06,1786023000,2026-08-06 10:30:00,16.1,55,17.3,31.3,119,1007.6,910.9,0.0,255.8
VALLE_FERTIL,2026-08-06,1786023300,2026-08-06 10:35:00,15.9,51,15.0,25.6,138,1007.8,911.1,0.0,268.9
VALLE_FERTIL,2026-08-06,1786023600,2026-08-06 10:40:00,16.1,49,12.7,22.0,156,1007.8,911.1,0.0,273.7
VALLE_FERTIL,2026-08-06,1786023900,2026-08-06 10:45:00,16.4,48,13.8,27.7,179,1007.9,911.2,0.0,280.8
VALLE_FERTIL,2026-08-06,1786024200,2026-08-06 10:50:00,16.7,46,13.5,25.6,139,1008.2,911.5,0.0,293.4
VALLE_FERTIL,2026-08-06,1786024500,2026-08-06 10:55:00,16.6,45,13.3,23.8,114,1008.4,911.7,0.0,306.3
VALLE_FERTIL,2026-08-06,1786024800,2026-08-06 11:00:00,16.8,44,14.5,23.8,114,1008.3,911.6,0.0,315.7
VALLE_FERTIL,2026-08-06,1786025100,2026-08-06 11:05:00,16.9,43,19.7,31.3,139,1008.6,911.9,0.0,328.1
VALLE_FERTIL,2026-08-06,1786025400,2026-08-06 11:10:00,16.6,43,19.0,33.1,123,1009.0,912.2,0.0,338.4
VALLE_FERTIL,2026-08-06,1786025700,2026-08-06 11:15:00,15.9,44,20.9,31.3,108,1008.9,912.2,0.0,350.1
VALLE_FERTIL,2026-08-06,1786026000,2026-08-06 11:20:00,16.3,42,21.3,34.9,109,1009.0,912.3,0.0,364.2
VALLE_FERTIL,2026-08-06,1786026300,2026-08-06 11:25:00,16.2,41,20.5,31.3,130,1009.5,912.8,0.0,375.7
VALLE_FERTIL,2026-08-06,1786026600,2026-08-06 11:30:00,16.2,41,14.1,27.7,134,1009.6,912.9,0.0,383.1
VALLE_FERTIL,2026-08-06,1786026900,2026-08-06 11:35:00,16.3,39,19.6,43.9,108,1009.6,912.9,0.0,393.5
VALLE_FERTIL,2026-08-06,1786027200,2026-08-06 11:40:00,16.2,39,13.8,29.5,152,1009.5,912.8,0.0,402.1
VALLE_FERTIL,2026-08-06,1786027500,2026-08-06 11:45:00,16.0,39,15.8,31.3,140,1009.5,912.8,0.0,409.2
VALLE_FERTIL,2026-08-06,1786027800,2026-08-06 11:50:00,15.7,37,20.7,40.3,162,1009.7,913.0,0.0,416.3
VALLE_FERTIL,2026-08-06,1786028100,2026-08-06 11:55:00,15.9,37,15.2,27.7,156,1009.9,913.2,0.0,425.3
VALLE_FERTIL,2026-08-06,1786028400,2026-08-06 12:00:00,15.8,35,12.7,25.6,158,1010.0,913.3,0.0,432.9
VALLE_FERTIL,2026-08-06,1786028700,2026-08-06 12:05:00,15.8,36,18.2,31.3,129,1010.0,913.3,0.0,441.9
VALLE_FERTIL,2026-08-06,1786029000,2026-08-06 12:10:00,15.7,37,20.3,33.1,121,1010.1,913.4,0.0,451.8
VALLE_FERTIL,2026-08-06,1786029300,2026-08-06 12:15:00,15.6,37,20.3,38.5,137,1010.1,913.4,0.0,456.4
VALLE_FERTIL,2026-08-06,1786029600,2026-08-06 12:20:00,15.3,38,25.9,36.7,128,1010.2,913.6,0.0,463.1
VALLE_FERTIL,2026-08-06,1786029900,2026-08-06 12:25:00,15.5,36,17.6,38.5,116,1010.3,913.6,0.0,470.3
VALLE_FERTIL,2026-08-06,1786030200,2026-08-06 12:30:00,16.0,35,13.6,22.0,131,1010.3,913.6,0.0,475.5
VALLE_FERTIL,2026-08-06,1786030500,2026-08-06 12:35:00,16.2,35,13.5,20.2,112,1010.2,913.6,0.0,480.1
VALLE_FERTIL,2026-08-06,1786030800,2026-08-06 12:40:00,16.5,34,12.7,22.0,126,1010.4,913.7,0.0,485.6
VALLE_FERTIL,2026-08-06,1786031100,2026-08-06 12:45:00,16.3,35,14.3,29.5,121,1010.5,913.8,0.0,490.7
VALLE_FERTIL,2026-08-06,1786031400,2026-08-06 12:50:00,15.9,34,18.1,27.7,103,1010.5,913.8,0.0,496.0
VALLE_FERTIL,2026-08-06,1786031700,2026-08-06 12:55:00,15.9,33,17.9,34.9,108,1010.6,913.9,0.0,500.2
VALLE_FERTIL,2026-08-06,1786032000,2026-08-06 13:00:00,15.9,33,15.0,22.0,107,1010.4,913.7,0.0,506.3
VALLE_FERTIL,2026-08-06,1786032300,2026-08-06 13:05:00,16.2,32,12.3,20.2,121,1010.6,913.9,0.0,509.2
VALLE_FERTIL,2026-08-06,1786032600,2026-08-06 13:10:00,16.3,32,16.1,29.5,119,1010.6,913.9,0.0,513.3
VALLE_FERTIL,2026-08-06,1786032900,2026-08-06 13:15:00,16.8,30,14.8,29.5,142,1010.5,913.8,0.0,515.6
VALLE_FERTIL,2026-08-06,1786033200,2026-08-06 13:20:00,15.9,31,13.8,23.8,117,1010.7,914.0,0.0,517.3
VALLE_FERTIL,2026-08-06,1786033500,2026-08-06 13:25:00,16.2,31,14.0,25.6,152,1010.5,913.8,0.0,519.9
VALLE_FERTIL,2026-08-06,1786033800,2026-08-06 13:30:00,16.3,31,15.6,22.0,140,1010.5,913.8,0.0,521.5
VALLE_FERTIL,2026-08-06,1786034100,2026-08-06 13:35:00,16.4,31,13.2,23.8,128,1010.6,913.9,0.0,520.2
VALLE_FERTIL,2026-08-06,1786034400,2026-08-06 13:40:00,16.2,30,16.3,23.8,127,1010.7,914.0,0.0,519.2
VALLE_FERTIL,2026-08-06,1786034700,2026-08-06 13:45:00,16.1,31,17.5,31.3,128,1010.6,913.9,0.0,519.1
VALLE_FERTIL,2026-08-06,1786035000,2026-08-06 13:50:00,15.8,31,16.6,23.8,110,1010.5,913.8,0.0,516.4
VALLE_FERTIL,2026-08-06,1786035300,2026-08-06 13:55:00,15.8,31,13.1,20.2,129,1010.5,913.8,0.0,514.0
VALLE_FERTIL,2026-08-06,1786035600,2026-08-06 14:00:00,16.3,31,12.2,22.0,125,1010.6,913.9,0.0,511.9
VALLE_FERTIL,2026-08-06,1786035900,2026-08-06 14:05:00,16.0,32,13.1,22.0,128,1010.5,913.8,0.0,510.1
VALLE_FERTIL,2026-08-06,1786036200,2026-08-06 14:10:00,16.0,33,14.0,18.4,141,1010.5,913.8,0.0,505.8
VALLE_FERTIL,2026-08-06,1786036500,2026-08-06 14:15:00,15.9,34,8.2,14.8,155,1010.4,913.7,0.0,502.8
VALLE_FERTIL,2026-08-06,1786036800,2026-08-06 14:20:00,16.2,35,10.6,20.2,109,1010.4,913.7,0.0,500.8
VALLE_FERTIL,2026-08-06,1786037100,2026-08-06 14:25:00,16.1,37,8.9,14.8,127,1010.5,913.8,0.0,496.7
VALLE_FERTIL,2026-08-06,1786037400,2026-08-06 14:30:00,16.2,36,10.9,18.4,132,1010.5,913.8,0.0,492.6
VALLE_FERTIL,2026-08-06,1786037700,2026-08-06 14:35:00,16.1,38,10.6,18.4,91,1010.4,913.8,0.0,489.2
VALLE_FERTIL,2026-08-06,1786038000,2026-08-06 14:40:00,16.2,40,13.2,18.4,107,1010.5,913.8,0.0,484.3
VALLE_FERTIL,2026-08-06,1786038300,2026-08-06 14:45:00,16.0,38,14.5,18.4,114,1010.5,913.8,0.0,478.7
VALLE_FERTIL,2026-08-06,1786038600,2026-08-06 14:50:00,16.0,39,9.1,16.6,126,1010.5,913.8,0.0,473.1
VALLE_FERTIL,2026-08-06,1786038900,2026-08-06 14:55:00,16.2,37,9.5,13.0,120,1010.5,913.8,0.0,467.2
VALLE_FERTIL,2026-08-06,1786039200,2026-08-06 15:00:00,16.3,39,10.4,20.2,127,1010.6,913.9,0.0,461.6
VALLE_FERTIL,2026-08-06,1786039500,2026-08-06 15:05:00,15.8,39,11.2,18.4,127,1010.7,914.0,0.0,453.6
VALLE_FERTIL,2026-08-06,1786039800,2026-08-06 15:10:00,15.8,39,12.2,18.4,101,1010.7,914.0,0.0,446.9
VALLE_FERTIL,2026-08-06,1786040100,2026-08-06 15:15:00,15.9,40,10.4,18.4,107,1010.8,914.1,0.0,439.3
VALLE_FERTIL,2026-08-06,1786040400,2026-08-06 15:20:00,16.0,39,8.9,20.2,128,1010.7,914.0,0.0,432.6
VALLE_FERTIL,2026-08-06,1786040700,2026-08-06 15:25:00,16.5,37,7.9,14.8,134,1010.8,914.1,0.0,423.7
VALLE_FERTIL,2026-08-06,1786041000,2026-08-06 15:30:00,16.3,39,9.7,16.6,145,1010.8,914.1,0.0,414.6
VALLE_FERTIL,2026-08-06,1786041300,2026-08-06 15:35:00,16.1,38,11.4,20.2,110,1010.8,914.0,0.0,406.1
VALLE_FERTIL,2026-08-06,1786041600,2026-08-06 15:40:00,16.1,39,9.5,16.6,107,1010.9,914.2,0.0,394.7
VALLE_FERTIL,2026-08-06,1786041900,2026-08-06 15:45:00,16.1,38,9.6,16.6,108,1010.9,914.2,0.0,387.1
VALLE_FERTIL,2026-08-06,1786042200,2026-08-06 15:50:00,16.4,36,7.8,14.8,123,1010.9,914.2,0.0,376.9
VALLE_FERTIL,2026-08-06,1786042500,2026-08-06 15:55:00,16.5,35,7.8,13.0,135,1011.1,914.4,0.0,365.7
VALLE_FERTIL,2026-08-06,1786042800,2026-08-06 16:00:00,16.3,36,9.3,14.8,125,1011.0,914.3,0.0,353.5
VALLE_FERTIL,2026-08-06,1786043100,2026-08-06 16:05:00,16.2,35,8.8,14.8,105,1011.1,914.4,0.0,340.5
VALLE_FERTIL,2026-08-06,1786043400,2026-08-06 16:10:00,16.2,36,12.4,18.4,91,1011.1,914.4,0.0,329.3
VALLE_FERTIL,2026-08-06,1786043700,2026-08-06 16:15:00,16.1,33,10.5,18.4,164,1011.1,914.4,0.0,315.1
VALLE_FERTIL,2026-08-06,1786044000,2026-08-06 16:20:00,16.6,32,8.6,14.8,141,1011.1,914.4,0.0,303.3
VALLE_FERTIL,2026-08-06,1786044300,2026-08-06 16:25:00,16.1,33,11.8,18.4,135,1011.2,914.5,0.0,290.4
VALLE_FERTIL,2026-08-06,1786044600,2026-08-06 16:30:00,16.1,34,10.2,14.8,123,1011.1,914.4,0.0,278.9
VALLE_FERTIL,2026-08-06,1786044900,2026-08-06 16:35:00,16.2,32,13.6,22.0,117,1011.3,914.5,0.0,262.4
VALLE_FERTIL,2026-08-06,1786045200,2026-08-06 16:40:00,16.1,32,10.8,14.8,126,1011.4,914.7,0.0,247.9
VALLE_FERTIL,2026-08-06,1786045500,2026-08-06 16:45:00,16.0,32,14.7,22.0,124,1011.4,914.7,0.0,233.8
VALLE_FERTIL,2026-08-06,1786045800,2026-08-06 16:50:00,16.0,32,10.9,22.0,156,1011.4,914.7,0.0,219.6
VALLE_FERTIL,2026-08-06,1786046100,2026-08-06 16:55:00,15.6,32,11.7,18.4,132,1011.4,914.7,0.0,205.9
VALLE_FERTIL,2026-08-06,1786046400,2026-08-06 17:00:00,15.7,32,9.9,18.4,133,1011.4,914.7,0.0,192.6
VALLE_FERTIL,2026-08-06,1786046700,2026-08-06 17:05:00,15.6,32,10.1,16.6,146,1011.4,914.7,0.0,180.1
VALLE_FERTIL,2026-08-06,1786047000,2026-08-06 17:10:00,15.6,34,9.9,22.0,99,1011.5,914.8,0.0,168.1
VALLE_FERTIL,2026-08-06,1786047300,2026-08-06 17:15:00,15.3,33,11.3,18.4,119,1011.5,914.8,0.0,155.9
VALLE_FERTIL,2026-08-06,1786047600,2026-08-06 17:20:00,15.4,35,12.3,20.2,94,1011.6,914.8,0.0,143.1
VALLE_FERTIL,2026-08-06,1786047900,2026-08-06 17:25:00,15.1,34,14.3,18.4,120,1011.7,915.0,0.0,134.0
VALLE_FERTIL,2026-08-06,1786048200,2026-08-06 17:30:00,14.9,33,10.0,16.6,120,1011.7,915.0,0.0,123.2
VALLE_FERTIL,2026-08-06,1786048500,2026-08-06 17:35:00,15.1,34,8.0,13.0,105,1011.6,914.9,0.0,111.4
VALLE_FERTIL,2026-08-06,1786048800,2026-08-06 17:40:00,15.0,33,10.0,14.8,115,1011.8,915.1,0.0,103.3
VALLE_FERTIL,2026-08-06,1786049100,2026-08-06 17:45:00,15.0,33,9.1,14.8,144,1011.9,915.2,0.0,93.6
VALLE_FERTIL,2026-08-06,1786049400,2026-08-06 17:50:00,15.0,33,7.2,11.2,111,1012.0,915.3,0.0,85.5
VALLE_FERTIL,2026-08-06,1786049700,2026-08-06 17:55:00,14.9,33,10.3,16.6,134,1012.1,915.4,0.0,75.8
VALLE_FERTIL,2026-08-06,1786050000,2026-08-06 18:00:00,14.4,34,12.1,22.0,109,1012.0,915.4,0.0,67.7
VALLE_FERTIL,2026-08-06,1786050300,2026-08-06 18:05:00,14.1,34,12.5,18.4,114,1012.2,915.5,0.0,59.2
VALLE_FERTIL,2026-08-06,1786050600,2026-08-06 18:10:00,13.9,34,9.8,18.4,111,1012.3,915.6,0.0,51.5
VALLE_FERTIL,2026-08-06,1786050900,2026-08-06 18:15:00,13.7,35,11.4,18.4,111,1012.3,915.6,0.0,43.8
VALLE_FERTIL,2026-08-06,1786051200,2026-08-06 18:20:00,13.4,35,10.2,18.4,109,1012.3,915.6,0.0,37.2
VALLE_FERTIL,2026-08-06,1786051500,2026-08-06 18:25:00,13.3,35,12.6,18.4,112,1012.4,915.7,0.0,31.6
VALLE_FERTIL,2026-08-06,1786051800,2026-08-06 18:30:00,13.2,35,10.9,18.4,134,1012.6,915.9,0.0,25.9
VALLE_FERTIL,2026-08-06,1786052100,2026-08-06 18:35:00,13.0,35,7.9,14.8,127,1012.5,915.9,0.0,21.0
VALLE_FERTIL,2026-08-06,1786052400,2026-08-06 18:40:00,12.8,36,7.9,13.0,126,1012.5,915.8,0.0,16.1
VALLE_FERTIL,2026-08-06,1786052700,2026-08-06 18:45:00,12.7,36,6.6,11.2,114,1012.6,916.0,0.0,11.2
VALLE_FERTIL,2026-08-06,1786053000,2026-08-06 18:50:00,12.4,36,6.3,11.2,123,1012.7,916.0,0.0,8.4
VALLE_FERTIL,2026-08-06,1786053300,2026-08-06 18:55:00,12.2,37,6.0,13.0,118,1012.6,915.9,0.0,5.5
VALLE_FERTIL,2026-08-06,1786053600,2026-08-06 19:00:00,12.0,37,5.6,11.2,114,1012.7,916.0,0.0,3.1
VALLE_FERTIL,2026-08-06,1786053900,2026-08-06 19:05:00,12.0,36,4.0,7.2,149,1012.7,916.0,0.0,1.6
VALLE_FERTIL,2026-08-06,1786054200,2026-08-06 19:10:00,11.8,37,3.2,5.4,128,1012.6,915.9,0.0,0.6
VALLE_FERTIL,2026-08-06,1786054500,2026-08-06 19:15:00,11.6,37,2.5,3.6,177,1012.8,916.1,0.0,0.2
VALLE_FERTIL,2026-08-06,1786054800,2026-08-06 19:20:00,11.4,38,0.5,1.8,152,1013.0,916.3,0.0,0.1
VALLE_FERTIL,2026-08-06,1786055100,2026-08-06 19:25:00,11.2,37,1.6,3.6,177,1012.9,916.1,0.0,0.0
VALLE_FERTIL,2026-08-06,1786055400,2026-08-06 19:30:00,11.2,38,1.1,1.8,182,1012.9,916.2,0.0,0.0
VALLE_FERTIL,2026-08-06,1786055700,2026-08-06 19:35:00,11.1,38,3.5,5.4,186,1012.9,916.1,0.0,0.0
VALLE_FERTIL,2026-08-06,1786056000,2026-08-06 19:40:00,11.1,38,1.9,3.6,201,1013.0,916.3,0.0,0.0
VALLE_FERTIL,2026-08-06,1786056300,2026-08-06 19:45:00,10.8,38,1.3,1.8,203,1013.0,916.3,0.0,0.0
VALLE_FERTIL,2026-08-06,1786056600,2026-08-06 19:50:00,10.4,40,0.0,0.0,203,1013.0,916.3,0.0,0.0
VALLE_FERTIL,2026-08-06,1786056900,2026-08-06 19:55:00,9.9,41,0.7,1.8,145,1013.1,916.4,0.0,0.0
VALLE_FERTIL,2026-08-06,1786057200,2026-08-06 20:00:00,10.2,40,5.2,9.4,106,1013.0,916.3,0.0,0.0
VALLE_FERTIL,2026-08-06,1786057500,2026-08-06 20:05:00,10.5,39,4.4,5.4,109,1013.2,916.5,0.0,0.0
VALLE_FERTIL,2026-08-06,1786057800,2026-08-06 20:10:00,10.6,39,2.0,3.6,185,1013.2,916.5,0.0,0.0
VALLE_FERTIL,2026-08-06,1786058100,2026-08-06 20:15:00,10.5,39,1.7,1.8,136,1013.1,916.4,0.0,0.0
VALLE_FERTIL,2026-08-06,1786058400,2026-08-06 20:20:00,10.2,39,2.2,3.6,152,1013.2,916.4,0.0,0.0
VALLE_FERTIL,2026-08-06,1786058700,2026-08-06 20:25:00,10.5,39,2.7,5.4,150,1013.1,916.4,0.0,0.0
VALLE_FERTIL,2026-08-06,1786059000,2026-08-06 20:30:00,10.1,42,2.7,3.6,115,1013.0,916.3,0.0,0.0
VALLE_FERTIL,2026-08-06,1786059300,2026-08-06 20:35:00,10.0,39,1.4,3.6,145,1013.1,916.4,0.0,0.0
VALLE_FERTIL,2026-08-06,1786059600,2026-08-06 20:40:00,10.0,40,0.9,3.6,190,1013.1,916.4,0.0,0.0
VALLE_FERTIL,2026-08-06,1786059900,2026-08-06 20:45:00,9.7,41,0.2,1.8,199,1013.1,916.4,0.0,0.0
VALLE_FERTIL,2026-08-06,1786060200,2026-08-06 20:50:00,8.7,46,1.7,3.6,232,1013.0,916.3,0.0,0.0
VALLE_FERTIL,2026-08-06,1786060500,2026-08-06 20:55:00,7.9,46,2.2,3.6,257,1013.0,916.2,0.0,0.0
VALLE_FERTIL,2026-08-06,1786060800,2026-08-06 21:00:00,7.9,46,2.6,5.4,248,1013.1,916.4,0.0,0.0
VALLE_FERTIL,2026-08-06,1786061100,2026-08-06 21:05:00,8.3,44,2.1,3.6,228,1013.0,916.3,0.0,0.0
VALLE_FERTIL,2026-08-06,1786061400,2026-08-06 21:10:00,8.3,45,0.0,0.0,215,1013.0,916.3,0.0,0.0
VALLE_FERTIL,2026-08-06,1786061700,2026-08-06 21:15:00,8.5,43,1.3,3.6,129,1012.9,916.2,0.0,0.0
VALLE_FERTIL,2026-08-06,1786062000,2026-08-06 21:20:00,8.9,44,1.1,1.8,180,1013.0,916.2,0.0,0.0
VALLE_FERTIL,2026-08-06,1786062300,2026-08-06 21:25:00,8.4,47,0.0,0.0,180,1013.1,916.4,0.0,0.0
VALLE_FERTIL,2026-08-06,1786062600,2026-08-06 21:30:00,7.5,48,0.8,1.8,200,1013.1,916.4,0.0,0.0
VALLE_FERTIL,2026-08-06,1786062900,2026-08-06 21:35:00,7.0,50,1.5,3.6,297,1013.3,916.6,0.0,0.0
VALLE_FERTIL,2026-08-06,1786063200,2026-08-06 21:40:00,6.8,50,3.7,5.4,327,1013.3,916.6,0.0,0.0
VALLE_FERTIL,2026-08-06,1786063500,2026-08-06 21:45:00,5.9,50,5.0,9.4,308,1013.4,916.7,0.0,0.0
VALLE_FERTIL,2026-08-06,1786063800,2026-08-06 21:50:00,5.9,50,4.9,7.2,293,1013.3,916.6,0.0,0.0
VALLE_FERTIL,2026-08-06,1786064100,2026-08-06 21:55:00,5.8,50,4.2,5.4,298,1013.3,916.6,0.0,0.0
VALLE_FERTIL,2026-08-06,1786064400,2026-08-06 22:00:00,5.7,50,4.3,5.4,288,1013.3,916.6,0.0,0.0
VALLE_FERTIL,2026-08-06,1786064700,2026-08-06 22:05:00,6.0,49,4.8,7.2,298,1013.3,916.6,0.0,0.0
VALLE_FERTIL,2026-08-06,1786065000,2026-08-06 22:10:00,6.5,49,5.3,7.2,316,1013.3,916.6,0.0,0.0
VALLE_FERTIL,2026-08-06,1786065300,2026-08-06 22:15:00,6.7,49,4.5,5.4,324,1013.3,916.6,0.0,0.0
VALLE_FERTIL,2026-08-06,1786065600,2026-08-06 22:20:00,6.3,48,2.6,5.4,325,1013.4,916.7,0.0,0.0
VALLE_FERTIL,2026-08-06,1786065900,2026-08-06 22:25:00,6.3,49,4.3,5.4,318,1013.5,916.8,0.0,0.0
VALLE_FERTIL,2026-08-06,1786066200,2026-08-06 22:30:00,6.2,50,4.5,5.4,299,1013.4,916.7,0.0,0.0
VALLE_FERTIL,2026-08-06,1786066500,2026-08-06 22:35:00,6.3,49,4.1,5.4,317,1013.6,916.9,0.0,0.0
VALLE_FERTIL,2026-08-06,1786066800,2026-08-06 22:40:00,6.2,50,2.3,3.6,314,1013.5,916.8,0.0,0.0
VALLE_FERTIL,2026-08-06,1786067100,2026-08-06 22:45:00,6.3,50,3.2,5.4,313,1013.6,916.8,0.0,0.0
VALLE_FERTIL,2026-08-06,1786067400,2026-08-06 22:50:00,6.4,49,1.8,3.6,342,1013.6,916.9,0.0,0.0
VALLE_FERTIL,2026-08-06,1786067700,2026-08-06 22:55:00,6.2,49,2.4,3.6,316,1013.6,916.8,0.0,0.0
VALLE_FERTIL,2026-08-06,1786068000,2026-08-06 23:00:00,5.8,52,2.3,5.4,317,1013.5,916.8,0.0,0.0
VALLE_FERTIL,2026-08-06,1786068300,2026-08-06 23:05:00,5.0,53,2.5,3.6,329,1013.6,916.8,0.0,0.0
VALLE_FERTIL,2026-08-06,1786068600,2026-08-06 23:10:00,4.4,54,3.5,5.4,307,1013.5,916.8,0.0,0.0
VALLE_FERTIL,2026-08-06,1786068900,2026-08-06 23:15:00,3.9,54,2.4,3.6,313,1013.5,916.7,0.0,0.0
VALLE_FERTIL,2026-08-06,1786069200,2026-08-06 23:20:00,3.6,55,2.6,3.6,321,1013.3,916.6,0.0,0.0
VALLE_FERTIL,2026-08-06,1786069500,2026-08-06 23:25:00,3.4,57,2.2,3.6,324,1013.5,916.7,0.0,0.0
VALLE_FERTIL,2026-08-06,1786069800,2026-08-06 23:30:00,3.2,57,2.8,3.6,319,1013.5,916.8,0.0,0.0
VALLE_FERTIL,2026-08-06,1786070100,2026-08-06 23:35:00,3.1,57,3.0,3.6,315,1013.3,916.6,0.0,0.0
VALLE_FERTIL,2026-08-06,1786070400,2026-08-06 23:40:00,2.9,58,1.5,3.6,315,1013.3,916.6,0.0,0.0
VALLE_FERTIL,2026-08-06,1786070700,2026-08-06 23:45:00,2.6,58,1.9,3.6,323,1013.4,916.7,0.0,0.0
VALLE_FERTIL,2026-08-06,1786071000,2026-08-06 23:50:00,2.7,57,3.2,3.6,343,1013.5,916.8,0.0,0.0
VALLE_FERTIL,2026-08-06,1786071300,2026-08-06 23:55:00,2.8,58,2.2,3.6,330,1013.4,916.7,0.0,0.0
CUESTA_Viento,2026-08-06,1785985200,2026-08-06 00:00:00,19.7,14,18.8,33.1,50,1007.5,843.9,0.0,0.0
CUESTA_Viento,2026-08-06,1785985500,2026-08-06 00:05:00,19.8,13,22.1,34.9,52,1007.6,844.1,0.0,0.0
CUESTA_Viento,2026-08-06,1785985800,2026-08-06 00:10:00,19.8,13,23.2,33.1,55,1007.5,843.9,0.0,0.0
CUESTA_Viento,2026-08-06,1785986100,2026-08-06 00:15:00,19.7,13,17.6,31.3,52,1007.5,843.9,0.0,0.0
CUESTA_Viento,2026-08-06,1785986400,2026-08-06 00:20:00,19.8,12,18.2,27.7,63,1007.5,843.9,0.0,0.0
CUESTA_Viento,2026-08-06,1785986700,2026-08-06 00:25:00,19.7,13,16.1,29.5,55,1007.4,843.8,0.0,0.0
CUESTA_Viento,2026-08-06,1785987000,2026-08-06 00:30:00,19.6,13,22.3,36.7,54,1007.4,843.8,0.0,0.0
CUESTA_Viento,2026-08-06,1785987300,2026-08-06 00:35:00,19.7,14,26.4,36.7,51,1007.3,843.7,0.0,0.0
CUESTA_Viento,2026-08-06,1785987600,2026-08-06 00:40:00,19.6,14,15.8,27.7,62,1007.4,843.8,0.0,0.0
CUESTA_Viento,2026-08-06,1785987900,2026-08-06 00:45:00,19.4,14,17.7,27.7,57,1007.3,843.7,0.0,0.0
CUESTA_Viento,2026-08-06,1785988200,2026-08-06 00:50:00,19.2,15,18.8,27.7,50,1007.2,843.6,0.0,0.0
CUESTA_Viento,2026-08-06,1785988500,2026-08-06 00:55:00,19.1,15,18.3,33.1,57,1007.3,843.7,0.0,0.0
CUESTA_Viento,2026-08-06,1785988800,2026-08-06 01:00:00,19.5,14,19.8,31.3,49,1007.2,843.6,0.0,0.0
CUESTA_Viento,2026-08-06,1785989100,2026-08-06 01:05:00,19.1,15,21.5,36.7,58,1007.1,843.5,0.0,0.0
CUESTA_Viento,2026-08-06,1785989400,2026-08-06 01:10:00,19.0,15,18.1,29.5,56,1007.1,843.5,0.0,0.0
CUESTA_Viento,2026-08-06,1785989700,2026-08-06 01:15:00,19.2,14,20.7,33.1,57,1007.0,843.4,0.0,0.0
CUESTA_Viento,2026-08-06,1785990000,2026-08-06 01:20:00,19.5,14,22.2,34.9,48,1006.8,843.2,0.0,0.0
CUESTA_Viento,2026-08-06,1785990300,2026-08-06 01:25:00,19.2,15,23.3,43.9,63,1006.9,843.3,0.0,0.0
CUESTA_Viento,2026-08-06,1785990600,2026-08-06 01:30:00,19.0,16,21.1,34.9,68,1006.7,843.1,0.0,0.0
CUESTA_Viento,2026-08-06,1785990900,2026-08-06 01:35:00,18.6,18,22.4,42.1,41,1006.7,843.1,0.0,0.0
CUESTA_Viento,2026-08-06,1785991200,2026-08-06 01:40:00,18.6,16,27.4,40.3,52,1006.7,843.1,0.0,0.0
CUESTA_Viento,2026-08-06,1785991500,2026-08-06 01:45:00,19.0,15,23.5,38.5,61,1006.7,843.1,0.0,0.0
CUESTA_Viento,2026-08-06,1785991800,2026-08-06 01:50:00,18.9,16,18.6,33.1,48,1006.7,843.1,0.0,0.0
CUESTA_Viento,2026-08-06,1785992100,2026-08-06 01:55:00,19.1,15,24.0,34.9,47,1006.5,842.9,0.0,0.0
CUESTA_Viento,2026-08-06,1785992400,2026-08-06 02:00:00,19.1,15,24.4,38.5,63,1006.5,842.9,0.0,0.0
CUESTA_Viento,2026-08-06,1785992700,2026-08-06 02:05:00,18.5,16,21.6,38.5,64,1006.4,842.8,0.0,0.0
CUESTA_Viento,2026-08-06,1785993000,2026-08-06 02:10:00,18.7,17,25.5,36.7,39,1006.4,842.8,0.0,0.0
CUESTA_Viento,2026-08-06,1785993300,2026-08-06 02:15:00,18.7,16,27.9,40.3,62,1006.4,842.8,0.0,0.0
CUESTA_Viento,2026-08-06,1785993600,2026-08-06 02:20:00,18.9,16,27.4,38.5,64,1006.1,842.5,0.0,0.0
CUESTA_Viento,2026-08-06,1785993900,2026-08-06 02:25:00,18.7,17,28.4,40.3,48,1006.2,842.6,0.0,0.0
CUESTA_Viento,2026-08-06,1785994200,2026-08-06 02:30:00,18.4,16,24.0,38.5,66,1006.2,842.6,0.0,0.0
CUESTA_Viento,2026-08-06,1785994500,2026-08-06 02:35:00,18.7,15,21.0,43.9,67,1006.1,842.5,0.0,0.0
CUESTA_Viento,2026-08-06,1785994800,2026-08-06 02:40:00,18.7,16,21.0,34.9,75,1006.1,842.5,0.0,0.0
CUESTA_Viento,2026-08-06,1785995100,2026-08-06 02:45:00,18.5,17,24.7,46.1,54,1006.1,842.5,0.0,0.0
CUESTA_Viento,2026-08-06,1785995400,2026-08-06 02:50:00,18.5,17,22.1,38.5,67,1006.2,842.6,0.0,0.0
CUESTA_Viento,2026-08-06,1785995700,2026-08-06 02:55:00,17.9,19,17.2,34.9,57,1006.2,842.6,0.0,0.0
CUESTA_Viento,2026-08-06,1785996000,2026-08-06 03:00:00,18.2,17,23.4,40.3,44,1006.1,842.5,0.0,0.0
CUESTA_Viento,2026-08-06,1785996300,2026-08-06 03:05:00,18.6,16,25.9,49.7,70,1006.0,842.4,0.0,0.0
CUESTA_Viento,2026-08-06,1785996600,2026-08-06 03:10:00,18.5,16,24.4,43.9,53,1005.9,842.3,0.0,0.0
CUESTA_Viento,2026-08-06,1785996900,2026-08-06 03:15:00,18.6,16,27.9,42.1,43,1005.9,842.3,0.0,0.0
CUESTA_Viento,2026-08-06,1785997200,2026-08-06 03:20:00,18.3,18,25.8,43.9,43,1005.9,842.3,0.0,0.0
CUESTA_Viento,2026-08-06,1785997500,2026-08-06 03:25:00,18.4,17,26.6,53.3,65,1005.8,842.2,0.0,0.0
CUESTA_Viento,2026-08-06,1785997800,2026-08-06 03:30:00,18.4,17,27.6,47.9,59,1005.9,842.3,0.0,0.0
CUESTA_Viento,2026-08-06,1785998100,2026-08-06 03:35:00,18.3,17,27.6,42.1,58,1005.8,842.2,0.0,0.0
CUESTA_Viento,2026-08-06,1785998400,2026-08-06 03:40:00,18.4,16,32.1,46.1,62,1005.9,842.3,0.0,0.0
CUESTA_Viento,2026-08-06,1785998700,2026-08-06 03:45:00,18.4,16,29.4,47.9,52,1005.9,842.3,0.0,0.0
CUESTA_Viento,2026-08-06,1785999000,2026-08-06 03:50:00,18.2,18,29.1,43.9,38,1005.9,842.3,0.0,0.0
CUESTA_Viento,2026-08-06,1785999300,2026-08-06 03:55:00,18.0,17,27.1,40.3,57,1005.9,842.3,0.0,0.0
CUESTA_Viento,2026-08-06,1785999600,2026-08-06 04:00:00,17.9,18,35.9,55.1,52,1005.8,842.2,0.0,0.0
CUESTA_Viento,2026-08-06,1785999900,2026-08-06 04:05:00,17.8,18,27.9,38.5,65,1005.8,842.2,0.0,0.0
CUESTA_Viento,2026-08-06,1786000200,2026-08-06 04:10:00,17.9,17,29.7,46.1,66,1005.5,841.9,0.0,0.0
CUESTA_Viento,2026-08-06,1786000500,2026-08-06 04:15:00,18.0,18,35.6,51.5,65,1005.4,841.8,0.0,0.0
CUESTA_Viento,2026-08-06,1786000800,2026-08-06 04:20:00,17.7,19,29.0,49.7,62,1005.3,841.6,0.0,0.0
CUESTA_Viento,2026-08-06,1786001100,2026-08-06 04:25:00,17.8,18,28.0,56.9,70,1005.5,841.9,0.0,0.0
CUESTA_Viento,2026-08-06,1786003200,2026-08-06 05:00:00,17.7,21,38.9,47.9,67,1004.8,841.2,0.0,0.0
CUESTA_Viento,2026-08-06,1786003500,2026-08-06 05:05:00,17.8,20,39.8,47.9,45,1004.8,841.2,0.0,0.0
CUESTA_Viento,2026-08-06,1786003800,2026-08-06 05:10:00,17.2,19,42.7,62.3,53,1004.8,841.2,0.0,0.0
CUESTA_Viento,2026-08-06,1786004100,2026-08-06 05:15:00,17.6,20,37.9,56.9,54,1004.9,841.3,0.0,0.0
CUESTA_Viento,2026-08-06,1786004400,2026-08-06 05:20:00,17.7,19,39.3,55.1,54,1005.0,841.4,0.0,0.0
CUESTA_Viento,2026-08-06,1786004700,2026-08-06 05:25:00,17.3,21,37.0,56.9,56,1004.8,841.2,0.0,0.0
CUESTA_Viento,2026-08-06,1786005000,2026-08-06 05:30:00,17.3,20,38.0,53.3,56,1005.0,841.4,0.0,0.0
CUESTA_Viento,2026-08-06,1786005300,2026-08-06 05:35:00,17.5,20,38.7,55.1,53,1004.9,841.3,0.0,0.0
CUESTA_Viento,2026-08-06,1786005600,2026-08-06 05:40:00,17.7,19,38.7,53.3,53,1004.9,841.3,0.0,0.0
CUESTA_Viento,2026-08-06,1786005900,2026-08-06 05:45:00,17.9,18,38.2,56.9,56,1004.9,841.3,0.0,0.0
CUESTA_Viento,2026-08-06,1786006200,2026-08-06 05:50:00,17.7,17,35.6,56.9,50,1004.8,841.2,0.0,0.0
CUESTA_Viento,2026-08-06,1786006500,2026-08-06 05:55:00,17.8,17,35.3,53.3,59,1004.7,841.1,0.0,0.0
CUESTA_Viento,2026-08-06,1786006800,2026-08-06 06:00:00,17.8,18,41.3,58.7,58,1004.6,841.1,0.0,0.0
CUESTA_Viento,2026-08-06,1786007100,2026-08-06 06:05:00,17.7,18,37.8,56.9,55,1004.8,841.2,0.0,0.0
CUESTA_Viento,2026-08-06,1786007400,2026-08-06 06:10:00,17.7,18,30.6,49.7,52,1005.1,841.5,0.0,0.0
CUESTA_Viento,2026-08-06,1786007700,2026-08-06 06:15:00,17.5,20,29.7,46.1,55,1005.1,841.5,0.0,0.0
CUESTA_Viento,2026-08-06,1786008000,2026-08-06 06:20:00,17.7,18,38.9,53.3,55,1005.0,841.4,0.0,0.0
CUESTA_Viento,2026-08-06,1786008300,2026-08-06 06:25:00,17.8,18,32.0,51.5,61,1005.1,841.4,0.0,0.0
CUESTA_Viento,2026-08-06,1786008600,2026-08-06 06:30:00,17.5,19,37.9,56.9,51,1004.9,841.3,0.0,0.0
CUESTA_Viento,2026-08-06,1786008900,2026-08-06 06:35:00,17.6,18,40.6,58.7,56,1004.9,841.3,0.0,0.0
CUESTA_Viento,2026-08-06,1786009200,2026-08-06 06:40:00,17.6,20,41.5,64.4,59,1005.1,841.5,0.0,0.0
CUESTA_Viento,2026-08-06,1786009500,2026-08-06 06:45:00,17.5,20,41.6,56.9,50,1005.3,841.7,0.0,0.0
CUESTA_Viento,2026-08-06,1786009800,2026-08-06 06:50:00,17.6,20,34.6,49.7,52,1005.4,841.8,0.0,0.0
CUESTA_Viento,2026-08-06,1786010100,2026-08-06 06:55:00,17.4,21,38.2,51.5,61,1005.4,841.8,0.0,0.0
CUESTA_Viento,2026-08-06,1786010400,2026-08-06 07:00:00,17.4,19,42.8,62.3,58,1005.7,842.1,0.0,0.0
CUESTA_Viento,2026-08-06,1786010700,2026-08-06 07:05:00,17.5,20,37.4,55.1,55,1005.6,842.1,0.0,0.0
CUESTA_Viento,2026-08-06,1786011000,2026-08-06 07:10:00,17.0,22,33.6,49.7,60,1006.0,842.4,0.0,0.0
CUESTA_Viento,2026-08-06,1786011300,2026-08-06 07:15:00,17.2,21,33.7,47.9,58,1006.3,842.7,0.0,0.0
CUESTA_Viento,2026-08-06,1786011600,2026-08-06 07:20:00,17.1,23,32.3,53.3,62,1006.4,842.8,0.0,0.0
CUESTA_Viento,2026-08-06,1786011900,2026-08-06 07:25:00,16.9,23,34.1,51.5,58,1006.3,842.7,0.0,0.0
CUESTA_Viento,2026-08-06,1786012200,2026-08-06 07:30:00,16.7,23,33.7,47.9,55,1006.5,842.9,0.0,0.0
CUESTA_Viento,2026-08-06,1786012500,2026-08-06 07:35:00,16.9,23,25.1,49.7,46,1006.5,842.9,0.0,0.0
CUESTA_Viento,2026-08-06,1786012800,2026-08-06 07:40:00,16.8,24,29.1,43.9,59,1006.7,843.1,0.0,0.0
CUESTA_Viento,2026-08-06,1786013100,2026-08-06 07:45:00,16.7,21,27.7,40.3,56,1006.6,843.0,0.0,0.0
CUESTA_Viento,2026-08-06,1786013400,2026-08-06 07:50:00,16.9,23,26.1,38.5,54,1006.6,843.0,0.0,0.0
CUESTA_Viento,2026-08-06,1786013700,2026-08-06 07:55:00,16.9,23,31.5,51.5,60,1006.9,843.3,0.0,0.1
CUESTA_Viento,2026-08-06,1786014000,2026-08-06 08:00:00,17.0,23,21.2,40.3,53,1006.8,843.2,0.0,0.3
CUESTA_Viento,2026-08-06,1786014300,2026-08-06 08:05:00,17.2,22,28.6,47.9,62,1006.9,843.3,0.0,0.8
CUESTA_Viento,2026-08-06,1786014600,2026-08-06 08:10:00,17.3,22,30.3,46.1,55,1007.1,843.5,0.0,2.2
CUESTA_Viento,2026-08-06,1786014900,2026-08-06 08:15:00,17.3,22,28.4,46.1,55,1007.3,843.7,0.0,5.2
CUESTA_Viento,2026-08-06,1786015200,2026-08-06 08:20:00,17.3,22,35.1,53.3,57,1007.4,843.7,0.0,8.7
CUESTA_Viento,2026-08-06,1786015500,2026-08-06 08:25:00,17.3,22,36.2,55.1,54,1007.5,843.9,0.0,13.1
CUESTA_Viento,2026-08-06,1786015800,2026-08-06 08:30:00,17.4,22,30.5,47.9,51,1007.5,843.9,0.0,20.4
CUESTA_Viento,2026-08-06,1786016100,2026-08-06 08:35:00,17.4,23,31.3,43.9,65,1007.7,844.1,0.0,24.7
CUESTA_Viento,2026-08-06,1786016400,2026-08-06 08:40:00,17.5,22,26.6,40.3,53,1007.8,844.2,0.0,30.3
CUESTA_Viento,2026-08-06,1786016700,2026-08-06 08:45:00,17.6,23,25.2,43.9,60,1007.8,844.2,0.0,33.9
CUESTA_Viento,2026-08-06,1786017000,2026-08-06 08:50:00,17.5,22,28.6,42.1,58,1008.1,844.5,0.0,43.6
CUESTA_Viento,2026-08-06,1786017300,2026-08-06 08:55:00,17.5,24,26.4,46.1,49,1008.3,844.7,0.0,46.3
CUESTA_Viento,2026-08-06,1786017600,2026-08-06 09:00:00,17.4,25,19.6,40.3,57,1008.5,844.9,0.0,55.6
CUESTA_Viento,2026-08-06,1786017900,2026-08-06 09:05:00,17.3,25,22.7,33.1,67,1008.8,845.2,0.0,55.9
CUESTA_Viento,2026-08-06,1786018200,2026-08-06 09:10:00,17.3,25,15.4,29.5,51,1008.9,845.3,0.0,57.2
CUESTA_Viento,2026-08-06,1786018500,2026-08-06 09:15:00,17.6,24,16.7,31.3,54,1009.0,845.5,0.0,56.6
CUESTA_Viento,2026-08-06,1786018800,2026-08-06 09:20:00,17.6,25,23.1,36.7,61,1009.2,845.6,0.0,64.2
CUESTA_Viento,2026-08-06,1786019100,2026-08-06 09:25:00,17.6,24,13.5,25.6,71,1009.3,845.7,0.0,66.5
CUESTA_Viento,2026-08-06,1786019400,2026-08-06 09:30:00,17.7,24,22.2,34.9,57,1009.5,845.8,0.0,65.4
CUESTA_Viento,2026-08-06,1786019700,2026-08-06 09:35:00,17.8,24,22.1,46.1,46,1009.5,845.8,0.0,60.9
CUESTA_Viento,2026-08-06,1786020000,2026-08-06 09:40:00,17.8,24,23.0,34.9,55,1009.5,845.9,0.0,51.3
CUESTA_Viento,2026-08-06,1786020300,2026-08-06 09:45:00,17.8,24,17.5,31.3,60,1009.4,845.8,0.0,46.2
CUESTA_Viento,2026-08-06,1786020600,2026-08-06 09:50:00,17.9,24,15.2,27.7,81,1009.6,845.9,0.0,48.6
CUESTA_Viento,2026-08-06,1786020900,2026-08-06 09:55:00,17.9,24,15.8,29.5,67,1009.6,846.0,0.0,50.7
CUESTA_Viento,2026-08-06,1786021200,2026-08-06 10:00:00,18.2,23,13.3,27.7,58,1009.7,846.0,0.0,47.6
CUESTA_Viento,2026-08-06,1786021500,2026-08-06 10:05:00,18.3,23,20.2,38.5,62,1009.5,845.9,0.0,48.4
CUESTA_Viento,2026-08-06,1786021800,2026-08-06 10:10:00,18.5,22,15.4,42.1,45,1009.8,846.2,0.0,50.9
CUESTA_Viento,2026-08-06,1786022100,2026-08-06 10:15:00,18.6,22,18.6,38.5,56,1009.7,846.1,0.0,51.9
CUESTA_Viento,2026-08-06,1786022400,2026-08-06 10:20:00,18.7,22,12.0,27.7,64,1009.9,846.4,0.0,57.8
CUESTA_Viento,2026-08-06,1786022700,2026-08-06 10:25:00,18.9,23,18.0,33.1,58,1010.0,846.4,0.0,251.1
CUESTA_Viento,2026-08-06,1786023000,2026-08-06 10:30:00,19.2,22,17.1,27.7,32,1010.0,846.4,0.0,284.3
CUESTA_Viento,2026-08-06,1786023300,2026-08-06 10:35:00,19.5,21,21.6,38.5,31,1009.9,846.3,0.0,282.5
CUESTA_Viento,2026-08-06,1786023600,2026-08-06 10:40:00,19.7,21,21.2,36.7,61,1009.9,846.3,0.0,300.8
CUESTA_Viento,2026-08-06,1786023900,2026-08-06 10:45:00,19.9,21,18.9,36.7,29,1009.8,846.2,0.0,321.7
CUESTA_Viento,2026-08-06,1786024200,2026-08-06 10:50:00,20.1,21,19.4,31.3,54,1009.9,846.4,0.0,329.0
CUESTA_Viento,2026-08-06,1786024500,2026-08-06 10:55:00,20.0,21,21.3,36.7,32,1009.8,846.2,0.0,313.2
CUESTA_Viento,2026-08-06,1786024800,2026-08-06 11:00:00,20.0,22,21.2,31.3,62,1009.8,846.3,0.0,316.7
CUESTA_Viento,2026-08-06,1786025100,2026-08-06 11:05:00,19.9,21,19.8,36.7,45,1009.6,846.0,0.0,322.9
CUESTA_Viento,2026-08-06,1786025400,2026-08-06 11:10:00,20.2,20,15.8,31.3,47,1009.7,846.1,0.0,332.2
CUESTA_Viento,2026-08-06,1786025700,2026-08-06 11:15:00,20.3,20,16.6,34.9,45,1009.7,846.1,0.0,336.0
CUESTA_Viento,2026-08-06,1786026000,2026-08-06 11:20:00,20.3,21,23.0,38.5,45,1009.8,846.2,0.0,354.2
CUESTA_Viento,2026-08-06,1786026300,2026-08-06 11:25:00,20.3,21,21.6,34.9,49,1009.6,846.0,0.0,365.5
CUESTA_Viento,2026-08-06,1786026600,2026-08-06 11:30:00,20.4,21,20.7,42.1,15,1009.7,846.1,0.0,376.6
CUESTA_Viento,2026-08-06,1786026900,2026-08-06 11:35:00,20.5,21,20.8,34.9,55,1009.6,846.0,0.0,387.1
CUESTA_Viento,2026-08-06,1786027200,2026-08-06 11:40:00,20.5,20,19.2,38.5,68,1009.7,846.1,0.0,395.8
CUESTA_Viento,2026-08-06,1786027500,2026-08-06 11:45:00,20.7,21,16.3,27.7,45,1009.7,846.1,0.0,405.7
CUESTA_Viento,2026-08-06,1786027800,2026-08-06 11:50:00,20.7,21,13.2,23.8,87,1009.9,846.3,0.0,413.3
CUESTA_Viento,2026-08-06,1786028100,2026-08-06 11:55:00,19.1,37,19.6,40.3,274,1010.3,846.7,0.0,419.5
CUESTA_Viento,2026-08-06,1786028400,2026-08-06 12:00:00,16.6,43,11.1,22.0,102,1010.6,847.0,0.0,425.2
CUESTA_Viento,2026-08-06,1786028700,2026-08-06 12:05:00,15.3,51,31.1,53.3,205,1011.0,847.5,0.0,430.9
CUESTA_Viento,2026-08-06,1786029000,2026-08-06 12:10:00,13.6,58,23.9,43.9,173,1011.1,847.5,0.0,437.1
CUESTA_Viento,2026-08-06,1786029300,2026-08-06 12:15:00,13.5,58,15.8,36.7,170,1011.1,847.5,0.0,446.1
CUESTA_Viento,2026-08-06,1786029600,2026-08-06 12:20:00,13.8,58,13.8,25.6,169,1011.3,847.7,0.0,447.0
CUESTA_Viento,2026-08-06,1786029900,2026-08-06 12:25:00,13.3,61,23.4,42.1,177,1011.3,847.7,0.0,458.4
CUESTA_Viento,2026-08-06,1786030200,2026-08-06 12:30:00,13.1,62,22.0,36.7,197,1011.3,847.7,0.0,459.8
CUESTA_Viento,2026-08-06,1786030500,2026-08-06 12:35:00,12.7,66,15.6,36.7,166,1011.4,847.8,0.0,466.8
CUESTA_Viento,2026-08-06,1786030800,2026-08-06 12:40:00,12.4,67,23.1,47.9,195,1011.3,847.7,0.0,476.4
CUESTA_Viento,2026-08-06,1786031100,2026-08-06 12:45:00,12.2,68,22.0,43.9,188,1011.1,847.6,0.0,482.3
CUESTA_Viento,2026-08-06,1786031400,2026-08-06 12:50:00,11.9,69,19.4,55.1,127,1011.2,847.6,0.0,483.3
CUESTA_Viento,2026-08-06,1786031700,2026-08-06 12:55:00,12.0,68,20.5,56.9,175,1011.4,847.7,0.0,488.0
CUESTA_Viento,2026-08-06,1786032000,2026-08-06 13:00:00,11.9,67,15.3,38.5,150,1011.1,847.5,0.0,490.8
CUESTA_Viento,2026-08-06,1786032300,2026-08-06 13:05:00,12.3,66,16.1,36.7,195,1011.4,847.8,0.0,492.7
CUESTA_Viento,2026-08-06,1786032600,2026-08-06 13:10:00,12.2,67,21.3,49.7,149,1011.3,847.7,0.0,495.4
CUESTA_Viento,2026-08-06,1786032900,2026-08-06 13:15:00,11.6,69,15.8,42.1,237,1011.4,847.8,0.0,497.4
CUESTA_Viento,2026-08-06,1786033200,2026-08-06 13:20:00,11.8,67,20.2,49.7,180,1011.3,847.7,0.0,499.3
CUESTA_Viento,2026-08-06,1786033500,2026-08-06 13:25:00,11.9,67,13.8,23.8,207,1011.2,847.6,0.0,504.8
CUESTA_Viento,2026-08-06,1786033800,2026-08-06 13:30:00,11.7,68,11.9,34.9,181,1011.3,847.7,0.0,504.9
CUESTA_Viento,2026-08-06,1786034100,2026-08-06 13:35:00,11.3,69,26.3,43.9,191,1011.4,847.7,0.0,508.3
CUESTA_Viento,2026-08-06,1786034400,2026-08-06 13:40:00,11.3,69,20.7,43.9,189,1011.4,847.7,0.0,514.5
CUESTA_Viento,2026-08-06,1786034700,2026-08-06 13:45:00,11.5,68,20.3,42.1,173,1011.4,847.7,0.0,511.2
CUESTA_Viento,2026-08-06,1786035000,2026-08-06 13:50:00,11.1,69,23.5,49.7,160,1011.3,847.7,0.0,503.9
CUESTA_Viento,2026-08-06,1786035300,2026-08-06 13:55:00,11.3,69,10.6,31.3,153,1011.4,847.8,0.0,506.6
CUESTA_Viento,2026-08-06,1786035600,2026-08-06 14:00:00,11.0,69,23.7,40.3,161,1011.3,847.7,0.0,503.4
CUESTA_Viento,2026-08-06,1786035900,2026-08-06 14:05:00,11.0,69,24.4,43.9,189,1011.3,847.7,0.0,497.1
CUESTA_Viento,2026-08-06,1786036200,2026-08-06 14:10:00,11.2,67,16.4,47.9,167,1011.1,847.5,0.0,496.0
CUESTA_Viento,2026-08-06,1786036500,2026-08-06 14:15:00,11.3,67,24.3,47.9,184,1011.0,847.4,0.0,493.0
CUESTA_Viento,2026-08-06,1786036800,2026-08-06 14:20:00,11.2,67,24.0,51.5,184,1011.2,847.6,0.0,488.6
CUESTA_Viento,2026-08-06,1786037100,2026-08-06 14:25:00,11.2,67,26.6,53.3,184,1011.2,847.6,0.0,485.9
CUESTA_Viento,2026-08-06,1786037400,2026-08-06 14:30:00,11.0,67,26.2,43.9,167,1011.0,847.4,0.0,479.1
CUESTA_Viento,2026-08-06,1786037700,2026-08-06 14:35:00,11.4,66,20.0,42.1,154,1011.2,847.6,0.0,473.9
CUESTA_Viento,2026-08-06,1786038000,2026-08-06 14:40:00,11.3,66,27.7,69.8,186,1011.2,847.6,0.0,469.2
CUESTA_Viento,2026-08-06,1786038300,2026-08-06 14:45:00,11.1,66,24.3,49.7,178,1011.1,847.5,0.0,464.6
CUESTA_Viento,2026-08-06,1786038600,2026-08-06 14:50:00,11.4,66,16.8,42.1,130,1011.1,847.5,0.0,455.1
CUESTA_Viento,2026-08-06,1786038900,2026-08-06 14:55:00,11.0,66,24.3,46.1,217,1011.0,847.4,0.0,451.1
CUESTA_Viento,2026-08-06,1786039200,2026-08-06 15:00:00,10.9,66,25.9,47.9,143,1011.3,847.7,0.0,444.1
CUESTA_Viento,2026-08-06,1786039500,2026-08-06 15:05:00,10.9,65,26.4,46.1,162,1011.1,847.5,0.0,434.0
CUESTA_Viento,2026-08-06,1786039800,2026-08-06 15:10:00,10.8,65,26.6,58.7,180,1011.1,847.5,0.0,426.2
CUESTA_Viento,2026-08-06,1786040100,2026-08-06 15:15:00,10.9,65,30.2,55.1,202,1011.2,847.6,0.0,417.2
CUESTA_Viento,2026-08-06,1786040400,2026-08-06 15:20:00,10.7,66,23.3,40.3,181,1011.2,847.6,0.0,407.4
CUESTA_Viento,2026-08-06,1786040700,2026-08-06 15:25:00,10.7,66,27.3,58.7,169,1011.1,847.6,0.0,399.3
CUESTA_Viento,2026-08-06,1786041000,2026-08-06 15:30:00,10.8,65,25.3,46.1,168,1011.2,847.6,0.0,390.7
CUESTA_Viento,2026-08-06,1786041300,2026-08-06 15:35:00,10.8,65,24.8,40.3,196,1011.1,847.5,0.0,381.1
CUESTA_Viento,2026-08-06,1786041600,2026-08-06 15:40:00,10.8,65,23.7,42.1,177,1011.2,847.6,0.0,367.9
CUESTA_Viento,2026-08-06,1786041900,2026-08-06 15:45:00,10.8,65,26.3,51.5,169,1011.2,847.6,0.0,358.4
CUESTA_Viento,2026-08-06,1786042200,2026-08-06 15:50:00,10.7,66,19.3,53.3,182,1011.3,847.7,0.0,345.9
CUESTA_Viento,2026-08-06,1786042500,2026-08-06 15:55:00,10.5,66,28.1,56.9,176,1011.2,847.6,0.0,335.1
CUESTA_Viento,2026-08-06,1786042800,2026-08-06 16:00:00,10.7,67,21.0,58.7,176,1011.2,847.6,0.0,54.8
CUESTA_Viento,2026-08-06,1786043100,2026-08-06 16:05:00,10.3,68,25.3,40.3,202,1011.2,847.6,0.0,42.6
CUESTA_Viento,2026-08-06,1786043400,2026-08-06 16:10:00,10.0,69,21.8,49.7,202,1011.3,847.7,0.0,41.2
CUESTA_Viento,2026-08-06,1786043700,2026-08-06 16:15:00,10.0,69,18.8,40.3,144,1011.2,847.6,0.0,40.6
CUESTA_Viento,2026-08-06,1786044000,2026-08-06 16:20:00,10.2,68,26.6,56.9,204,1011.5,847.9,0.0,40.5
CUESTA_Viento,2026-08-06,1786044300,2026-08-06 16:25:00,10.0,69,19.9,38.5,202,1011.5,847.9,0.0,39.6
CUESTA_Viento,2026-08-06,1786044600,2026-08-06 16:30:00,10.0,69,21.1,47.9,189,1011.4,847.8,0.0,38.0
CUESTA_Viento,2026-08-06,1786044900,2026-08-06 16:35:00,10.1,67,18.1,31.3,206,1011.5,847.9,0.0,38.2
CUESTA_Viento,2026-08-06,1786045200,2026-08-06 16:40:00,10.1,67,25.4,43.9,195,1011.5,847.9,0.0,36.7
CUESTA_Viento,2026-08-06,1786045500,2026-08-06 16:45:00,10.0,67,22.3,46.1,186,1011.5,847.9,0.0,36.0
CUESTA_Viento,2026-08-06,1786045800,2026-08-06 16:50:00,9.9,67,23.4,49.7,185,1011.7,848.0,0.0,35.5
CUESTA_Viento,2026-08-06,1786046100,2026-08-06 16:55:00,9.8,68,20.0,36.7,191,1011.8,848.1,0.0,35.2
CUESTA_Viento,2026-08-06,1786046400,2026-08-06 17:00:00,9.9,67,21.7,42.1,212,1011.8,848.1,0.0,34.5
CUESTA_Viento,2026-08-06,1786046700,2026-08-06 17:05:00,9.9,66,31.4,55.1,235,1011.8,848.2,0.0,33.5
CUESTA_Viento,2026-08-06,1786047000,2026-08-06 17:10:00,9.9,65,21.1,55.1,225,1012.0,848.4,0.0,32.8
CUESTA_Viento,2026-08-06,1786047300,2026-08-06 17:15:00,10.1,64,19.8,38.5,169,1011.8,848.1,0.0,31.6
CUESTA_Viento,2026-08-06,1786047600,2026-08-06 17:20:00,10.2,64,22.7,42.1,282,1011.7,848.1,0.0,30.6
CUESTA_Viento,2026-08-06,1786047900,2026-08-06 17:25:00,10.1,64,17.3,46.1,186,1011.8,848.2,0.0,29.4
CUESTA_Viento,2026-08-06,1786048200,2026-08-06 17:30:00,10.1,63,25.4,51.5,197,1011.7,848.1,0.0,28.5
CUESTA_Viento,2026-08-06,1786048500,2026-08-06 17:35:00,10.2,63,25.4,55.1,200,1011.9,848.3,0.0,27.8
CUESTA_Viento,2026-08-06,1786048800,2026-08-06 17:40:00,10.0,63,23.0,38.5,208,1011.7,848.1,0.0,26.7
CUESTA_Viento,2026-08-06,1786049100,2026-08-06 17:45:00,10.1,63,16.5,36.7,195,1011.6,848.0,0.0,25.9
CUESTA_Viento,2026-08-06,1786049400,2026-08-06 17:50:00,10.2,62,19.9,38.5,234,1012.0,848.4,0.0,24.9
CUESTA_Viento,2026-08-06,1786049700,2026-08-06 17:55:00,10.2,62,19.2,42.1,173,1011.7,848.1,0.0,23.9
CUESTA_Viento,2026-08-06,1786050000,2026-08-06 18:00:00,10.2,62,13.0,31.3,179,1011.5,847.8,0.0,23.2
CUESTA_Viento,2026-08-06,1786050300,2026-08-06 18:05:00,10.3,62,23.8,46.1,227,1011.7,848.1,0.0,22.4
CUESTA_Viento,2026-08-06,1786050600,2026-08-06 18:10:00,10.4,61,21.7,49.7,196,1011.6,848.0,0.0,21.3
CUESTA_Viento,2026-08-06,1786050900,2026-08-06 18:15:00,10.4,61,20.8,49.7,202,1011.7,848.1,0.0,20.4
CUESTA_Viento,2026-08-06,1786051200,2026-08-06 18:20:00,10.4,61,22.1,55.1,209,1012.0,848.4,0.0,19.4
CUESTA_Viento,2026-08-06,1786051500,2026-08-06 18:25:00,10.4,61,21.7,49.7,232,1011.8,848.2,0.0,18.1
CUESTA_Viento,2026-08-06,1786051800,2026-08-06 18:30:00,10.5,62,20.0,46.1,211,1011.9,848.3,0.0,16.7
CUESTA_Viento,2026-08-06,1786052100,2026-08-06 18:35:00,10.5,61,21.7,51.5,196,1011.9,848.3,0.0,15.1
CUESTA_Viento,2026-08-06,1786052400,2026-08-06 18:40:00,10.6,60,17.4,49.7,212,1012.1,848.5,0.0,13.1
CUESTA_Viento,2026-08-06,1786052700,2026-08-06 18:45:00,10.6,60,21.6,43.9,188,1012.2,848.6,0.0,10.2
CUESTA_Viento,2026-08-06,1786053000,2026-08-06 18:50:00,10.8,59,22.4,71.6,228,1012.1,848.5,0.0,7.9
CUESTA_Viento,2026-08-06,1786053300,2026-08-06 18:55:00,10.6,59,25.8,42.1,211,1012.3,848.7,0.0,6.0
CUESTA_Viento,2026-08-06,1786053600,2026-08-06 19:00:00,10.7,58,22.0,51.5,226,1012.0,848.5,0.0,4.5
CUESTA_Viento,2026-08-06,1786053900,2026-08-06 19:05:00,10.7,58,20.7,31.3,214,1012.3,848.7,0.0,2.9
CUESTA_Viento,2026-08-06,1786054200,2026-08-06 19:10:00,10.7,58,18.1,33.1,186,1012.4,848.8,0.0,1.6
CUESTA_Viento,2026-08-06,1786054500,2026-08-06 19:15:00,10.5,59,20.7,51.5,188,1012.4,848.8,0.0,0.7
CUESTA_Viento,2026-08-06,1786054800,2026-08-06 19:20:00,10.4,60,18.7,46.1,187,1012.3,848.7,0.0,0.3
CUESTA_Viento,2026-08-06,1786055100,2026-08-06 19:25:00,10.4,60,23.8,43.9,174,1012.5,848.9,0.0,0.1
CUESTA_Viento,2026-08-06,1786055400,2026-08-06 19:30:00,10.4,60,19.2,43.9,192,1012.5,848.9,0.0,0.0
CUESTA_Viento,2026-08-06,1786055700,2026-08-06 19:35:00,10.4,59,19.2,51.5,213,1012.5,848.9,0.0,0.0
CUESTA_Viento,2026-08-06,1786056000,2026-08-06 19:40:00,10.2,61,14.5,33.1,203,1012.8,849.2,0.0,0.0
CUESTA_Viento,2026-08-06,1786056300,2026-08-06 19:45:00,10.2,61,20.4,31.3,161,1012.6,849.0,0.0,0.0
CUESTA_Viento,2026-08-06,1786056600,2026-08-06 19:50:00,10.1,61,19.3,40.3,202,1012.7,849.1,0.0,0.0
CUESTA_Viento,2026-08-06,1786056900,2026-08-06 19:55:00,10.2,61,20.1,40.3,211,1012.9,849.3,0.0,0.0
CUESTA_Viento,2026-08-06,1786057200,2026-08-06 20:00:00,10.0,62,16.5,42.1,236,1012.8,849.2,0.0,0.0
CUESTA_Viento,2026-08-06,1786057500,2026-08-06 20:05:00,10.1,61,11.4,29.5,175,1012.6,849.0,0.0,0.0
CUESTA_Viento,2026-08-06,1786057800,2026-08-06 20:10:00,9.9,61,7.6,20.2,186,1012.7,849.1,0.0,0.0
CUESTA_Viento,2026-08-06,1786058100,2026-08-06 20:15:00,10.0,60,14.5,33.1,197,1012.8,849.2,0.0,0.0
CUESTA_Viento,2026-08-06,1786058400,2026-08-06 20:20:00,9.8,63,13.3,36.7,212,1012.8,849.2,0.0,0.0
CUESTA_Viento,2026-08-06,1786058700,2026-08-06 20:25:00,9.7,63,10.9,23.8,220,1012.8,849.2,0.0,0.0
CUESTA_Viento,2026-08-06,1786059000,2026-08-06 20:30:00,9.6,63,13.1,23.8,185,1012.9,849.3,0.0,0.0
CUESTA_Viento,2026-08-06,1786059300,2026-08-06 20:35:00,9.5,64,14.5,34.9,216,1013.1,849.5,0.0,0.0
CUESTA_Viento,2026-08-06,1786059600,2026-08-06 20:40:00,9.5,64,14.8,29.5,195,1013.1,849.6,0.0,0.0
CUESTA_Viento,2026-08-06,1786059900,2026-08-06 20:45:00,9.4,64,9.7,23.8,178,1013.2,849.6,0.0,0.0
CUESTA_Viento,2026-08-06,1786060200,2026-08-06 20:50:00,9.4,64,12.1,31.3,188,1013.0,849.4,0.0,0.0
CUESTA_Viento,2026-08-06,1786060500,2026-08-06 20:55:00,9.4,64,13.7,31.3,228,1013.3,849.7,0.0,0.0
CUESTA_Viento,2026-08-06,1786060800,2026-08-06 21:00:00,9.3,64,15.9,25.6,205,1013.4,849.8,0.0,0.0
CUESTA_Viento,2026-08-06,1786061100,2026-08-06 21:05:00,9.3,64,18.7,33.1,203,1013.2,849.6,0.0,0.0
CUESTA_Viento,2026-08-06,1786061400,2026-08-06 21:10:00,9.3,64,15.1,31.3,175,1013.3,849.7,0.0,0.0
CUESTA_Viento,2026-08-06,1786061700,2026-08-06 21:15:00,9.2,65,16.9,33.1,212,1013.5,849.9,0.0,0.0
CUESTA_Viento,2026-08-06,1786062000,2026-08-06 21:20:00,9.2,65,14.1,40.3,197,1013.6,850.0,0.0,0.0
CUESTA_Viento,2026-08-06,1786062300,2026-08-06 21:25:00,9.2,65,22.7,46.1,220,1013.5,849.9,0.0,0.0
CUESTA_Viento,2026-08-06,1786062600,2026-08-06 21:30:00,9.2,65,13.6,40.3,191,1013.6,850.0,0.0,0.0
CUESTA_Viento,2026-08-06,1786062900,2026-08-06 21:35:00,9.1,65,18.8,33.1,175,1013.6,850.0,0.0,0.0
CUESTA_Viento,2026-08-06,1786063200,2026-08-06 21:40:00,9.1,65,23.3,49.7,228,1013.6,849.9,0.0,0.0
CUESTA_Viento,2026-08-06,1786063500,2026-08-06 21:45:00,9.0,65,22.9,42.1,199,1013.5,849.9,0.0,0.0
CUESTA_Viento,2026-08-06,1786063800,2026-08-06 21:50:00,9.0,65,22.1,42.1,197,1013.5,849.9,0.0,0.0
CUESTA_Viento,2026-08-06,1786064100,2026-08-06 21:55:00,8.9,66,19.0,38.5,204,1013.6,850.0,0.0,0.0
CUESTA_Viento,2026-08-06,1786064400,2026-08-06 22:00:00,8.9,66,20.4,43.9,202,1013.6,850.0,0.0,0.0
CUESTA_Viento,2026-08-06,1786064700,2026-08-06 22:05:00,8.8,66,20.0,51.5,202,1013.6,850.0,0.0,0.0
CUESTA_Viento,2026-08-06,1786065000,2026-08-06 22:10:00,8.8,65,16.3,34.9,194,1013.5,849.9,0.0,0.0
CUESTA_Viento,2026-08-06,1786065300,2026-08-06 22:15:00,8.8,65,21.6,46.1,208,1013.5,849.9,0.0,0.0
CUESTA_Viento,2026-08-06,1786065600,2026-08-06 22:20:00,8.8,65,14.9,31.3,209,1013.5,849.9,0.0,0.0
CUESTA_Viento,2026-08-06,1786065900,2026-08-06 22:25:00,8.8,65,11.9,33.1,199,1013.6,850.0,0.0,0.0
CUESTA_Viento,2026-08-06,1786066200,2026-08-06 22:30:00,8.7,65,20.2,33.1,191,1013.6,850.0,0.0,0.0
CUESTA_Viento,2026-08-06,1786066500,2026-08-06 22:35:00,8.7,65,13.3,22.0,204,1013.5,849.9,0.0,0.0
CUESTA_Viento,2026-08-06,1786066800,2026-08-06 22:40:00,8.5,65,17.2,34.9,216,1013.8,850.1,0.0,0.0
CUESTA_Viento,2026-08-06,1786067100,2026-08-06 22:45:00,8.4,64,16.3,29.5,213,1013.7,850.1,0.0,0.0
CUESTA_Viento,2026-08-06,1786067400,2026-08-06 22:50:00,8.4,64,13.9,27.7,214,1013.8,850.2,0.0,0.0
CUESTA_Viento,2026-08-06,1786067700,2026-08-06 22:55:00,8.3,64,16.1,34.9,218,1013.6,850.1,0.0,0.0
CUESTA_Viento,2026-08-06,1786068000,2026-08-06 23:00:00,8.3,64,17.0,31.3,181,1013.7,850.1,0.0,0.0
CUESTA_Viento,2026-08-06,1786068300,2026-08-06 23:05:00,8.2,64,12.7,25.6,211,1013.9,850.2,0.0,0.0
CUESTA_Viento,2026-08-06,1786068600,2026-08-06 23:10:00,8.2,64,14.8,31.3,216,1013.7,850.1,0.0,0.0
CUESTA_Viento,2026-08-06,1786068900,2026-08-06 23:15:00,8.1,64,16.9,34.9,196,1013.8,850.2,0.0,0.0
CUESTA_Viento,2026-08-06,1786069200,2026-08-06 23:20:00,8.0,64,20.6,33.1,200,1013.7,850.1,0.0,0.0
CUESTA_Viento,2026-08-06,1786069500,2026-08-06 23:25:00,8.0,64,18.1,42.1,202,1013.9,850.3,0.0,0.0
CUESTA_Viento,2026-08-06,1786069800,2026-08-06 23:30:00,7.9,65,12.4,25.6,210,1013.9,850.2,0.0,0.0
CUESTA_Viento,2026-08-06,1786070100,2026-08-06 23:35:00,7.9,65,13.5,34.9,194,1013.9,850.3,0.0,0.0
CUESTA_Viento,2026-08-06,1786070400,2026-08-06 23:40:00,7.8,65,14.5,25.6,195,1013.8,850.2,0.0,0.0
CUESTA_Viento,2026-08-06,1786070700,2026-08-06 23:45:00,7.7,65,18.3,31.3,212,1013.8,850.2,0.0,0.0
CUESTA_Viento,2026-08-06,1786071000,2026-08-06 23:50:00,7.7,65,14.3,27.7,217,1013.7,850.1,0.0,0.0
CUESTA_Viento,2026-08-06,1786071300,2026-08-06 23:55:00,7.7,65,9.4,20.2,207,1013.8,850.1,0.0,0.0
CARACOLES,2026-08-06,1785985200,2026-08-06 00:00:00,23.8,12,18.9,42.1,225,994.7,891.9,0.0,0.0
CARACOLES,2026-08-06,1785985500,2026-08-06 00:05:00,23.7,12,16.0,56.9,254,994.6,891.8,0.0,0.0
CARACOLES,2026-08-06,1785985800,2026-08-06 00:10:00,23.7,12,19.9,43.9,232,994.5,891.7,0.0,0.0
CARACOLES,2026-08-06,1785986100,2026-08-06 00:15:00,23.6,12,19.0,40.3,245,994.6,891.8,0.0,0.0
CARACOLES,2026-08-06,1785986400,2026-08-06 00:20:00,23.5,12,18.0,29.5,233,994.6,891.8,0.0,0.0
CARACOLES,2026-08-06,1785986700,2026-08-06 00:25:00,23.5,12,19.5,43.9,234,994.8,892.0,0.0,0.0
CARACOLES,2026-08-06,1785987000,2026-08-06 00:30:00,23.4,12,15.6,34.9,227,994.4,891.7,0.0,0.0
CARACOLES,2026-08-06,1785987300,2026-08-06 00:35:00,23.4,12,16.3,38.5,206,994.6,891.8,0.0,0.0
CARACOLES,2026-08-06,1785987600,2026-08-06 00:40:00,23.3,12,28.9,51.5,242,994.6,891.8,0.0,0.0
CARACOLES,2026-08-06,1785987900,2026-08-06 00:45:00,23.3,13,27.9,51.5,247,994.5,891.7,0.0,0.0
CARACOLES,2026-08-06,1785988200,2026-08-06 00:50:00,23.2,13,24.6,56.9,256,994.6,891.8,0.0,0.0
CARACOLES,2026-08-06,1785988500,2026-08-06 00:55:00,23.2,13,17.4,27.7,208,994.4,891.6,0.0,0.0
CARACOLES,2026-08-06,1785988800,2026-08-06 01:00:00,23.0,13,19.9,40.3,229,994.3,891.5,0.0,0.0
CARACOLES,2026-08-06,1785989100,2026-08-06 01:05:00,23.0,13,25.4,46.1,233,994.2,891.4,0.0,0.0
CARACOLES,2026-08-06,1785989400,2026-08-06 01:10:00,23.0,13,28.7,49.7,234,994.1,891.3,0.0,0.0
CARACOLES,2026-08-06,1785989700,2026-08-06 01:15:00,22.9,13,24.3,58.7,214,994.1,891.3,0.0,0.0
CARACOLES,2026-08-06,1785990000,2026-08-06 01:20:00,22.8,13,24.5,43.9,224,994.0,891.2,0.0,0.0
CARACOLES,2026-08-06,1785990300,2026-08-06 01:25:00,22.7,13,21.0,34.9,237,993.9,891.1,0.0,0.0
CARACOLES,2026-08-06,1785990600,2026-08-06 01:30:00,22.6,13,22.7,42.1,236,993.8,891.0,0.0,0.0
CARACOLES,2026-08-06,1785990900,2026-08-06 01:35:00,22.6,13,25.7,53.3,236,993.3,890.5,0.0,0.0
CARACOLES,2026-08-06,1785991200,2026-08-06 01:40:00,22.5,13,20.3,42.1,235,993.4,890.6,0.0,0.0
CARACOLES,2026-08-06,1785991500,2026-08-06 01:45:00,22.5,13,21.3,40.3,230,993.5,890.6,0.0,0.0
CARACOLES,2026-08-06,1785991800,2026-08-06 01:50:00,22.4,13,21.9,46.1,234,993.3,890.5,0.0,0.0
CARACOLES,2026-08-06,1785992100,2026-08-06 01:55:00,22.4,13,25.8,51.5,239,993.4,890.6,0.0,0.0
CARACOLES,2026-08-06,1785992400,2026-08-06 02:00:00,22.4,14,11.2,25.6,223,993.7,890.9,0.0,0.0
CARACOLES,2026-08-06,1785992700,2026-08-06 02:05:00,22.3,13,21.7,38.5,231,993.6,890.8,0.0,0.0
CARACOLES,2026-08-06,1785993000,2026-08-06 02:10:00,22.3,14,21.2,42.1,227,993.8,891.0,0.0,0.0
CARACOLES,2026-08-06,1785993300,2026-08-06 02:15:00,22.2,14,23.0,38.5,252,993.6,890.8,0.0,0.0
CARACOLES,2026-08-06,1785993600,2026-08-06 02:20:00,22.2,14,16.5,31.3,189,993.6,890.8,0.0,0.0
CARACOLES,2026-08-06,1785993900,2026-08-06 02:25:00,22.2,14,25.1,49.7,235,993.4,890.6,0.0,0.0
CARACOLES,2026-08-06,1785994200,2026-08-06 02:30:00,22.2,14,14.1,25.6,216,993.6,890.8,0.0,0.0
CARACOLES,2026-08-06,1785994500,2026-08-06 02:35:00,22.2,14,20.8,51.5,228,993.9,891.1,0.0,0.0
CARACOLES,2026-08-06,1785994800,2026-08-06 02:40:00,22.2,14,23.5,34.9,249,993.8,891.0,0.0,0.0
CARACOLES,2026-08-06,1785995100,2026-08-06 02:45:00,22.1,14,28.0,58.7,245,993.6,890.8,0.0,0.0
CARACOLES,2026-08-06,1785995400,2026-08-06 02:50:00,22.0,14,24.2,53.3,196,993.6,890.8,0.0,0.0
CARACOLES,2026-08-06,1785995700,2026-08-06 02:55:00,22.0,14,20.4,36.7,223,993.6,890.8,0.0,0.0
CARACOLES,2026-08-06,1785996000,2026-08-06 03:00:00,22.0,14,20.1,46.1,245,993.5,890.7,0.0,0.0
CARACOLES,2026-08-06,1785996300,2026-08-06 03:05:00,21.9,14,15.0,29.5,219,993.7,890.9,0.0,0.0
CARACOLES,2026-08-06,1785996600,2026-08-06 03:10:00,21.9,14,22.7,38.5,243,993.8,891.0,0.0,0.0
CARACOLES,2026-08-06,1785996900,2026-08-06 03:15:00,21.8,14,27.3,51.5,248,993.5,890.7,0.0,0.0
CARACOLES,2026-08-06,1785997200,2026-08-06 03:20:00,21.8,14,31.8,46.1,257,993.5,890.7,0.0,0.0
CARACOLES,2026-08-06,1785997500,2026-08-06 03:25:00,21.8,14,18.9,38.5,220,993.7,890.9,0.0,0.0
CARACOLES,2026-08-06,1785997800,2026-08-06 03:30:00,21.7,14,19.2,42.1,236,993.6,890.8,0.0,0.0
CARACOLES,2026-08-06,1785998100,2026-08-06 03:35:00,21.7,14,22.9,34.9,217,993.2,890.5,0.0,0.0
CARACOLES,2026-08-06,1785998400,2026-08-06 03:40:00,21.7,14,30.0,56.9,236,993.5,890.7,0.0,0.0
CARACOLES,2026-08-06,1785998700,2026-08-06 03:45:00,21.6,14,21.0,56.9,244,993.2,890.4,0.0,0.0
CARACOLES,2026-08-06,1785999000,2026-08-06 03:50:00,21.6,14,25.5,58.7,232,993.4,890.6,0.0,0.0
CARACOLES,2026-08-06,1785999300,2026-08-06 03:55:00,21.5,14,21.2,43.9,224,993.4,890.6,0.0,0.0
CARACOLES,2026-08-06,1785999600,2026-08-06 04:00:00,21.5,14,26.4,49.7,245,993.3,890.5,0.0,0.0
CARACOLES,2026-08-06,1785999900,2026-08-06 04:05:00,21.5,15,23.0,36.7,245,993.3,890.5,0.0,0.0
CARACOLES,2026-08-06,1786000200,2026-08-06 04:10:00,21.5,15,22.9,46.1,254,993.5,890.7,0.0,0.0
CARACOLES,2026-08-06,1786000500,2026-08-06 04:15:00,21.4,15,20.3,29.5,234,993.4,890.6,0.0,0.0
CARACOLES,2026-08-06,1786000800,2026-08-06 04:20:00,21.4,15,16.5,40.3,249,993.5,890.7,0.0,0.0
CARACOLES,2026-08-06,1786001100,2026-08-06 04:25:00,21.3,15,23.4,56.9,216,993.6,890.8,0.0,0.0
CARACOLES,2026-08-06,1786002900,2026-08-06 04:55:00,21.2,17,10.4,16.6,239,993.7,890.9,0.0,0.0
CARACOLES,2026-08-06,1786003200,2026-08-06 05:00:00,21.2,17,23.8,36.7,268,993.5,890.7,0.0,0.0
CARACOLES,2026-08-06,1786003500,2026-08-06 05:05:00,21.1,17,13.0,18.4,228,994.0,891.1,0.0,0.0
CARACOLES,2026-08-06,1786003800,2026-08-06 05:10:00,21.1,17,15.2,23.8,215,993.9,891.1,0.0,0.0
CARACOLES,2026-08-06,1786004100,2026-08-06 05:15:00,21.2,17,15.0,27.7,254,994.0,891.2,0.0,0.0
CARACOLES,2026-08-06,1786004400,2026-08-06 05:20:00,21.1,17,7.5,14.8,237,994.1,891.3,0.0,0.0
CARACOLES,2026-08-06,1786004700,2026-08-06 05:25:00,21.0,17,13.8,27.7,216,994.1,891.3,0.0,0.0
CARACOLES,2026-08-06,1786005000,2026-08-06 05:30:00,21.0,17,10.3,16.6,213,994.4,891.5,0.0,0.0
CARACOLES,2026-08-06,1786005300,2026-08-06 05:35:00,21.0,17,14.4,18.4,253,994.5,891.7,0.0,0.0
CARACOLES,2026-08-06,1786005600,2026-08-06 05:40:00,21.0,17,8.9,16.6,225,994.6,891.8,0.0,0.0
CARACOLES,2026-08-06,1786005900,2026-08-06 05:45:00,20.9,18,10.6,25.6,238,994.8,892.0,0.0,0.0
CARACOLES,2026-08-06,1786006200,2026-08-06 05:50:00,21.0,18,18.3,31.3,249,994.8,892.0,0.0,0.0
CARACOLES,2026-08-06,1786006500,2026-08-06 05:55:00,21.0,18,8.4,22.0,259,995.4,892.6,0.0,0.0
CARACOLES,2026-08-06,1786006800,2026-08-06 06:00:00,20.8,19,11.6,23.8,154,995.6,892.7,0.0,0.0
CARACOLES,2026-08-06,1786007100,2026-08-06 06:05:00,20.8,19,7.3,11.2,224,995.7,892.8,0.0,0.0
CARACOLES,2026-08-06,1786007400,2026-08-06 06:10:00,20.8,19,10.3,25.6,227,995.7,892.8,0.0,0.0
CARACOLES,2026-08-06,1786007700,2026-08-06 06:15:00,20.9,20,6.6,14.8,209,995.7,892.9,0.0,0.0
CARACOLES,2026-08-06,1786008000,2026-08-06 06:20:00,20.8,20,14.0,29.5,242,995.9,893.1,0.0,0.0
CARACOLES,2026-08-06,1786008300,2026-08-06 06:25:00,20.8,20,6.4,13.0,211,996.1,893.3,0.0,0.0
CARACOLES,2026-08-06,1786008600,2026-08-06 06:30:00,20.7,20,11.0,23.8,237,996.2,893.4,0.0,0.0
CARACOLES,2026-08-06,1786008900,2026-08-06 06:35:00,20.7,20,10.6,23.8,219,996.5,893.6,0.0,0.0
CARACOLES,2026-08-06,1786009200,2026-08-06 06:40:00,20.8,20,11.2,22.0,249,996.6,893.8,0.0,0.0
CARACOLES,2026-08-06,1786009500,2026-08-06 06:45:00,20.6,20,8.7,18.4,225,996.6,893.8,0.0,0.0
CARACOLES,2026-08-06,1786009800,2026-08-06 06:50:00,20.7,20,5.6,13.0,218,996.9,894.1,0.0,0.0
CARACOLES,2026-08-06,1786010100,2026-08-06 06:55:00,20.6,21,6.3,9.4,214,997.0,894.2,0.0,0.0
CARACOLES,2026-08-06,1786010400,2026-08-06 07:00:00,20.5,22,10.2,23.8,251,997.3,894.5,0.0,0.0
CARACOLES,2026-08-06,1786010700,2026-08-06 07:05:00,20.2,23,9.2,22.0,231,997.4,894.6,0.0,0.0
CARACOLES,2026-08-06,1786011000,2026-08-06 07:10:00,20.3,23,2.4,11.2,108,997.5,894.7,0.0,0.0
CARACOLES,2026-08-06,1786011300,2026-08-06 07:15:00,20.1,23,3.0,7.2,217,997.6,894.8,0.0,0.0
CARACOLES,2026-08-06,1786011600,2026-08-06 07:20:00,20.1,24,0.6,3.6,69,997.7,894.9,0.0,0.0
CARACOLES,2026-08-06,1786011900,2026-08-06 07:25:00,19.6,24,1.2,3.6,151,997.9,895.1,0.0,0.0
CARACOLES,2026-08-06,1786012200,2026-08-06 07:30:00,19.7,24,8.1,14.8,243,998.0,895.2,0.0,0.0
CARACOLES,2026-08-06,1786012500,2026-08-06 07:35:00,19.9,25,8.0,13.0,268,998.2,895.4,0.0,0.0
CARACOLES,2026-08-06,1786012800,2026-08-06 07:40:00,19.8,25,5.0,7.2,281,998.4,895.6,0.0,0.0
CARACOLES,2026-08-06,1786013100,2026-08-06 07:45:00,19.7,25,6.6,11.2,252,998.4,895.6,0.0,0.0
CARACOLES,2026-08-06,1786013400,2026-08-06 07:50:00,19.7,25,6.8,9.4,243,998.6,895.7,0.0,0.0
CARACOLES,2026-08-06,1786013700,2026-08-06 07:55:00,19.8,25,5.2,13.0,230,998.7,895.9,0.0,0.0
CARACOLES,2026-08-06,1786014000,2026-08-06 08:00:00,19.8,25,4.3,7.2,264,998.4,895.6,0.0,0.2
CARACOLES,2026-08-06,1786014300,2026-08-06 08:05:00,19.2,36,8.9,16.6,26,998.6,895.8,0.0,0.5
CARACOLES,2026-08-06,1786014600,2026-08-06 08:10:00,15.8,52,9.9,18.4,61,998.9,896.1,0.0,1.3
CARACOLES,2026-08-06,1786014900,2026-08-06 08:15:00,14.6,57,9.4,22.0,52,999.2,896.4,0.0,3.5
CARACOLES,2026-08-06,1786015200,2026-08-06 08:20:00,14.4,60,9.8,20.2,65,999.6,896.8,0.0,6.2
CARACOLES,2026-08-06,1786015500,2026-08-06 08:25:00,14.2,60,4.9,14.8,58,1000.0,897.2,0.0,10.3
CARACOLES,2026-08-06,1786015800,2026-08-06 08:30:00,14.2,63,8.1,23.8,76,1000.2,897.4,0.0,16.0
CARACOLES,2026-08-06,1786016100,2026-08-06 08:35:00,13.8,64,15.1,23.8,44,1000.6,897.8,0.0,20.4
CARACOLES,2026-08-06,1786016400,2026-08-06 08:40:00,13.7,66,9.7,20.2,50,1000.8,898.0,0.0,25.3
CARACOLES,2026-08-06,1786016700,2026-08-06 08:45:00,13.8,65,11.4,22.0,47,1001.0,898.2,0.0,27.8
CARACOLES,2026-08-06,1786017000,2026-08-06 08:50:00,13.8,65,8.9,27.7,47,1001.3,898.6,0.0,30.8
CARACOLES,2026-08-06,1786017300,2026-08-06 08:55:00,13.7,66,6.0,13.0,58,1001.7,898.9,0.0,33.5
CARACOLES,2026-08-06,1786017600,2026-08-06 09:00:00,13.7,67,6.0,16.6,73,1002.1,899.3,0.0,34.2
CARACOLES,2026-08-06,1786017900,2026-08-06 09:05:00,13.6,68,6.1,16.6,89,1002.2,899.4,0.0,35.0
CARACOLES,2026-08-06,1786018200,2026-08-06 09:10:00,13.6,68,6.1,14.8,96,1002.4,899.6,0.0,32.2
CARACOLES,2026-08-06,1786018500,2026-08-06 09:15:00,13.7,69,3.3,9.4,98,1002.7,899.9,0.0,54.6
CARACOLES,2026-08-06,1786018800,2026-08-06 09:20:00,13.8,68,5.4,14.8,82,1003.0,900.2,0.0,68.2
CARACOLES,2026-08-06,1786019100,2026-08-06 09:25:00,14.0,67,8.3,14.8,109,1003.1,900.3,0.0,77.4
CARACOLES,2026-08-06,1786019400,2026-08-06 09:30:00,14.2,67,5.2,11.2,111,1003.2,900.4,0.0,75.2
CARACOLES,2026-08-06,1786019700,2026-08-06 09:35:00,14.0,67,10.6,18.4,98,1003.2,900.4,0.0,38.3
CARACOLES,2026-08-06,1786020000,2026-08-06 09:40:00,13.7,67,5.4,9.4,107,1003.6,900.8,0.0,33.5
CARACOLES,2026-08-06,1786020300,2026-08-06 09:45:00,13.8,67,6.1,13.0,100,1003.8,901.0,0.0,45.3
CARACOLES,2026-08-06,1786020600,2026-08-06 09:50:00,13.8,68,5.4,11.2,73,1003.9,901.1,0.0,53.6
CARACOLES,2026-08-06,1786020900,2026-08-06 09:55:00,13.8,69,11.2,22.0,101,1004.1,901.3,0.0,69.4
CARACOLES,2026-08-06,1786021200,2026-08-06 10:00:00,13.7,68,7.4,16.6,102,1004.3,901.4,0.0,70.3
CARACOLES,2026-08-06,1786021500,2026-08-06 10:05:00,13.8,68,8.6,18.4,94,1004.3,901.4,0.0,77.1
CARACOLES,2026-08-06,1786021800,2026-08-06 10:10:00,13.7,67,12.7,23.8,117,1004.5,901.7,0.0,85.0
CARACOLES,2026-08-06,1786022100,2026-08-06 10:15:00,13.7,68,5.6,9.4,94,1004.5,901.7,0.0,82.9
CARACOLES,2026-08-06,1786022400,2026-08-06 10:20:00,13.7,68,8.1,20.2,98,1004.8,902.0,0.0,79.8
CARACOLES,2026-08-06,1786022700,2026-08-06 10:25:00,13.4,71,6.6,11.2,86,1005.0,902.2,0.0,88.2
CARACOLES,2026-08-06,1786023000,2026-08-06 10:30:00,12.8,73,5.8,11.2,74,1005.2,902.4,0.0,87.6
CARACOLES,2026-08-06,1786023300,2026-08-06 10:35:00,12.7,73,6.6,13.0,68,1005.3,902.4,0.0,109.8
CARACOLES,2026-08-06,1786023600,2026-08-06 10:40:00,12.8,72,5.7,11.2,83,1005.2,902.4,0.0,114.8
CARACOLES,2026-08-06,1786023900,2026-08-06 10:45:00,12.7,72,4.5,13.0,72,1005.3,902.5,0.0,112.1
CARACOLES,2026-08-06,1786024200,2026-08-06 10:50:00,12.6,72,6.3,13.0,81,1005.5,902.7,0.0,102.9
CARACOLES,2026-08-06,1786024500,2026-08-06 10:55:00,12.1,74,7.6,13.0,67,1005.6,902.8,0.0,102.6
CARACOLES,2026-08-06,1786024800,2026-08-06 11:00:00,12.0,74,7.5,16.6,59,1005.7,903.0,0.0,105.2
CARACOLES,2026-08-06,1786025100,2026-08-06 11:05:00,11.9,74,6.9,18.4,79,1005.8,903.1,0.0,105.8
CARACOLES,2026-08-06,1786025400,2026-08-06 11:10:00,11.9,73,6.3,20.2,73,1006.2,903.4,0.0,94.6
CARACOLES,2026-08-06,1786025700,2026-08-06 11:15:00,11.7,74,6.1,11.2,79,1006.1,903.3,0.0,100.8
CARACOLES,2026-08-06,1786026000,2026-08-06 11:20:00,11.8,74,7.1,18.4,103,1006.2,903.4,0.0,107.1
CARACOLES,2026-08-06,1786026300,2026-08-06 11:25:00,11.7,74,4.5,9.4,101,1006.3,903.5,0.0,117.5
CARACOLES,2026-08-06,1786026600,2026-08-06 11:30:00,12.0,73,5.3,13.0,94,1006.4,903.6,0.0,119.0
CARACOLES,2026-08-06,1786026900,2026-08-06 11:35:00,11.9,72,5.3,18.4,62,1006.4,903.6,0.0,125.0
CARACOLES,2026-08-06,1786027200,2026-08-06 11:40:00,11.9,72,4.2,11.2,62,1006.2,903.4,0.0,214.0
CARACOLES,2026-08-06,1786027500,2026-08-06 11:45:00,12.0,72,4.0,9.4,58,1006.4,903.5,0.0,172.3
CARACOLES,2026-08-06,1786027800,2026-08-06 11:50:00,11.8,72,5.4,11.2,65,1006.4,903.6,0.0,116.7
CARACOLES,2026-08-06,1786028100,2026-08-06 11:55:00,11.8,72,4.8,9.4,78,1006.5,903.7,0.0,125.3
CARACOLES,2026-08-06,1786028400,2026-08-06 12:00:00,11.7,73,2.8,7.2,57,1006.6,903.8,0.0,135.7
CARACOLES,2026-08-06,1786028700,2026-08-06 12:05:00,11.5,73,6.6,13.0,96,1006.6,903.8,0.0,161.4
CARACOLES,2026-08-06,1786029000,2026-08-06 12:10:00,11.6,73,5.6,11.2,75,1006.6,903.8,0.0,116.7
CARACOLES,2026-08-06,1786029300,2026-08-06 12:15:00,11.6,72,5.1,13.0,85,1006.5,903.7,0.0,192.0
CARACOLES,2026-08-06,1786029600,2026-08-06 12:20:00,11.6,72,5.9,16.6,111,1006.4,903.6,0.0,201.6
CARACOLES,2026-08-06,1786029900,2026-08-06 12:25:00,11.9,71,6.4,13.0,107,1006.5,903.7,0.0,169.0
CARACOLES,2026-08-06,1786030200,2026-08-06 12:30:00,11.8,72,8.6,16.6,118,1006.4,903.6,0.0,170.6
CARACOLES,2026-08-06,1786030500,2026-08-06 12:35:00,11.8,71,4.0,11.2,63,1006.4,903.6,0.0,165.3
CARACOLES,2026-08-06,1786030800,2026-08-06 12:40:00,11.8,71,4.8,13.0,58,1006.4,903.6,0.0,167.8
CARACOLES,2026-08-06,1786031100,2026-08-06 12:45:00,11.8,72,4.9,11.2,71,1006.3,903.5,0.0,166.1
CARACOLES,2026-08-06,1786031400,2026-08-06 12:50:00,11.8,71,3.5,7.2,82,1006.3,903.5,0.0,177.7
CARACOLES,2026-08-06,1786031700,2026-08-06 12:55:00,11.9,71,5.0,11.2,78,1006.3,903.5,0.0,148.4
CARACOLES,2026-08-06,1786032000,2026-08-06 13:00:00,11.8,70,5.1,13.0,84,1006.3,903.5,0.0,144.2
CARACOLES,2026-08-06,1786032300,2026-08-06 13:05:00,11.7,70,6.4,16.6,76,1006.2,903.4,0.0,188.4
CARACOLES,2026-08-06,1786032600,2026-08-06 13:10:00,11.8,69,4.6,9.4,78,1006.2,903.4,0.0,203.8
CARACOLES,2026-08-06,1786032900,2026-08-06 13:15:00,11.9,68,7.8,20.2,65,1006.0,903.2,0.0,183.8
CARACOLES,2026-08-06,1786033200,2026-08-06 13:20:00,11.7,68,5.0,13.0,51,1006.2,903.4,0.0,280.6
CARACOLES,2026-08-06,1786033500,2026-08-06 13:25:00,11.9,68,4.9,13.0,59,1006.1,903.3,0.0,215.3
CARACOLES,2026-08-06,1786033800,2026-08-06 13:30:00,11.9,68,5.2,11.2,79,1006.0,903.2,0.0,223.6
CARACOLES,2026-08-06,1786034100,2026-08-06 13:35:00,12.0,67,5.3,11.2,79,1006.0,903.2,0.0,193.6
CARACOLES,2026-08-06,1786034400,2026-08-06 13:40:00,11.8,67,7.2,14.8,51,1006.0,903.2,0.0,196.3
CARACOLES,2026-08-06,1786034700,2026-08-06 13:45:00,12.0,66,5.6,13.0,66,1005.9,903.1,0.0,231.9
CARACOLES,2026-08-06,1786035000,2026-08-06 13:50:00,12.0,66,6.3,14.8,73,1006.0,903.2,0.0,253.8
CARACOLES,2026-08-06,1786035300,2026-08-06 13:55:00,12.0,65,6.2,13.0,55,1006.1,903.3,0.0,233.8
CARACOLES,2026-08-06,1786035600,2026-08-06 14:00:00,12.0,66,5.2,14.8,55,1006.2,903.4,0.0,199.8
CARACOLES,2026-08-06,1786035900,2026-08-06 14:05:00,11.9,66,7.5,16.6,67,1006.3,903.5,0.0,503.1
CARACOLES,2026-08-06,1786036200,2026-08-06 14:10:00,12.1,65,7.1,13.0,97,1006.2,903.3,0.0,558.6
CARACOLES,2026-08-06,1786036500,2026-08-06 14:15:00,12.2,64,9.6,18.4,88,1006.3,903.5,0.0,205.8
CARACOLES,2026-08-06,1786036800,2026-08-06 14:20:00,12.0,65,8.6,20.2,100,1006.2,903.4,0.0,567.1
CARACOLES,2026-08-06,1786037100,2026-08-06 14:25:00,12.5,62,8.2,20.2,96,1006.2,903.4,0.0,549.0
CARACOLES,2026-08-06,1786037400,2026-08-06 14:30:00,12.6,62,6.4,11.2,93,1006.1,903.3,0.0,531.9
CARACOLES,2026-08-06,1786037700,2026-08-06 14:35:00,12.7,62,6.1,16.6,66,1006.1,903.3,0.0,543.4
CARACOLES,2026-08-06,1786038000,2026-08-06 14:40:00,13.1,61,5.5,11.2,103,1006.1,903.3,0.0,536.3
CARACOLES,2026-08-06,1786038300,2026-08-06 14:45:00,13.3,60,6.2,13.0,80,1006.0,903.2,0.0,469.6
CARACOLES,2026-08-06,1786038600,2026-08-06 14:50:00,13.5,59,4.8,9.4,89,1005.9,903.1,0.0,441.8
CARACOLES,2026-08-06,1786038900,2026-08-06 14:55:00,13.6,59,6.2,11.2,75,1006.0,903.2,0.0,447.3
CARACOLES,2026-08-06,1786039200,2026-08-06 15:00:00,13.2,60,6.4,14.8,74,1006.0,903.2,0.0,433.2
CARACOLES,2026-08-06,1786039500,2026-08-06 15:05:00,13.1,59,8.6,16.6,81,1006.0,903.2,0.0,419.1
CARACOLES,2026-08-06,1786039800,2026-08-06 15:10:00,13.2,59,6.3,16.6,88,1006.0,903.2,0.0,413.2
CARACOLES,2026-08-06,1786040100,2026-08-06 15:15:00,13.3,59,5.3,13.0,65,1006.0,903.2,0.0,394.4
CARACOLES,2026-08-06,1786040400,2026-08-06 15:20:00,13.0,59,7.5,14.8,77,1006.0,903.2,0.0,392.2
CARACOLES,2026-08-06,1786040700,2026-08-06 15:25:00,13.1,59,7.1,14.8,67,1005.9,903.1,0.0,381.1
CARACOLES,2026-08-06,1786041000,2026-08-06 15:30:00,13.5,57,5.5,14.8,75,1005.8,903.0,0.0,370.8
CARACOLES,2026-08-06,1786041300,2026-08-06 15:35:00,13.8,56,5.5,11.2,81,1005.8,903.0,0.0,361.9
CARACOLES,2026-08-06,1786041600,2026-08-06 15:40:00,13.8,57,4.6,13.0,62,1005.9,903.1,0.0,355.4
CARACOLES,2026-08-06,1786041900,2026-08-06 15:45:00,13.7,57,8.1,14.8,71,1005.8,903.0,0.0,346.5
CARACOLES,2026-08-06,1786042200,2026-08-06 15:50:00,13.3,57,8.6,16.6,64,1005.7,902.9,0.0,337.9
CARACOLES,2026-08-06,1786042500,2026-08-06 15:55:00,13.5,57,6.8,16.6,81,1005.8,903.0,0.0,330.1
CARACOLES,2026-08-06,1786042800,2026-08-06 16:00:00,13.4,57,6.8,16.6,77,1005.8,903.0,0.0,320.9
CARACOLES,2026-08-06,1786043100,2026-08-06 16:05:00,13.4,57,8.4,16.6,55,1005.7,902.9,0.0,311.7
CARACOLES,2026-08-06,1786043400,2026-08-06 16:10:00,13.2,57,6.9,16.6,57,1005.8,903.0,0.0,301.1
CARACOLES,2026-08-06,1786043700,2026-08-06 16:15:00,13.2,57,6.1,16.6,79,1005.8,903.0,0.0,290.5
CARACOLES,2026-08-06,1786044000,2026-08-06 16:20:00,13.3,57,8.1,18.4,62,1005.8,903.0,0.0,280.2
CARACOLES,2026-08-06,1786044300,2026-08-06 16:25:00,13.2,57,9.6,20.2,87,1005.9,903.1,0.0,269.9
CARACOLES,2026-08-06,1786044600,2026-08-06 16:30:00,13.1,57,6.4,14.8,53,1005.9,903.1,0.0,260.1
CARACOLES,2026-08-06,1786044900,2026-08-06 16:35:00,13.3,56,6.8,13.0,88,1006.0,903.2,0.0,247.9
CARACOLES,2026-08-06,1786045200,2026-08-06 16:40:00,13.2,56,7.5,13.0,83,1006.0,903.2,0.0,237.1
CARACOLES,2026-08-06,1786045500,2026-08-06 16:45:00,13.1,56,5.8,16.6,64,1006.0,903.2,0.0,225.0
CARACOLES,2026-08-06,1786045800,2026-08-06 16:50:00,13.1,56,5.4,11.2,74,1006.0,903.2,0.0,214.8
CARACOLES,2026-08-06,1786046100,2026-08-06 16:55:00,13.4,55,6.5,11.2,74,1006.1,903.3,0.0,206.4
CARACOLES,2026-08-06,1786046400,2026-08-06 17:00:00,13.1,55,7.3,14.8,84,1006.1,903.3,0.0,194.1
CARACOLES,2026-08-06,1786046700,2026-08-06 17:05:00,13.0,55,7.0,14.8,78,1006.2,903.4,0.0,182.8
CARACOLES,2026-08-06,1786047000,2026-08-06 17:10:00,12.9,56,7.6,16.6,72,1006.2,903.3,0.0,171.6
CARACOLES,2026-08-06,1786047300,2026-08-06 17:15:00,12.8,56,6.2,13.0,66,1006.2,903.4,0.0,160.1
CARACOLES,2026-08-06,1786047600,2026-08-06 17:20:00,13.0,56,6.3,18.4,64,1006.2,903.4,0.0,149.5
CARACOLES,2026-08-06,1786047900,2026-08-06 17:25:00,12.8,56,5.8,11.2,74,1006.3,903.5,0.0,138.2
CARACOLES,2026-08-06,1786048200,2026-08-06 17:30:00,13.0,56,4.7,11.2,64,1006.3,903.5,0.0,128.5
CARACOLES,2026-08-06,1786048500,2026-08-06 17:35:00,12.7,56,5.9,11.2,82,1006.3,903.5,0.0,116.6
CARACOLES,2026-08-06,1786048800,2026-08-06 17:40:00,12.7,56,6.3,13.0,62,1006.2,903.4,0.0,106.0
CARACOLES,2026-08-06,1786049100,2026-08-06 17:45:00,12.5,56,6.4,16.6,77,1006.3,903.5,0.0,96.0
CARACOLES,2026-08-06,1786049400,2026-08-06 17:50:00,12.6,56,5.2,13.0,97,1006.4,903.6,0.0,61.7
CARACOLES,2026-08-06,1786049700,2026-08-06 17:55:00,12.3,57,6.3,11.2,57,1006.3,903.5,0.0,25.7
CARACOLES,2026-08-06,1786050000,2026-08-06 18:00:00,12.1,57,4.0,9.4,76,1006.4,903.5,0.0,24.4
CARACOLES,2026-08-06,1786050300,2026-08-06 18:05:00,11.9,58,5.0,9.4,84,1006.4,903.6,0.0,23.3
CARACOLES,2026-08-06,1786050600,2026-08-06 18:10:00,11.9,58,5.3,14.8,103,1006.5,903.7,0.0,22.2
CARACOLES,2026-08-06,1786050900,2026-08-06 18:15:00,11.9,58,4.0,9.4,84,1006.5,903.7,0.0,21.1
CARACOLES,2026-08-06,1786051200,2026-08-06 18:20:00,11.8,58,4.0,9.4,71,1006.6,903.8,0.0,19.5
CARACOLES,2026-08-06,1786051500,2026-08-06 18:25:00,11.8,58,2.7,9.4,82,1006.6,903.8,0.0,18.0
CARACOLES,2026-08-06,1786051800,2026-08-06 18:30:00,11.8,58,3.6,7.2,65,1006.6,903.8,0.0,16.2
CARACOLES,2026-08-06,1786052100,2026-08-06 18:35:00,11.7,59,3.4,7.2,76,1006.6,903.8,0.0,14.0
CARACOLES,2026-08-06,1786052400,2026-08-06 18:40:00,11.7,59,3.6,9.4,80,1006.8,904.0,0.0,11.8
CARACOLES,2026-08-06,1786052700,2026-08-06 18:45:00,11.6,59,3.5,9.4,73,1006.9,904.1,0.0,9.7
CARACOLES,2026-08-06,1786053000,2026-08-06 18:50:00,11.5,59,6.7,13.0,74,1006.9,904.1,0.0,7.8
CARACOLES,2026-08-06,1786053300,2026-08-06 18:55:00,11.5,59,5.0,11.2,92,1007.1,904.2,0.0,6.2
CARACOLES,2026-08-06,1786053600,2026-08-06 19:00:00,11.3,60,3.3,7.2,86,1007.1,904.3,0.0,4.3
CARACOLES,2026-08-06,1786053900,2026-08-06 19:05:00,11.3,60,5.2,13.0,72,1007.1,904.3,0.0,2.5
CARACOLES,2026-08-06,1786054200,2026-08-06 19:10:00,11.2,60,4.0,9.4,102,1007.1,904.2,0.0,1.3
CARACOLES,2026-08-06,1786054500,2026-08-06 19:15:00,11.2,60,7.6,14.8,111,1007.1,904.3,0.0,0.5
CARACOLES,2026-08-06,1786054800,2026-08-06 19:20:00,11.2,60,3.3,11.2,82,1007.3,904.4,0.0,0.2
CARACOLES,2026-08-06,1786055100,2026-08-06 19:25:00,11.2,60,3.7,9.4,105,1007.2,904.3,0.0,0.1
CARACOLES,2026-08-06,1786055400,2026-08-06 19:30:00,11.1,60,5.5,9.4,95,1007.3,904.5,0.0,0.0
CARACOLES,2026-08-06,1786055700,2026-08-06 19:35:00,11.1,61,3.5,7.2,99,1007.4,904.6,0.0,0.0
CARACOLES,2026-08-06,1786056000,2026-08-06 19:40:00,11.0,61,2.7,5.4,82,1007.4,904.6,0.0,0.0
CARACOLES,2026-08-06,1786056300,2026-08-06 19:45:00,11.0,61,4.2,7.2,119,1007.4,904.6,0.0,0.0
CARACOLES,2026-08-06,1786056600,2026-08-06 19:50:00,11.0,61,5.0,13.0,107,1007.5,904.7,0.0,0.0
CARACOLES,2026-08-06,1786056900,2026-08-06 19:55:00,11.0,60,4.0,7.2,109,1007.6,904.8,0.0,0.0
CARACOLES,2026-08-06,1786057200,2026-08-06 20:00:00,11.0,61,2.7,7.2,122,1007.4,904.6,0.0,0.0
CARACOLES,2026-08-06,1786057500,2026-08-06 20:05:00,11.0,60,3.8,7.2,115,1007.5,904.7,0.0,0.0
CARACOLES,2026-08-06,1786057800,2026-08-06 20:10:00,10.9,61,2.6,9.4,86,1007.5,904.7,0.0,0.0
CARACOLES,2026-08-06,1786058100,2026-08-06 20:15:00,10.9,61,2.9,7.2,91,1007.4,904.5,0.0,0.0
CARACOLES,2026-08-06,1786058400,2026-08-06 20:20:00,10.9,60,3.1,7.2,78,1007.5,904.7,0.0,0.0
CARACOLES,2026-08-06,1786058700,2026-08-06 20:25:00,10.9,60,1.4,7.2,71,1007.5,904.7,0.0,0.0
CARACOLES,2026-08-06,1786059000,2026-08-06 20:30:00,10.9,60,1.2,3.6,86,1007.6,904.8,0.0,0.0
CARACOLES,2026-08-06,1786059300,2026-08-06 20:35:00,10.8,60,3.1,5.4,92,1007.5,904.7,0.0,0.0
CARACOLES,2026-08-06,1786059600,2026-08-06 20:40:00,10.7,60,1.2,3.6,76,1007.5,904.7,0.0,0.0
CARACOLES,2026-08-06,1786059900,2026-08-06 20:45:00,10.7,61,1.9,3.6,85,1007.4,904.6,0.0,0.0
CARACOLES,2026-08-06,1786060200,2026-08-06 20:50:00,10.7,60,2.7,7.2,59,1007.5,904.7,0.0,0.0
CARACOLES,2026-08-06,1786060500,2026-08-06 20:55:00,10.6,60,3.8,7.2,63,1007.5,904.7,0.0,0.0
CARACOLES,2026-08-06,1786060800,2026-08-06 21:00:00,10.6,59,3.2,9.4,84,1007.6,904.8,0.0,0.0
CARACOLES,2026-08-06,1786061100,2026-08-06 21:05:00,10.6,58,3.5,9.4,83,1007.7,905.0,0.0,0.0
CARACOLES,2026-08-06,1786061400,2026-08-06 21:10:00,10.5,57,3.4,7.2,89,1007.7,905.0,0.0,0.0
CARACOLES,2026-08-06,1786061700,2026-08-06 21:15:00,10.4,56,2.7,5.4,92,1007.8,905.0,0.0,0.0
CARACOLES,2026-08-06,1786062000,2026-08-06 21:20:00,10.5,56,3.8,11.2,62,1007.8,905.0,0.0,0.0
CARACOLES,2026-08-06,1786062300,2026-08-06 21:25:00,10.4,55,4.2,13.0,72,1007.8,905.0,0.0,0.0
CARACOLES,2026-08-06,1786062600,2026-08-06 21:30:00,10.4,55,1.7,7.2,70,1007.9,905.1,0.0,0.0
CARACOLES,2026-08-06,1786062900,2026-08-06 21:35:00,10.4,55,3.4,11.2,70,1007.9,905.1,0.0,0.0
CARACOLES,2026-08-06,1786063200,2026-08-06 21:40:00,10.4,55,2.5,7.2,94,1008.0,905.2,0.0,0.0
CARACOLES,2026-08-06,1786063500,2026-08-06 21:45:00,10.3,55,3.0,11.2,80,1007.9,905.1,0.0,0.0
CARACOLES,2026-08-06,1786063800,2026-08-06 21:50:00,10.3,55,2.3,7.2,85,1007.8,905.0,0.0,0.0
CARACOLES,2026-08-06,1786064100,2026-08-06 21:55:00,10.3,56,1.7,3.6,96,1007.8,905.1,0.0,0.0
CARACOLES,2026-08-06,1786064400,2026-08-06 22:00:00,10.2,56,1.9,5.4,76,1007.8,905.0,0.0,0.0
CARACOLES,2026-08-06,1786064700,2026-08-06 22:05:00,10.1,55,2.0,5.4,115,1007.8,905.0,0.0,0.0
CARACOLES,2026-08-06,1786065000,2026-08-06 22:10:00,10.1,55,3.2,7.2,114,1007.8,905.0,0.0,0.0
CARACOLES,2026-08-06,1786065300,2026-08-06 22:15:00,10.0,55,1.9,5.4,116,1007.7,905.0,0.0,0.0
CARACOLES,2026-08-06,1786065600,2026-08-06 22:20:00,10.0,55,2.6,7.2,84,1007.8,905.0,0.0,0.0
CARACOLES,2026-08-06,1786065900,2026-08-06 22:25:00,10.1,55,3.1,7.2,87,1007.7,905.0,0.0,0.0
CARACOLES,2026-08-06,1786066200,2026-08-06 22:30:00,10.1,55,2.2,3.6,87,1007.7,905.0,0.0,0.0
CARACOLES,2026-08-06,1786066500,2026-08-06 22:35:00,10.2,55,1.1,3.6,118,1007.8,905.0,0.0,0.0
CARACOLES,2026-08-06,1786066800,2026-08-06 22:40:00,10.0,55,1.2,5.4,73,1007.8,905.0,0.0,0.0
CARACOLES,2026-08-06,1786067100,2026-08-06 22:45:00,10.0,55,1.5,5.4,117,1007.6,904.9,0.0,0.0
CARACOLES,2026-08-06,1786067400,2026-08-06 22:50:00,10.0,55,1.2,1.8,127,1007.6,904.8,0.0,0.0
CARACOLES,2026-08-06,1786067700,2026-08-06 22:55:00,9.9,56,0.2,1.8,108,1007.7,904.9,0.0,0.0
CARACOLES,2026-08-06,1786068000,2026-08-06 23:00:00,9.7,57,0.1,1.8,116,1007.7,904.9,0.0,0.0
CARACOLES,2026-08-06,1786068300,2026-08-06 23:05:00,9.3,60,0.0,0.0,150,1007.6,904.8,0.0,0.0
CARACOLES,2026-08-06,1786068600,2026-08-06 23:10:00,9.0,61,0.1,1.8,133,1007.7,904.9,0.0,0.0
CARACOLES,2026-08-06,1786068900,2026-08-06 23:15:00,8.8,61,0.0,0.0,150,1007.6,904.8,0.0,0.0
CARACOLES,2026-08-06,1786069200,2026-08-06 23:20:00,8.7,61,0.1,1.8,128,1007.5,904.7,0.0,0.0
CARACOLES,2026-08-06,1786069500,2026-08-06 23:25:00,8.7,62,0.3,1.8,130,1007.6,904.8,0.0,0.0
CARACOLES,2026-08-06,1786069800,2026-08-06 23:30:00,8.7,61,0.0,0.0,149,1007.6,904.9,0.0,0.0
CARACOLES,2026-08-06,1786070100,2026-08-06 23:35:00,8.8,60,0.0,0.0,149,1007.6,904.8,0.0,0.0
CARACOLES,2026-08-06,1786070400,2026-08-06 23:40:00,8.8,61,0.1,1.8,109,1007.7,904.9,0.0,0.0
CARACOLES,2026-08-06,1786070700,2026-08-06 23:45:00,9.1,61,0.6,1.8,109,1007.6,904.8,0.0,0.0
CARACOLES,2026-08-06,1786071000,2026-08-06 23:50:00,9.2,60,0.0,0.0,143,1007.7,904.9,0.0,0.0
CARACOLES,2026-08-06,1786071300,2026-08-06 23:55:00,9.2,60,0.4,1.8,158,1007.7,905.0,0.0,0.0
